6351,6350,8,1,1,1,-1,-1,-1,419.9591726684015,851.5846960498849,-1
6351,6350,23,15,15,15,-1,-1,-1,1147.7565580933249,626.8023076936378,-1
6351,6350,32,31,31,31,-1,-1,-1,1734.4135281203369,2173.042634754714,-1
6351,6350,81,33,33,33,-1,-1,-1,1278.006720245004,1872.6708357301009,-1
6351,6350,189,129,129,129,-1,-1,-1,1779.3083041429386,1764.4038057973783,-1
6351,6350,260,249,249,249,-1,-1,-1,935.759666046468,666.0045458295056,-1
6351,6350,272,271,271,271,-1,-1,-1,2065.910257149525,1519.4882469954407,-1
6351,6350,345,273,273,273,-1,-1,-1,1508.7236950380075,1699.3430175372919,-1
6351,6350,425,417,417,417,-1,-1,-1,315.90954436166925,806.8631981615042,-1
6351,6350,441,433,433,433,-1,-1,-1,1067.0695421659682,653.7586732716755,-1
6351,6350,521,449,449,449,-1,-1,-1,1837.1006309509141,1859.2958010712632,-1
6351,6350,642,593,593,593,-1,-1,-1,1450.998819250968,1758.009363436232,-1
6351,6350,692,691,691,691,-1,-1,-1,1840.5045428510018,1462.3687300375757,-1
6351,6350,749,693,693,693,-1,-1,-1,1486.5188577752067,1609.6611676135174,-1
6351,6350,831,805,805,805,-1,-1,-1,1874.790487011486,1626.4961027943016,-1
6351,6350,911,857,857,857,-1,-1,-1,1358.453132711202,1916.3422849076812,-1
6351,6350,999,965,965,965,-1,-1,-1,1192.360588450237,1569.9798453162489,-1
6351,6350,1116,1035,1035,1035,-1,-1,-1,1433.728472149969,1635.6546518815646,-1
6351,6350,1034,1033,1033,1033,-1,-1,-1,1990.4148999338463,1802.413820622391,-1
6351,6350,1198,1197,1197,1197,-1,-1,-1,1142.1080343771196,1480.2280026200908,-1
6351,6350,1244,1199,1199,1199,-1,-1,-1,1294.7137284567843,1651.7035637853542,-1
6351,6350,1320,1289,1289,1289,-1,-1,-1,1004.7592542495167,1772.677461574826,-1
6351,6350,1411,1351,1351,1351,-1,-1,-1,1671.9726848671642,1722.186545841923,-1
6351,6350,1524,1471,1471,1471,-1,-1,-1,1847.5391308060123,1870.198893632355,-1
6351,6350,1578,1577,1577,1577,-1,-1,-1,2089.0680638480935,1771.9014540984942,-1
6351,6350,1580,1579,1579,1579,-1,-1,-1,1590.2902621289593,2106.952977698219,-1
6351,6350,1630,1581,1581,1581,-1,-1,-1,1763.6711331704644,1562.5244982225208,-1
6351,6350,1723,1679,1679,1679,-1,-1,-1,1264.3502140164585,1244.6938847405806,-1
6351,6350,1806,1767,1767,1767,-1,-1,-1,1096.663427636654,1230.133307410971,-1
6351,6350,1878,1845,1845,1845,-1,-1,-1,734.1437935566497,1298.8377249920138,-1
6351,6350,1957,1911,1911,1911,-1,-1,-1,1085.7078196738657,1384.3425454044664,-1
6351,6350,2037,2003,2003,2003,-1,-1,-1,934.421518838065,1299.541172169469,-1
6351,6350,2119,2071,2071,2071,-1,-1,-1,1435.7337954716888,1159.5035256253698,-1
6351,6350,2220,2167,2167,2167,-1,-1,-1,1731.3825293984744,1745.1152296996713,-1
6351,6350,2321,2273,2273,2273,-1,-1,-1,1649.9746969287487,1649.9451279146208,-1
6351,6350,2420,2369,2369,2369,-1,-1,-1,1387.3874010055604,1698.5043628961116,-1
6351,6350,2473,2472,2472,2472,-1,-1,-1,1192.0666825803034,1282.3857179950214,-1
6351,6350,2475,2474,2474,2474,-1,-1,-1,1895.0586783654005,1363.472901522108,-1
6351,6350,2477,2476,2476,2476,-1,-1,-1,1440.2694745791243,2096.44480109946,-1
6351,6350,2490,2478,2478,2478,-1,-1,-1,1313.852394458684,1467.9796407585425,-1
6351,6350,2514,2502,2502,2502,-1,-1,-1,1159.027926522031,1127.4273638161221,-1
6351,6350,2559,2526,2526,2526,-1,-1,-1,1602.3587186925258,1597.8449766016715,-1
6351,6350,2652,2592,2592,2592,-1,-1,-1,1579.561640047517,1770.0097031201176,-1
6351,6350,2713,2712,2712,2712,-1,-1,-1,1903.879557839188,1937.7478027067086,-1
6351,6350,2715,2714,2714,2714,-1,-1,-1,696.6458245001774,780.4384434890475,-1
6351,6350,2766,2716,2716,2716,-1,-1,-1,1624.055547575582,1849.3635354799549,-1
6351,6350,2849,2816,2816,2816,-1,-1,-1,1204.4363839815824,1678.6890389397954,-1
6351,6350,2883,2882,2882,2882,-1,-1,-1,2157.367354606657,1875.7493237379488,-1
6351,6350,2919,2884,2884,2884,-1,-1,-1,1652.1712175646524,1656.99252562836,-1
6351,6350,2955,2954,2954,2954,-1,-1,-1,1616.0253939410063,2008.475084321679,-1
6351,6350,2957,2956,2956,2956,-1,-1,-1,596.3018612836114,657.3566258948097,-1
6351,6350,2966,2958,2958,2958,-1,-1,-1,393.6462349862659,611.5507135105491,-1
6351,6350,2984,2974,2974,2974,-1,-1,-1,503.1152174547989,803.4766856484526,-1
6351,6350,2995,2994,2994,2994,-1,-1,-1,934.1688292141145,1796.954744957648,-1
6351,6350,3007,2996,2996,2996,-1,-1,-1,583.4858677544142,776.3459347619881,-1
6351,6350,3019,3018,3018,3018,-1,-1,-1,1439.6048051865866,1641.7316225606153,-1
6351,6350,3032,3020,3020,3020,-1,-1,-1,701.2650314727334,252.1764868399661,-1
6351,6350,3045,3044,3044,3044,-1,-1,-1,1521.339556509676,2061.0871866772777,-1
6351,6350,3058,3046,3046,3046,-1,-1,-1,784.5181313476538,269.8056662663621,-1
6351,6350,3071,3070,3070,3070,-1,-1,-1,2023.3297377836777,1939.58903419912,-1
6351,6350,3073,3072,3072,3072,-1,-1,-1,1923.9225353024067,1476.6152750628155,-1
6351,6350,3140,3074,3074,3074,-1,-1,-1,1824.0388608487533,1676.8944025616495,-1
6351,6350,3218,3206,3206,3206,-1,-1,-1,1207.6294404394719,456.75129716128953,-1
6351,6350,3231,3230,3230,3230,-1,-1,-1,1996.4365350409162,1565.2034429316543,-1
6351,6350,3244,3232,3232,3232,-1,-1,-1,420.34940242844795,294.1507430920194,-1
6351,6350,3257,3256,3256,3256,-1,-1,-1,1944.6326550175522,2106.35199882034,-1
6351,6350,3296,3258,3258,3258,-1,-1,-1,1971.4660866936144,1643.6027005136066,-1
6351,6350,3341,3334,3334,3334,-1,-1,-1,382.8692507734765,458.46265608669484,-1
6351,6350,3349,3348,3348,3348,-1,-1,-1,1292.9708311433455,2163.6326388304456,-1
6351,6350,3389,3350,3350,3350,-1,-1,-1,1369.3949073115268,1620.0398667760264,-1
6351,6350,3440,3428,3428,3428,-1,-1,-1,1099.1257704781199,1671.167923899788,-1
6351,6350,3484,3452,3452,3452,-1,-1,-1,1345.8092273467187,2015.8870657988475,-1
6351,6350,3517,3516,3516,3516,-1,-1,-1,1979.4571356199685,1419.8109190073726,-1
6351,6350,3519,3518,3518,3518,-1,-1,-1,2061.0890437330327,1708.0698458980285,-1
6351,6350,3521,3520,3520,3520,-1,-1,-1,806.9700313385363,630.7777273066847,-1
6351,6350,3593,3522,3522,3522,-1,-1,-1,1564.0762037517577,1803.3834840630436,-1
6351,6350,3665,3664,3664,3664,-1,-1,-1,2079.3712339609033,1630.609353337449,-1
6351,6350,3693,3666,3666,3666,-1,-1,-1,1767.3606444083287,1568.5365752568487,-1
6351,6350,3731,3721,3721,3721,-1,-1,-1,758.9290706083901,436.43760687724284,-1
6351,6350,3743,3742,3742,3742,-1,-1,-1,1597.3615685330258,1496.7821198985894,-1
6351,6350,3794,3744,3744,3744,-1,-1,-1,1375.01369639875,1632.8328402979319,-1
6351,6350,3912,3844,3844,3844,-1,-1,-1,1803.4683194451463,1785.1558206900042,-1
6351,6350,4045,3980,3980,3980,-1,-1,-1,1857.288562851808,1734.1667415212025,-1
6351,6350,4120,4110,4110,4110,-1,-1,-1,1086.1764863207407,571.91525277464,-1
6351,6350,4195,4131,4131,4131,-1,-1,-1,1617.247726536593,1839.5239580883047,-1
6351,6350,4362,4361,4361,4361,-1,-1,-1,1091.343605262894,1885.142257955568,-1
6351,6350,4260,4259,4259,4259,-1,-1,-1,2189.431744792277,1796.6755557900074,-1
6351,6350,4311,4261,4261,4261,-1,-1,-1,1745.3482956821429,1488.200616765138,-1
6351,6350,4424,4363,4363,4363,-1,-1,-1,1355.0022628789006,1683.8307587411234,-1
6351,6350,4486,4485,4485,4485,-1,-1,-1,1041.344740895942,2045.093104871029,-1
6351,6350,4497,4487,4487,4487,-1,-1,-1,774.6326431084116,528.449519193908,-1
6351,6350,4534,4507,4507,4507,-1,-1,-1,1083.8161472155605,1707.5663866906846,-1
6351,6350,4621,4561,4561,4561,-1,-1,-1,1517.835653429707,1656.451881078107,-1
6351,6350,4690,4681,4681,4681,-1,-1,-1,984.6492741203004,431.64010331886163,-1
6351,6350,4745,4700,4700,4700,-1,-1,-1,1270.5488491032972,1774.51093474869,-1
6351,6350,4791,4790,4790,4790,-1,-1,-1,2045.0472756826,1868.344072401654,-1
6351,6350,4793,4792,4792,4792,-1,-1,-1,1068.7582329467134,114.20027665887679,-1
6351,6350,4795,4794,4794,4794,-1,-1,-1,1946.8043913419308,1737.2010373840365,-1
6351,6350,4797,4796,4796,4796,-1,-1,-1,1800.3429089854196,1984.1974748469515,-1
6351,6350,4799,4798,4798,4798,-1,-1,-1,1069.1195205367133,1772.6634032976147,-1
6351,6350,4827,4800,4800,4800,-1,-1,-1,1212.0473758429698,1873.6047963146793,-1
6351,6350,4912,4854,4854,4854,-1,-1,-1,1422.7529846092682,1824.9048582686378,-1
6351,6350,4981,4971,4971,4971,-1,-1,-1,1074.6458442802173,488.76536850855433,-1
6351,6350,4997,4991,4991,4991,-1,-1,-1,351.3586265393342,731.0722177900552,-1
6351,6350,5057,5003,5003,5003,-1,-1,-1,1462.262723873929,1872.2312909205043,-1
6351,6350,5118,5111,5111,5111,-1,-1,-1,758.7187895299954,798.4550082060946,-1
6351,6350,5177,5125,5125,5125,-1,-1,-1,1279.2050488934476,1674.3341628104538,-1
6351,6350,5231,5230,5230,5230,-1,-1,-1,1070.6707296081804,1954.6142617671235,-1
6351,6350,5233,5232,5232,5232,-1,-1,-1,1423.507576090939,2168.03043256649,-1
6351,6350,5246,5234,5234,5234,-1,-1,-1,345.0006481886709,725.3058688957766,-1
6351,6350,5270,5258,5258,5258,-1,-1,-1,519.9018271281584,317.47788156045,-1
6351,6350,5294,5282,5282,5282,-1,-1,-1,507.0067736539557,448.1802479505599,-1
6351,6350,5309,5308,5308,5308,-1,-1,-1,1273.0260535715815,2052.208282505583,-1
6351,6350,5336,5310,5310,5310,-1,-1,-1,1173.3801724528382,1935.5094073060975,-1
6351,6350,5363,5362,5362,5362,-1,-1,-1,279.285211558588,159.97165182519294,-1
6351,6350,5365,5364,5364,5364,-1,-1,-1,1913.753566877597,2011.5165883999616,-1
6351,6350,5367,5366,5366,5366,-1,-1,-1,1576.5437176430653,1391.3359896253073,-1
6351,6350,5422,5368,5368,5368,-1,-1,-1,1708.5293732951873,1934.9015101592283,-1
6351,6350,5477,5476,5476,5476,-1,-1,-1,963.8661368015573,559.3085057322153,-1
6351,6350,5479,5478,5478,5478,-1,-1,-1,1381.955102428317,1690.3470438849968,-1
6351,6350,5529,5480,5480,5480,-1,-1,-1,1271.3577046773476,1758.4126484062774,-1
6351,6350,5647,5646,5646,5646,-1,-1,-1,2154.674362204323,1681.014399230015,-1
6351,6350,5579,5578,5578,5578,-1,-1,-1,2164.332781409896,1550.2161757520323,-1
6351,6350,5613,5580,5580,5580,-1,-1,-1,1746.9444513439335,1497.2136248183153,-1
6351,6350,5649,5648,5648,5648,-1,-1,-1,1835.2325756638945,2060.940629140199,-1
6351,6350,5662,5650,5650,5650,-1,-1,-1,657.5020595777048,742.0760921071255,-1
6351,6350,5736,5674,5674,5674,-1,-1,-1,1733.307336675434,1549.6972998910942,-1
6351,6350,5854,5798,5798,5798,-1,-1,-1,1567.1790867528473,1921.6356122634356,-1
6351,6350,5912,5911,5911,5911,-1,-1,-1,660.7520393374182,10.000000000000018,-1
6351,6350,5944,5913,5913,5913,-1,-1,-1,1166.5550864211386,1765.3300557982946,-1
6351,6350,5994,5975,5975,5975,-1,-1,-1,1378.1950867434327,1542.9201194969833,-1
6351,6350,6053,6013,6013,6013,-1,-1,-1,1732.7839216310847,1534.532876176061,-1
6351,6350,6152,6093,6093,6093,-1,-1,-1,1398.0530202998345,1438.4843474113823,-1
6351,6350,6212,6211,6211,6211,-1,-1,-1,1744.701914533591,1378.48837511724,-1
6351,6350,6224,6213,6213,6213,-1,-1,-1,158.37863277554433,646.8176288487185,-1
6351,6350,6267,6235,6235,6235,-1,-1,-1,1267.0895187391927,1080.9662203865187,-1
6351,6350,6310,6299,6299,6299,-1,-1,-1,695.6281033744457,520.2825878381605,-1
6351,6350,6333,6321,6321,6321,-1,-1,-1,175.58238068081562,535.3732754955728,-1
6351,6350,6346,6345,6345,6345,-1,-1,-1,740.3280458948253,675.7657994408244,-1
6351,6350,6348,6347,6347,6347,-1,-1,-1,1002.4540507623805,1586.1432023866178,-1
6351,6350,6363,6352,6352,6352,-1,-1,-1,860.7892649792315,775.955587784138,-1
6351,6350,6406,6374,6374,6374,-1,-1,-1,873.3143854516195,1357.890380436099,-1
6351,6350,6439,6438,6438,6438,-1,-1,-1,903.9363934047731,616.8996027449961,-1
6351,6350,6451,6440,6440,6440,-1,-1,-1,538.1539767776205,629.631239099773,-1
6351,6350,6477,6462,6462,6462,-1,-1,-1,873.6263523340853,986.8006187482,-1
6351,6350,6520,6493,6493,6493,-1,-1,-1,1196.3928331607417,1973.0370738896966,-1
6351,6350,6548,6547,6547,6547,-1,-1,-1,1159.2347629666863,2053.8078272389284,-1
6351,6350,6550,6549,6549,6549,-1,-1,-1,898.0985817718704,1859.0706205188803,-1
6351,6350,6561,6551,6551,6551,-1,-1,-1,975.5162413922103,567.913086698451,-1
6351,6350,6572,6571,6571,6571,-1,-1,-1,380.21738849376317,118.22906490324715,-1
6351,6350,6574,6573,6573,6573,-1,-1,-1,800.9790347862776,570.3267936057987,-1
6351,6350,6576,6575,6575,6575,-1,-1,-1,2169.9497492140845,1623.3481957982333,-1
6351,6350,6578,6577,6577,6577,-1,-1,-1,1920.929138210361,1545.5564281951354,-1
6351,6350,6580,6579,6579,6579,-1,-1,-1,1909.113821656542,1844.6179932349721,-1
6351,6350,6582,6581,6581,6581,-1,-1,-1,992.4002194387904,1941.691951896844,-1
6351,6350,6585,6584,6584,6584,-1,-1,-1,2143.3746302262334,1964.3608256798911,-1
6351,6350,6623,6586,6586,6586,-1,-1,-1,1624.7515422327408,1562.8214502943933,-1
6351,6350,6705,6660,6660,6660,-1,-1,-1,1716.5301723178245,1944.6523533298412,-1
6351,6350,6778,6750,6750,6750,-1,-1,-1,1036.8497705578934,1262.205252462375,-1
6351,6350,6818,6806,6806,6806,-1,-1,-1,218.7963317565096,352.7478710335402,-1
6351,6350,6860,6830,6830,6830,-1,-1,-1,1606.0366546195364,2000.719752546781,-1
6351,6350,6957,6890,6890,6890,-1,-1,-1,1487.601533546567,1483.8338302485136,-1
6351,6350,7034,7024,7024,7024,-1,-1,-1,747.199925860924,684.841290949027,-1
6351,6350,7056,7044,7044,7044,-1,-1,-1,511.0354356034905,493.03416809063503,-1
6351,6350,7094,7068,7068,7068,-1,-1,-1,1191.6615564958554,1580.0904943253104,-1
6351,6350,7189,7120,7120,7120,-1,-1,-1,1772.6924749426958,1700.8882036982525,-1
6351,6350,7295,7258,7258,7258,-1,-1,-1,1290.9659800945083,1885.2149503898531,-1
6351,6350,7333,7332,7332,7332,-1,-1,-1,1327.0539296130667,2108.1438073285613,-1
6351,6350,7391,7334,7334,7334,-1,-1,-1,1577.5693549216505,1906.2337343906142,-1
6351,6350,7449,7448,7448,7448,-1,-1,-1,1353.6887940311738,1753.5067480703,-1
6351,6350,7458,7450,7450,7450,-1,-1,-1,437.4253628281845,701.0071909523136,-1
6351,6350,7478,7466,7466,7466,-1,-1,-1,363.425825598991,510.99706830147005,-1
6351,6350,7502,7490,7490,7490,-1,-1,-1,610.206667596112,387.47860420497716,-1
6351,6350,7576,7514,7514,7514,-1,-1,-1,1517.5834323864533,2008.0838430800707,-1
6351,6350,7639,7638,7638,7638,-1,-1,-1,10.000000000000055,341.5523421549198,-1
6351,6350,7652,7640,7640,7640,-1,-1,-1,632.0038769392083,581.5495722038494,-1
6351,6350,7665,7664,7664,7664,-1,-1,-1,648.8885059234204,733.1743799218957,-1
6351,6350,7688,7666,7666,7666,-1,-1,-1,1172.4047129253852,1774.3410325923014,-1
6351,6350,7751,7750,7750,7750,-1,-1,-1,2017.5160637719298,2019.895257957025,-1
6351,6350,7730,7710,7710,7710,-1,-1,-1,1663.7179166999392,1448.6968496825875,-1
6351,6350,7810,7752,7752,7752,-1,-1,-1,1564.3958072333844,1815.9089779058334,-1
6351,6350,7878,7868,7868,7868,-1,-1,-1,1001.8530867862809,717.3438320019834,-1
6351,6350,7894,7888,7888,7888,-1,-1,-1,2162.7939453125,635.1455078125,-1
6351,6350,7912,7900,7900,7900,-1,-1,-1,822.5954384128719,578.8947229797784,-1
6351,6350,7982,7924,7924,7924,-1,-1,-1,1800.244571642701,1804.0492204648583,-1
6351,6350,8050,8040,8040,8040,-1,-1,-1,475.1622171286376,560.1789180071913,-1
6351,6350,8072,8060,8060,8060,-1,-1,-1,874.4644854426307,506.6808397852047,-1
6351,6350,8085,8084,8084,8084,-1,-1,-1,1505.5469358547964,1689.8398811548795,-1
6351,6350,8098,8086,8086,8086,-1,-1,-1,851.5171320238009,687.2212582367756,-1
6351,6350,8185,8110,8110,8110,-1,-1,-1,1465.4862122831164,1905.370984154631,-1
6351,6350,8284,8260,8260,8260,-1,-1,-1,1365.5434177580735,1930.0235704573447,-1
6351,6350,8375,8308,8308,8308,-1,-1,-1,1504.3051553592616,1644.6057726527763,-1
6351,6350,8444,8443,8443,8443,-1,-1,-1,1447.4661230373906,1748.4149448013386,-1
6351,6350,8446,8445,8445,8445,-1,-1,-1,1210.460108896822,1061.6462775494933,-1
6351,6350,8469,8447,8447,8447,-1,-1,-1,1494.594574146277,1493.6173381462966,-1
6351,6350,8509,8491,8491,8491,-1,-1,-1,1014.1636123649421,1865.2236315069845,-1
6351,6350,8564,8528,8528,8528,-1,-1,-1,1247.596131446326,1209.8027285605917,-1
6351,6350,8627,8600,8600,8600,-1,-1,-1,1704.4498204223303,2007.4553089867577,-1
6351,6350,8660,8654,8654,8654,-1,-1,-1,283.4722073249571,616.3310580067362,-1
6351,6350,8718,8666,8666,8666,-1,-1,-1,1575.8006999563663,1833.8316579186383,-1
6351,6350,8823,8770,8770,8770,-1,-1,-1,1358.8993627557434,1771.3121155517622,-1
6351,6350,8877,8876,8876,8876,-1,-1,-1,888.4491617248725,1710.1944413007625,-1
6351,6350,8938,8878,8878,8878,-1,-1,-1,1704.2208781129907,1909.690818280408,-1
6351,6350,8999,8998,8998,8998,-1,-1,-1,1817.6992318154093,2120.26379563543,-1
6351,6350,9001,9000,9000,9000,-1,-1,-1,1351.5227057083773,2022.8606323636543,-1
6351,6350,9074,9002,9002,9002,-1,-1,-1,1460.3175783828278,1894.1804592570165,-1
6351,6350,9158,9146,9146,9146,-1,-1,-1,594.4172952365643,868.1129825682356,-1
6351,6350,9228,9170,9170,9170,-1,-1,-1,1318.6216254490103,1476.6367374036386,-1
6351,6350,9287,9286,9286,9286,-1,-1,-1,1626.5601204028687,2189.431744792277,-1
6351,6350,9289,9288,9288,9288,-1,-1,-1,1141.8418026634715,2108.9981637716337,-1
6351,6350,9291,9290,9290,9290,-1,-1,-1,1535.4230401504944,2182.3073426737838,-1
6351,6350,9293,9292,9292,9292,-1,-1,-1,1737.499076395557,2065.768691855411,-1
6351,6350,9296,9295,9295,9295,-1,-1,-1,846.5063550720268,1087.4405140414303,-1
6351,6350,9352,9297,9297,9297,-1,-1,-1,1788.5948758129687,1775.266053219498,-1
6351,6350,9427,9407,9407,9407,-1,-1,-1,1016.9592049389084,1665.9840220607257,-1
5307,5306,9,2,2,2,8,2473,8442,.,.,0
5307,5306,10,3,3,3,8,6346,8442,.,.,6492
5307,5306,11,4,4,4,8,6574,8442,.,.,0
5307,5306,12,5,5,5,8,7665,8442,.,.,2471
5307,5306,13,6,6,6,8,8446,8442,.,.,0
5307,5306,14,7,7,7,8,9296,8442,.,.,0
5307,5306,24,16,16,16,23,2473,8442,.,.,0
5307,5306,25,17,17,17,23,3521,8442,.,.,9294
5307,5306,26,18,18,18,23,5477,8442,.,.,9294
5307,5306,27,19,19,19,23,6346,8442,.,.,9294
5307,5306,28,20,20,20,23,6439,8442,.,.,5910
5307,5306,29,21,21,21,23,7665,8442,.,.,6349
5307,5306,30,22,22,22,23,8446,8442,.,.,0
5307,5306,82,34,34,34,81,32,8442,.,.,4699
5307,5306,83,35,35,35,81,345,8442,.,.,4699
5307,5306,84,36,36,36,81,521,8442,.,.,0
5307,5306,85,37,37,37,81,692,8442,.,.,4699
5307,5306,86,38,38,38,81,749,8442,.,.,4970
5307,5306,87,39,39,39,81,911,8442,.,.,3741
5307,5306,88,40,40,40,81,1034,8442,.,.,3741
5307,5306,89,41,41,41,81,1320,8442,.,.,6349
5307,5306,90,42,42,42,81,1524,8442,.,.,0
5307,5306,91,43,43,43,81,2477,8442,.,.,0
5307,5306,92,44,44,44,81,2490,8442,.,.,4970
5307,5306,93,45,45,45,81,2849,8442,.,.,0
5307,5306,94,46,46,46,81,3019,8442,.,.,0
5307,5306,95,47,47,47,81,3071,8442,.,.,4130
5307,5306,96,48,48,48,81,3389,8442,.,.,6492
5307,5306,97,49,49,49,81,3484,8442,.,.,5910
5307,5306,98,50,50,50,81,3593,8442,.,.,4130
5307,5306,99,51,51,51,81,3665,8442,.,.,8527
5307,5306,100,52,52,52,81,3693,8442,.,.,8527
5307,5306,101,53,53,53,81,4195,8442,.,.,4130
5307,5306,102,54,54,54,81,4534,8442,.,.,3741
5307,5306,103,55,55,55,81,4799,8442,.,.,4970
5307,5306,104,56,56,56,81,4827,8442,.,.,3720
5307,5306,105,57,57,57,81,5177,8442,.,.,4130
5307,5306,106,58,58,58,81,5233,8442,.,.,4699
5307,5306,107,59,59,59,81,5309,8442,.,.,4699
5307,5306,108,60,60,60,81,5367,8442,.,.,4970
5307,5306,109,61,61,61,81,5479,8442,.,.,0
5307,5306,110,62,62,62,81,5736,8442,.,.,5229
5307,5306,111,63,63,63,81,6212,8442,.,.,0
5307,5306,112,64,64,64,81,6548,8442,.,.,4699
5307,5306,113,65,65,65,81,6550,8442,.,.,4699
5307,5306,114,66,66,66,81,6580,8442,.,.,0
5307,5306,115,67,67,67,81,6582,8442,.,.,3720
5307,5306,116,68,68,68,81,6623,8442,.,.,4130
5307,5306,117,69,69,69,81,7295,8442,.,.,9294
5307,5306,118,70,70,70,81,7333,8442,.,.,4699
5307,5306,119,71,71,71,81,7449,8442,.,.,0
5307,5306,120,72,72,72,81,7751,8442,.,.,6349
5307,5306,121,73,73,73,81,7810,8442,.,.,5910
5307,5306,122,74,74,74,81,8085,8442,.,.,0
5307,5306,123,75,75,75,81,8375,8442,.,.,4130
5307,5306,124,76,76,76,81,8444,8442,.,.,0
5307,5306,125,77,77,77,81,8469,8442,.,.,4970
5307,5306,126,78,78,78,81,8823,8442,.,.,0
5307,5306,127,79,79,79,81,9001,8442,.,.,4130
5307,5306,128,80,80,80,81,9427,8442,.,.,4699
5307,5306,190,130,130,130,189,32,8442,.,.,4970
5307,5306,191,131,131,131,189,81,8442,.,.,3741
5307,5306,192,132,132,132,189,345,8442,.,.,0
5307,5306,193,133,133,133,189,521,8442,.,.,5229
5307,5306,194,134,134,134,189,831,8442,.,.,0
5307,5306,195,135,135,135,189,911,8442,.,.,3741
5307,5306,196,136,136,136,189,1034,8442,.,.,3741
5307,5306,197,137,137,137,189,1198,8442,.,.,9294
5307,5306,198,138,138,138,189,1524,8442,.,.,8527
5307,5306,199,139,139,139,189,1578,8442,.,.,3720
5307,5306,200,140,140,140,189,1580,8442,.,.,4699
5307,5306,201,141,141,141,189,2220,8442,.,.,3741
5307,5306,202,142,142,142,189,2475,8442,.,.,4970
5307,5306,203,143,143,143,189,2490,8442,.,.,4130
5307,5306,204,144,144,144,189,2514,8442,.,.,6349
5307,5306,205,145,145,145,189,2559,8442,.,.,0
5307,5306,206,146,146,146,189,2713,8442,.,.,2471
5307,5306,207,147,147,147,189,3019,8442,.,.,0
5307,5306,208,148,148,148,189,3296,8442,.,.,0
5307,5306,209,149,149,149,189,3349,8442,.,.,0
5307,5306,210,150,150,150,189,3519,8442,.,.,3741
5307,5306,211,151,151,151,189,3665,8442,.,.,3741
5307,5306,212,152,152,152,189,3743,8442,.,.,3741
5307,5306,213,153,153,153,189,4045,8442,.,.,2471
5307,5306,214,154,154,154,189,4424,8442,.,.,6349
5307,5306,215,155,155,155,189,4486,8442,.,.,6492
5307,5306,216,156,156,156,189,4621,8442,.,.,2471
5307,5306,217,157,157,157,189,4795,8442,.,.,3720
5307,5306,218,158,158,158,189,4827,8442,.,.,0
5307,5306,219,159,159,159,189,5057,8442,.,.,4970
5307,5306,220,160,160,160,189,5233,8442,.,.,9294
5307,5306,221,161,161,161,189,5422,8442,.,.,0
5307,5306,222,162,162,162,189,5479,8442,.,.,0
5307,5306,223,163,163,163,189,5529,8442,.,.,3741
5307,5306,224,164,164,164,189,5649,8442,.,.,0
5307,5306,225,165,165,165,189,5944,8442,.,.,5229
5307,5306,226,166,166,166,189,6152,8442,.,.,3741
5307,5306,227,167,167,167,189,6548,8442,.,.,6492
5307,5306,228,168,168,168,189,6576,8442,.,.,0
5307,5306,229,169,169,169,189,6580,8442,.,.,0
5307,5306,230,170,170,170,189,6585,8442,.,.,9294
5307,5306,231,171,171,171,189,6623,8442,.,.,3720
5307,5306,232,172,172,172,189,7189,8442,.,.,2471
5307,5306,233,173,173,173,189,7295,8442,.,.,0
5307,5306,234,174,174,174,189,7449,8442,.,.,0
5307,5306,235,175,175,175,189,7688,8442,.,.,6492
5307,5306,236,176,176,176,189,7730,8442,.,.,9294
5307,5306,237,177,177,177,189,7810,8442,.,.,5229
5307,5306,238,178,178,178,189,8085,8442,.,.,0
5307,5306,239,179,179,179,189,8284,8442,.,.,6492
5307,5306,240,180,180,180,189,8444,8442,.,.,0
5307,5306,241,181,181,181,189,8718,8442,.,.,9294
5307,5306,242,182,182,182,189,8938,8442,.,.,6492
5307,5306,243,183,183,183,189,9001,8442,.,.,6492
5307,5306,244,184,184,184,189,9228,8442,.,.,6492
5307,5306,245,185,185,185,189,9289,8442,.,.,0
5307,5306,246,186,186,186,189,9296,8442,.,.,0
5307,5306,247,187,187,187,189,9352,8442,.,.,0
5307,5306,248,188,188,188,189,9427,8442,.,.,0
5307,5306,261,250,250,250,260,2473,8442,.,.,0
5307,5306,262,251,251,251,260,2715,8442,.,.,0
5307,5306,263,252,252,252,260,2957,8442,.,.,0
5307,5306,264,253,253,253,260,3521,8442,.,.,0
5307,5306,265,254,254,254,260,5477,8442,.,.,0
5307,5306,266,255,255,255,260,6346,8442,.,.,0
5307,5306,267,256,256,256,260,6439,8442,.,.,0
5307,5306,268,257,257,257,260,7665,8442,.,.,0
5307,5306,269,258,258,258,260,8446,8442,.,.,0
5307,5306,270,259,259,259,260,9296,8442,.,.,0
5307,5306,346,274,274,274,345,81,8442,.,.,0
5307,5306,347,275,275,275,345,642,8442,.,.,3741
5307,5306,348,276,276,276,345,692,8442,.,.,0
5307,5306,349,277,277,277,345,749,8442,.,.,2471
5307,5306,350,278,278,278,345,999,8442,.,.,2471
5307,5306,351,279,279,279,345,1116,8442,.,.,4970
5307,5306,352,280,280,280,345,1198,8442,.,.,6349
5307,5306,353,281,281,281,345,1244,8442,.,.,0
5307,5306,354,282,282,282,345,1411,8442,.,.,0
5307,5306,355,283,283,283,345,2220,8442,.,.,0
5307,5306,356,284,284,284,345,2473,8442,.,.,0
5307,5306,357,285,285,285,345,2475,8442,.,.,6492
5307,5306,358,286,286,286,345,2490,8442,.,.,8527
5307,5306,359,287,287,287,345,2514,8442,.,.,2471
5307,5306,360,288,288,288,345,2652,8442,.,.,4970
5307,5306,361,289,289,289,345,2849,8442,.,.,0
5307,5306,362,290,290,290,345,2955,8442,.,.,5229
5307,5306,363,291,291,291,345,3019,8442,.,.,0
5307,5306,364,292,292,292,345,3045,8442,.,.,4699
5307,5306,365,293,293,293,345,3071,8442,.,.,6583
5307,5306,366,294,294,294,345,3073,8442,.,.,6583
5307,5306,367,295,295,295,345,3231,8442,.,.,9294
5307,5306,368,296,296,296,345,3296,8442,.,.,4130
5307,5306,369,297,297,297,345,3389,8442,.,.,3720
5307,5306,370,298,298,298,345,3484,8442,.,.,4699
5307,5306,371,299,299,299,345,3743,8442,.,.,4699
5307,5306,372,300,300,300,345,4045,8442,.,.,4699
5307,5306,373,301,301,301,345,4260,8442,.,.,0
5307,5306,374,302,302,302,345,4486,8442,.,.,2471
5307,5306,375,303,303,303,345,4534,8442,.,.,2471
5307,5306,376,304,304,304,345,4621,8442,.,.,5910
5307,5306,377,305,305,305,345,4791,8442,.,.,6583
5307,5306,378,306,306,306,345,4795,8442,.,.,0
5307,5306,379,307,307,307,345,4797,8442,.,.,5910
5307,5306,380,308,308,308,345,4912,8442,.,.,2471
5307,5306,381,309,309,309,345,5177,8442,.,.,0
5307,5306,382,310,310,310,345,5233,8442,.,.,0
5307,5306,383,311,311,311,345,5309,8442,.,.,3720
5307,5306,384,312,312,312,345,5336,8442,.,.,0
5307,5306,385,313,313,313,345,5365,8442,.,.,9294
5307,5306,386,314,314,314,345,5367,8442,.,.,4130
5307,5306,387,315,315,315,345,5479,8442,.,.,0
5307,5306,388,316,316,316,345,5579,8442,.,.,4699
5307,5306,389,317,317,317,345,5649,8442,.,.,6583
5307,5306,390,318,318,318,345,5854,8442,.,.,2471
5307,5306,391,319,319,319,345,5994,8442,.,.,4699
5307,5306,392,320,320,320,345,6053,8442,.,.,6492
5307,5306,393,321,321,321,345,6152,8442,.,.,8527
5307,5306,394,322,322,322,345,6212,8442,.,.,5910
5307,5306,395,323,323,323,345,6348,8442,.,.,3720
5307,5306,396,324,324,324,345,6550,8442,.,.,6349
5307,5306,397,325,325,325,345,6576,8442,.,.,0
5307,5306,398,326,326,326,345,6623,8442,.,.,3720
5307,5306,399,327,327,327,345,7189,8442,.,.,2471
5307,5306,400,328,328,328,345,7295,8442,.,.,6349
5307,5306,401,329,329,329,345,7333,8442,.,.,6492
5307,5306,402,330,330,330,345,7449,8442,.,.,0
5307,5306,403,331,331,331,345,7576,8442,.,.,0
5307,5306,404,332,332,332,345,7810,8442,.,.,2471
5307,5306,405,333,333,333,345,8085,8442,.,.,0
5307,5306,406,334,334,334,345,8284,8442,.,.,6349
5307,5306,407,335,335,335,345,8375,8442,.,.,6492
5307,5306,408,336,336,336,345,8444,8442,.,.,0
5307,5306,409,337,337,337,345,8446,8442,.,.,0
5307,5306,410,338,338,338,345,8469,8442,.,.,4699
5307,5306,411,339,339,339,345,8938,8442,.,.,2471
5307,5306,412,340,340,340,345,8999,8442,.,.,0
5307,5306,413,341,341,341,345,9001,8442,.,.,0
5307,5306,414,342,342,342,345,9228,8442,.,.,9294
5307,5306,415,343,343,343,345,9287,8442,.,.,3720
5307,5306,416,344,344,344,345,9289,8442,.,.,4699
5307,5306,426,418,418,418,425,2715,8442,.,.,0
5307,5306,427,419,419,419,425,2957,8442,.,.,9294
5307,5306,428,420,420,420,425,6439,8442,.,.,0
5307,5306,429,421,421,421,425,6574,8442,.,.,3720
5307,5306,430,422,422,422,425,7665,8442,.,.,0
5307,5306,431,423,423,423,425,8446,8442,.,.,9294
5307,5306,432,424,424,424,425,9296,8442,.,.,0
5307,5306,442,434,434,434,441,2473,8442,.,.,0
5307,5306,443,435,435,435,441,3521,8442,.,.,5910
5307,5306,444,436,436,436,441,6346,8442,.,.,5910
5307,5306,445,437,437,437,441,6439,8442,.,.,6583
5307,5306,446,438,438,438,441,6574,8442,.,.,0
5307,5306,447,439,439,439,441,8446,8442,.,.,0
5307,5306,448,440,440,440,441,9296,8442,.,.,5910
5307,5306,522,450,450,450,521,32,8442,.,.,0
5307,5306,523,451,451,451,521,189,8442,.,.,4970
5307,5306,524,452,452,452,521,642,8442,.,.,5229
5307,5306,525,453,453,453,521,692,8442,.,.,4130
5307,5306,526,454,454,454,521,911,8442,.,.,3720
5307,5306,527,455,455,455,521,999,8442,.,.,0
5307,5306,528,456,456,456,521,1411,8442,.,.,0
5307,5306,529,457,457,457,521,1524,8442,.,.,0
5307,5306,530,458,458,458,521,1578,8442,.,.,0
5307,5306,531,459,459,459,521,1630,8442,.,.,9294
5307,5306,532,460,460,460,521,2473,8442,.,.,0
5307,5306,533,461,461,461,521,2475,8442,.,.,4699
5307,5306,534,462,462,462,521,2514,8442,.,.,6492
5307,5306,535,463,463,463,521,2713,8442,.,.,5910
5307,5306,536,464,464,464,521,2849,8442,.,.,9294
5307,5306,537,465,465,465,521,2883,8442,.,.,3741
5307,5306,538,466,466,466,521,3019,8442,.,.,0
5307,5306,539,467,467,467,521,3045,8442,.,.,0
5307,5306,540,468,468,468,521,3071,8442,.,.,5229
5307,5306,541,469,469,469,521,3231,8442,.,.,8527
5307,5306,542,470,470,470,521,3257,8442,.,.,0
5307,5306,543,471,471,471,521,3349,8442,.,.,3741
5307,5306,544,472,472,472,521,3665,8442,.,.,4970
5307,5306,545,473,473,473,521,3743,8442,.,.,9294
5307,5306,546,474,474,474,521,3794,8442,.,.,0
5307,5306,547,475,475,475,521,3912,8442,.,.,6349
5307,5306,548,476,476,476,521,4045,8442,.,.,0
5307,5306,549,477,477,477,521,4195,8442,.,.,8527
5307,5306,550,478,478,478,521,4621,8442,.,.,6349
5307,5306,551,479,479,479,521,4745,8442,.,.,4699
5307,5306,552,480,480,480,521,4791,8442,.,.,4130
5307,5306,553,481,481,481,521,4795,8442,.,.,9294
5307,5306,554,482,482,482,521,4797,8442,.,.,0
5307,5306,555,483,483,483,521,5057,8442,.,.,2471
5307,5306,556,484,484,484,521,5231,8442,.,.,5229
5307,5306,557,485,485,485,521,5309,8442,.,.,6492
5307,5306,558,486,486,486,521,5479,8442,.,.,0
5307,5306,560,488,488,488,521,5647,8442,.,.,9294
5307,5306,559,487,487,487,521,5579,8442,.,.,5229
5307,5306,561,489,489,489,521,5649,8442,.,.,5229
5307,5306,562,490,490,490,521,5944,8442,.,.,0
5307,5306,563,491,491,491,521,6053,8442,.,.,3741
5307,5306,564,492,492,492,521,6152,8442,.,.,6583
5307,5306,565,493,493,493,521,6520,8442,.,.,9294
5307,5306,566,494,494,494,521,6548,8442,.,.,8527
5307,5306,567,495,495,495,521,6550,8442,.,.,3741
5307,5306,568,496,496,496,521,6578,8442,.,.,6492
5307,5306,569,497,497,497,521,6580,8442,.,.,4130
5307,5306,570,498,498,498,521,6582,8442,.,.,9294
5307,5306,571,499,499,499,521,6585,8442,.,.,0
5307,5306,572,500,500,500,521,6860,8442,.,.,5229
5307,5306,573,501,501,501,521,7189,8442,.,.,5229
5307,5306,574,502,502,502,521,7295,8442,.,.,4970
5307,5306,575,503,503,503,521,7333,8442,.,.,6583
5307,5306,576,504,504,504,521,7449,8442,.,.,0
5307,5306,577,505,505,505,521,7730,8442,.,.,8527
5307,5306,578,506,506,506,521,7810,8442,.,.,5229
5307,5306,579,507,507,507,521,7982,8442,.,.,0
5307,5306,580,508,508,508,521,8085,8442,.,.,0
5307,5306,581,509,509,509,521,8444,8442,.,.,0
5307,5306,582,510,510,510,521,8446,8442,.,.,0
5307,5306,583,511,511,511,521,8509,8442,.,.,9294
5307,5306,584,512,512,512,521,8627,8442,.,.,0
5307,5306,585,513,513,513,521,8718,8442,.,.,0
5307,5306,586,514,514,514,521,8823,8442,.,.,5229
5307,5306,587,515,515,515,521,8938,8442,.,.,6583
5307,5306,588,516,516,516,521,8999,8442,.,.,5910
5307,5306,589,517,517,517,521,9074,8442,.,.,4699
5307,5306,590,518,518,518,521,9291,8442,.,.,0
5307,5306,591,519,519,519,521,9293,8442,.,.,5229
5307,5306,592,520,520,520,521,9352,8442,.,.,6349
5307,5306,643,594,594,594,642,999,8442,.,.,5229
5307,5306,644,595,595,595,642,1411,8442,.,.,5229
5307,5306,645,596,596,596,642,1578,8442,.,.,3720
5307,5306,646,597,597,597,642,1580,8442,.,.,0
5307,5306,647,598,598,598,642,2420,8442,.,.,5229
5307,5306,648,599,599,599,642,2475,8442,.,.,9294
5307,5306,649,600,600,600,642,2652,8442,.,.,4699
5307,5306,650,601,601,601,642,2766,8442,.,.,5229
5307,5306,651,602,602,602,642,2955,8442,.,.,3720
5307,5306,652,603,603,603,642,3019,8442,.,.,0
5307,5306,653,604,604,604,642,3071,8442,.,.,5910
5307,5306,654,605,605,605,642,3073,8442,.,.,4699
5307,5306,655,606,606,606,642,3349,8442,.,.,0
5307,5306,656,607,607,607,642,3389,8442,.,.,4130
5307,5306,657,608,608,608,642,3440,8442,.,.,5910
5307,5306,658,609,609,609,642,3519,8442,.,.,3741
5307,5306,659,610,610,610,642,3693,8442,.,.,4970
5307,5306,660,611,611,611,642,3743,8442,.,.,3720
5307,5306,661,612,612,612,642,3794,8442,.,.,5910
5307,5306,662,613,613,613,642,4195,8442,.,.,0
5307,5306,663,614,614,614,642,4424,8442,.,.,3741
5307,5306,664,615,615,615,642,4486,8442,.,.,0
5307,5306,665,616,616,616,642,4534,8442,.,.,6492
5307,5306,666,617,617,617,642,4621,8442,.,.,3741
5307,5306,667,618,618,618,642,4912,8442,.,.,0
5307,5306,668,619,619,619,642,5479,8442,.,.,0
5307,5306,669,620,620,620,642,5529,8442,.,.,6583
5307,5306,670,621,621,621,642,5613,8442,.,.,5910
5307,5306,671,622,622,622,642,5649,8442,.,.,9294
5307,5306,672,623,623,623,642,6053,8442,.,.,3741
5307,5306,673,624,624,624,642,6348,8442,.,.,4130
5307,5306,674,625,625,625,642,6576,8442,.,.,2471
5307,5306,675,626,626,626,642,6585,8442,.,.,4699
5307,5306,676,627,627,627,642,6623,8442,.,.,0
5307,5306,677,628,628,628,642,6705,8442,.,.,4699
5307,5306,678,629,629,629,642,7094,8442,.,.,0
5307,5306,679,630,630,630,642,7333,8442,.,.,9294
5307,5306,680,631,631,631,642,7449,8442,.,.,0
5307,5306,681,632,632,632,642,7576,8442,.,.,0
5307,5306,682,633,633,633,642,7688,8442,.,.,4130
5307,5306,683,634,634,634,642,8085,8442,.,.,0
5307,5306,684,635,635,635,642,8185,8442,.,.,0
5307,5306,685,636,636,636,642,8375,8442,.,.,0
5307,5306,686,637,637,637,642,8444,8442,.,.,0
5307,5306,687,638,638,638,642,8823,8442,.,.,2471
5307,5306,688,639,639,639,642,8877,8442,.,.,0
5307,5306,689,640,640,640,642,8999,8442,.,.,6492
5307,5306,690,641,641,641,642,9001,8442,.,.,4699
5307,5306,750,694,694,694,749,272,8442,.,.,6349
5307,5306,751,695,695,695,749,345,8442,.,.,4130
5307,5306,752,696,696,696,749,521,8442,.,.,3720
5307,5306,753,697,697,697,749,911,8442,.,.,3741
5307,5306,754,698,698,698,749,999,8442,.,.,8527
5307,5306,756,700,700,700,749,1116,8442,.,.,0
5307,5306,755,699,699,699,749,1034,8442,.,.,8527
5307,5306,757,701,701,701,749,1411,8442,.,.,0
5307,5306,758,702,702,702,749,1524,8442,.,.,0
5307,5306,759,703,703,703,749,1578,8442,.,.,4130
5307,5306,760,704,704,704,749,2473,8442,.,.,0
5307,5306,761,705,705,705,749,2475,8442,.,.,3720
5307,5306,762,706,706,706,749,2514,8442,.,.,9294
5307,5306,763,707,707,707,749,2559,8442,.,.,3720
5307,5306,764,708,708,708,749,2766,8442,.,.,0
5307,5306,765,709,709,709,749,2919,8442,.,.,6492
5307,5306,766,710,710,710,749,3019,8442,.,.,0
5307,5306,767,711,711,711,749,3071,8442,.,.,4970
5307,5306,768,712,712,712,749,3349,8442,.,.,9294
5307,5306,769,713,713,713,749,3389,8442,.,.,4970
5307,5306,770,714,714,714,749,3440,8442,.,.,6492
5307,5306,771,715,715,715,749,3665,8442,.,.,4130
5307,5306,772,716,716,716,749,4045,8442,.,.,2471
5307,5306,774,718,718,718,749,4362,8442,.,.,0
5307,5306,773,717,717,717,749,4260,8442,.,.,2471
5307,5306,775,719,719,719,749,4424,8442,.,.,6583
5307,5306,776,720,720,720,749,4486,8442,.,.,2471
5307,5306,777,721,721,721,749,4745,8442,.,.,8527
5307,5306,778,722,722,722,749,4791,8442,.,.,5229
5307,5306,779,723,723,723,749,4799,8442,.,.,4130
5307,5306,780,724,724,724,749,5422,8442,.,.,6583
5307,5306,781,725,725,725,749,5479,8442,.,.,0
5307,5306,782,726,726,726,749,5579,8442,.,.,0
5307,5306,783,727,727,727,749,5649,8442,.,.,8527
5307,5306,784,728,728,728,749,5994,8442,.,.,8527
5307,5306,785,729,729,729,749,6053,8442,.,.,9294
5307,5306,786,730,730,730,749,6348,8442,.,.,6492
5307,5306,787,731,731,731,749,6578,8442,.,.,9294
5307,5306,788,732,732,732,749,6585,8442,.,.,8527
5307,5306,789,733,733,733,749,6860,8442,.,.,5910
5307,5306,790,734,734,734,749,6957,8442,.,.,5229
5307,5306,791,735,735,735,749,7295,8442,.,.,8527
5307,5306,792,736,736,736,749,7391,8442,.,.,4970
5307,5306,793,737,737,737,749,7449,8442,.,.,0
5307,5306,794,738,738,738,749,7810,8442,.,.,0
5307,5306,795,739,739,739,749,8085,8442,.,.,0
5307,5306,796,740,740,740,749,8185,8442,.,.,0
5307,5306,797,741,741,741,749,8444,8442,.,.,0
5307,5306,798,742,742,742,749,8469,8442,.,.,6349
5307,5306,799,743,743,743,749,8823,8442,.,.,3741
5307,5306,800,744,744,744,749,8877,8442,.,.,4130
5307,5306,801,745,745,745,749,9074,8442,.,.,8527
5307,5306,802,746,746,746,749,9291,8442,.,.,6492
5307,5306,803,747,747,747,749,9293,8442,.,.,6492
5307,5306,804,748,748,748,749,9296,8442,.,.,0
5307,5306,832,806,806,806,831,272,8442,.,.,9294
5307,5306,833,807,807,807,831,1320,8442,.,.,9294
5307,5306,834,808,808,808,831,1411,8442,.,.,6583
5307,5306,835,809,809,809,831,1524,8442,.,.,4699
5307,5306,836,810,810,810,831,2420,8442,.,.,3741
5307,5306,837,811,811,811,831,2559,8442,.,.,0
5307,5306,838,812,812,812,831,3019,8442,.,.,0
5307,5306,839,813,813,813,831,3517,8442,.,.,4699
5307,5306,840,814,814,814,831,3743,8442,.,.,9294
5307,5306,841,815,815,815,831,4745,8442,.,.,3720
5307,5306,842,816,816,816,831,4827,8442,.,.,6492
5307,5306,843,817,817,817,831,5177,8442,.,.,6492
5307,5306,844,818,818,818,831,5479,8442,.,.,0
5307,5306,845,819,819,819,831,5854,8442,.,.,8527
5307,5306,846,820,820,820,831,5944,8442,.,.,3741
5307,5306,847,821,821,821,831,6053,8442,.,.,4699
5307,5306,848,822,822,822,831,6578,8442,.,.,4699
5307,5306,849,823,823,823,831,6585,8442,.,.,9294
5307,5306,850,824,824,824,831,7189,8442,.,.,4699
5307,5306,851,825,825,825,831,7449,8442,.,.,0
5307,5306,852,826,826,826,831,7730,8442,.,.,3741
5307,5306,853,827,827,827,831,7810,8442,.,.,6583
5307,5306,854,828,828,828,831,8085,8442,.,.,0
5307,5306,855,829,829,829,831,8444,8442,.,.,0
5307,5306,856,830,830,830,831,8718,8442,.,.,3741
5307,5306,912,858,858,858,911,32,8442,.,.,3720
5307,5306,913,859,859,859,911,81,8442,.,.,6492
5307,5306,914,860,860,860,911,521,8442,.,.,0
5307,5306,915,861,861,861,911,1116,8442,.,.,9294
5307,5306,916,862,862,862,911,1244,8442,.,.,6349
5307,5306,917,863,863,863,911,1411,8442,.,.,6349
5307,5306,918,864,864,864,911,1524,8442,.,.,6492
5307,5306,919,865,865,865,911,1580,8442,.,.,2471
5307,5306,920,866,866,866,911,1630,8442,.,.,0
5307,5306,921,867,867,867,911,2321,8442,.,.,8527
5307,5306,922,868,868,868,911,2473,8442,.,.,0
5307,5306,923,869,869,869,911,2490,8442,.,.,0
5307,5306,924,870,870,870,911,2559,8442,.,.,0
5307,5306,925,871,871,871,911,2713,8442,.,.,3741
5307,5306,926,872,872,872,911,3019,8442,.,.,0
5307,5306,927,873,873,873,911,3045,8442,.,.,0
5307,5306,928,874,874,874,911,3231,8442,.,.,6349
5307,5306,929,875,875,875,911,3440,8442,.,.,8527
5307,5306,930,876,876,876,911,3519,8442,.,.,6349
5307,5306,931,877,877,877,911,3593,8442,.,.,0
5307,5306,932,878,878,878,911,4362,8442,.,.,2471
5307,5306,933,879,879,879,911,4797,8442,.,.,9294
5307,5306,934,880,880,880,911,4827,8442,.,.,8527
5307,5306,935,881,881,881,911,4912,8442,.,.,6349
5307,5306,936,882,882,882,911,5177,8442,.,.,3720
5307,5306,937,883,883,883,911,5309,8442,.,.,0
5307,5306,938,884,884,884,911,5365,8442,.,.,4970
5307,5306,939,885,885,885,911,5479,8442,.,.,0
5307,5306,940,886,886,886,911,5613,8442,.,.,3720
5307,5306,941,887,887,887,911,5736,8442,.,.,3741
5307,5306,942,888,888,888,911,6152,8442,.,.,3720
5307,5306,943,889,889,889,911,6348,8442,.,.,6349
5307,5306,944,890,890,890,911,6550,8442,.,.,3720
5307,5306,945,891,891,891,911,6582,8442,.,.,9294
5307,5306,946,892,892,892,911,6585,8442,.,.,0
5307,5306,947,893,893,893,911,6705,8442,.,.,6349
5307,5306,948,894,894,894,911,7094,8442,.,.,3720
5307,5306,949,895,895,895,911,7449,8442,.,.,0
5307,5306,950,896,896,896,911,7576,8442,.,.,3741
5307,5306,951,897,897,897,911,7688,8442,.,.,6349
5307,5306,952,898,898,898,911,7730,8442,.,.,6349
5307,5306,953,899,899,899,911,7982,8442,.,.,0
5307,5306,954,900,900,900,911,8085,8442,.,.,0
5307,5306,955,901,901,901,911,8185,8442,.,.,6349
5307,5306,956,902,902,902,911,8284,8442,.,.,0
5307,5306,957,903,903,903,911,8444,8442,.,.,0
5307,5306,958,904,904,904,911,8823,8442,.,.,6349
5307,5306,959,905,905,905,911,8877,8442,.,.,0
5307,5306,960,906,906,906,911,8938,8442,.,.,6349
5307,5306,961,907,907,907,911,9289,8442,.,.,0
5307,5306,962,908,908,908,911,9291,8442,.,.,6349
5307,5306,963,909,909,909,911,9293,8442,.,.,0
5307,5306,964,910,910,910,911,9427,8442,.,.,4130
5307,5306,1000,966,966,966,999,521,8442,.,.,3741
5307,5306,1001,967,967,967,999,1116,8442,.,.,0
5307,5306,1002,968,968,968,999,1198,8442,.,.,4970
5307,5306,1003,969,969,969,999,1580,8442,.,.,5229
5307,5306,1004,970,970,970,999,2420,8442,.,.,6492
5307,5306,1005,971,971,971,999,2473,8442,.,.,0
5307,5306,1006,972,972,972,999,2490,8442,.,.,5229
5307,5306,1007,973,973,973,999,2514,8442,.,.,5229
5307,5306,1008,974,974,974,999,2995,8442,.,.,5229
5307,5306,1009,975,975,975,999,3019,8442,.,.,0
5307,5306,1010,976,976,976,999,3296,8442,.,.,4970
5307,5306,1011,977,977,977,999,4311,8442,.,.,6583
5307,5306,1012,978,978,978,999,4621,8442,.,.,4130
5307,5306,1013,979,979,979,999,4745,8442,.,.,6492
5307,5306,1014,980,980,980,999,5177,8442,.,.,5229
5307,5306,1015,981,981,981,999,5336,8442,.,.,4130
5307,5306,1016,982,982,982,999,5479,8442,.,.,0
5307,5306,1017,983,983,983,999,5529,8442,.,.,4130
5307,5306,1018,984,984,984,999,5854,8442,.,.,6492
5307,5306,1019,985,985,985,999,6152,8442,.,.,6492
5307,5306,1020,986,986,986,999,6548,8442,.,.,4970
5307,5306,1021,987,987,987,999,6580,8442,.,.,6492
5307,5306,1022,988,988,988,999,6582,8442,.,.,0
5307,5306,1023,989,989,989,999,7094,8442,.,.,4970
5307,5306,1024,990,990,990,999,7189,8442,.,.,0
5307,5306,1025,991,991,991,999,7449,8442,.,.,0
5307,5306,1026,992,992,992,999,8085,8442,.,.,0
5307,5306,1027,993,993,993,999,8444,8442,.,.,0
5307,5306,1028,994,994,994,999,8446,8442,.,.,0
5307,5306,1029,995,995,995,999,8718,8442,.,.,4130
5307,5306,1030,996,996,996,999,8823,8442,.,.,0
5307,5306,1031,997,997,997,999,9228,8442,.,.,3720
5307,5306,1032,998,998,998,999,9427,8442,.,.,5229
5307,5306,1117,1036,1036,1036,1116,81,8442,.,.,8527
5307,5306,1118,1037,1037,1037,1116,642,8442,.,.,0
5307,5306,1119,1038,1038,1038,1116,692,8442,.,.,2471
5307,5306,1120,1039,1039,1039,1116,749,8442,.,.,6492
5307,5306,1121,1040,1040,1040,1116,911,8442,.,.,0
5307,5306,1122,1041,1041,1041,1116,999,8442,.,.,0
5307,5306,1123,1042,1042,1042,1116,1034,8442,.,.,5229
5307,5306,1124,1043,1043,1043,1116,1198,8442,.,.,8527
5307,5306,1125,1044,1044,1044,1116,1411,8442,.,.,6583
5307,5306,1126,1045,1045,1045,1116,1578,8442,.,.,3720
5307,5306,1127,1046,1046,1046,1116,1580,8442,.,.,4970
5307,5306,1128,1047,1047,1047,1116,2220,8442,.,.,3720
5307,5306,1129,1048,1048,1048,1116,2321,8442,.,.,3720
5307,5306,1130,1049,1049,1049,1116,2420,8442,.,.,3741
5307,5306,1131,1050,1050,1050,1116,2473,8442,.,.,0
5307,5306,1132,1051,1051,1051,1116,2475,8442,.,.,0
5307,5306,1133,1052,1052,1052,1116,2559,8442,.,.,8527
5307,5306,1134,1053,1053,1053,1116,2652,8442,.,.,0
5307,5306,1135,1054,1054,1054,1116,2713,8442,.,.,0
5307,5306,1136,1055,1055,1055,1116,2883,8442,.,.,3741
5307,5306,1137,1056,1056,1056,1116,2955,8442,.,.,6583
5307,5306,1138,1057,1057,1057,1116,3019,8442,.,.,0
5307,5306,1139,1058,1058,1058,1116,3045,8442,.,.,6492
5307,5306,1140,1059,1059,1059,1116,3071,8442,.,.,0
5307,5306,1141,1060,1060,1060,1116,3140,8442,.,.,6583
5307,5306,1142,1061,1061,1061,1116,3231,8442,.,.,0
5307,5306,1143,1062,1062,1062,1116,3349,8442,.,.,0
5307,5306,1144,1063,1063,1063,1116,3389,8442,.,.,0
5307,5306,1145,1064,1064,1064,1116,3440,8442,.,.,0
5307,5306,1146,1065,1065,1065,1116,3517,8442,.,.,0
5307,5306,1147,1066,1066,1066,1116,3519,8442,.,.,4970
5307,5306,1148,1067,1067,1067,1116,3665,8442,.,.,2471
5307,5306,1149,1068,1068,1068,1116,3743,8442,.,.,5229
5307,5306,1150,1069,1069,1069,1116,3912,8442,.,.,4699
5307,5306,1151,1070,1070,1070,1116,4045,8442,.,.,4699
5307,5306,1152,1071,1071,1071,1116,4362,8442,.,.,2471
5307,5306,1153,1072,1072,1072,1116,4486,8442,.,.,6583
5307,5306,1154,1073,1073,1073,1116,4621,8442,.,.,0
5307,5306,1155,1074,1074,1074,1116,4745,8442,.,.,8527
5307,5306,1156,1075,1075,1075,1116,4795,8442,.,.,6492
5307,5306,1157,1076,1076,1076,1116,4797,8442,.,.,6583
5307,5306,1158,1077,1077,1077,1116,4799,8442,.,.,6583
5307,5306,1159,1078,1078,1078,1116,4827,8442,.,.,6583
5307,5306,1160,1079,1079,1079,1116,4912,8442,.,.,4699
5307,5306,1161,1080,1080,1080,1116,5177,8442,.,.,0
5307,5306,1162,1081,1081,1081,1116,5231,8442,.,.,0
5307,5306,1163,1082,1082,1082,1116,5233,8442,.,.,0
5307,5306,1164,1083,1083,1083,1116,5309,8442,.,.,3720
5307,5306,1165,1084,1084,1084,1116,5336,8442,.,.,4699
5307,5306,1166,1085,1085,1085,1116,5365,8442,.,.,4130
5307,5306,1167,1086,1086,1086,1116,5479,8442,.,.,0
5307,5306,1168,1087,1087,1087,1116,5529,8442,.,.,0
5307,5306,1169,1088,1088,1088,1116,5647,8442,.,.,0
5307,5306,1170,1089,1089,1089,1116,5649,8442,.,.,0
5307,5306,1171,1090,1090,1090,1116,5736,8442,.,.,6583
5307,5306,1172,1091,1091,1091,1116,5994,8442,.,.,4699
5307,5306,1173,1092,1092,1092,1116,6212,8442,.,.,6583
5307,5306,1174,1093,1093,1093,1116,6348,8442,.,.,0
5307,5306,1175,1094,1094,1094,1116,6548,8442,.,.,0
5307,5306,1176,1095,1095,1095,1116,6576,8442,.,.,0
5307,5306,1177,1096,1096,1096,1116,6578,8442,.,.,0
5307,5306,1178,1097,1097,1097,1116,6582,8442,.,.,6583
5307,5306,1179,1098,1098,1098,1116,7295,8442,.,.,3741
5307,5306,1180,1099,1099,1099,1116,7333,8442,.,.,0
5307,5306,1181,1100,1100,1100,1116,7449,8442,.,.,0
5307,5306,1182,1101,1101,1101,1116,7576,8442,.,.,0
5307,5306,1183,1102,1102,1102,1116,7751,8442,.,.,8527
5307,5306,1184,1103,1103,1103,1116,8085,8442,.,.,0
5307,5306,1185,1104,1104,1104,1116,8284,8442,.,.,5229
5307,5306,1186,1105,1105,1105,1116,8375,8442,.,.,5229
5307,5306,1187,1106,1106,1106,1116,8444,8442,.,.,0
5307,5306,1188,1107,1107,1107,1116,8469,8442,.,.,8527
5307,5306,1189,1108,1108,1108,1116,8823,8442,.,.,6583
5307,5306,1190,1109,1109,1109,1116,8938,8442,.,.,0
5307,5306,1191,1110,1110,1110,1116,8999,8442,.,.,4699
5307,5306,1192,1111,1111,1111,1116,9074,8442,.,.,4699
5307,5306,1193,1112,1112,1112,1116,9228,8442,.,.,0
5307,5306,1194,1113,1113,1113,1116,9293,8442,.,.,4130
5307,5306,1195,1114,1114,1114,1116,9352,8442,.,.,4699
5307,5306,1196,1115,1115,1115,1116,9427,8442,.,.,6583
5307,5306,1245,1200,1200,1200,1244,189,8442,.,.,4970
5307,5306,1246,1201,1201,1201,1244,642,8442,.,.,0
5307,5306,1247,1202,1202,1202,1244,831,8442,.,.,5910
5307,5306,1248,1203,1203,1203,1244,911,8442,.,.,4970
5307,5306,1249,1204,1204,1204,1244,999,8442,.,.,8527
5307,5306,1250,1205,1205,1205,1244,1116,8442,.,.,8527
5307,5306,1251,1206,1206,1206,1244,2420,8442,.,.,5910
5307,5306,1252,1207,1207,1207,1244,2473,8442,.,.,0
5307,5306,1253,1208,1208,1208,1244,2490,8442,.,.,9294
5307,5306,1254,1209,1209,1209,1244,2766,8442,.,.,0
5307,5306,1255,1210,1210,1210,1244,2919,8442,.,.,5229
5307,5306,1256,1211,1211,1211,1244,2995,8442,.,.,8527
5307,5306,1257,1212,1212,1212,1244,3019,8442,.,.,0
5307,5306,1258,1213,1213,1213,1244,3140,8442,.,.,2471
5307,5306,1259,1214,1214,1214,1244,3231,8442,.,.,3741
5307,5306,1260,1215,1215,1215,1244,3743,8442,.,.,4970
5307,5306,1261,1216,1216,1216,1244,3794,8442,.,.,8527
5307,5306,1262,1217,1217,1217,1244,4045,8442,.,.,6583
5307,5306,1263,1218,1218,1218,1244,4195,8442,.,.,0
5307,5306,1264,1219,1219,1219,1244,4424,8442,.,.,0
5307,5306,1265,1220,1220,1220,1244,4745,8442,.,.,2471
5307,5306,1266,1221,1221,1221,1244,4799,8442,.,.,0
5307,5306,1267,1222,1222,1222,1244,5177,8442,.,.,8527
5307,5306,1268,1223,1223,1223,1244,5231,8442,.,.,6583
5307,5306,1269,1224,1224,1224,1244,5309,8442,.,.,4970
5307,5306,1270,1225,1225,1225,1244,5367,8442,.,.,8527
5307,5306,1271,1226,1226,1226,1244,5479,8442,.,.,0
5307,5306,1272,1227,1227,1227,1244,5579,8442,.,.,8527
5307,5306,1273,1228,1228,1228,1244,5994,8442,.,.,2471
5307,5306,1274,1229,1229,1229,1244,6548,8442,.,.,0
5307,5306,1275,1230,1230,1230,1244,6578,8442,.,.,6583
5307,5306,1276,1231,1231,1231,1244,6582,8442,.,.,0
5307,5306,1277,1232,1232,1232,1244,6705,8442,.,.,6583
5307,5306,1278,1233,1233,1233,1244,7189,8442,.,.,4970
5307,5306,1279,1234,1234,1234,1244,7449,8442,.,.,0
5307,5306,1280,1235,1235,1235,1244,7751,8442,.,.,6583
5307,5306,1281,1236,1236,1236,1244,7982,8442,.,.,0
5307,5306,1282,1237,1237,1237,1244,8085,8442,.,.,0
5307,5306,1283,1238,1238,1238,1244,8444,8442,.,.,0
5307,5306,1284,1239,1239,1239,1244,8627,8442,.,.,5910
5307,5306,1285,1240,1240,1240,1244,8823,8442,.,.,4970
5307,5306,1286,1241,1241,1241,1244,9228,8442,.,.,8527
5307,5306,1287,1242,1242,1242,1244,9287,8442,.,.,4130
5307,5306,1288,1243,1243,1243,1244,9427,8442,.,.,8527
5307,5306,1321,1290,1290,1290,1320,81,8442,.,.,3741
5307,5306,1322,1291,1291,1291,1320,189,8442,.,.,4130
5307,5306,1323,1292,1292,1292,1320,642,8442,.,.,5229
5307,5306,1324,1293,1293,1293,1320,1116,8442,.,.,4970
5307,5306,1325,1294,1294,1294,1320,2473,8442,.,.,0
5307,5306,1326,1295,1295,1295,1320,2652,8442,.,.,3720
5307,5306,1327,1296,1296,1296,1320,2766,8442,.,.,8527
5307,5306,1328,1297,1297,1297,1320,2919,8442,.,.,5229
5307,5306,1329,1298,1298,1298,1320,2995,8442,.,.,5910
5307,5306,1330,1299,1299,1299,1320,3019,8442,.,.,0
5307,5306,1331,1300,1300,1300,1320,3140,8442,.,.,3741
5307,5306,1332,1301,1301,1301,1320,3349,8442,.,.,5910
5307,5306,1333,1302,1302,1302,1320,3389,8442,.,.,5910
5307,5306,1334,1303,1303,1303,1320,4534,8442,.,.,3741
5307,5306,1335,1304,1304,1304,1320,4799,8442,.,.,5910
5307,5306,1336,1305,1305,1305,1320,5479,8442,.,.,0
5307,5306,1337,1306,1306,1306,1320,5649,8442,.,.,5910
5307,5306,1338,1307,1307,1307,1320,5736,8442,.,.,3720
5307,5306,1339,1308,1308,1308,1320,5994,8442,.,.,5910
5307,5306,1340,1309,1309,1309,1320,6348,8442,.,.,5229
5307,5306,1341,1310,1310,1310,1320,6705,8442,.,.,5229
5307,5306,1342,1311,1311,1311,1320,7333,8442,.,.,8527
5307,5306,1343,1312,1312,1312,1320,7449,8442,.,.,0
5307,5306,1344,1313,1313,1313,1320,7576,8442,.,.,2471
5307,5306,1345,1314,1314,1314,1320,7810,8442,.,.,8527
5307,5306,1346,1315,1315,1315,1320,8085,8442,.,.,0
5307,5306,1347,1316,1316,1316,1320,8444,8442,.,.,0
5307,5306,1348,1317,1317,1317,1320,8627,8442,.,.,8527
5307,5306,1349,1318,1318,1318,1320,8877,8442,.,.,8527
5307,5306,1350,1319,1319,1319,1320,9296,8442,.,.,0
5307,5306,1412,1352,1352,1352,1411,81,8442,.,.,4970
5307,5306,1413,1353,1353,1353,1411,189,8442,.,.,0
5307,5306,1414,1354,1354,1354,1411,272,8442,.,.,0
5307,5306,1415,1355,1355,1355,1411,521,8442,.,.,5910
5307,5306,1416,1356,1356,1356,1411,642,8442,.,.,0
5307,5306,1417,1357,1357,1357,1411,911,8442,.,.,9294
5307,5306,1418,1358,1358,1358,1411,999,8442,.,.,4699
5307,5306,1419,1359,1359,1359,1411,1320,8442,.,.,5910
5307,5306,1420,1360,1360,1360,1411,1580,8442,.,.,2471
5307,5306,1421,1361,1361,1361,1411,2321,8442,.,.,6583
5307,5306,1422,1362,1362,1362,1411,2420,8442,.,.,2471
5307,5306,1423,1363,1363,1363,1411,2473,8442,.,.,0
5307,5306,1424,1364,1364,1364,1411,2490,8442,.,.,0
5307,5306,1425,1365,1365,1365,1411,2559,8442,.,.,4970
5307,5306,1426,1366,1366,1366,1411,2652,8442,.,.,5229
5307,5306,1427,1367,1367,1367,1411,2713,8442,.,.,4970
5307,5306,1428,1368,1368,1368,1411,2849,8442,.,.,4970
5307,5306,1429,1369,1369,1369,1411,2883,8442,.,.,5229
5307,5306,1430,1370,1370,1370,1411,2919,8442,.,.,4970
5307,5306,1431,1371,1371,1371,1411,3019,8442,.,.,0
5307,5306,1432,1372,1372,1372,1411,3071,8442,.,.,2471
5307,5306,1433,1373,1373,1373,1411,3073,8442,.,.,4970
5307,5306,1434,1374,1374,1374,1411,3257,8442,.,.,5910
5307,5306,1435,1375,1375,1375,1411,3296,8442,.,.,8527
5307,5306,1436,1376,1376,1376,1411,3389,8442,.,.,5229
5307,5306,1437,1377,1377,1377,1411,3517,8442,.,.,5910
5307,5306,1438,1378,1378,1378,1411,3665,8442,.,.,0
5307,5306,1439,1379,1379,1379,1411,3693,8442,.,.,0
5307,5306,1440,1380,1380,1380,1411,3743,8442,.,.,5910
5307,5306,1441,1381,1381,1381,1411,4045,8442,.,.,0
5307,5306,1442,1382,1382,1382,1411,4621,8442,.,.,6583
5307,5306,1443,1383,1383,1383,1411,4791,8442,.,.,0
5307,5306,1444,1384,1384,1384,1411,4799,8442,.,.,2471
5307,5306,1445,1385,1385,1385,1411,5057,8442,.,.,0
5307,5306,1446,1386,1386,1386,1411,5365,8442,.,.,0
5307,5306,1447,1387,1387,1387,1411,5479,8442,.,.,0
5307,5306,1448,1388,1388,1388,1411,5529,8442,.,.,0
5307,5306,1450,1390,1390,1390,1411,5647,8442,.,.,0
5307,5306,1449,1389,1389,1389,1411,5579,8442,.,.,2471
5307,5306,1451,1391,1391,1391,1411,5649,8442,.,.,6492
5307,5306,1452,1392,1392,1392,1411,5736,8442,.,.,2471
5307,5306,1453,1393,1393,1393,1411,5854,8442,.,.,0
5307,5306,1454,1394,1394,1394,1411,5994,8442,.,.,6583
5307,5306,1455,1395,1395,1395,1411,6152,8442,.,.,0
5307,5306,1456,1396,1396,1396,1411,7189,8442,.,.,0
5307,5306,1457,1397,1397,1397,1411,7391,8442,.,.,4970
5307,5306,1458,1398,1398,1398,1411,7449,8442,.,.,0
5307,5306,1459,1399,1399,1399,1411,7688,8442,.,.,3741
5307,5306,1460,1400,1400,1400,1411,8085,8442,.,.,0
5307,5306,1461,1401,1401,1401,1411,8444,8442,.,.,0
5307,5306,1462,1402,1402,1402,1411,8446,8442,.,.,0
5307,5306,1463,1403,1403,1403,1411,8509,8442,.,.,9294
5307,5306,1464,1404,1404,1404,1411,8938,8442,.,.,0
5307,5306,1465,1405,1405,1405,1411,8999,8442,.,.,9294
5307,5306,1466,1406,1406,1406,1411,9001,8442,.,.,6492
5307,5306,1467,1407,1407,1407,1411,9228,8442,.,.,0
5307,5306,1468,1408,1408,1408,1411,9291,8442,.,.,4699
5307,5306,1469,1409,1409,1409,1411,9293,8442,.,.,0
5307,5306,1470,1410,1410,1410,1411,9352,8442,.,.,9294
5307,5306,1525,1472,1472,1472,1524,189,8442,.,.,6349
5307,5306,1526,1473,1473,1473,1524,272,8442,.,.,6583
5307,5306,1527,1474,1474,1474,1524,521,8442,.,.,3720
5307,5306,1528,1475,1475,1475,1524,692,8442,.,.,0
5307,5306,1529,1476,1476,1476,1524,831,8442,.,.,0
5307,5306,1530,1477,1477,1477,1524,1244,8442,.,.,4130
5307,5306,1531,1478,1478,1478,1524,1411,8442,.,.,0
5307,5306,1532,1479,1479,1479,1524,2490,8442,.,.,3720
5307,5306,1533,1480,1480,1480,1524,2652,8442,.,.,2471
5307,5306,1534,1481,1481,1481,1524,2713,8442,.,.,0
5307,5306,1535,1482,1482,1482,1524,2766,8442,.,.,2471
5307,5306,1536,1483,1483,1483,1524,2849,8442,.,.,6583
5307,5306,1537,1484,1484,1484,1524,3019,8442,.,.,0
5307,5306,1538,1485,1485,1485,1524,3071,8442,.,.,5229
5307,5306,1539,1486,1486,1486,1524,3140,8442,.,.,0
5307,5306,1540,1487,1487,1487,1524,3231,8442,.,.,6492
5307,5306,1541,1488,1488,1488,1524,3349,8442,.,.,3720
5307,5306,1542,1489,1489,1489,1524,3517,8442,.,.,6583
5307,5306,1543,1490,1490,1490,1524,4045,8442,.,.,6583
5307,5306,1544,1491,1491,1491,1524,4195,8442,.,.,3720
5307,5306,1545,1492,1492,1492,1524,4260,8442,.,.,5229
5307,5306,1546,1493,1493,1493,1524,4745,8442,.,.,4699
5307,5306,1547,1494,1494,1494,1524,4791,8442,.,.,0
5307,5306,1548,1495,1495,1495,1524,4797,8442,.,.,6492
5307,5306,1549,1496,1496,1496,1524,4799,8442,.,.,2471
5307,5306,1550,1497,1497,1497,1524,5057,8442,.,.,3720
5307,5306,1551,1498,1498,1498,1524,5365,8442,.,.,6349
5307,5306,1552,1499,1499,1499,1524,5367,8442,.,.,0
5307,5306,1553,1500,1500,1500,1524,5479,8442,.,.,0
5307,5306,1554,1501,1501,1501,1524,5529,8442,.,.,6349
5307,5306,1555,1502,1502,1502,1524,5579,8442,.,.,4699
5307,5306,1556,1503,1503,1503,1524,5736,8442,.,.,9294
5307,5306,1557,1504,1504,1504,1524,5944,8442,.,.,4970
5307,5306,1558,1505,1505,1505,1524,6348,8442,.,.,4970
5307,5306,1559,1506,1506,1506,1524,6576,8442,.,.,9294
5307,5306,1560,1507,1507,1507,1524,6580,8442,.,.,6492
5307,5306,1561,1508,1508,1508,1524,6582,8442,.,.,5229
5307,5306,1562,1509,1509,1509,1524,6623,8442,.,.,6583
5307,5306,1563,1510,1510,1510,1524,6705,8442,.,.,9294
5307,5306,1564,1511,1511,1511,1524,6860,8442,.,.,9294
5307,5306,1565,1512,1512,1512,1524,7094,8442,.,.,0
5307,5306,1566,1513,1513,1513,1524,7391,8442,.,.,6583
5307,5306,1567,1514,1514,1514,1524,7449,8442,.,.,0
5307,5306,1568,1515,1515,1515,1524,7751,8442,.,.,5229
5307,5306,1569,1516,1516,1516,1524,8085,8442,.,.,0
5307,5306,1570,1517,1517,1517,1524,8185,8442,.,.,6349
5307,5306,1571,1518,1518,1518,1524,8375,8442,.,.,4699
5307,5306,1572,1519,1519,1519,1524,8444,8442,.,.,0
5307,5306,1573,1520,1520,1520,1524,8718,8442,.,.,2471
5307,5306,1574,1521,1521,1521,1524,8823,8442,.,.,3720
5307,5306,1575,1522,1522,1522,1524,8999,8442,.,.,0
5307,5306,1576,1523,1523,1523,1524,9291,8442,.,.,4699
5307,5306,1631,1582,1582,1582,1630,189,8442,.,.,6349
5307,5306,1632,1583,1583,1583,1630,831,8442,.,.,5229
5307,5306,1633,1584,1584,1584,1630,911,8442,.,.,6349
5307,5306,1634,1585,1585,1585,1630,2321,8442,.,.,0
5307,5306,1635,1586,1586,1586,1630,2473,8442,.,.,0
5307,5306,1636,1587,1587,1587,1630,2475,8442,.,.,0
5307,5306,1637,1588,1588,1588,1630,2490,8442,.,.,6492
5307,5306,1638,1589,1589,1589,1630,2849,8442,.,.,6349
5307,5306,1639,1590,1590,1590,1630,2919,8442,.,.,0
5307,5306,1640,1591,1591,1591,1630,3019,8442,.,.,0
5307,5306,1641,1592,1592,1592,1630,3045,8442,.,.,9294
5307,5306,1642,1593,1593,1593,1630,3073,8442,.,.,6492
5307,5306,1643,1594,1594,1594,1630,3140,8442,.,.,9294
5307,5306,1644,1595,1595,1595,1630,3296,8442,.,.,4699
5307,5306,1645,1596,1596,1596,1630,4045,8442,.,.,4130
5307,5306,1646,1597,1597,1597,1630,4195,8442,.,.,5229
5307,5306,1647,1598,1598,1598,1630,4311,8442,.,.,0
5307,5306,1648,1599,1599,1599,1630,4424,8442,.,.,4130
5307,5306,1649,1600,1600,1600,1630,4534,8442,.,.,3741
5307,5306,1650,1601,1601,1601,1630,4795,8442,.,.,3741
5307,5306,1651,1602,1602,1602,1630,4799,8442,.,.,0
5307,5306,1652,1603,1603,1603,1630,5057,8442,.,.,2471
5307,5306,1653,1604,1604,1604,1630,5422,8442,.,.,6349
5307,5306,1654,1605,1605,1605,1630,5479,8442,.,.,0
5307,5306,1657,1608,1608,1608,1630,5647,8442,.,.,5229
5307,5306,1655,1606,1606,1606,1630,5579,8442,.,.,6349
5307,5306,1656,1607,1607,1607,1630,5613,8442,.,.,0
5307,5306,1658,1609,1609,1609,1630,5736,8442,.,.,5910
5307,5306,1659,1610,1610,1610,1630,5854,8442,.,.,8527
5307,5306,1660,1611,1611,1611,1630,5944,8442,.,.,4699
5307,5306,1661,1612,1612,1612,1630,6580,8442,.,.,5910
5307,5306,1662,1613,1613,1613,1630,6623,8442,.,.,6349
5307,5306,1663,1614,1614,1614,1630,6705,8442,.,.,6583
5307,5306,1664,1615,1615,1615,1630,7449,8442,.,.,0
5307,5306,1666,1617,1617,1617,1630,7751,8442,.,.,0
5307,5306,1665,1616,1616,1616,1630,7730,8442,.,.,0
5307,5306,1667,1618,1618,1618,1630,7810,8442,.,.,5910
5307,5306,1668,1619,1619,1619,1630,7982,8442,.,.,0
5307,5306,1669,1620,1620,1620,1630,8085,8442,.,.,0
5307,5306,1670,1621,1621,1621,1630,8375,8442,.,.,4699
5307,5306,1671,1622,1622,1622,1630,8444,8442,.,.,0
5307,5306,1672,1623,1623,1623,1630,8446,8442,.,.,0
5307,5306,1673,1624,1624,1624,1630,8627,8442,.,.,4699
5307,5306,1674,1625,1625,1625,1630,8823,8442,.,.,6349
5307,5306,1675,1626,1626,1626,1630,8999,8442,.,.,0
5307,5306,1676,1627,1627,1627,1630,9001,8442,.,.,3741
5307,5306,1677,1628,1628,1628,1630,9074,8442,.,.,6583
5307,5306,1678,1629,1629,1629,1630,9228,8442,.,.,9294
5307,5306,1724,1680,1680,1680,1723,23,8442,.,.,0
5307,5306,1725,1681,1681,1681,1723,81,8442,.,.,0
5307,5306,1726,1682,1682,1682,1723,189,8442,.,.,0
5307,5306,1727,1683,1683,1683,1723,425,8442,.,.,0
5307,5306,1728,1684,1684,1684,1723,642,8442,.,.,0
5307,5306,1729,1685,1685,1685,1723,831,8442,.,.,8527
5307,5306,1730,1686,1686,1686,1723,1116,8442,.,.,0
5307,5306,1731,1687,1687,1687,1723,1524,8442,.,.,3720
5307,5306,1732,1688,1688,1688,1723,2220,8442,.,.,0
5307,5306,1733,1689,1689,1689,1723,2490,8442,.,.,0
5307,5306,1734,1690,1690,1690,1723,2514,8442,.,.,0
5307,5306,1735,1691,1691,1691,1723,2766,8442,.,.,3741
5307,5306,1736,1692,1692,1692,1723,2966,8442,.,.,0
5307,5306,1737,1693,1693,1693,1723,3140,8442,.,.,0
5307,5306,1738,1694,1694,1694,1723,3296,8442,.,.,0
5307,5306,1739,1695,1695,1695,1723,3341,8442,.,.,0
5307,5306,1740,1696,1696,1696,1723,3440,8442,.,.,0
5307,5306,1741,1697,1697,1697,1723,3484,8442,.,.,0
5307,5306,1742,1698,1698,1698,1723,3794,8442,.,.,2471
5307,5306,1743,1699,1699,1699,1723,4045,8442,.,.,0
5307,5306,1744,1700,1700,1700,1723,4424,8442,.,.,0
5307,5306,1745,1701,1701,1701,1723,4497,8442,.,.,0
5307,5306,1746,1702,1702,1702,1723,4534,8442,.,.,0
5307,5306,1747,1703,1703,1703,1723,4745,8442,.,.,0
5307,5306,1748,1704,1704,1704,1723,4912,8442,.,.,0
5307,5306,1749,1705,1705,1705,1723,5336,8442,.,.,5910
5307,5306,1750,1706,1706,1706,1723,5662,8442,.,.,0
5307,5306,1751,1707,1707,1707,1723,5736,8442,.,.,6583
5307,5306,1752,1708,1708,1708,1723,5854,8442,.,.,0
5307,5306,1753,1709,1709,1709,1723,5994,8442,.,.,0
5307,5306,1754,1710,1710,1710,1723,6267,8442,.,.,0
5307,5306,1755,1711,1711,1711,1723,6477,8442,.,.,0
5307,5306,1756,1712,1712,1712,1723,6705,8442,.,.,0
5307,5306,1757,1713,1713,1713,1723,6860,8442,.,.,4699
5307,5306,1758,1714,1714,1714,1723,7034,8442,.,.,0
5307,5306,1759,1715,1715,1715,1723,7652,8442,.,.,0
5307,5306,1760,1716,1716,1716,1723,7730,8442,.,.,0
5307,5306,1761,1717,1717,1717,1723,7878,8442,.,.,0
5307,5306,1762,1718,1718,1718,1723,8185,8442,.,.,0
5307,5306,1763,1719,1719,1719,1723,8509,8442,.,.,0
5307,5306,1764,1720,1720,1720,1723,8564,8442,.,.,0
5307,5306,1765,1721,1721,1721,1723,8627,8442,.,.,3720
5307,5306,1766,1722,1722,1722,1723,8660,8442,.,.,0
5307,5306,1807,1768,1768,1768,1806,81,8442,.,.,0
5307,5306,1808,1769,1769,1769,1806,642,8442,.,.,0
5307,5306,1809,1770,1770,1770,1806,831,8442,.,.,8527
5307,5306,1810,1771,1771,1771,1806,911,8442,.,.,0
5307,5306,1811,1772,1772,1772,1806,1411,8442,.,.,0
5307,5306,1812,1773,1773,1773,1806,1524,8442,.,.,3720
5307,5306,1813,1774,1774,1774,1806,2420,8442,.,.,0
5307,5306,1814,1775,1775,1775,1806,2919,8442,.,.,0
5307,5306,1815,1776,1776,1776,1806,2984,8442,.,.,0
5307,5306,1816,1777,1777,1777,1806,3440,8442,.,.,0
5307,5306,1817,1778,1778,1778,1806,3731,8442,.,.,0
5307,5306,1818,1779,1779,1779,1806,4120,8442,.,.,0
5307,5306,1819,1780,1780,1780,1806,4497,8442,.,.,0
5307,5306,1820,1781,1781,1781,1806,4621,8442,.,.,0
5307,5306,1821,1782,1782,1782,1806,4690,8442,.,.,0
5307,5306,1822,1783,1783,1783,1806,4827,8442,.,.,0
5307,5306,1823,1784,1784,1784,1806,5057,8442,.,.,9294
5307,5306,1824,1785,1785,1785,1806,5118,8442,.,.,0
5307,5306,1825,1786,1786,1786,1806,5613,8442,.,.,5229
5307,5306,1826,1787,1787,1787,1806,5736,8442,.,.,6583
5307,5306,1827,1788,1788,1788,1806,5944,8442,.,.,6492
5307,5306,1828,1789,1789,1789,1806,5994,8442,.,.,0
5307,5306,1829,1790,1790,1790,1806,6152,8442,.,.,0
5307,5306,1830,1791,1791,1791,1806,6310,8442,.,.,0
5307,5306,1831,1792,1792,1792,1806,6705,8442,.,.,0
5307,5306,1832,1793,1793,1793,1806,6778,8442,.,.,0
5307,5306,1833,1794,1794,1794,1806,7034,8442,.,.,0
5307,5306,1834,1795,1795,1795,1806,7189,8442,.,.,6492
5307,5306,1835,1796,1796,1796,1806,7458,8442,.,.,0
5307,5306,1836,1797,1797,1797,1806,7688,8442,.,.,3720
5307,5306,1837,1798,1798,1798,1806,7894,8442,.,.,4130
5307,5306,1838,1799,1799,1799,1806,7982,8442,.,.,0
5307,5306,1839,1800,1800,1800,1806,8050,8442,.,.,0
5307,5306,1840,1801,1801,1801,1806,8098,8442,.,.,0
5307,5306,1841,1802,1802,1802,1806,8284,8442,.,.,0
5307,5306,1842,1803,1803,1803,1806,8938,8442,.,.,0
5307,5306,1843,1804,1804,1804,1806,9074,8442,.,.,0
5307,5306,1844,1805,1805,1805,1806,9352,8442,.,.,0
5307,5306,1879,1846,1846,1846,1878,8,8442,.,.,0
5307,5306,1880,1847,1847,1847,1878,189,8442,.,.,0
5307,5306,1881,1848,1848,1848,1878,425,8442,.,.,0
5307,5306,1882,1849,1849,1849,1878,749,8442,.,.,6349
5307,5306,1883,1850,1850,1850,1878,1320,8442,.,.,0
5307,5306,1884,1851,1851,1851,1878,2220,8442,.,.,0
5307,5306,1885,1852,1852,1852,1878,2652,8442,.,.,0
5307,5306,1886,1853,1853,1853,1878,2966,8442,.,.,0
5307,5306,1887,1854,1854,1854,1878,2984,8442,.,.,0
5307,5306,1888,1855,1855,1855,1878,3007,8442,.,.,0
5307,5306,1889,1856,1856,1856,1878,3389,8442,.,.,0
5307,5306,1890,1857,1857,1857,1878,3484,8442,.,.,0
5307,5306,1891,1858,1858,1858,1878,3593,8442,.,.,0
5307,5306,1892,1859,1859,1859,1878,4827,8442,.,.,0
5307,5306,1893,1860,1860,1860,1878,5057,8442,.,.,9294
5307,5306,1894,1861,1861,1861,1878,5529,8442,.,.,8527
5307,5306,1895,1862,1862,1862,1878,5662,8442,.,.,0
5307,5306,1896,1863,1863,1863,1878,6053,8442,.,.,0
5307,5306,1897,1864,1864,1864,1878,6363,8442,.,.,0
5307,5306,1898,1865,1865,1865,1878,6451,8442,.,.,0
5307,5306,1899,1866,1866,1866,1878,6477,8442,.,.,0
5307,5306,1900,1867,1867,1867,1878,7056,8442,.,.,0
5307,5306,1901,1868,1868,1868,1878,7576,8442,.,.,0
5307,5306,1902,1869,1869,1869,1878,7810,8442,.,.,9294
5307,5306,1903,1870,1870,1870,1878,8050,8442,.,.,0
5307,5306,1904,1871,1871,1871,1878,8375,8442,.,.,0
5307,5306,1905,1872,1872,1872,1878,8509,8442,.,.,0
5307,5306,1906,1873,1873,1873,1878,8660,8442,.,.,0
5307,5306,1907,1874,1874,1874,1878,8718,8442,.,.,0
5307,5306,1908,1875,1875,1875,1878,9074,8442,.,.,0
5307,5306,1909,1876,1876,1876,1878,9158,8442,.,.,0
5307,5306,1910,1877,1877,1877,1878,9427,8442,.,.,3741
5307,5306,1958,1912,1912,1912,1957,260,8442,.,.,0
5307,5306,1959,1913,1913,1913,1957,749,8442,.,.,6349
5307,5306,1960,1914,1914,1914,1957,911,8442,.,.,0
5307,5306,1961,1915,1915,1915,1957,999,8442,.,.,0
5307,5306,1962,1916,1916,1916,1957,1116,8442,.,.,0
5307,5306,1963,1917,1917,1917,1957,1244,8442,.,.,4130
5307,5306,1964,1918,1918,1918,1957,1320,8442,.,.,0
5307,5306,1965,1919,1919,1919,1957,1630,8442,.,.,0
5307,5306,1966,1920,1920,1920,1957,2321,8442,.,.,0
5307,5306,1967,1921,1921,1921,1957,2420,8442,.,.,0
5307,5306,1968,1922,1922,1922,1957,2559,8442,.,.,0
5307,5306,1969,1923,1923,1923,1957,2766,8442,.,.,3741
5307,5306,1970,1924,1924,1924,1957,2849,8442,.,.,0
5307,5306,1971,1925,1925,1925,1957,3140,8442,.,.,0
5307,5306,1972,1926,1926,1926,1957,3693,8442,.,.,0
5307,5306,1973,1927,1927,1927,1957,4311,8442,.,.,0
5307,5306,1974,1928,1928,1928,1957,4745,8442,.,.,0
5307,5306,1975,1929,1929,1929,1957,4981,8442,.,.,0
5307,5306,1976,1930,1930,1930,1957,4997,8442,.,.,0
5307,5306,1977,1931,1931,1931,1957,5177,8442,.,.,0
5307,5306,1978,1932,1932,1932,1957,5336,8442,.,.,5910
5307,5306,1979,1933,1933,1933,1957,5422,8442,.,.,0
5307,5306,1980,1934,1934,1934,1957,6152,8442,.,.,0
5307,5306,1981,1935,1935,1935,1957,6310,8442,.,.,0
5307,5306,1982,1936,1936,1936,1957,6363,8442,.,.,0
5307,5306,1983,1937,1937,1937,1957,6406,8442,.,.,0
5307,5306,1984,1938,1938,1938,1957,6520,8442,.,.,0
5307,5306,1985,1939,1939,1939,1957,6561,8442,.,.,0
5307,5306,1986,1940,1940,1940,1957,6623,8442,.,.,0
5307,5306,1987,1941,1941,1941,1957,6778,8442,.,.,0
5307,5306,1988,1942,1942,1942,1957,6957,8442,.,.,0
5307,5306,1989,1943,1943,1943,1957,7056,8442,.,.,0
5307,5306,1990,1944,1944,1944,1957,7295,8442,.,.,0
5307,5306,1991,1945,1945,1945,1957,7458,8442,.,.,0
5307,5306,1992,1946,1946,1946,1957,7576,8442,.,.,0
5307,5306,1993,1947,1947,1947,1957,7810,8442,.,.,9294
5307,5306,1994,1948,1948,1948,1957,7912,8442,.,.,0
5307,5306,1995,1949,1949,1949,1957,8185,8442,.,.,0
5307,5306,1996,1950,1950,1950,1957,8284,8442,.,.,0
5307,5306,1997,1951,1951,1951,1957,8469,8442,.,.,5229
5307,5306,1998,1952,1952,1952,1957,8627,8442,.,.,3720
5307,5306,1999,1953,1953,1953,1957,8718,8442,.,.,0
5307,5306,2000,1954,1954,1954,1957,8823,8442,.,.,4699
5307,5306,2001,1955,1955,1955,1957,9228,8442,.,.,0
5307,5306,2002,1956,1956,1956,1957,9352,8442,.,.,0
5307,5306,2038,2004,2004,2004,2037,345,8442,.,.,0
5307,5306,2039,2005,2005,2005,2037,441,8442,.,.,0
5307,5306,2040,2006,2006,2006,2037,521,8442,.,.,0
5307,5306,2041,2007,2007,2007,2037,1244,8442,.,.,4130
5307,5306,2042,2008,2008,2008,2037,2321,8442,.,.,0
5307,5306,2043,2009,2009,2009,2037,2559,8442,.,.,0
5307,5306,2044,2010,2010,2010,2037,2919,8442,.,.,0
5307,5306,2045,2011,2011,2011,2037,3341,8442,.,.,0
5307,5306,2046,2012,2012,2012,2037,3593,8442,.,.,0
5307,5306,2047,2013,2013,2013,2037,3731,8442,.,.,0
5307,5306,2048,2014,2014,2014,2037,3794,8442,.,.,2471
5307,5306,2049,2015,2015,2015,2037,4195,8442,.,.,0
5307,5306,2050,2016,2016,2016,2037,4997,8442,.,.,0
5307,5306,2051,2017,2017,2017,2037,5118,8442,.,.,0
5307,5306,2052,2018,2018,2018,2037,5177,8442,.,.,0
5307,5306,2053,2019,2019,2019,2037,5422,8442,.,.,0
5307,5306,2054,2020,2020,2020,2037,5529,8442,.,.,8527
5307,5306,2055,2021,2021,2021,2037,5854,8442,.,.,0
5307,5306,2056,2022,2022,2022,2037,5944,8442,.,.,6492
5307,5306,2057,2023,2023,2023,2037,6053,8442,.,.,0
5307,5306,2058,2024,2024,2024,2037,6267,8442,.,.,0
5307,5306,2059,2025,2025,2025,2037,6406,8442,.,.,0
5307,5306,2060,2026,2026,2026,2037,6451,8442,.,.,0
5307,5306,2061,2027,2027,2027,2037,6860,8442,.,.,4699
5307,5306,2062,2028,2028,2028,2037,7094,8442,.,.,0
5307,5306,2063,2029,2029,2029,2037,7295,8442,.,.,0
5307,5306,2064,2030,2030,2030,2037,7391,8442,.,.,2471
5307,5306,2065,2031,2031,2031,2037,7688,8442,.,.,3720
5307,5306,2066,2032,2032,2032,2037,7878,8442,.,.,0
5307,5306,2067,2033,2033,2033,2037,8072,8442,.,.,0
5307,5306,2068,2034,2034,2034,2037,8098,8442,.,.,0
5307,5306,2069,2035,2035,2035,2037,8823,8442,.,.,4699
5307,5306,2070,2036,2036,2036,2037,9158,8442,.,.,0
5307,5306,2120,2072,2072,2072,2119,8,8442,.,.,0
5307,5306,2121,2073,2073,2073,2119,23,8442,.,.,0
5307,5306,2122,2074,2074,2074,2119,260,8442,.,.,0
5307,5306,2123,2075,2075,2075,2119,345,8442,.,.,0
5307,5306,2124,2076,2076,2076,2119,441,8442,.,.,0
5307,5306,2125,2077,2077,2077,2119,521,8442,.,.,0
5307,5306,2126,2078,2078,2078,2119,999,8442,.,.,0
5307,5306,2127,2079,2079,2079,2119,1411,8442,.,.,0
5307,5306,2128,2080,2080,2080,2119,1630,8442,.,.,0
5307,5306,2129,2081,2081,2081,2119,2490,8442,.,.,0
5307,5306,2130,2082,2082,2082,2119,2514,8442,.,.,0
5307,5306,2131,2083,2083,2083,2119,2652,8442,.,.,0
5307,5306,2132,2084,2084,2084,2119,2849,8442,.,.,0
5307,5306,2133,2085,2085,2085,2119,3007,8442,.,.,0
5307,5306,2134,2086,2086,2086,2119,3296,8442,.,.,0
5307,5306,2135,2087,2087,2087,2119,3389,8442,.,.,0
5307,5306,2136,2088,2088,2088,2119,3693,8442,.,.,0
5307,5306,2137,2089,2089,2089,2119,4045,8442,.,.,0
5307,5306,2138,2090,2090,2090,2119,4120,8442,.,.,0
5307,5306,2139,2091,2091,2091,2119,4195,8442,.,.,0
5307,5306,2140,2092,2092,2092,2119,4311,8442,.,.,0
5307,5306,2141,2093,2093,2093,2119,4424,8442,.,.,0
5307,5306,2142,2094,2094,2094,2119,4534,8442,.,.,0
5307,5306,2143,2095,2095,2095,2119,4621,8442,.,.,0
5307,5306,2144,2096,2096,2096,2119,4690,8442,.,.,0
5307,5306,2145,2097,2097,2097,2119,4912,8442,.,.,0
5307,5306,2146,2098,2098,2098,2119,4981,8442,.,.,0
5307,5306,2147,2099,2099,2099,2119,5613,8442,.,.,5229
5307,5306,2148,2100,2100,2100,2119,6520,8442,.,.,0
5307,5306,2149,2101,2101,2101,2119,6561,8442,.,.,0
5307,5306,2150,2102,2102,2102,2119,6623,8442,.,.,0
5307,5306,2151,2103,2103,2103,2119,6957,8442,.,.,0
5307,5306,2152,2104,2104,2104,2119,7094,8442,.,.,0
5307,5306,2153,2105,2105,2105,2119,7189,8442,.,.,6492
5307,5306,2154,2106,2106,2106,2119,7391,8442,.,.,2471
5307,5306,2155,2107,2107,2107,2119,7652,8442,.,.,0
5307,5306,2156,2108,2108,2108,2119,7730,8442,.,.,0
5307,5306,2157,2109,2109,2109,2119,7894,8442,.,.,4130
5307,5306,2158,2110,2110,2110,2119,7912,8442,.,.,0
5307,5306,2159,2111,2111,2111,2119,7982,8442,.,.,0
5307,5306,2160,2112,2112,2112,2119,8072,8442,.,.,0
5307,5306,2161,2113,2113,2113,2119,8375,8442,.,.,0
5307,5306,2162,2114,2114,2114,2119,8469,8442,.,.,5229
5307,5306,2163,2115,2115,2115,2119,8564,8442,.,.,0
5307,5306,2164,2116,2116,2116,2119,8938,8442,.,.,0
5307,5306,2165,2117,2117,2117,2119,9228,8442,.,.,0
5307,5306,2166,2118,2118,2118,2119,9427,8442,.,.,3741
5307,5306,2221,2168,2168,2168,2220,32,8442,.,.,5910
5307,5306,2222,2169,2169,2169,2220,81,8442,.,.,0
5307,5306,2223,2170,2170,2170,2220,642,8442,.,.,4970
5307,5306,2224,2171,2171,2171,2220,692,8442,.,.,5910
5307,5306,2225,2172,2172,2172,2220,1198,8442,.,.,0
5307,5306,2226,2173,2173,2173,2220,1411,8442,.,.,8527
5307,5306,2227,2174,2174,2174,2220,1580,8442,.,.,5910
5307,5306,2228,2175,2175,2175,2220,2321,8442,.,.,5910
5307,5306,2229,2176,2176,2176,2220,2477,8442,.,.,4699
5307,5306,2230,2177,2177,2177,2220,2559,8442,.,.,5910
5307,5306,2231,2178,2178,2178,2220,2766,8442,.,.,0
5307,5306,2232,2179,2179,2179,2220,2919,8442,.,.,0
5307,5306,2233,2180,2180,2180,2220,2955,8442,.,.,5910
5307,5306,2234,2181,2181,2181,2220,3019,8442,.,.,0
5307,5306,2235,2182,2182,2182,2220,3140,8442,.,.,4130
5307,5306,2236,2183,2183,2183,2220,3231,8442,.,.,6583
5307,5306,2237,2184,2184,2184,2220,3484,8442,.,.,3741
5307,5306,2238,2185,2185,2185,2220,3517,8442,.,.,8527
5307,5306,2239,2186,2186,2186,2220,3519,8442,.,.,4970
5307,5306,2240,2187,2187,2187,2220,3593,8442,.,.,3741
5307,5306,2241,2188,2188,2188,2220,3912,8442,.,.,5910
5307,5306,2242,2189,2189,2189,2220,4045,8442,.,.,3741
5307,5306,2244,2191,2191,2191,2220,4362,8442,.,.,3741
5307,5306,2243,2190,2190,2190,2220,4311,8442,.,.,2471
5307,5306,2245,2192,2192,2192,2220,4791,8442,.,.,3741
5307,5306,2246,2193,2193,2193,2220,5309,8442,.,.,4970
5307,5306,2247,2194,2194,2194,2220,5479,8442,.,.,0
5307,5306,2249,2196,2196,2196,2220,5647,8442,.,.,3741
5307,5306,2248,2195,2195,2195,2220,5579,8442,.,.,6583
5307,5306,2250,2197,2197,2197,2220,5994,8442,.,.,9294
5307,5306,2251,2198,2198,2198,2220,6053,8442,.,.,5910
5307,5306,2252,2199,2199,2199,2220,6550,8442,.,.,6583
5307,5306,2253,2200,2200,2200,2220,6576,8442,.,.,0
5307,5306,2254,2201,2201,2201,2220,6582,8442,.,.,4699
5307,5306,2255,2202,2202,2202,2220,6623,8442,.,.,4699
5307,5306,2256,2203,2203,2203,2220,7189,8442,.,.,4970
5307,5306,2257,2204,2204,2204,2220,7391,8442,.,.,0
5307,5306,2258,2205,2205,2205,2220,7449,8442,.,.,0
5307,5306,2259,2206,2206,2206,2220,7576,8442,.,.,4699
5307,5306,2260,2207,2207,2207,2220,7688,8442,.,.,6492
5307,5306,2261,2208,2208,2208,2220,7982,8442,.,.,6583
5307,5306,2262,2209,2209,2209,2220,8085,8442,.,.,0
5307,5306,2263,2210,2210,2210,2220,8444,8442,.,.,0
5307,5306,2264,2211,2211,2211,2220,8469,8442,.,.,0
5307,5306,2265,2212,2212,2212,2220,8627,8442,.,.,0
5307,5306,2266,2213,2213,2213,2220,8718,8442,.,.,8527
5307,5306,2267,2214,2214,2214,2220,9074,8442,.,.,3741
5307,5306,2268,2215,2215,2215,2220,9291,8442,.,.,0
5307,5306,2269,2216,2216,2216,2220,9293,8442,.,.,3741
5307,5306,2270,2217,2217,2217,2220,9296,8442,.,.,0
5307,5306,2271,2218,2218,2218,2220,9352,8442,.,.,4970
5307,5306,2272,2219,2219,2219,2220,9427,8442,.,.,5910
5307,5306,2322,2274,2274,2274,2321,32,8442,.,.,6583
5307,5306,2323,2275,2275,2275,2321,189,8442,.,.,0
5307,5306,2324,2276,2276,2276,2321,521,8442,.,.,2471
5307,5306,2325,2277,2277,2277,2321,831,8442,.,.,5229
5307,5306,2326,2278,2278,2278,2321,2420,8442,.,.,4699
5307,5306,2327,2279,2279,2279,2321,2473,8442,.,.,0
5307,5306,2328,2280,2280,2280,2321,2477,8442,.,.,0
5307,5306,2329,2281,2281,2281,2321,2490,8442,.,.,0
5307,5306,2330,2282,2282,2282,2321,2514,8442,.,.,6583
5307,5306,2331,2283,2283,2283,2321,2652,8442,.,.,6349
5307,5306,2332,2284,2284,2284,2321,2919,8442,.,.,3741
5307,5306,2333,2285,2285,2285,2321,3019,8442,.,.,0
5307,5306,2334,2286,2286,2286,2321,3073,8442,.,.,0
5307,5306,2335,2287,2287,2287,2321,3296,8442,.,.,2471
5307,5306,2336,2288,2288,2288,2321,3593,8442,.,.,5910
5307,5306,2337,2289,2289,2289,2321,3743,8442,.,.,0
5307,5306,2338,2290,2290,2290,2321,3794,8442,.,.,4699
5307,5306,2339,2291,2291,2291,2321,4745,8442,.,.,0
5307,5306,2340,2292,2292,2292,2321,4791,8442,.,.,3741
5307,5306,2341,2293,2293,2293,2321,4795,8442,.,.,3741
5307,5306,2342,2294,2294,2294,2321,4797,8442,.,.,0
5307,5306,2343,2295,2295,2295,2321,4799,8442,.,.,3720
5307,5306,2344,2296,2296,2296,2321,5231,8442,.,.,3720
5307,5306,2345,2297,2297,2297,2321,5365,8442,.,.,0
5307,5306,2346,2298,2298,2298,2321,5367,8442,.,.,0
5307,5306,2347,2299,2299,2299,2321,5479,8442,.,.,0
5307,5306,2348,2300,2300,2300,2321,5579,8442,.,.,0
5307,5306,2349,2301,2301,2301,2321,5613,8442,.,.,6583
5307,5306,2350,2302,2302,2302,2321,5854,8442,.,.,0
5307,5306,2351,2303,2303,2303,2321,6348,8442,.,.,0
5307,5306,2352,2304,2304,2304,2321,6578,8442,.,.,6583
5307,5306,2353,2305,2305,2305,2321,6585,8442,.,.,6349
5307,5306,2354,2306,2306,2306,2321,6957,8442,.,.,5229
5307,5306,2355,2307,2307,2307,2321,7094,8442,.,.,0
5307,5306,2356,2308,2308,2308,2321,7295,8442,.,.,8527
5307,5306,2357,2309,2309,2309,2321,7391,8442,.,.,6349
5307,5306,2358,2310,2310,2310,2321,7449,8442,.,.,0
5307,5306,2360,2312,2312,2312,2321,7751,8442,.,.,3720
5307,5306,2359,2311,2311,2311,2321,7730,8442,.,.,6583
5307,5306,2361,2313,2313,2313,2321,8085,8442,.,.,0
5307,5306,2362,2314,2314,2314,2321,8284,8442,.,.,5229
5307,5306,2363,2315,2315,2315,2321,8375,8442,.,.,6349
5307,5306,2364,2316,2316,2316,2321,8444,8442,.,.,0
5307,5306,2365,2317,2317,2317,2321,8627,8442,.,.,0
5307,5306,2366,2318,2318,2318,2321,8718,8442,.,.,2471
5307,5306,2367,2319,2319,2319,2321,9228,8442,.,.,9294
5307,5306,2368,2320,2320,2320,2321,9352,8442,.,.,0
5307,5306,2421,2370,2370,2370,2420,32,8442,.,.,0
5307,5306,2422,2371,2371,2371,2420,81,8442,.,.,8527
5307,5306,2423,2372,2372,2372,2420,189,8442,.,.,4970
5307,5306,2424,2373,2373,2373,2420,345,8442,.,.,6349
5307,5306,2425,2374,2374,2374,2420,642,8442,.,.,4130
5307,5306,2426,2375,2375,2375,2420,1320,8442,.,.,0
5307,5306,2427,2376,2376,2376,2420,1630,8442,.,.,2471
5307,5306,2428,2377,2377,2377,2420,2321,8442,.,.,4970
5307,5306,2429,2378,2378,2378,2420,2473,8442,.,.,0
5307,5306,2430,2379,2379,2379,2420,2477,8442,.,.,4130
5307,5306,2431,2380,2380,2380,2420,2490,8442,.,.,8527
5307,5306,2432,2381,2381,2381,2420,2766,8442,.,.,3741
5307,5306,2433,2382,2382,2382,2420,2919,8442,.,.,2471
5307,5306,2434,2383,2383,2383,2420,2995,8442,.,.,2471
5307,5306,2435,2384,2384,2384,2420,3019,8442,.,.,0
5307,5306,2436,2385,2385,2385,2420,3073,8442,.,.,6349
5307,5306,2437,2386,2386,2386,2420,3231,8442,.,.,6583
5307,5306,2438,2387,2387,2387,2420,3389,8442,.,.,4970
5307,5306,2439,2388,2388,2388,2420,3593,8442,.,.,4130
5307,5306,2440,2389,2389,2389,2420,3693,8442,.,.,2471
5307,5306,2441,2390,2390,2390,2420,3743,8442,.,.,0
5307,5306,2442,2391,2391,2391,2420,3912,8442,.,.,5229
5307,5306,2443,2392,2392,2392,2420,4260,8442,.,.,9294
5307,5306,2444,2393,2393,2393,2420,4311,8442,.,.,6349
5307,5306,2445,2394,2394,2394,2420,4534,8442,.,.,9294
5307,5306,2446,2395,2395,2395,2420,4791,8442,.,.,2471
5307,5306,2447,2396,2396,2396,2420,4795,8442,.,.,6583
5307,5306,2448,2397,2397,2397,2420,5231,8442,.,.,3720
5307,5306,2449,2398,2398,2398,2420,5309,8442,.,.,6349
5307,5306,2450,2399,2399,2399,2420,5367,8442,.,.,3741
5307,5306,2451,2400,2400,2400,2420,5479,8442,.,.,0
5307,5306,2452,2401,2401,2401,2420,5529,8442,.,.,9294
5307,5306,2453,2402,2402,2402,2420,5994,8442,.,.,6492
5307,5306,2454,2403,2403,2403,2420,6053,8442,.,.,0
5307,5306,2455,2404,2404,2404,2420,6548,8442,.,.,0
5307,5306,2456,2405,2405,2405,2420,6550,8442,.,.,8527
5307,5306,2457,2406,2406,2406,2420,6576,8442,.,.,6583
5307,5306,2458,2407,2407,2407,2420,6582,8442,.,.,2471
5307,5306,2459,2408,2408,2408,2420,6585,8442,.,.,6583
5307,5306,2460,2409,2409,2409,2420,6623,8442,.,.,6583
5307,5306,2461,2410,2410,2410,2420,7333,8442,.,.,3741
5307,5306,2462,2411,2411,2411,2420,7449,8442,.,.,0
5307,5306,2463,2412,2412,2412,2420,7810,8442,.,.,0
5307,5306,2464,2413,2413,2413,2420,8085,8442,.,.,0
5307,5306,2465,2414,2414,2414,2420,8284,8442,.,.,0
5307,5306,2466,2415,2415,2415,2420,8375,8442,.,.,3720
5307,5306,2467,2416,2416,2416,2420,8444,8442,.,.,0
5307,5306,2468,2417,2417,2417,2420,8509,8442,.,.,4970
5307,5306,2469,2418,2418,2418,2420,8823,8442,.,.,3741
5307,5306,2470,2419,2419,2419,2420,8877,8442,.,.,6583
5307,5306,2491,2479,2479,2479,2490,1411,8442,.,.,2471
5307,5306,2492,2480,2480,2480,2490,2473,8442,.,.,6349
5307,5306,2493,2481,2481,2481,2490,2713,8442,.,.,2471
5307,5306,2494,2482,2482,2482,2490,3019,8442,.,.,0
5307,5306,2495,2483,2483,2483,2490,4799,8442,.,.,4699
5307,5306,2496,2484,2484,2484,2490,5479,8442,.,.,0
5307,5306,2497,2485,2485,2485,2490,7449,8442,.,.,0
5307,5306,2498,2486,2486,2486,2490,7688,8442,.,.,4699
5307,5306,2499,2487,2487,2487,2490,8185,8442,.,.,2471
5307,5306,2500,2488,2488,2488,2490,8444,8442,.,.,6349
5307,5306,2501,2489,2489,2489,2490,8446,8442,.,.,0
5307,5306,2515,2503,2503,2503,2514,2473,8442,.,.,0
5307,5306,2516,2504,2504,2504,2514,2715,8442,.,.,0
5307,5306,2517,2505,2505,2505,2514,2957,8442,.,.,0
5307,5306,2518,2506,2506,2506,2514,3521,8442,.,.,9294
5307,5306,2519,2507,2507,2507,2514,5477,8442,.,.,3720
5307,5306,2520,2508,2508,2508,2514,6346,8442,.,.,0
5307,5306,2521,2509,2509,2509,2514,6439,8442,.,.,4970
5307,5306,2522,2510,2510,2510,2514,6574,8442,.,.,0
5307,5306,2523,2511,2511,2511,2514,7665,8442,.,.,0
5307,5306,2524,2512,2512,2512,2514,8446,8442,.,.,0
5307,5306,2525,2513,2513,2513,2514,9296,8442,.,.,5910
5307,5306,2560,2527,2527,2527,2559,189,8442,.,.,3741
5307,5306,2561,2528,2528,2528,2559,692,8442,.,.,8527
5307,5306,2562,2529,2529,2529,2559,999,8442,.,.,4970
5307,5306,2563,2530,2530,2530,2559,1034,8442,.,.,4970
5307,5306,2564,2531,2531,2531,2559,2473,8442,.,.,0
5307,5306,2565,2532,2532,2532,2559,2919,8442,.,.,6492
5307,5306,2566,2533,2533,2533,2559,3019,8442,.,.,0
5307,5306,2567,2534,2534,2534,2559,3231,8442,.,.,4970
5307,5306,2568,2535,2535,2535,2559,3484,8442,.,.,4130
5307,5306,2569,2536,2536,2536,2559,3517,8442,.,.,0
5307,5306,2570,2537,2537,2537,2559,3743,8442,.,.,4970
5307,5306,2571,2538,2538,2538,2559,3794,8442,.,.,4130
5307,5306,2572,2539,2539,2539,2559,4045,8442,.,.,4970
5307,5306,2573,2540,2540,2540,2559,4311,8442,.,.,8527
5307,5306,2574,2541,2541,2541,2559,5233,8442,.,.,9294
5307,5306,2575,2542,2542,2542,2559,5336,8442,.,.,6349
5307,5306,2576,2543,2543,2543,2559,5479,8442,.,.,0
5307,5306,2577,2544,2544,2544,2559,5529,8442,.,.,4970
5307,5306,2578,2545,2545,2545,2559,5736,8442,.,.,4970
5307,5306,2579,2546,2546,2546,2559,5854,8442,.,.,4970
5307,5306,2580,2547,2547,2547,2559,6520,8442,.,.,4970
5307,5306,2581,2548,2548,2548,2559,6576,8442,.,.,6349
5307,5306,2582,2549,2549,2549,2559,6580,8442,.,.,8527
5307,5306,2583,2550,2550,2550,2559,6582,8442,.,.,8527
5307,5306,2584,2551,2551,2551,2559,6623,8442,.,.,4130
5307,5306,2585,2552,2552,2552,2559,6957,8442,.,.,9294
5307,5306,2586,2553,2553,2553,2559,7333,8442,.,.,4970
5307,5306,2587,2554,2554,2554,2559,7449,8442,.,.,0
5307,5306,2588,2555,2555,2555,2559,7982,8442,.,.,9294
5307,5306,2589,2556,2556,2556,2559,8085,8442,.,.,0
5307,5306,2590,2557,2557,2557,2559,8444,8442,.,.,0
5307,5306,2591,2558,2558,2558,2559,8938,8442,.,.,4970
5307,5306,2653,2593,2593,2593,2652,32,8442,.,.,0
5307,5306,2654,2594,2594,2594,2652,642,8442,.,.,4970
5307,5306,2655,2595,2595,2595,2652,749,8442,.,.,4699
5307,5306,2656,2596,2596,2596,2652,911,8442,.,.,0
5307,5306,2657,2597,2597,2597,2652,1034,8442,.,.,4970
5307,5306,2658,2598,2598,2598,2652,1630,8442,.,.,6583
5307,5306,2659,2599,2599,2599,2652,2473,8442,.,.,0
5307,5306,2660,2600,2600,2600,2652,2477,8442,.,.,8527
5307,5306,2661,2601,2601,2601,2652,2490,8442,.,.,0
5307,5306,2662,2602,2602,2602,2652,2919,8442,.,.,0
5307,5306,2663,2603,2603,2603,2652,2995,8442,.,.,4699
5307,5306,2664,2604,2604,2604,2652,3019,8442,.,.,0
5307,5306,2665,2605,2605,2605,2652,3071,8442,.,.,4970
5307,5306,2666,2606,2606,2606,2652,3140,8442,.,.,6583
5307,5306,2667,2607,2607,2607,2652,3257,8442,.,.,3741
5307,5306,2668,2608,2608,2608,2652,3296,8442,.,.,4970
5307,5306,2669,2609,2609,2609,2652,3349,8442,.,.,0
5307,5306,2670,2610,2610,2610,2652,3593,8442,.,.,0
5307,5306,2671,2611,2611,2611,2652,3693,8442,.,.,4130
5307,5306,2672,2612,2612,2612,2652,3743,8442,.,.,4970
5307,5306,2673,2613,2613,2613,2652,4045,8442,.,.,6583
5307,5306,2674,2614,2614,2614,2652,4195,8442,.,.,8527
5307,5306,2675,2615,2615,2615,2652,4260,8442,.,.,6349
5307,5306,2676,2616,2616,2616,2652,4311,8442,.,.,6349
5307,5306,2677,2617,2617,2617,2652,4791,8442,.,.,2471
5307,5306,2678,2618,2618,2618,2652,4795,8442,.,.,0
5307,5306,2679,2619,2619,2619,2652,4797,8442,.,.,6349
5307,5306,2680,2620,2620,2620,2652,4827,8442,.,.,0
5307,5306,2681,2621,2621,2621,2652,5057,8442,.,.,8527
5307,5306,2682,2622,2622,2622,2652,5233,8442,.,.,5229
5307,5306,2683,2623,2623,2623,2652,5309,8442,.,.,0
5307,5306,2684,2624,2624,2624,2652,5336,8442,.,.,4970
5307,5306,2685,2625,2625,2625,2652,5479,8442,.,.,0
5307,5306,2686,2626,2626,2626,2652,5529,8442,.,.,8527
5307,5306,2687,2627,2627,2627,2652,5579,8442,.,.,6349
5307,5306,2688,2628,2628,2628,2652,5649,8442,.,.,4970
5307,5306,2689,2629,2629,2629,2652,5944,8442,.,.,4970
5307,5306,2690,2630,2630,2630,2652,6152,8442,.,.,0
5307,5306,2691,2631,2631,2631,2652,6212,8442,.,.,6349
5307,5306,2692,2632,2632,2632,2652,6520,8442,.,.,3741
5307,5306,2693,2633,2633,2633,2652,6576,8442,.,.,4699
5307,5306,2694,2634,2634,2634,2652,6580,8442,.,.,9294
5307,5306,2695,2635,2635,2635,2652,6585,8442,.,.,4970
5307,5306,2696,2636,2636,2636,2652,6860,8442,.,.,0
5307,5306,2697,2637,2637,2637,2652,6957,8442,.,.,4970
5307,5306,2698,2638,2638,2638,2652,7295,8442,.,.,6349
5307,5306,2699,2639,2639,2639,2652,7333,8442,.,.,6583
5307,5306,2700,2640,2640,2640,2652,7449,8442,.,.,0
5307,5306,2701,2641,2641,2641,2652,7688,8442,.,.,8527
5307,5306,2702,2642,2642,2642,2652,8085,8442,.,.,0
5307,5306,2703,2643,2643,2643,2652,8185,8442,.,.,0
5307,5306,2704,2644,2644,2644,2652,8375,8442,.,.,3741
5307,5306,2705,2645,2645,2645,2652,8444,8442,.,.,0
5307,5306,2706,2646,2646,2646,2652,8446,8442,.,.,0
5307,5306,2707,2647,2647,2647,2652,8938,8442,.,.,6349
5307,5306,2708,2648,2648,2648,2652,8999,8442,.,.,9294
5307,5306,2709,2649,2649,2649,2652,9074,8442,.,.,9294
5307,5306,2710,2650,2650,2650,2652,9228,8442,.,.,2471
5307,5306,2711,2651,2651,2651,2652,9296,8442,.,.,0
5307,5306,2767,2717,2717,2717,2766,32,8442,.,.,4699
5307,5306,2768,2718,2718,2718,2766,272,8442,.,.,9294
5307,5306,2769,2719,2719,2719,2766,831,8442,.,.,5229
5307,5306,2770,2720,2720,2720,2766,1198,8442,.,.,6349
5307,5306,2771,2721,2721,2721,2766,1320,8442,.,.,6349
5307,5306,2772,2722,2722,2722,2766,1411,8442,.,.,0
5307,5306,2773,2723,2723,2723,2766,1630,8442,.,.,9294
5307,5306,2774,2724,2724,2724,2766,2473,8442,.,.,0
5307,5306,2775,2725,2725,2725,2766,2475,8442,.,.,5229
5307,5306,2776,2726,2726,2726,2766,2559,8442,.,.,0
5307,5306,2777,2727,2727,2727,2766,2652,8442,.,.,6492
5307,5306,2778,2728,2728,2728,2766,2849,8442,.,.,0
5307,5306,2779,2729,2729,2729,2766,2883,8442,.,.,3741
5307,5306,2780,2730,2730,2730,2766,2955,8442,.,.,3720
5307,5306,2781,2731,2731,2731,2766,2995,8442,.,.,3720
5307,5306,2782,2732,2732,2732,2766,3019,8442,.,.,0
5307,5306,2783,2733,2733,2733,2766,3045,8442,.,.,8527
5307,5306,2784,2734,2734,2734,2766,3071,8442,.,.,6583
5307,5306,2785,2735,2735,2735,2766,3140,8442,.,.,0
5307,5306,2786,2736,2736,2736,2766,3517,8442,.,.,3741
5307,5306,2787,2737,2737,2737,2766,3665,8442,.,.,0
5307,5306,2788,2738,2738,2738,2766,3912,8442,.,.,8527
5307,5306,2789,2739,2739,2739,2766,4045,8442,.,.,3720
5307,5306,2790,2740,2740,2740,2766,4260,8442,.,.,0
5307,5306,2791,2741,2741,2741,2766,4534,8442,.,.,8527
5307,5306,2792,2742,2742,2742,2766,4621,8442,.,.,6349
5307,5306,2793,2743,2743,2743,2766,4791,8442,.,.,0
5307,5306,2794,2744,2744,2744,2766,4797,8442,.,.,2471
5307,5306,2795,2745,2745,2745,2766,4799,8442,.,.,0
5307,5306,2796,2746,2746,2746,2766,5057,8442,.,.,3741
5307,5306,2797,2747,2747,2747,2766,5177,8442,.,.,0
5307,5306,2798,2748,2748,2748,2766,5231,8442,.,.,0
5307,5306,2799,2749,2749,2749,2766,5309,8442,.,.,0
5307,5306,2800,2750,2750,2750,2766,5479,8442,.,.,0
5307,5306,2801,2751,2751,2751,2766,5854,8442,.,.,6349
5307,5306,2802,2752,2752,2752,2766,6576,8442,.,.,3741
5307,5306,2803,2753,2753,2753,2766,6705,8442,.,.,5229
5307,5306,2804,2754,2754,2754,2766,7094,8442,.,.,0
5307,5306,2805,2755,2755,2755,2766,7449,8442,.,.,0
5307,5306,2806,2756,2756,2756,2766,7688,8442,.,.,5229
5307,5306,2807,2757,2757,2757,2766,7751,8442,.,.,8527
5307,5306,2808,2758,2758,2758,2766,7810,8442,.,.,5229
5307,5306,2809,2759,2759,2759,2766,8085,8442,.,.,0
5307,5306,2810,2760,2760,2760,2766,8375,8442,.,.,6349
5307,5306,2811,2761,2761,2761,2766,8444,8442,.,.,0
5307,5306,2812,2762,2762,2762,2766,8718,8442,.,.,3741
5307,5306,2813,2763,2763,2763,2766,8938,8442,.,.,3720
5307,5306,2814,2764,2764,2764,2766,8999,8442,.,.,0
5307,5306,2815,2765,2765,2765,2766,9293,8442,.,.,5229
5307,5306,2850,2817,2817,2817,2849,911,8442,.,.,3741
5307,5306,2851,2818,2818,2818,2849,1411,8442,.,.,6492
5307,5306,2852,2819,2819,2819,2849,1630,8442,.,.,3720
5307,5306,2853,2820,2820,2820,2849,2321,8442,.,.,0
5307,5306,2854,2821,2821,2821,2849,2473,8442,.,.,0
5307,5306,2855,2822,2822,2822,2849,2477,8442,.,.,3741
5307,5306,2856,2823,2823,2823,2849,2490,8442,.,.,6583
5307,5306,2857,2824,2824,2824,2849,2559,8442,.,.,3741
5307,5306,2858,2825,2825,2825,2849,2919,8442,.,.,6583
5307,5306,2859,2826,2826,2826,2849,3019,8442,.,.,0
5307,5306,2860,2827,2827,2827,2849,3440,8442,.,.,6349
5307,5306,2861,2828,2828,2828,2849,3794,8442,.,.,6583
5307,5306,2862,2829,2829,2829,2849,3912,8442,.,.,0
5307,5306,2863,2830,2830,2830,2849,4045,8442,.,.,6583
5307,5306,2864,2831,2831,2831,2849,4362,8442,.,.,9294
5307,5306,2865,2832,2832,2832,2849,4424,8442,.,.,2471
5307,5306,2866,2833,2833,2833,2849,4534,8442,.,.,3720
5307,5306,2867,2834,2834,2834,2849,4799,8442,.,.,6349
5307,5306,2868,2835,2835,2835,2849,5422,8442,.,.,3720
5307,5306,2869,2836,2836,2836,2849,5479,8442,.,.,0
5307,5306,2870,2837,2837,2837,2849,5736,8442,.,.,2471
5307,5306,2871,2838,2838,2838,2849,6053,8442,.,.,6583
5307,5306,2872,2839,2839,2839,2849,7094,8442,.,.,0
5307,5306,2873,2840,2840,2840,2849,7449,8442,.,.,0
5307,5306,2874,2841,2841,2841,2849,8085,8442,.,.,0
5307,5306,2875,2842,2842,2842,2849,8375,8442,.,.,6492
5307,5306,2876,2843,2843,2843,2849,8444,8442,.,.,0
5307,5306,2877,2844,2844,2844,2849,8446,8442,.,.,0
5307,5306,2878,2845,2845,2845,2849,8509,8442,.,.,3741
5307,5306,2879,2846,2846,2846,2849,8627,8442,.,.,6583
5307,5306,2880,2847,2847,2847,2849,9287,8442,.,.,6583
5307,5306,2881,2848,2848,2848,2849,9427,8442,.,.,2471
5307,5306,2920,2885,2885,2885,2919,345,8442,.,.,0
5307,5306,2921,2886,2886,2886,2919,1320,8442,.,.,5229
5307,5306,2922,2887,2887,2887,2919,1524,8442,.,.,3741
5307,5306,2923,2888,2888,2888,2919,1630,8442,.,.,0
5307,5306,2924,2889,2889,2889,2919,2514,8442,.,.,5229
5307,5306,2925,2890,2890,2890,2919,2559,8442,.,.,3741
5307,5306,2926,2891,2891,2891,2919,2849,8442,.,.,3720
5307,5306,2927,2892,2892,2892,2919,2883,8442,.,.,3720
5307,5306,2928,2893,2893,2893,2919,2955,8442,.,.,5229
5307,5306,2929,2894,2894,2894,2919,3019,8442,.,.,0
5307,5306,2930,2895,2895,2895,2919,3349,8442,.,.,3741
5307,5306,2931,2896,2896,2896,2919,3517,8442,.,.,3741
5307,5306,2932,2897,2897,2897,2919,3665,8442,.,.,4699
5307,5306,2933,2898,2898,2898,2919,4424,8442,.,.,5910
5307,5306,2934,2899,2899,2899,2919,4745,8442,.,.,3720
5307,5306,2935,2900,2900,2900,2919,4797,8442,.,.,3741
5307,5306,2936,2901,2901,2901,2919,5367,8442,.,.,3720
5307,5306,2937,2902,2902,2902,2919,5479,8442,.,.,0
5307,5306,2938,2903,2903,2903,2919,5854,8442,.,.,4130
5307,5306,2939,2904,2904,2904,2919,5944,8442,.,.,0
5307,5306,2940,2905,2905,2905,2919,6053,8442,.,.,6492
5307,5306,2941,2906,2906,2906,2919,6152,8442,.,.,4970
5307,5306,2942,2907,2907,2907,2919,6548,8442,.,.,5229
5307,5306,2943,2908,2908,2908,2919,6623,8442,.,.,5910
5307,5306,2944,2909,2909,2909,2919,6705,8442,.,.,3720
5307,5306,2945,2910,2910,2910,2919,7449,8442,.,.,0
5307,5306,2946,2911,2911,2911,2919,7688,8442,.,.,3741
5307,5306,2947,2912,2912,2912,2919,7982,8442,.,.,5229
5307,5306,2948,2913,2913,2913,2919,8085,8442,.,.,0
5307,5306,2949,2914,2914,2914,2919,8444,8442,.,.,0
5307,5306,2950,2915,2915,2915,2919,8999,8442,.,.,3720
5307,5306,2951,2916,2916,2916,2919,9228,8442,.,.,3741
5307,5306,2952,2917,2917,2917,2919,9287,8442,.,.,3720
5307,5306,2953,2918,2918,2918,2919,9293,8442,.,.,5229
5307,5306,2967,2959,2959,2959,2966,2715,8442,.,.,0
5307,5306,2968,2960,2960,2960,2966,2957,8442,.,.,5229
5307,5306,2969,2961,2961,2961,2966,3521,8442,.,.,6492
5307,5306,2970,2962,2962,2962,2966,6574,8442,.,.,0
5307,5306,2971,2963,2963,2963,2966,7665,8442,.,.,4699
5307,5306,2972,2964,2964,2964,2966,8446,8442,.,.,5229
5307,5306,2973,2965,2965,2965,2966,9296,8442,.,.,0
5307,5306,2985,2975,2975,2975,2984,2473,8442,.,.,6583
5307,5306,2986,2976,2976,2976,2984,2715,8442,.,.,0
5307,5306,2987,2977,2977,2977,2984,2957,8442,.,.,0
5307,5306,2988,2978,2978,2978,2984,3521,8442,.,.,0
5307,5306,2989,2979,2979,2979,2984,6346,8442,.,.,0
5307,5306,2990,2980,2980,2980,2984,6439,8442,.,.,0
5307,5306,2991,2981,2981,2981,2984,6574,8442,.,.,0
5307,5306,2992,2982,2982,2982,2984,7665,8442,.,.,0
5307,5306,2993,2983,2983,2983,2984,9296,8442,.,.,0
5307,5306,3008,2997,2997,2997,3007,2473,8442,.,.,0
5307,5306,3009,2998,2998,2998,3007,2715,8442,.,.,4130
5307,5306,3010,2999,2999,2999,3007,2957,8442,.,.,4130
5307,5306,3011,3000,3000,3000,3007,3521,8442,.,.,9294
5307,5306,3012,3001,3001,3001,3007,5477,8442,.,.,9294
5307,5306,3013,3002,3002,3002,3007,6346,8442,.,.,6583
5307,5306,3014,3003,3003,3003,3007,6439,8442,.,.,6583
5307,5306,3015,3004,3004,3004,3007,7665,8442,.,.,0
5307,5306,3016,3005,3005,3005,3007,8446,8442,.,.,0
5307,5306,3017,3006,3006,3006,3007,9296,8442,.,.,0
5307,5306,3033,3021,3021,3021,3032,2514,8442,.,.,-1
5307,5306,3034,3022,3022,3022,3032,2966,8442,.,.,-1
5307,5306,3035,3023,3023,3023,3032,3731,8442,.,.,-1
5307,5306,3036,3024,3024,3024,3032,4690,8442,.,.,-1
5307,5306,3037,3025,3025,3025,3032,5363,8442,.,.,-1
5307,5306,3038,3026,3026,3026,3032,5912,8442,.,.,-1
5307,5306,3039,3027,3027,3027,3032,6267,8442,.,.,-1
5307,5306,3040,3028,3028,3028,3032,6561,8442,.,.,-1
5307,5306,3041,3029,3029,3029,3032,6572,8442,.,.,-1
5307,5306,3042,3030,3030,3030,3032,7652,8442,.,.,-1
5307,5306,3043,3031,3031,3031,3032,7912,8442,.,.,-1
5307,5306,3059,3047,3047,3047,3058,2514,8442,.,.,-1
5307,5306,3060,3048,3048,3048,3058,3731,8442,.,.,-1
5307,5306,3061,3049,3049,3049,3058,4793,8442,.,.,-1
5307,5306,3062,3050,3050,3050,3058,4981,8442,.,.,-1
5307,5306,3063,3051,3051,3051,3058,5363,8442,.,.,-1
5307,5306,3064,3052,3052,3052,3058,6310,8442,.,.,-1
5307,5306,3065,3053,3053,3053,3058,6451,8442,.,.,-1
5307,5306,3066,3054,3054,3054,3058,6477,8442,.,.,-1
5307,5306,3067,3055,3055,3055,3058,6572,8442,.,.,-1
5307,5306,3068,3056,3056,3056,3058,7056,8442,.,.,-1
5307,5306,3069,3057,3057,3057,3058,7878,8442,.,.,-1
5307,5306,3141,3075,3075,3075,3140,189,8442,.,.,8527
5307,5306,3142,3076,3076,3076,3140,521,8442,.,.,4970
5307,5306,3143,3077,3077,3077,3140,692,8442,.,.,3720
5307,5306,3144,3078,3078,3078,3140,831,8442,.,.,4130
5307,5306,3145,3079,3079,3079,3140,999,8442,.,.,3720
5307,5306,3147,3081,3081,3081,3140,1116,8442,.,.,3741
5307,5306,3146,3080,3080,3080,3140,1034,8442,.,.,4130
5307,5306,3148,3082,3082,3082,3140,1320,8442,.,.,6349
5307,5306,3149,3083,3083,3083,3140,1578,8442,.,.,6492
5307,5306,3150,3084,3084,3084,3140,2473,8442,.,.,0
5307,5306,3151,3085,3085,3085,3140,2475,8442,.,.,6492
5307,5306,3152,3086,3086,3086,3140,2766,8442,.,.,8527
5307,5306,3153,3087,3087,3087,3140,2919,8442,.,.,4699
5307,5306,3154,3088,3088,3088,3140,2955,8442,.,.,4699
5307,5306,3155,3089,3089,3089,3140,3019,8442,.,.,0
5307,5306,3156,3090,3090,3090,3140,3231,8442,.,.,3720
5307,5306,3157,3091,3091,3091,3140,3257,8442,.,.,4699
5307,5306,3158,3092,3092,3092,3140,3296,8442,.,.,0
5307,5306,3159,3093,3093,3093,3140,3349,8442,.,.,5229
5307,5306,3160,3094,3094,3094,3140,3389,8442,.,.,6492
5307,5306,3161,3095,3095,3095,3140,3440,8442,.,.,0
5307,5306,3162,3096,3096,3096,3140,3517,8442,.,.,4130
5307,5306,3163,3097,3097,3097,3140,3519,8442,.,.,0
5307,5306,3164,3098,3098,3098,3140,3593,8442,.,.,6492
5307,5306,3165,3099,3099,3099,3140,3665,8442,.,.,3741
5307,5306,3166,3100,3100,3100,3140,3693,8442,.,.,9294
5307,5306,3167,3101,3101,3101,3140,3743,8442,.,.,0
5307,5306,3168,3102,3102,3102,3140,4195,8442,.,.,0
5307,5306,3170,3104,3104,3104,3140,4362,8442,.,.,8527
5307,5306,3169,3103,3103,3103,3140,4311,8442,.,.,5910
5307,5306,3171,3105,3105,3105,3140,4424,8442,.,.,0
5307,5306,3172,3106,3106,3106,3140,4621,8442,.,.,6492
5307,5306,3173,3107,3107,3107,3140,4791,8442,.,.,4699
5307,5306,3174,3108,3108,3108,3140,4795,8442,.,.,4970
5307,5306,3175,3109,3109,3109,3140,4799,8442,.,.,5229
5307,5306,3176,3110,3110,3110,3140,4912,8442,.,.,0
5307,5306,3177,3111,3111,3111,3140,5177,8442,.,.,0
5307,5306,3178,3112,3112,3112,3140,5309,8442,.,.,0
5307,5306,3179,3113,3113,3113,3140,5336,8442,.,.,0
5307,5306,3180,3114,3114,3114,3140,5365,8442,.,.,6492
5307,5306,3181,3115,3115,3115,3140,5367,8442,.,.,4699
5307,5306,3182,3116,3116,3116,3140,5422,8442,.,.,4970
5307,5306,3183,3117,3117,3117,3140,5479,8442,.,.,0
5307,5306,3184,3118,3118,3118,3140,5613,8442,.,.,6492
5307,5306,3185,3119,3119,3119,3140,5649,8442,.,.,5229
5307,5306,3186,3120,3120,3120,3140,5994,8442,.,.,6583
5307,5306,3187,3121,3121,3121,3140,6053,8442,.,.,4699
5307,5306,3188,3122,3122,3122,3140,6152,8442,.,.,0
5307,5306,3189,3123,3123,3123,3140,6212,8442,.,.,0
5307,5306,3190,3124,3124,3124,3140,6576,8442,.,.,3741
5307,5306,3191,3125,3125,3125,3140,6582,8442,.,.,4699
5307,5306,3192,3126,3126,3126,3140,6623,8442,.,.,6492
5307,5306,3193,3127,3127,3127,3140,6705,8442,.,.,3720
5307,5306,3194,3128,3128,3128,3140,6957,8442,.,.,5910
5307,5306,3195,3129,3129,3129,3140,7189,8442,.,.,5229
5307,5306,3196,3130,3130,3130,3140,7295,8442,.,.,4699
5307,5306,3197,3131,3131,3131,3140,7449,8442,.,.,0
5307,5306,3198,3132,3132,3132,3140,7576,8442,.,.,0
5307,5306,3199,3133,3133,3133,3140,8085,8442,.,.,0
5307,5306,3200,3134,3134,3134,3140,8185,8442,.,.,3741
5307,5306,3201,3135,3135,3135,3140,8284,8442,.,.,3741
5307,5306,3202,3136,3136,3136,3140,8375,8442,.,.,0
5307,5306,3203,3137,3137,3137,3140,8444,8442,.,.,0
5307,5306,3204,3138,3138,3138,3140,8509,8442,.,.,4699
5307,5306,3205,3139,3139,3139,3140,9287,8442,.,.,4130
5307,5306,3219,3207,3207,3207,3218,260,8442,.,.,-1
5307,5306,3220,3208,3208,3208,3218,441,8442,.,.,-1
5307,5306,3221,3209,3209,3209,3218,2514,8442,.,.,-1
5307,5306,3222,3210,3210,3210,3218,4690,8442,.,.,-1
5307,5306,3223,3211,3211,3211,3218,4793,8442,.,.,-1
5307,5306,3224,3212,3212,3212,3218,4981,8442,.,.,-1
5307,5306,3225,3213,3213,3213,3218,6267,8442,.,.,-1
5307,5306,3226,3214,3214,3214,3218,6363,8442,.,.,-1
5307,5306,3227,3215,3215,3215,3218,7912,8442,.,.,-1
5307,5306,3228,3216,3216,3216,3218,8098,8442,.,.,-1
5307,5306,3229,3217,3217,3217,3218,8564,8442,.,.,-1
5307,5306,3245,3233,3233,3233,3244,441,8442,.,.,-1
5307,5306,3246,3234,3234,3234,3244,2966,8442,.,.,-1
5307,5306,3247,3235,3235,3235,3244,3341,8442,.,.,-1
5307,5306,3248,3236,3236,3236,3244,3731,8442,.,.,-1
5307,5306,3249,3237,3237,3237,3244,6310,8442,.,.,-1
5307,5306,3250,3238,3238,3238,3244,6572,8442,.,.,-1
5307,5306,3251,3239,3239,3239,3244,7056,8442,.,.,-1
5307,5306,3252,3240,3240,3240,3244,8050,8442,.,.,-1
5307,5306,3253,3241,3241,3241,3244,8072,8442,.,.,-1
5307,5306,3254,3242,3242,3242,3244,8098,8442,.,.,-1
5307,5306,3255,3243,3243,3243,3244,8660,8442,.,.,-1
5307,5306,3297,3259,3259,3259,3296,272,8442,.,.,5910
5307,5306,3298,3260,3260,3260,3296,831,8442,.,.,8527
5307,5306,3299,3261,3261,3261,3296,999,8442,.,.,5910
5307,5306,3300,3262,3262,3262,3296,1034,8442,.,.,8527
5307,5306,3301,3263,3263,3263,3296,1244,8442,.,.,9294
5307,5306,3302,3264,3264,3264,3296,1524,8442,.,.,3720
5307,5306,3303,3265,3265,3265,3296,2473,8442,.,.,0
5307,5306,3304,3266,3266,3266,3296,2559,8442,.,.,5229
5307,5306,3305,3267,3267,3267,3296,2849,8442,.,.,5910
5307,5306,3306,3268,3268,3268,3296,2883,8442,.,.,5910
5307,5306,3307,3269,3269,3269,3296,3019,8442,.,.,0
5307,5306,3308,3270,3270,3270,3296,3071,8442,.,.,3720
5307,5306,3309,3271,3271,3271,3296,3140,8442,.,.,4699
5307,5306,3310,3272,3272,3272,3296,3231,8442,.,.,4970
5307,5306,3311,3273,3273,3273,3296,3389,8442,.,.,4970
5307,5306,3312,3274,3274,3274,3296,3593,8442,.,.,0
5307,5306,3313,3275,3275,3275,3296,3912,8442,.,.,5910
5307,5306,3314,3276,3276,3276,3296,4045,8442,.,.,5910
5307,5306,3315,3277,3277,3277,3296,4260,8442,.,.,9294
5307,5306,3316,3278,3278,3278,3296,5422,8442,.,.,5910
5307,5306,3317,3279,3279,3279,3296,5479,8442,.,.,0
5307,5306,3319,3281,3281,3281,3296,5647,8442,.,.,9294
5307,5306,3318,3280,3280,3280,3296,5579,8442,.,.,8527
5307,5306,3320,3282,3282,3282,3296,5854,8442,.,.,3720
5307,5306,3321,3283,3283,3283,3296,6520,8442,.,.,4130
5307,5306,3322,3284,3284,3284,3296,6576,8442,.,.,5910
5307,5306,3323,3285,3285,3285,3296,6585,8442,.,.,5910
5307,5306,3324,3286,3286,3286,3296,7449,8442,.,.,0
5307,5306,3325,3287,3287,3287,3296,7751,8442,.,.,5229
5307,5306,3326,3288,3288,3288,3296,8085,8442,.,.,0
5307,5306,3327,3289,3289,3289,3296,8185,8442,.,.,9294
5307,5306,3328,3290,3290,3290,3296,8444,8442,.,.,0
5307,5306,3329,3291,3291,3291,3296,8446,8442,.,.,0
5307,5306,3330,3292,3292,3292,3296,8469,8442,.,.,4970
5307,5306,3331,3293,3293,3293,3296,9228,8442,.,.,0
5307,5306,3332,3294,3294,3294,3296,9289,8442,.,.,5910
5307,5306,3333,3295,3295,3295,3296,9352,8442,.,.,6583
5307,5306,3342,3335,3335,3335,3341,2715,8442,.,.,3720
5307,5306,3343,3336,3336,3336,3341,2957,8442,.,.,3720
5307,5306,3344,3337,3337,3337,3341,3521,8442,.,.,3720
5307,5306,3345,3338,3338,3338,3341,5477,8442,.,.,9294
5307,5306,3346,3339,3339,3339,3341,6346,8442,.,.,3720
5307,5306,3347,3340,3340,3340,3341,6439,8442,.,.,6492
5307,5306,3390,3351,3351,3351,3389,32,8442,.,.,9294
5307,5306,3391,3352,3352,3352,3389,999,8442,.,.,0
5307,5306,3392,3353,3353,3353,3389,1034,8442,.,.,6583
5307,5306,3393,3354,3354,3354,3389,1524,8442,.,.,6583
5307,5306,3394,3355,3355,3355,3389,1580,8442,.,.,5229
5307,5306,3395,3356,3356,3356,3389,2420,8442,.,.,4130
5307,5306,3396,3357,3357,3357,3389,2473,8442,.,.,0
5307,5306,3397,3358,3358,3358,3389,2475,8442,.,.,5910
5307,5306,3398,3359,3359,3359,3389,2490,8442,.,.,5910
5307,5306,3399,3360,3360,3360,3389,2559,8442,.,.,5229
5307,5306,3400,3361,3361,3361,3389,2713,8442,.,.,9294
5307,5306,3401,3362,3362,3362,3389,3019,8442,.,.,0
5307,5306,3402,3363,3363,3363,3389,3045,8442,.,.,4699
5307,5306,3403,3364,3364,3364,3389,3440,8442,.,.,4970
5307,5306,3404,3365,3365,3365,3389,3693,8442,.,.,4970
5307,5306,3405,3366,3366,3366,3389,3794,8442,.,.,3720
5307,5306,3406,3367,3367,3367,3389,3912,8442,.,.,8527
5307,5306,3407,3368,3368,3368,3389,4362,8442,.,.,3720
5307,5306,3408,3369,3369,3369,3389,4621,8442,.,.,6583
5307,5306,3409,3370,3370,3370,3389,4827,8442,.,.,4699
5307,5306,3410,3371,3371,3371,3389,4912,8442,.,.,5910
5307,5306,3411,3372,3372,3372,3389,5231,8442,.,.,5910
5307,5306,3412,3373,3373,3373,3389,5479,8442,.,.,0
5307,5306,3413,3374,3374,3374,3389,5854,8442,.,.,3720
5307,5306,3414,3375,3375,3375,3389,6212,8442,.,.,3720
5307,5306,3415,3376,3376,3376,3389,6348,8442,.,.,4699
5307,5306,3416,3377,3377,3377,3389,6580,8442,.,.,6583
5307,5306,3417,3378,3378,3378,3389,7094,8442,.,.,4970
5307,5306,3418,3379,3379,3379,3389,7449,8442,.,.,0
5307,5306,3419,3380,3380,3380,3389,8085,8442,.,.,0
5307,5306,3420,3381,3381,3381,3389,8375,8442,.,.,4699
5307,5306,3421,3382,3382,3382,3389,8444,8442,.,.,0
5307,5306,3422,3383,3383,3383,3389,8446,8442,.,.,0
5307,5306,3423,3384,3384,3384,3389,8469,8442,.,.,8527
5307,5306,3424,3385,3385,3385,3389,8938,8442,.,.,6583
5307,5306,3425,3386,3386,3386,3389,9289,8442,.,.,9294
5307,5306,3426,3387,3387,3387,3389,9291,8442,.,.,4130
5307,5306,3427,3388,3388,3388,3389,9296,8442,.,.,0
5307,5306,3441,3429,3429,3429,3440,272,8442,.,.,6492
5307,5306,3442,3430,3430,3430,3440,911,8442,.,.,6492
5307,5306,3443,3431,3431,3431,3440,2766,8442,.,.,9294
5307,5306,3444,3432,3432,3432,3440,3019,8442,.,.,0
5307,5306,3445,3433,3433,3433,3440,5479,8442,.,.,9294
5307,5306,3446,3434,3434,3434,3440,7189,8442,.,.,6492
5307,5306,3447,3435,3435,3435,3440,7449,8442,.,.,0
5307,5306,3448,3436,3436,3436,3440,8085,8442,.,.,0
5307,5306,3449,3437,3437,3437,3440,8444,8442,.,.,0
5307,5306,3450,3438,3438,3438,3440,9228,8442,.,.,6583
5307,5306,3451,3439,3439,3439,3440,9427,8442,.,.,4130
5307,5306,3485,3453,3453,3453,3484,642,8442,.,.,0
5307,5306,3486,3454,3454,3454,3484,1034,8442,.,.,2471
5307,5306,3487,3455,3455,3455,3484,1411,8442,.,.,3720
5307,5306,3488,3456,3456,3456,3484,1524,8442,.,.,4130
5307,5306,3489,3457,3457,3457,3484,2490,8442,.,.,3720
5307,5306,3490,3458,3458,3458,3484,2559,8442,.,.,5910
5307,5306,3491,3459,3459,3459,3484,2713,8442,.,.,9294
5307,5306,3492,3460,3460,3460,3484,3019,8442,.,.,0
5307,5306,3493,3461,3461,3461,3484,3045,8442,.,.,0
5307,5306,3494,3462,3462,3462,3484,3231,8442,.,.,3720
5307,5306,3495,3463,3463,3463,3484,4486,8442,.,.,6492
5307,5306,3496,3464,3464,3464,3484,4534,8442,.,.,3720
5307,5306,3497,3465,3465,3465,3484,5309,8442,.,.,9294
5307,5306,3498,3466,3466,3466,3484,5336,8442,.,.,4130
5307,5306,3499,3467,3467,3467,3484,5479,8442,.,.,0
5307,5306,3500,3468,3468,3468,3484,5649,8442,.,.,0
5307,5306,3501,3469,3469,3469,3484,6582,8442,.,.,4130
5307,5306,3502,3470,3470,3470,3484,6623,8442,.,.,9294
5307,5306,3503,3471,3471,3471,3484,7094,8442,.,.,0
5307,5306,3504,3472,3472,3472,3484,7333,8442,.,.,4130
5307,5306,3505,3473,3473,3473,3484,7449,8442,.,.,0
5307,5306,3506,3474,3474,3474,3484,7688,8442,.,.,0
5307,5306,3508,3476,3476,3476,3484,7751,8442,.,.,6492
5307,5306,3507,3475,3475,3475,3484,7730,8442,.,.,5229
5307,5306,3509,3477,3477,3477,3484,8085,8442,.,.,0
5307,5306,3510,3478,3478,3478,3484,8444,8442,.,.,0
5307,5306,3511,3479,3479,3479,3484,9001,8442,.,.,9294
5307,5306,3512,3480,3480,3480,3484,9074,8442,.,.,0
5307,5306,3513,3481,3481,3481,3484,9287,8442,.,.,9294
5307,5306,3514,3482,3482,3482,3484,9296,8442,.,.,0
5307,5306,3515,3483,3483,3483,3484,9352,8442,.,.,0
5307,5306,3594,3523,3523,3523,3593,32,8442,.,.,9294
5307,5306,3595,3524,3524,3524,3593,81,8442,.,.,0
5307,5306,3596,3525,3525,3525,3593,189,8442,.,.,3741
5307,5306,3597,3526,3526,3526,3593,272,8442,.,.,5910
5307,5306,3598,3527,3527,3527,3593,692,8442,.,.,2471
5307,5306,3599,3528,3528,3528,3593,749,8442,.,.,8527
5307,5306,3600,3529,3529,3529,3593,999,8442,.,.,6583
5307,5306,3601,3530,3530,3530,3593,1198,8442,.,.,8527
5307,5306,3602,3531,3531,3531,3593,1320,8442,.,.,0
5307,5306,3603,3532,3532,3532,3593,1411,8442,.,.,6349
5307,5306,3604,3533,3533,3533,3593,2321,8442,.,.,6492
5307,5306,3605,3534,3534,3534,3593,2420,8442,.,.,6349
5307,5306,3606,3535,3535,3535,3593,2475,8442,.,.,0
5307,5306,3607,3536,3536,3536,3593,2490,8442,.,.,0
5307,5306,3608,3537,3537,3537,3593,2514,8442,.,.,0
5307,5306,3609,3538,3538,3538,3593,2559,8442,.,.,6583
5307,5306,3610,3539,3539,3539,3593,2652,8442,.,.,6349
5307,5306,3611,3540,3540,3540,3593,2713,8442,.,.,4699
5307,5306,3612,3541,3541,3541,3593,2766,8442,.,.,0
5307,5306,3613,3542,3542,3542,3593,2919,8442,.,.,0
5307,5306,3614,3543,3543,3543,3593,2955,8442,.,.,0
5307,5306,3615,3544,3544,3544,3593,3019,8442,.,.,0
5307,5306,3616,3545,3545,3545,3593,3045,8442,.,.,0
5307,5306,3617,3546,3546,3546,3593,3071,8442,.,.,0
5307,5306,3618,3547,3547,3547,3593,3073,8442,.,.,9294
5307,5306,3619,3548,3548,3548,3593,3140,8442,.,.,5910
5307,5306,3620,3549,3549,3549,3593,3257,8442,.,.,6583
5307,5306,3621,3550,3550,3550,3593,3389,8442,.,.,0
5307,5306,3622,3551,3551,3551,3593,3519,8442,.,.,6492
5307,5306,3623,3552,3552,3552,3593,3794,8442,.,.,9294
5307,5306,3624,3553,3553,3553,3593,3912,8442,.,.,9294
5307,5306,3626,3555,3555,3555,3593,4362,8442,.,.,4970
5307,5306,3625,3554,3554,3554,3593,4260,8442,.,.,5910
5307,5306,3627,3556,3556,3556,3593,4621,8442,.,.,8527
5307,5306,3628,3557,3557,3557,3593,4795,8442,.,.,4130
5307,5306,3629,3558,3558,3558,3593,4797,8442,.,.,0
5307,5306,3630,3559,3559,3559,3593,5233,8442,.,.,0
5307,5306,3631,3560,3560,3560,3593,5336,8442,.,.,0
5307,5306,3632,3561,3561,3561,3593,5479,8442,.,.,0
5307,5306,3633,3562,3562,3562,3593,5529,8442,.,.,9294
5307,5306,3634,3563,3563,3563,3593,5649,8442,.,.,8527
5307,5306,3635,3564,3564,3564,3593,5736,8442,.,.,6583
5307,5306,3636,3565,3565,3565,3593,5854,8442,.,.,0
5307,5306,3637,3566,3566,3566,3593,5994,8442,.,.,6349
5307,5306,3638,3567,3567,3567,3593,6212,8442,.,.,6583
5307,5306,3639,3568,3568,3568,3593,6348,8442,.,.,0
5307,5306,3640,3569,3569,3569,3593,6548,8442,.,.,0
5307,5306,3641,3570,3570,3570,3593,6550,8442,.,.,9294
5307,5306,3642,3571,3571,3571,3593,6576,8442,.,.,4130
5307,5306,3643,3572,3572,3572,3593,6585,8442,.,.,6583
5307,5306,3644,3573,3573,3573,3593,6705,8442,.,.,8527
5307,5306,3645,3574,3574,3574,3593,7333,8442,.,.,9294
5307,5306,3646,3575,3575,3575,3593,7449,8442,.,.,0
5307,5306,3647,3576,3576,3576,3593,7576,8442,.,.,4699
5307,5306,3648,3577,3577,3577,3593,7688,8442,.,.,0
5307,5306,3649,3578,3578,3578,3593,7751,8442,.,.,0
5307,5306,3650,3579,3579,3579,3593,7810,8442,.,.,0
5307,5306,3651,3580,3580,3580,3593,8085,8442,.,.,0
5307,5306,3652,3581,3581,3581,3593,8284,8442,.,.,5910
5307,5306,3653,3582,3582,3582,3593,8375,8442,.,.,8527
5307,5306,3654,3583,3583,3583,3593,8444,8442,.,.,0
5307,5306,3655,3584,3584,3584,3593,8627,8442,.,.,6349
5307,5306,3656,3585,3585,3585,3593,8718,8442,.,.,5910
5307,5306,3657,3586,3586,3586,3593,8823,8442,.,.,5910
5307,5306,3658,3587,3587,3587,3593,8877,8442,.,.,0
5307,5306,3659,3588,3588,3588,3593,8999,8442,.,.,0
5307,5306,3660,3589,3589,3589,3593,9001,8442,.,.,6583
5307,5306,3661,3590,3590,3590,3593,9228,8442,.,.,3720
5307,5306,3662,3591,3591,3591,3593,9296,8442,.,.,0
5307,5306,3663,3592,3592,3592,3593,9427,8442,.,.,0
5307,5306,3694,3667,3667,3667,3693,32,8442,.,.,5229
5307,5306,3695,3668,3668,3668,3693,521,8442,.,.,4970
5307,5306,3696,3669,3669,3669,3693,1034,8442,.,.,4970
5307,5306,3697,3670,3670,3670,3693,1630,8442,.,.,5229
5307,5306,3698,3671,3671,3671,3693,2473,8442,.,.,0
5307,5306,3699,3672,3672,3672,3693,2490,8442,.,.,4699
5307,5306,3700,3673,3673,3673,3693,2514,8442,.,.,4970
5307,5306,3701,3674,3674,3674,3693,3019,8442,.,.,0
5307,5306,3702,3675,3675,3675,3693,3071,8442,.,.,5229
5307,5306,3703,3676,3676,3676,3693,3231,8442,.,.,4699
5307,5306,3704,3677,3677,3677,3693,4045,8442,.,.,4970
5307,5306,3705,3678,3678,3678,3693,4621,8442,.,.,9294
5307,5306,3706,3679,3679,3679,3693,5422,8442,.,.,9294
5307,5306,3707,3680,3680,3680,3693,5479,8442,.,.,0
5307,5306,3708,3681,3681,3681,3693,5647,8442,.,.,4699
5307,5306,3709,3682,3682,3682,3693,6152,8442,.,.,4699
5307,5306,3710,3683,3683,3683,3693,6576,8442,.,.,5229
5307,5306,3711,3684,3684,3684,3693,7449,8442,.,.,0
5307,5306,3712,3685,3685,3685,3693,7688,8442,.,.,4699
5307,5306,3713,3686,3686,3686,3693,7982,8442,.,.,0
5307,5306,3714,3687,3687,3687,3693,8085,8442,.,.,4970
5307,5306,3715,3688,3688,3688,3693,8444,8442,.,.,0
5307,5306,3716,3689,3689,3689,3693,8446,8442,.,.,0
5307,5306,3717,3690,3690,3690,3693,8469,8442,.,.,4970
5307,5306,3718,3691,3691,3691,3693,9291,8442,.,.,4970
5307,5306,3719,3692,3692,3692,3693,9293,8442,.,.,4970
5307,5306,3732,3722,3722,3722,3731,2715,8442,.,.,9294
5307,5306,3733,3723,3723,3723,3731,2957,8442,.,.,0
5307,5306,3734,3724,3724,3724,3731,3521,8442,.,.,8527
5307,5306,3735,3725,3725,3725,3731,5477,8442,.,.,5229
5307,5306,3736,3726,3726,3726,3731,6346,8442,.,.,0
5307,5306,3737,3727,3727,3727,3731,6439,8442,.,.,6349
5307,5306,3738,3728,3728,3728,3731,6574,8442,.,.,0
5307,5306,3739,3729,3729,3729,3731,8446,8442,.,.,5229
5307,5306,3740,3730,3730,3730,3731,9296,8442,.,.,0
5307,5306,3795,3745,3745,3745,3794,189,8442,.,.,0
5307,5306,3796,3746,3746,3746,3794,345,8442,.,.,9294
5307,5306,3797,3747,3747,3747,3794,692,8442,.,.,2471
5307,5306,3798,3748,3748,3748,3794,999,8442,.,.,0
5307,5306,3800,3750,3750,3750,3794,1116,8442,.,.,4699
5307,5306,3799,3749,3749,3749,3794,1034,8442,.,.,0
5307,5306,3801,3751,3751,3751,3794,1198,8442,.,.,5229
5307,5306,3802,3752,3752,3752,3794,1578,8442,.,.,9294
5307,5306,3803,3753,3753,3753,3794,2321,8442,.,.,8527
5307,5306,3804,3754,3754,3754,3794,2420,8442,.,.,5229
5307,5306,3805,3755,3755,3755,3794,2477,8442,.,.,5229
5307,5306,3806,3756,3756,3756,3794,2514,8442,.,.,2471
5307,5306,3807,3757,3757,3757,3794,2559,8442,.,.,6492
5307,5306,3808,3758,3758,3758,3794,2849,8442,.,.,0
5307,5306,3809,3759,3759,3759,3794,2919,8442,.,.,4970
5307,5306,3810,3760,3760,3760,3794,2995,8442,.,.,6492
5307,5306,3811,3761,3761,3761,3794,3019,8442,.,.,0
5307,5306,3812,3762,3762,3762,3794,3045,8442,.,.,9294
5307,5306,3813,3763,3763,3763,3794,3231,8442,.,.,9294
5307,5306,3814,3764,3764,3764,3794,3440,8442,.,.,4970
5307,5306,3815,3765,3765,3765,3794,3517,8442,.,.,4130
5307,5306,3816,3766,3766,3766,3794,3593,8442,.,.,6583
5307,5306,3817,3767,3767,3767,3794,3743,8442,.,.,6492
5307,5306,3818,3768,3768,3768,3794,4311,8442,.,.,2471
5307,5306,3819,3769,3769,3769,3794,4424,8442,.,.,4130
5307,5306,3820,3770,3770,3770,3794,4486,8442,.,.,5229
5307,5306,3821,3771,3771,3771,3794,4795,8442,.,.,4130
5307,5306,3822,3772,3772,3772,3794,5336,8442,.,.,4699
5307,5306,3823,3773,3773,3773,3794,5479,8442,.,.,0
5307,5306,3824,3774,3774,3774,3794,5529,8442,.,.,3741
5307,5306,3825,3775,3775,3775,3794,5649,8442,.,.,6492
5307,5306,3826,3776,3776,3776,3794,5994,8442,.,.,5229
5307,5306,3827,3777,3777,3777,3794,6053,8442,.,.,2471
5307,5306,3828,3778,3778,3778,3794,6348,8442,.,.,0
5307,5306,3829,3779,3779,3779,3794,6520,8442,.,.,4970
5307,5306,3830,3780,3780,3780,3794,6550,8442,.,.,9294
5307,5306,3831,3781,3781,3781,3794,6957,8442,.,.,4970
5307,5306,3832,3782,3782,3782,3794,7189,8442,.,.,3741
5307,5306,3833,3783,3783,3783,3794,7449,8442,.,.,0
5307,5306,3834,3784,3784,3784,3794,8085,8442,.,.,0
5307,5306,3835,3785,3785,3785,3794,8284,8442,.,.,4970
5307,5306,3836,3786,3786,3786,3794,8444,8442,.,.,0
5307,5306,3837,3787,3787,3787,3794,8718,8442,.,.,2471
5307,5306,3838,3788,3788,3788,3794,8823,8442,.,.,4970
5307,5306,3839,3789,3789,3789,3794,8877,8442,.,.,9294
5307,5306,3840,3790,3790,3790,3794,9074,8442,.,.,0
5307,5306,3841,3791,3791,3791,3794,9291,8442,.,.,6492
5307,5306,3842,3792,3792,3792,3794,9352,8442,.,.,0
5307,5306,3843,3793,3793,3793,3794,9427,8442,.,.,6349
5307,5306,3913,3845,3845,3845,3912,32,8442,.,.,0
5307,5306,3914,3846,3846,3846,3912,189,8442,.,.,5229
5307,5306,3915,3847,3847,3847,3912,521,8442,.,.,0
5307,5306,3916,3848,3848,3848,3912,642,8442,.,.,9294
5307,5306,3917,3849,3849,3849,3912,749,8442,.,.,2471
5307,5306,3918,3850,3850,3850,3912,831,8442,.,.,0
5307,5306,3919,3851,3851,3851,3912,911,8442,.,.,6492
5307,5306,3920,3852,3852,3852,3912,999,8442,.,.,0
5307,5306,3921,3853,3853,3853,3912,1034,8442,.,.,0
5307,5306,3922,3854,3854,3854,3912,1244,8442,.,.,4699
5307,5306,3923,3855,3855,3855,3912,1320,8442,.,.,3741
5307,5306,3924,3856,3856,3856,3912,1578,8442,.,.,5229
5307,5306,3925,3857,3857,3857,3912,1630,8442,.,.,0
5307,5306,3926,3858,3858,3858,3912,2220,8442,.,.,6492
5307,5306,3927,3859,3859,3859,3912,2321,8442,.,.,4699
5307,5306,3928,3860,3860,3860,3912,2473,8442,.,.,0
5307,5306,3929,3861,3861,3861,3912,2477,8442,.,.,0
5307,5306,3930,3862,3862,3862,3912,2490,8442,.,.,0
5307,5306,3931,3863,3863,3863,3912,2652,8442,.,.,5229
5307,5306,3932,3864,3864,3864,3912,2713,8442,.,.,5229
5307,5306,3933,3865,3865,3865,3912,2883,8442,.,.,9294
5307,5306,3934,3866,3866,3866,3912,2919,8442,.,.,4130
5307,5306,3935,3867,3867,3867,3912,3019,8442,.,.,0
5307,5306,3936,3868,3868,3868,3912,3231,8442,.,.,0
5307,5306,3937,3869,3869,3869,3912,3257,8442,.,.,6492
5307,5306,3938,3870,3870,3870,3912,3440,8442,.,.,6492
5307,5306,3939,3871,3871,3871,3912,3519,8442,.,.,4970
5307,5306,3940,3872,3872,3872,3912,3665,8442,.,.,5229
5307,5306,3941,3873,3873,3873,3912,3693,8442,.,.,0
5307,5306,3942,3874,3874,3874,3912,3743,8442,.,.,9294
5307,5306,3943,3875,3875,3875,3912,3794,8442,.,.,2471
5307,5306,3944,3876,3876,3876,3912,4045,8442,.,.,9294
5307,5306,3945,3877,3877,3877,3912,4195,8442,.,.,4699
5307,5306,3946,3878,3878,3878,3912,4260,8442,.,.,5229
5307,5306,3947,3879,3879,3879,3912,4534,8442,.,.,4130
5307,5306,3948,3880,3880,3880,3912,4795,8442,.,.,3741
5307,5306,3949,3881,3881,3881,3912,4799,8442,.,.,4130
5307,5306,3950,3882,3882,3882,3912,4912,8442,.,.,2471
5307,5306,3951,3883,3883,3883,3912,5057,8442,.,.,0
5307,5306,3952,3884,3884,3884,3912,5233,8442,.,.,5229
5307,5306,3953,3885,3885,3885,3912,5336,8442,.,.,2471
5307,5306,3954,3886,3886,3886,3912,5367,8442,.,.,5229
5307,5306,3955,3887,3887,3887,3912,5479,8442,.,.,0
5307,5306,3956,3888,3888,3888,3912,5529,8442,.,.,0
5307,5306,3957,3889,3889,3889,3912,5579,8442,.,.,4970
5307,5306,3958,3890,3890,3890,3912,6152,8442,.,.,5910
5307,5306,3959,3891,3891,3891,3912,6520,8442,.,.,9294
5307,5306,3960,3892,3892,3892,3912,6548,8442,.,.,4970
5307,5306,3961,3893,3893,3893,3912,6576,8442,.,.,5229
5307,5306,3962,3894,3894,3894,3912,6580,8442,.,.,3720
5307,5306,3963,3895,3895,3895,3912,6623,8442,.,.,6583
5307,5306,3964,3896,3896,3896,3912,6860,8442,.,.,0
5307,5306,3965,3897,3897,3897,3912,7094,8442,.,.,9294
5307,5306,3966,3898,3898,3898,3912,7333,8442,.,.,0
5307,5306,3967,3899,3899,3899,3912,7449,8442,.,.,0
5307,5306,3968,3900,3900,3900,3912,7576,8442,.,.,9294
5307,5306,3970,3902,3902,3902,3912,7751,8442,.,.,4699
5307,5306,3969,3901,3901,3901,3912,7730,8442,.,.,6492
5307,5306,3971,3903,3903,3903,3912,7982,8442,.,.,0
5307,5306,3972,3904,3904,3904,3912,8085,8442,.,.,0
5307,5306,3973,3905,3905,3905,3912,8284,8442,.,.,6492
5307,5306,3974,3906,3906,3906,3912,8444,8442,.,.,0
5307,5306,3975,3907,3907,3907,3912,8446,8442,.,.,0
5307,5306,3976,3908,3908,3908,3912,8509,8442,.,.,0
5307,5306,3977,3909,3909,3909,3912,9074,8442,.,.,6349
5307,5306,3978,3910,3910,3910,3912,9228,8442,.,.,9294
5307,5306,3979,3911,3911,3911,3912,9293,8442,.,.,0
5307,5306,4046,3981,3981,3981,4045,345,8442,.,.,0
5307,5306,4047,3982,3982,3982,4045,521,8442,.,.,6583
5307,5306,4048,3983,3983,3983,4045,692,8442,.,.,6583
5307,5306,4049,3984,3984,3984,4045,831,8442,.,.,3741
5307,5306,4050,3985,3985,3985,4045,911,8442,.,.,6583
5307,5306,4051,3986,3986,3986,4045,1034,8442,.,.,3720
5307,5306,4052,3987,3987,3987,4045,1411,8442,.,.,6492
5307,5306,4053,3988,3988,3988,4045,1630,8442,.,.,6583
5307,5306,4054,3989,3989,3989,4045,2420,8442,.,.,0
5307,5306,4055,3990,3990,3990,4045,2473,8442,.,.,0
5307,5306,4056,3991,3991,3991,4045,2477,8442,.,.,2471
5307,5306,4057,3992,3992,3992,4045,2559,8442,.,.,3741
5307,5306,4058,3993,3993,3993,4045,2713,8442,.,.,0
5307,5306,4059,3994,3994,3994,4045,2766,8442,.,.,0
5307,5306,4060,3995,3995,3995,4045,2883,8442,.,.,4699
5307,5306,4061,3996,3996,3996,4045,2919,8442,.,.,4130
5307,5306,4062,3997,3997,3997,4045,2995,8442,.,.,6492
5307,5306,4063,3998,3998,3998,4045,3019,8442,.,.,0
5307,5306,4064,3999,3999,3999,4045,3073,8442,.,.,5229
5307,5306,4065,4000,4000,4000,4045,3140,8442,.,.,0
5307,5306,4066,4001,4001,4001,4045,3257,8442,.,.,9294
5307,5306,4067,4002,4002,4002,4045,3296,8442,.,.,2471
5307,5306,4068,4003,4003,4003,4045,3389,8442,.,.,5229
5307,5306,4069,4004,4004,4004,4045,3484,8442,.,.,3720
5307,5306,4070,4005,4005,4005,4045,3517,8442,.,.,6583
5307,5306,4071,4006,4006,4006,4045,3593,8442,.,.,5229
5307,5306,4072,4007,4007,4007,4045,3693,8442,.,.,4699
5307,5306,4073,4008,4008,4008,4045,3794,8442,.,.,6583
5307,5306,4074,4009,4009,4009,4045,4260,8442,.,.,5229
5307,5306,4075,4010,4010,4010,4045,4621,8442,.,.,2471
5307,5306,4076,4011,4011,4011,4045,4791,8442,.,.,3741
5307,5306,4077,4012,4012,4012,4045,4795,8442,.,.,3741
5307,5306,4078,4013,4013,4013,4045,4912,8442,.,.,2471
5307,5306,4079,4014,4014,4014,4045,5309,8442,.,.,0
5307,5306,4080,4015,4015,4015,4045,5365,8442,.,.,8527
5307,5306,4081,4016,4016,4016,4045,5479,8442,.,.,0
5307,5306,4082,4017,4017,4017,4045,5529,8442,.,.,6492
5307,5306,4085,4020,4020,4020,4045,5647,8442,.,.,6583
5307,5306,4083,4018,4018,4018,4045,5579,8442,.,.,2471
5307,5306,4084,4019,4019,4019,4045,5613,8442,.,.,0
5307,5306,4086,4021,4021,4021,4045,6053,8442,.,.,0
5307,5306,4087,4022,4022,4022,4045,6548,8442,.,.,0
5307,5306,4088,4023,4023,4023,4045,6576,8442,.,.,5229
5307,5306,4089,4024,4024,4024,4045,6578,8442,.,.,5229
5307,5306,4090,4025,4025,4025,4045,6580,8442,.,.,0
5307,5306,4091,4026,4026,4026,4045,6582,8442,.,.,0
5307,5306,4092,4027,4027,4027,4045,6623,8442,.,.,0
5307,5306,4093,4028,4028,4028,4045,6705,8442,.,.,6583
5307,5306,4094,4029,4029,4029,4045,6860,8442,.,.,4699
5307,5306,4095,4030,4030,4030,4045,7189,8442,.,.,4699
5307,5306,4096,4031,4031,4031,4045,7295,8442,.,.,5229
5307,5306,4097,4032,4032,4032,4045,7449,8442,.,.,0
5307,5306,4098,4033,4033,4033,4045,7576,8442,.,.,8527
5307,5306,4099,4034,4034,4034,4045,7730,8442,.,.,6583
5307,5306,4100,4035,4035,4035,4045,7982,8442,.,.,3741
5307,5306,4101,4036,4036,4036,4045,8085,8442,.,.,0
5307,5306,4102,4037,4037,4037,4045,8185,8442,.,.,2471
5307,5306,4103,4038,4038,4038,4045,8284,8442,.,.,9294
5307,5306,4104,4039,4039,4039,4045,8444,8442,.,.,0
5307,5306,4105,4040,4040,4040,4045,8446,8442,.,.,0
5307,5306,4106,4041,4041,4041,4045,8999,8442,.,.,6492
5307,5306,4107,4042,4042,4042,4045,9228,8442,.,.,4699
5307,5306,4108,4043,4043,4043,4045,9287,8442,.,.,5229
5307,5306,4109,4044,4044,4044,4045,9427,8442,.,.,6583
5307,5306,4121,4111,4111,4111,4120,2473,8442,.,.,0
5307,5306,4122,4112,4112,4112,4120,2957,8442,.,.,0
5307,5306,4123,4113,4113,4113,4120,3521,8442,.,.,0
5307,5306,4124,4114,4114,4114,4120,5477,8442,.,.,0
5307,5306,4125,4115,4115,4115,4120,6346,8442,.,.,0
5307,5306,4126,4116,4116,4116,4120,6439,8442,.,.,0
5307,5306,4127,4117,4117,4117,4120,6574,8442,.,.,0
5307,5306,4128,4118,4118,4118,4120,7665,8442,.,.,0
5307,5306,4129,4119,4119,4119,4120,8446,8442,.,.,0
5307,5306,4196,4132,4132,4132,4195,345,8442,.,.,4130
5307,5306,4197,4133,4133,4133,4195,521,8442,.,.,0
5307,5306,4198,4134,4134,4134,4195,1580,8442,.,.,9294
5307,5306,4199,4135,4135,4135,4195,2473,8442,.,.,0
5307,5306,4200,4136,4136,4136,4195,2514,8442,.,.,0
5307,5306,4201,4137,4137,4137,4195,2652,8442,.,.,6492
5307,5306,4202,4138,4138,4138,4195,2713,8442,.,.,6492
5307,5306,4203,4139,4139,4139,4195,2766,8442,.,.,6583
5307,5306,4204,4140,4140,4140,4195,2919,8442,.,.,6583
5307,5306,4205,4141,4141,4141,4195,2955,8442,.,.,8527
5307,5306,4206,4142,4142,4142,4195,2995,8442,.,.,8527
5307,5306,4207,4143,4143,4143,4195,3019,8442,.,.,0
5307,5306,4208,4144,4144,4144,4195,3045,8442,.,.,8527
5307,5306,4209,4145,4145,4145,4195,3071,8442,.,.,0
5307,5306,4210,4146,4146,4146,4195,3389,8442,.,.,5229
5307,5306,4211,4147,4147,4147,4195,3440,8442,.,.,0
5307,5306,4212,4148,4148,4148,4195,3517,8442,.,.,6583
5307,5306,4213,4149,4149,4149,4195,3519,8442,.,.,0
5307,5306,4214,4150,4150,4150,4195,3665,8442,.,.,0
5307,5306,4215,4151,4151,4151,4195,3693,8442,.,.,0
5307,5306,4216,4152,4152,4152,4195,3743,8442,.,.,3741
5307,5306,4217,4153,4153,4153,4195,3794,8442,.,.,6583
5307,5306,4218,4154,4154,4154,4195,4745,8442,.,.,0
5307,5306,4219,4155,4155,4155,4195,4795,8442,.,.,9294
5307,5306,4220,4156,4156,4156,4195,4799,8442,.,.,8527
5307,5306,4221,4157,4157,4157,4195,4827,8442,.,.,2471
5307,5306,4222,4158,4158,4158,4195,5057,8442,.,.,4130
5307,5306,4223,4159,4159,4159,4195,5231,8442,.,.,5229
5307,5306,4224,4160,4160,4160,4195,5233,8442,.,.,0
5307,5306,4225,4161,4161,4161,4195,5365,8442,.,.,4130
5307,5306,4226,4162,4162,4162,4195,5479,8442,.,.,0
5307,5306,4227,4163,4163,4163,4195,5579,8442,.,.,3720
5307,5306,4228,4164,4164,4164,4195,5613,8442,.,.,6349
5307,5306,4229,4165,4165,4165,4195,5649,8442,.,.,4699
5307,5306,4230,4166,4166,4166,4195,5736,8442,.,.,6583
5307,5306,4231,4167,4167,4167,4195,5944,8442,.,.,6583
5307,5306,4232,4168,4168,4168,4195,6212,8442,.,.,6583
5307,5306,4233,4169,4169,4169,4195,6520,8442,.,.,3720
5307,5306,4234,4170,4170,4170,4195,6548,8442,.,.,3720
5307,5306,4235,4171,4171,4171,4195,6550,8442,.,.,3720
5307,5306,4236,4172,4172,4172,4195,6578,8442,.,.,5229
5307,5306,4237,4173,4173,4173,4195,6585,8442,.,.,0
5307,5306,4238,4174,4174,4174,4195,6623,8442,.,.,8527
5307,5306,4239,4175,4175,4175,4195,6860,8442,.,.,5229
5307,5306,4240,4176,4176,4176,4195,7189,8442,.,.,8527
5307,5306,4241,4177,4177,4177,4195,7391,8442,.,.,4699
5307,5306,4242,4178,4178,4178,4195,7449,8442,.,.,0
5307,5306,4243,4179,4179,4179,4195,7751,8442,.,.,0
5307,5306,4244,4180,4180,4180,4195,7810,8442,.,.,3720
5307,5306,4245,4181,4181,4181,4195,8085,8442,.,.,0
5307,5306,4246,4182,4182,4182,4195,8185,8442,.,.,8527
5307,5306,4247,4183,4183,4183,4195,8284,8442,.,.,9294
5307,5306,4248,4184,4184,4184,4195,8375,8442,.,.,4970
5307,5306,4249,4185,4185,4185,4195,8444,8442,.,.,0
5307,5306,4250,4186,4186,4186,4195,8446,8442,.,.,0
5307,5306,4251,4187,4187,4187,4195,8469,8442,.,.,2471
5307,5306,4252,4188,4188,4188,4195,8509,8442,.,.,5229
5307,5306,4253,4189,4189,4189,4195,8718,8442,.,.,0
5307,5306,4254,4190,4190,4190,4195,8999,8442,.,.,3720
5307,5306,4255,4191,4191,4191,4195,9001,8442,.,.,4130
5307,5306,4256,4192,4192,4192,4195,9074,8442,.,.,3741
5307,5306,4257,4193,4193,4193,4195,9228,8442,.,.,0
5307,5306,4258,4194,4194,4194,4195,9289,8442,.,.,6492
5307,5306,4312,4262,4262,4262,4311,692,8442,.,.,4130
5307,5306,4313,4263,4263,4263,4311,831,8442,.,.,8527
5307,5306,4314,4264,4264,4264,4311,911,8442,.,.,4130
5307,5306,4315,4265,4265,4265,4311,1244,8442,.,.,8527
5307,5306,4316,4266,4266,4266,4311,1411,8442,.,.,0
5307,5306,4317,4267,4267,4267,4311,1578,8442,.,.,4970
5307,5306,4318,4268,4268,4268,4311,2220,8442,.,.,6349
5307,5306,4319,4269,4269,4269,4311,2473,8442,.,.,0
5307,5306,4320,4270,4270,4270,4311,2559,8442,.,.,0
5307,5306,4321,4271,4271,4271,4311,2849,8442,.,.,4130
5307,5306,4322,4272,4272,4272,4311,2919,8442,.,.,4130
5307,5306,4323,4273,4273,4273,4311,3019,8442,.,.,0
5307,5306,4324,4274,4274,4274,4311,3045,8442,.,.,0
5307,5306,4325,4275,4275,4275,4311,3071,8442,.,.,3741
5307,5306,4326,4276,4276,4276,4311,3073,8442,.,.,4699
5307,5306,4327,4277,4277,4277,4311,3231,8442,.,.,9294
5307,5306,4328,4278,4278,4278,4311,3296,8442,.,.,0
5307,5306,4329,4279,4279,4279,4311,3389,8442,.,.,6583
5307,5306,4330,4280,4280,4280,4311,3517,8442,.,.,4130
5307,5306,4331,4281,4281,4281,4311,3665,8442,.,.,5229
5307,5306,4332,4282,4282,4282,4311,3693,8442,.,.,4130
5307,5306,4333,4283,4283,4283,4311,3794,8442,.,.,9294
5307,5306,4334,4284,4284,4284,4311,3912,8442,.,.,0
5307,5306,4335,4285,4285,4285,4311,4260,8442,.,.,5229
5307,5306,4336,4286,4286,4286,4311,4621,8442,.,.,4130
5307,5306,4337,4287,4287,4287,4311,4745,8442,.,.,9294
5307,5306,4338,4288,4288,4288,4311,4791,8442,.,.,6349
5307,5306,4339,4289,4289,4289,4311,4795,8442,.,.,3741
5307,5306,4340,4290,4290,4290,4311,4827,8442,.,.,6349
5307,5306,4341,4291,4291,4291,4311,5057,8442,.,.,0
5307,5306,4342,4292,4292,4292,4311,5422,8442,.,.,4130
5307,5306,4343,4293,4293,4293,4311,5479,8442,.,.,0
5307,5306,4345,4295,4295,4295,4311,5647,8442,.,.,3741
5307,5306,4344,4294,4294,4294,4311,5613,8442,.,.,9294
5307,5306,4346,4296,4296,4296,4311,5944,8442,.,.,8527
5307,5306,4347,4297,4297,4297,4311,6212,8442,.,.,6349
5307,5306,4348,4298,4298,4298,4311,6520,8442,.,.,8527
5307,5306,4349,4299,4299,4299,4311,6623,8442,.,.,9294
5307,5306,4350,4300,4300,4300,4311,6957,8442,.,.,5229
5307,5306,4351,4301,4301,4301,4311,7295,8442,.,.,6583
5307,5306,4352,4302,4302,4302,4311,7333,8442,.,.,6583
5307,5306,4353,4303,4303,4303,4311,7449,8442,.,.,0
5307,5306,4354,4304,4304,4304,4311,7810,8442,.,.,5229
5307,5306,4355,4305,4305,4305,4311,8085,8442,.,.,0
5307,5306,4356,4306,4306,4306,4311,8444,8442,.,.,0
5307,5306,4357,4307,4307,4307,4311,8446,8442,.,.,0
5307,5306,4358,4308,4308,4308,4311,8627,8442,.,.,0
5307,5306,4359,4309,4309,4309,4311,8999,8442,.,.,6349
5307,5306,4360,4310,4310,4310,4311,9228,8442,.,.,6583
5307,5306,4425,4364,4364,4364,4424,81,8442,.,.,4970
5307,5306,4426,4365,4365,4365,4424,189,8442,.,.,6349
5307,5306,4427,4366,4366,4366,4424,692,8442,.,.,0
5307,5306,4428,4367,4367,4367,4424,831,8442,.,.,6583
5307,5306,4429,4368,4368,4368,4424,911,8442,.,.,5910
5307,5306,4430,4369,4369,4369,4424,999,8442,.,.,6349
5307,5306,4431,4370,4370,4370,4424,1116,8442,.,.,3720
5307,5306,4432,4371,4371,4371,4424,1198,8442,.,.,4130
5307,5306,4433,4372,4372,4372,4424,1320,8442,.,.,3741
5307,5306,4434,4373,4373,4373,4424,1524,8442,.,.,6349
5307,5306,4435,4374,4374,4374,4424,1578,8442,.,.,4130
5307,5306,4436,4375,4375,4375,4424,1580,8442,.,.,0
5307,5306,4437,4376,4376,4376,4424,1630,8442,.,.,5229
5307,5306,4438,4377,4377,4377,4424,2420,8442,.,.,6349
5307,5306,4439,4378,4378,4378,4424,2473,8442,.,.,0
5307,5306,4440,4379,4379,4379,4424,2477,8442,.,.,3720
5307,5306,4441,4380,4380,4380,4424,2490,8442,.,.,6349
5307,5306,4442,4381,4381,4381,4424,2514,8442,.,.,3720
5307,5306,4443,4382,4382,4382,4424,2652,8442,.,.,4970
5307,5306,4444,4383,4383,4383,4424,2713,8442,.,.,3720
5307,5306,4445,4384,4384,4384,4424,2849,8442,.,.,0
5307,5306,4446,4385,4385,4385,4424,2883,8442,.,.,3720
5307,5306,4447,4386,4386,4386,4424,2919,8442,.,.,4699
5307,5306,4448,4387,4387,4387,4424,2995,8442,.,.,6349
5307,5306,4449,4388,4388,4388,4424,3019,8442,.,.,0
5307,5306,4450,4389,4389,4389,4424,3296,8442,.,.,3741
5307,5306,4451,4390,4390,4390,4424,3349,8442,.,.,3720
5307,5306,4452,4391,4391,4391,4424,3389,8442,.,.,4970
5307,5306,4453,4392,4392,4392,4424,3593,8442,.,.,4130
5307,5306,4455,4394,4394,4394,4424,4362,8442,.,.,3741
5307,5306,4454,4393,4393,4393,4424,4260,8442,.,.,0
5307,5306,4456,4395,4395,4395,4424,4486,8442,.,.,3741
5307,5306,4457,4396,4396,4396,4424,4534,8442,.,.,4970
5307,5306,4458,4397,4397,4397,4424,4795,8442,.,.,4970
5307,5306,4459,4398,4398,4398,4424,4797,8442,.,.,3720
5307,5306,4460,4399,4399,4399,4424,4912,8442,.,.,4130
5307,5306,4461,4400,4400,4400,4424,5177,8442,.,.,0
5307,5306,4462,4401,4401,4401,4424,5365,8442,.,.,3720
5307,5306,4463,4402,4402,4402,4424,5367,8442,.,.,4699
5307,5306,4464,4403,4403,4403,4424,5479,8442,.,.,0
5307,5306,4465,4404,4404,4404,4424,5613,8442,.,.,3741
5307,5306,4466,4405,4405,4405,4424,5854,8442,.,.,4130
5307,5306,4467,4406,4406,4406,4424,5944,8442,.,.,0
5307,5306,4468,4407,4407,4407,4424,6520,8442,.,.,5910
5307,5306,4469,4408,4408,4408,4424,6548,8442,.,.,9294
5307,5306,4470,4409,4409,4409,4424,6550,8442,.,.,9294
5307,5306,4471,4410,4410,4410,4424,6576,8442,.,.,0
5307,5306,4472,4411,4411,4411,4424,6578,8442,.,.,3720
5307,5306,4473,4412,4412,4412,4424,6957,8442,.,.,4130
5307,5306,4474,4413,4413,4413,4424,7391,8442,.,.,3720
5307,5306,4475,4414,4414,4414,4424,7449,8442,.,.,0
5307,5306,4476,4415,4415,4415,4424,7688,8442,.,.,6349
5307,5306,4477,4416,4416,4416,4424,7810,8442,.,.,9294
5307,5306,4478,4417,4417,4417,4424,8085,8442,.,.,0
5307,5306,4479,4418,4418,4418,4424,8444,8442,.,.,0
5307,5306,4480,4419,4419,4419,4424,8446,8442,.,.,0
5307,5306,4481,4420,4420,4420,4424,8938,8442,.,.,3741
5307,5306,4482,4421,4421,4421,4424,9001,8442,.,.,4970
5307,5306,4483,4422,4422,4422,4424,9228,8442,.,.,5910
5307,5306,4484,4423,4423,4423,4424,9289,8442,.,.,4130
5307,5306,4498,4488,4488,4488,4497,2715,8442,.,.,0
5307,5306,4499,4489,4489,4489,4497,2957,8442,.,.,0
5307,5306,4500,4490,4490,4490,4497,3521,8442,.,.,0
5307,5306,4501,4491,4491,4491,4497,5477,8442,.,.,0
5307,5306,4502,4492,4492,4492,4497,6346,8442,.,.,0
5307,5306,4503,4493,4493,4493,4497,6574,8442,.,.,0
5307,5306,4504,4494,4494,4494,4497,7665,8442,.,.,0
5307,5306,4505,4495,4495,4495,4497,8446,8442,.,.,6492
5307,5306,4506,4496,4496,4496,4497,9296,8442,.,.,4970
5307,5306,4535,4508,4508,4508,4534,272,8442,.,.,3741
5307,5306,4536,4509,4509,4509,4534,749,8442,.,.,3741
5307,5306,4537,4510,4510,4510,4534,999,8442,.,.,3741
5307,5306,4538,4511,4511,4511,4534,1244,8442,.,.,8527
5307,5306,4539,4512,4512,4512,4534,2473,8442,.,.,0
5307,5306,4540,4513,4513,4513,4534,2477,8442,.,.,3741
5307,5306,4541,4514,4514,4514,4534,2559,8442,.,.,6583
5307,5306,4542,4515,4515,4515,4534,3019,8442,.,.,0
5307,5306,4543,4516,4516,4516,4534,3257,8442,.,.,3741
5307,5306,4544,4517,4517,4517,4534,3440,8442,.,.,3741
5307,5306,4545,4518,4518,4518,4534,3593,8442,.,.,5910
5307,5306,4546,4519,4519,4519,4534,4195,8442,.,.,3741
5307,5306,4547,4520,4520,4520,4534,4362,8442,.,.,3741
5307,5306,4548,4521,4521,4521,4534,4486,8442,.,.,3741
5307,5306,4549,4522,4522,4522,4534,5479,8442,.,.,0
5307,5306,4550,4523,4523,4523,4534,5944,8442,.,.,3741
5307,5306,4551,4524,4524,4524,4534,6152,8442,.,.,3741
5307,5306,4552,4525,4525,4525,4534,6550,8442,.,.,3741
5307,5306,4553,4526,4526,4526,4534,6580,8442,.,.,8527
5307,5306,4554,4527,4527,4527,4534,6623,8442,.,.,5910
5307,5306,4555,4528,4528,4528,4534,7449,8442,.,.,0
5307,5306,4556,4529,4529,4529,4534,8085,8442,.,.,0
5307,5306,4557,4530,4530,4530,4534,8284,8442,.,.,4699
5307,5306,4558,4531,4531,4531,4534,8444,8442,.,.,0
5307,5306,4559,4532,4532,4532,4534,8446,8442,.,.,0
5307,5306,4560,4533,4533,4533,4534,8823,8442,.,.,3741
5307,5306,4622,4562,4562,4562,4621,81,8442,.,.,4699
5307,5306,4623,4563,4563,4563,4621,345,8442,.,.,0
5307,5306,4624,4564,4564,4564,4621,521,8442,.,.,4699
5307,5306,4625,4565,4565,4565,4621,1116,8442,.,.,8527
5307,5306,4626,4566,4566,4566,4621,1198,8442,.,.,3720
5307,5306,4627,4567,4567,4567,4621,2321,8442,.,.,5229
5307,5306,4628,4568,4568,4568,4621,2473,8442,.,.,0
5307,5306,4629,4569,4569,4569,4621,2490,8442,.,.,5229
5307,5306,4630,4570,4570,4570,4621,2514,8442,.,.,6492
5307,5306,4631,4571,4571,4571,4621,2559,8442,.,.,8527
5307,5306,4632,4572,4572,4572,4621,2652,8442,.,.,0
5307,5306,4633,4573,4573,4573,4621,2713,8442,.,.,6349
5307,5306,4634,4574,4574,4574,4621,2883,8442,.,.,0
5307,5306,4635,4575,4575,4575,4621,3019,8442,.,.,0
5307,5306,4636,4576,4576,4576,4621,3045,8442,.,.,0
5307,5306,4637,4577,4577,4577,4621,3140,8442,.,.,4699
5307,5306,4638,4578,4578,4578,4621,3257,8442,.,.,6583
5307,5306,4639,4579,4579,4579,4621,3440,8442,.,.,4699
5307,5306,4640,4580,4580,4580,4621,3517,8442,.,.,4699
5307,5306,4641,4581,4581,4581,4621,3593,8442,.,.,4699
5307,5306,4642,4582,4582,4582,4621,3693,8442,.,.,0
5307,5306,4643,4583,4583,4583,4621,3743,8442,.,.,8527
5307,5306,4644,4584,4584,4584,4621,3794,8442,.,.,0
5307,5306,4645,4585,4585,4585,4621,4195,8442,.,.,4699
5307,5306,4646,4586,4586,4586,4621,4260,8442,.,.,4130
5307,5306,4647,4587,4587,4587,4621,4424,8442,.,.,3720
5307,5306,4648,4588,4588,4588,4621,4534,8442,.,.,0
5307,5306,4649,4589,4589,4589,4621,4791,8442,.,.,6583
5307,5306,4650,4590,4590,4590,4621,4795,8442,.,.,4699
5307,5306,4651,4591,4591,4591,4621,4797,8442,.,.,6583
5307,5306,4652,4592,4592,4592,4621,4799,8442,.,.,5229
5307,5306,4653,4593,4593,4593,4621,4912,8442,.,.,5229
5307,5306,4654,4594,4594,4594,4621,5231,8442,.,.,9294
5307,5306,4655,4595,4595,4595,4621,5336,8442,.,.,0
5307,5306,4656,4596,4596,4596,4621,5479,8442,.,.,0
5307,5306,4657,4597,4597,4597,4621,5579,8442,.,.,3720
5307,5306,4658,4598,4598,4598,4621,5649,8442,.,.,5229
5307,5306,4659,4599,4599,4599,4621,5736,8442,.,.,3741
5307,5306,4660,4600,4600,4600,4621,5854,8442,.,.,5910
5307,5306,4661,4601,4601,4601,4621,5994,8442,.,.,5229
5307,5306,4662,4602,4602,4602,4621,6348,8442,.,.,4699
5307,5306,4663,4603,4603,4603,4621,6550,8442,.,.,4699
5307,5306,4664,4604,4604,4604,4621,6580,8442,.,.,5910
5307,5306,4665,4605,4605,4605,4621,6705,8442,.,.,8527
5307,5306,4666,4606,4606,4606,4621,6957,8442,.,.,5229
5307,5306,4667,4607,4607,4607,4621,7391,8442,.,.,3720
5307,5306,4668,4608,4608,4608,4621,7449,8442,.,.,0
5307,5306,4669,4609,4609,4609,4621,7688,8442,.,.,8527
5307,5306,4670,4610,4610,4610,4621,7730,8442,.,.,8527
5307,5306,4671,4611,4611,4611,4621,7810,8442,.,.,3741
5307,5306,4672,4612,4612,4612,4621,8085,8442,.,.,0
5307,5306,4673,4613,4613,4613,4621,8284,8442,.,.,4699
5307,5306,4674,4614,4614,4614,4621,8375,8442,.,.,4130
5307,5306,4675,4615,4615,4615,4621,8444,8442,.,.,0
5307,5306,4676,4616,4616,4616,4621,8446,8442,.,.,0
5307,5306,4677,4617,4617,4617,4621,8877,8442,.,.,4699
5307,5306,4678,4618,4618,4618,4621,8999,8442,.,.,5910
5307,5306,4679,4619,4619,4619,4621,9291,8442,.,.,3720
5307,5306,4680,4620,4620,4620,4621,9427,8442,.,.,6492
5307,5306,4691,4682,4682,4682,4690,2473,8442,.,.,0
5307,5306,4692,4683,4683,4683,4690,2957,8442,.,.,0
5307,5306,4693,4684,4684,4684,4690,3521,8442,.,.,0
5307,5306,4694,4685,4685,4685,4690,5477,8442,.,.,6349
5307,5306,4695,4686,4686,4686,4690,6346,8442,.,.,9294
5307,5306,4696,4687,4687,4687,4690,6439,8442,.,.,9294
5307,5306,4697,4688,4688,4688,4690,7665,8442,.,.,9294
5307,5306,4698,4689,4689,4689,4690,8446,8442,.,.,0
5307,5306,4746,4701,4701,4701,4745,81,8442,.,.,4699
5307,5306,4747,4702,4702,4702,4745,1320,8442,.,.,6349
5307,5306,4748,4703,4703,4703,4745,2321,8442,.,.,0
5307,5306,4749,4704,4704,4704,4745,2473,8442,.,.,0
5307,5306,4750,4705,4705,4705,4745,2477,8442,.,.,0
5307,5306,4751,4706,4706,4706,4745,2849,8442,.,.,6492
5307,5306,4752,4707,4707,4707,4745,2955,8442,.,.,6492
5307,5306,4753,4708,4708,4708,4745,3019,8442,.,.,0
5307,5306,4754,4709,4709,4709,4745,3073,8442,.,.,2471
5307,5306,4755,4710,4710,4710,4745,3257,8442,.,.,6349
5307,5306,4756,4711,4711,4711,4745,3440,8442,.,.,5910
5307,5306,4757,4712,4712,4712,4745,3517,8442,.,.,8527
5307,5306,4758,4713,4713,4713,4745,4195,8442,.,.,0
5307,5306,4760,4715,4715,4715,4745,4362,8442,.,.,8527
5307,5306,4759,4714,4714,4714,4745,4311,8442,.,.,6492
5307,5306,4761,4716,4716,4716,4745,4424,8442,.,.,6492
5307,5306,4762,4717,4717,4717,4745,4486,8442,.,.,4699
5307,5306,4763,4718,4718,4718,4745,4797,8442,.,.,5910
5307,5306,4764,4719,4719,4719,4745,4799,8442,.,.,0
5307,5306,4765,4720,4720,4720,4745,5057,8442,.,.,6349
5307,5306,4766,4721,4721,4721,4745,5233,8442,.,.,0
5307,5306,4767,4722,4722,4722,4745,5365,8442,.,.,8527
5307,5306,4768,4723,4723,4723,4745,5422,8442,.,.,6583
5307,5306,4769,4724,4724,4724,4745,5479,8442,.,.,0
5307,5306,4770,4725,4725,4725,4745,5529,8442,.,.,2471
5307,5306,4771,4726,4726,4726,4745,5579,8442,.,.,8527
5307,5306,4772,4727,4727,4727,4745,5613,8442,.,.,0
5307,5306,4773,4728,4728,4728,4745,5649,8442,.,.,0
5307,5306,4774,4729,4729,4729,4745,5854,8442,.,.,0
5307,5306,4775,4730,4730,4730,4745,6053,8442,.,.,8527
5307,5306,4776,4731,4731,4731,4745,6152,8442,.,.,6583
5307,5306,4777,4732,4732,4732,4745,6348,8442,.,.,0
5307,5306,4778,4733,4733,4733,4745,6582,8442,.,.,2471
5307,5306,4779,4734,4734,4734,4745,7391,8442,.,.,3720
5307,5306,4780,4735,4735,4735,4745,7449,8442,.,.,0
5307,5306,4781,4736,4736,4736,4745,7730,8442,.,.,2471
5307,5306,4782,4737,4737,4737,4745,7810,8442,.,.,6583
5307,5306,4783,4738,4738,4738,4745,8085,8442,.,.,0
5307,5306,4784,4739,4739,4739,4745,8185,8442,.,.,5910
5307,5306,4785,4740,4740,4740,4745,8284,8442,.,.,2471
5307,5306,4786,4741,4741,4741,4745,8444,8442,.,.,0
5307,5306,4787,4742,4742,4742,4745,8823,8442,.,.,0
5307,5306,4788,4743,4743,4743,4745,9293,8442,.,.,6583
5307,5306,4789,4744,4744,4744,4745,9427,8442,.,.,0
5307,5306,4828,4801,4801,4801,4827,642,8442,.,.,4130
5307,5306,4829,4802,4802,4802,4827,1578,8442,.,.,4130
5307,5306,4830,4803,4803,4803,4827,1630,8442,.,.,6492
5307,5306,4831,4804,4804,4804,4827,2514,8442,.,.,4130
5307,5306,4832,4805,4805,4805,4827,2995,8442,.,.,4130
5307,5306,4833,4806,4806,4806,4827,3019,8442,.,.,0
5307,5306,4834,4807,4807,4807,4827,3231,8442,.,.,8527
5307,5306,4835,4808,4808,4808,4827,3349,8442,.,.,4130
5307,5306,4836,4809,4809,4809,4827,3440,8442,.,.,8527
5307,5306,4837,4810,4810,4810,4827,3519,8442,.,.,4130
5307,5306,4838,4811,4811,4811,4827,3593,8442,.,.,8527
5307,5306,4839,4812,4812,4812,4827,4795,8442,.,.,4130
5307,5306,4840,4813,4813,4813,4827,5231,8442,.,.,4130
5307,5306,4841,4814,4814,4814,4827,5479,8442,.,.,0
5307,5306,4842,4815,4815,4815,4827,5613,8442,.,.,4130
5307,5306,4843,4816,4816,4816,4827,5736,8442,.,.,4130
5307,5306,4844,4817,4817,4817,4827,6548,8442,.,.,8527
5307,5306,4845,4818,4818,4818,4827,6860,8442,.,.,4130
5307,5306,4846,4819,4819,4819,4827,7295,8442,.,.,6492
5307,5306,4847,4820,4820,4820,4827,7449,8442,.,.,0
5307,5306,4848,4821,4821,4821,4827,8085,8442,.,.,0
5307,5306,4849,4822,4822,4822,4827,8185,8442,.,.,4130
5307,5306,4850,4823,4823,4823,4827,8444,8442,.,.,0
5307,5306,4851,4824,4824,4824,4827,8999,8442,.,.,4130
5307,5306,4852,4825,4825,4825,4827,9289,8442,.,.,4130
5307,5306,4853,4826,4826,4826,4827,9296,8442,.,.,0
5307,5306,4913,4855,4855,4855,4912,32,8442,.,.,0
5307,5306,4914,4856,4856,4856,4912,272,8442,.,.,2471
5307,5306,4915,4857,4857,4857,4912,642,8442,.,.,0
5307,5306,4916,4858,4858,4858,4912,831,8442,.,.,4970
5307,5306,4917,4859,4859,4859,4912,999,8442,.,.,6583
5307,5306,4918,4860,4860,4860,4912,1244,8442,.,.,9294
5307,5306,4919,4861,4861,4861,4912,1411,8442,.,.,4970
5307,5306,4920,4862,4862,4862,4912,2420,8442,.,.,0
5307,5306,4921,4863,4863,4863,4912,2473,8442,.,.,0
5307,5306,4922,4864,4864,4864,4912,2490,8442,.,.,4130
5307,5306,4923,4865,4865,4865,4912,2514,8442,.,.,4970
5307,5306,4924,4866,4866,4866,4912,2559,8442,.,.,4970
5307,5306,4925,4867,4867,4867,4912,2652,8442,.,.,5910
5307,5306,4926,4868,4868,4868,4912,2713,8442,.,.,6492
5307,5306,4927,4869,4869,4869,4912,2849,8442,.,.,0
5307,5306,4928,4870,4870,4870,4912,3019,8442,.,.,0
5307,5306,4929,4871,4871,4871,4912,3045,8442,.,.,0
5307,5306,4930,4872,4872,4872,4912,3389,8442,.,.,4970
5307,5306,4931,4873,4873,4873,4912,3440,8442,.,.,3720
5307,5306,4932,4874,4874,4874,4912,3484,8442,.,.,3720
5307,5306,4933,4875,4875,4875,4912,3665,8442,.,.,3720
5307,5306,4934,4876,4876,4876,4912,3693,8442,.,.,6492
5307,5306,4935,4877,4877,4877,4912,3794,8442,.,.,3720
5307,5306,4938,4880,4880,4880,4912,4362,8442,.,.,4970
5307,5306,4936,4878,4878,4878,4912,4260,8442,.,.,4970
5307,5306,4937,4879,4879,4879,4912,4311,8442,.,.,6583
5307,5306,4939,4881,4881,4881,4912,4534,8442,.,.,3720
5307,5306,4940,4882,4882,4882,4912,4791,8442,.,.,0
5307,5306,4941,4883,4883,4883,4912,4795,8442,.,.,3720
5307,5306,4942,4884,4884,4884,4912,4797,8442,.,.,0
5307,5306,4943,4885,4885,4885,4912,4799,8442,.,.,3720
5307,5306,4944,4886,4886,4886,4912,5231,8442,.,.,4970
5307,5306,4945,4887,4887,4887,4912,5336,8442,.,.,0
5307,5306,4946,4888,4888,4888,4912,5479,8442,.,.,0
5307,5306,4947,4889,4889,4889,4912,5647,8442,.,.,3720
5307,5306,4948,4890,4890,4890,4912,5649,8442,.,.,2471
5307,5306,4949,4891,4891,4891,4912,5736,8442,.,.,8527
5307,5306,4950,4892,4892,4892,4912,6550,8442,.,.,6583
5307,5306,4951,4893,4893,4893,4912,6578,8442,.,.,0
5307,5306,4952,4894,4894,4894,4912,6580,8442,.,.,4130
5307,5306,4953,4895,4895,4895,4912,6705,8442,.,.,9294
5307,5306,4954,4896,4896,4896,4912,7333,8442,.,.,4970
5307,5306,4955,4897,4897,4897,4912,7449,8442,.,.,0
5307,5306,4956,4898,4898,4898,4912,7688,8442,.,.,5229
5307,5306,4957,4899,4899,4899,4912,7751,8442,.,.,6492
5307,5306,4958,4900,4900,4900,4912,8085,8442,.,.,0
5307,5306,4959,4901,4901,4901,4912,8444,8442,.,.,0
5307,5306,4960,4902,4902,4902,4912,8446,8442,.,.,0
5307,5306,4961,4903,4903,4903,4912,8718,8442,.,.,0
5307,5306,4962,4904,4904,4904,4912,8877,8442,.,.,6583
5307,5306,4963,4905,4905,4905,4912,9001,8442,.,.,4970
5307,5306,4964,4906,4906,4906,4912,9074,8442,.,.,4130
5307,5306,4965,4907,4907,4907,4912,9228,8442,.,.,4699
5307,5306,4966,4908,4908,4908,4912,9287,8442,.,.,6583
5307,5306,4967,4909,4909,4909,4912,9289,8442,.,.,4970
5307,5306,4968,4910,4910,4910,4912,9293,8442,.,.,4130
5307,5306,4969,4911,4911,4911,4912,9352,8442,.,.,0
5307,5306,4982,4972,4972,4972,4981,2473,8442,.,.,0
5307,5306,4983,4973,4973,4973,4981,2715,8442,.,.,6583
5307,5306,4984,4974,4974,4974,4981,3521,8442,.,.,0
5307,5306,4985,4975,4975,4975,4981,5477,8442,.,.,9294
5307,5306,4986,4976,4976,4976,4981,6346,8442,.,.,0
5307,5306,4987,4977,4977,4977,4981,6439,8442,.,.,0
5307,5306,4988,4978,4978,4978,4981,6574,8442,.,.,4130
5307,5306,4989,4979,4979,4979,4981,8446,8442,.,.,0
5307,5306,4990,4980,4980,4980,4981,9296,8442,.,.,0
5307,5306,4998,4992,4992,4992,4997,2473,8442,.,.,0
5307,5306,4999,4993,4993,4993,4997,2957,8442,.,.,8527
5307,5306,5000,4994,4994,4994,4997,6346,8442,.,.,6583
5307,5306,5001,4995,4995,4995,4997,6439,8442,.,.,3720
5307,5306,5002,4996,4996,4996,4997,7665,8442,.,.,0
5307,5306,5058,5004,5004,5004,5057,81,8442,.,.,6349
5307,5306,5059,5005,5005,5005,5057,521,8442,.,.,6349
5307,5306,5060,5006,5006,5006,5057,692,8442,.,.,9294
5307,5306,5061,5007,5007,5007,5057,1320,8442,.,.,8527
5307,5306,5062,5008,5008,5008,5057,1411,8442,.,.,3720
5307,5306,5063,5009,5009,5009,5057,1578,8442,.,.,8527
5307,5306,5064,5010,5010,5010,5057,2420,8442,.,.,3720
5307,5306,5065,5011,5011,5011,5057,2477,8442,.,.,9294
5307,5306,5066,5012,5012,5012,5057,2559,8442,.,.,5229
5307,5306,5067,5013,5013,5013,5057,2652,8442,.,.,6349
5307,5306,5068,5014,5014,5014,5057,2713,8442,.,.,0
5307,5306,5069,5015,5015,5015,5057,2766,8442,.,.,6492
5307,5306,5070,5016,5016,5016,5057,2883,8442,.,.,8527
5307,5306,5071,5017,5017,5017,5057,2955,8442,.,.,6349
5307,5306,5072,5018,5018,5018,5057,2995,8442,.,.,5910
5307,5306,5073,5019,5019,5019,5057,3019,8442,.,.,0
5307,5306,5074,5020,5020,5020,5057,3073,8442,.,.,6349
5307,5306,5075,5021,5021,5021,5057,3296,8442,.,.,0
5307,5306,5076,5022,5022,5022,5057,3349,8442,.,.,8527
5307,5306,5077,5023,5023,5023,5057,3389,8442,.,.,2471
5307,5306,5078,5024,5024,5024,5057,3440,8442,.,.,9294
5307,5306,5079,5025,5025,5025,5057,3665,8442,.,.,2471
5307,5306,5080,5026,5026,5026,5057,3693,8442,.,.,5229
5307,5306,5081,5027,5027,5027,5057,4195,8442,.,.,2471
5307,5306,5082,5028,5028,5028,5057,4534,8442,.,.,9294
5307,5306,5083,5029,5029,5029,5057,4795,8442,.,.,8527
5307,5306,5084,5030,5030,5030,5057,4797,8442,.,.,9294
5307,5306,5085,5031,5031,5031,5057,4912,8442,.,.,9294
5307,5306,5086,5032,5032,5032,5057,5309,8442,.,.,8527
5307,5306,5087,5033,5033,5033,5057,5367,8442,.,.,8527
5307,5306,5088,5034,5034,5034,5057,5479,8442,.,.,0
5307,5306,5089,5035,5035,5035,5057,5944,8442,.,.,5910
5307,5306,5090,5036,5036,5036,5057,5994,8442,.,.,6349
5307,5306,5091,5037,5037,5037,5057,6053,8442,.,.,6492
5307,5306,5092,5038,5038,5038,5057,6548,8442,.,.,8527
5307,5306,5093,5039,5039,5039,5057,6550,8442,.,.,8527
5307,5306,5094,5040,5040,5040,5057,6578,8442,.,.,6492
5307,5306,5095,5041,5041,5041,5057,6580,8442,.,.,6492
5307,5306,5096,5042,5042,5042,5057,6582,8442,.,.,5910
5307,5306,5097,5043,5043,5043,5057,6957,8442,.,.,9294
5307,5306,5098,5044,5044,5044,5057,7449,8442,.,.,0
5307,5306,5099,5045,5045,5045,5057,8085,8442,.,.,0
5307,5306,5100,5046,5046,5046,5057,8185,8442,.,.,3720
5307,5306,5101,5047,5047,5047,5057,8444,8442,.,.,0
5307,5306,5102,5048,5048,5048,5057,8718,8442,.,.,5910
5307,5306,5103,5049,5049,5049,5057,8823,8442,.,.,0
5307,5306,5104,5050,5050,5050,5057,8877,8442,.,.,2471
5307,5306,5105,5051,5051,5051,5057,9228,8442,.,.,8527
5307,5306,5106,5052,5052,5052,5057,9287,8442,.,.,0
5307,5306,5107,5053,5053,5053,5057,9289,8442,.,.,0
5307,5306,5108,5054,5054,5054,5057,9296,8442,.,.,0
5307,5306,5109,5055,5055,5055,5057,9352,8442,.,.,0
5307,5306,5110,5056,5056,5056,5057,9427,8442,.,.,6583
5307,5306,5119,5112,5112,5112,5118,2715,8442,.,.,0
5307,5306,5120,5113,5113,5113,5118,5477,8442,.,.,8527
5307,5306,5121,5114,5114,5114,5118,6346,8442,.,.,0
5307,5306,5122,5115,5115,5115,5118,6439,8442,.,.,2471
5307,5306,5123,5116,5116,5116,5118,6574,8442,.,.,0
5307,5306,5124,5117,5117,5117,5118,7665,8442,.,.,8527
5307,5306,5178,5126,5126,5126,5177,521,8442,.,.,0
5307,5306,5179,5127,5127,5127,5177,692,8442,.,.,4130
5307,5306,5180,5128,5128,5128,5177,1244,8442,.,.,0
5307,5306,5181,5129,5129,5129,5177,1411,8442,.,.,5910
5307,5306,5182,5130,5130,5130,5177,1580,8442,.,.,5910
5307,5306,5183,5131,5131,5131,5177,1630,8442,.,.,6349
5307,5306,5184,5132,5132,5132,5177,2420,8442,.,.,3741
5307,5306,5185,5133,5133,5133,5177,2473,8442,.,.,0
5307,5306,5186,5134,5134,5134,5177,2514,8442,.,.,0
5307,5306,5187,5135,5135,5135,5177,2559,8442,.,.,6349
5307,5306,5188,5136,5136,5136,5177,2766,8442,.,.,5229
5307,5306,5189,5137,5137,5137,5177,2849,8442,.,.,0
5307,5306,5190,5138,5138,5138,5177,2919,8442,.,.,2471
5307,5306,5191,5139,5139,5139,5177,2955,8442,.,.,5229
5307,5306,5192,5140,5140,5140,5177,3019,8442,.,.,0
5307,5306,5193,5141,5141,5141,5177,3071,8442,.,.,5229
5307,5306,5194,5142,5142,5142,5177,3349,8442,.,.,6349
5307,5306,5195,5143,5143,5143,5177,3389,8442,.,.,5910
5307,5306,5196,5144,5144,5144,5177,3517,8442,.,.,0
5307,5306,5197,5145,5145,5145,5177,3743,8442,.,.,6492
5307,5306,5198,5146,5146,5146,5177,4195,8442,.,.,0
5307,5306,5199,5147,5147,5147,5177,4260,8442,.,.,4130
5307,5306,5200,5148,5148,5148,5177,4486,8442,.,.,5910
5307,5306,5201,5149,5149,5149,5177,4534,8442,.,.,6583
5307,5306,5202,5150,5150,5150,5177,4791,8442,.,.,6583
5307,5306,5203,5151,5151,5151,5177,5365,8442,.,.,0
5307,5306,5204,5152,5152,5152,5177,5367,8442,.,.,0
5307,5306,5205,5153,5153,5153,5177,5479,8442,.,.,0
5307,5306,5206,5154,5154,5154,5177,5529,8442,.,.,6583
5307,5306,5207,5155,5155,5155,5177,5613,8442,.,.,6349
5307,5306,5208,5156,5156,5156,5177,6053,8442,.,.,5229
5307,5306,5209,5157,5157,5157,5177,6152,8442,.,.,5910
5307,5306,5210,5158,5158,5158,5177,6348,8442,.,.,0
5307,5306,5211,5159,5159,5159,5177,6520,8442,.,.,5229
5307,5306,5212,5160,5160,5160,5177,6576,8442,.,.,5229
5307,5306,5213,5161,5161,5161,5177,6578,8442,.,.,0
5307,5306,5214,5162,5162,5162,5177,6580,8442,.,.,3741
5307,5306,5215,5163,5163,5163,5177,6582,8442,.,.,2471
5307,5306,5216,5164,5164,5164,5177,7094,8442,.,.,3741
5307,5306,5217,5165,5165,5165,5177,7295,8442,.,.,0
5307,5306,5218,5166,5166,5166,5177,7449,8442,.,.,0
5307,5306,5219,5167,5167,5167,5177,7688,8442,.,.,5910
5307,5306,5220,5168,5168,5168,5177,7982,8442,.,.,2471
5307,5306,5221,5169,5169,5169,5177,8085,8442,.,.,0
5307,5306,5222,5170,5170,5170,5177,8444,8442,.,.,0
5307,5306,5223,5171,5171,5171,5177,8509,8442,.,.,4970
5307,5306,5224,5172,5172,5172,5177,8877,8442,.,.,5229
5307,5306,5225,5173,5173,5173,5177,9228,8442,.,.,9294
5307,5306,5226,5174,5174,5174,5177,9291,8442,.,.,3741
5307,5306,5227,5175,5175,5175,5177,9293,8442,.,.,0
5307,5306,5228,5176,5176,5176,5177,9427,8442,.,.,3741
5307,5306,5247,5235,5235,5235,5246,8,8442,.,.,-1
5307,5306,5248,5236,5236,5236,5246,2514,8442,.,.,-1
5307,5306,5249,5237,5237,5237,5246,2966,8442,.,.,-1
5307,5306,5250,5238,5238,5238,5246,3341,8442,.,.,-1
5307,5306,5251,5239,5239,5239,5246,3731,8442,.,.,-1
5307,5306,5252,5240,5240,5240,5246,4997,8442,.,.,-1
5307,5306,5253,5241,5241,5241,5246,6406,8442,.,.,-1
5307,5306,5254,5242,5242,5242,5246,7458,8442,.,.,-1
5307,5306,5255,5243,5243,5243,5246,7652,8442,.,.,-1
5307,5306,5256,5244,5244,5244,5246,7912,8442,.,.,-1
5307,5306,5257,5245,5245,5245,5246,8564,8442,.,.,-1
5307,5306,5271,5259,5259,5259,5270,8,8442,.,.,-1
5307,5306,5272,5260,5260,5260,5270,260,8442,.,.,-1
5307,5306,5273,5261,5261,5261,5270,3341,8442,.,.,-1
5307,5306,5274,5262,5262,5262,5270,4120,8442,.,.,-1
5307,5306,5275,5263,5263,5263,5270,4690,8442,.,.,-1
5307,5306,5276,5264,5264,5264,5270,4981,8442,.,.,-1
5307,5306,5277,5265,5265,5265,5270,4997,8442,.,.,-1
5307,5306,5278,5266,5266,5266,5270,7056,8442,.,.,-1
5307,5306,5279,5267,5267,5267,5270,7639,8442,.,.,-1
5307,5306,5280,5268,5268,5268,5270,8050,8442,.,.,-1
5307,5306,5281,5269,5269,5269,5270,8072,8442,.,.,-1
5307,5306,5295,5283,5283,5283,5294,425,8442,.,.,-1
5307,5306,5296,5284,5284,5284,5294,441,8442,.,.,-1
5307,5306,5297,5285,5285,5285,5294,2984,8442,.,.,-1
5307,5306,5298,5286,5286,5286,5294,4497,8442,.,.,-1
5307,5306,5299,5287,5287,5287,5294,4690,8442,.,.,-1
5307,5306,5300,5288,5288,5288,5294,5662,8442,.,.,-1
5307,5306,5301,5289,5289,5289,5294,6267,8442,.,.,-1
5307,5306,5302,5290,5290,5290,5294,7056,8442,.,.,-1
5307,5306,5303,5291,5291,5291,5294,7458,8442,.,.,-1
5307,5306,5304,5292,5292,5292,5294,7652,8442,.,.,-1
5307,5306,5305,5293,5293,5293,5294,8050,8442,.,.,-1
5307,5306,5337,5311,5311,5311,5336,81,8442,.,.,8527
5307,5306,5338,5312,5312,5312,5336,999,8442,.,.,0
5307,5306,5339,5313,5313,5313,5336,2473,8442,.,.,0
5307,5306,5340,5314,5314,5314,5336,3019,8442,.,.,0
5307,5306,5341,5315,5315,5315,5336,3045,8442,.,.,4699
5307,5306,5342,5316,5316,5316,5336,3140,8442,.,.,4699
5307,5306,5343,5317,5317,5317,5336,3389,8442,.,.,5229
5307,5306,5344,5318,5318,5318,5336,3743,8442,.,.,6583
5307,5306,5345,5319,5319,5319,5336,4827,8442,.,.,6583
5307,5306,5346,5320,5320,5320,5336,5231,8442,.,.,3720
5307,5306,5347,5321,5321,5321,5336,5479,8442,.,.,0
5307,5306,5348,5322,5322,5322,5336,5529,8442,.,.,5910
5307,5306,5349,5323,5323,5323,5336,5736,8442,.,.,3720
5307,5306,5350,5324,5324,5324,5336,5854,8442,.,.,5910
5307,5306,5351,5325,5325,5325,5336,5944,8442,.,.,6583
5307,5306,5352,5326,5326,5326,5336,5994,8442,.,.,5910
5307,5306,5353,5327,5327,5327,5336,6957,8442,.,.,5910
5307,5306,5354,5328,5328,5328,5336,7449,8442,.,.,0
5307,5306,5355,5329,5329,5329,5336,8085,8442,.,.,0
5307,5306,5356,5330,5330,5330,5336,8375,8442,.,.,3720
5307,5306,5357,5331,5331,5331,5336,8444,8442,.,.,0
5307,5306,5358,5332,5332,5332,5336,8938,8442,.,.,8527
5307,5306,5359,5333,5333,5333,5336,9074,8442,.,.,5229
5307,5306,5360,5334,5334,5334,5336,9289,8442,.,.,3720
5307,5306,5361,5335,5335,5335,5336,9291,8442,.,.,4699
5307,5306,5423,5369,5369,5369,5422,32,8442,.,.,8527
5307,5306,5424,5370,5370,5370,5422,81,8442,.,.,3720
5307,5306,5425,5371,5371,5371,5422,749,8442,.,.,0
5307,5306,5426,5372,5372,5372,5422,831,8442,.,.,6492
5307,5306,5427,5373,5373,5373,5422,999,8442,.,.,0
5307,5306,5428,5374,5374,5374,5422,1116,8442,.,.,5910
5307,5306,5429,5375,5375,5375,5422,1578,8442,.,.,4699
5307,5306,5430,5376,5376,5376,5422,2321,8442,.,.,3720
5307,5306,5431,5377,5377,5377,5422,2473,8442,.,.,0
5307,5306,5432,5378,5378,5378,5422,2514,8442,.,.,5229
5307,5306,5433,5379,5379,5379,5422,2713,8442,.,.,2471
5307,5306,5434,5380,5380,5380,5422,2766,8442,.,.,4699
5307,5306,5435,5381,5381,5381,5422,2995,8442,.,.,0
5307,5306,5436,5382,5382,5382,5422,3019,8442,.,.,0
5307,5306,5437,5383,5383,5383,5422,3073,8442,.,.,0
5307,5306,5438,5384,5384,5384,5422,3296,8442,.,.,3741
5307,5306,5439,5385,5385,5385,5422,3349,8442,.,.,6492
5307,5306,5440,5386,5386,5386,5422,3440,8442,.,.,0
5307,5306,5441,5387,5387,5387,5422,3519,8442,.,.,0
5307,5306,5442,5388,5388,5388,5422,3593,8442,.,.,0
5307,5306,5443,5389,5389,5389,5422,3665,8442,.,.,8527
5307,5306,5444,5390,5390,5390,5422,3693,8442,.,.,6349
5307,5306,5445,5391,5391,5391,5422,3794,8442,.,.,6492
5307,5306,5446,5392,5392,5392,5422,4260,8442,.,.,5910
5307,5306,5447,5393,5393,5393,5422,4311,8442,.,.,5229
5307,5306,5448,5394,5394,5394,5422,4424,8442,.,.,6349
5307,5306,5449,5395,5395,5395,5422,4791,8442,.,.,5229
5307,5306,5450,5396,5396,5396,5422,5057,8442,.,.,9294
5307,5306,5451,5397,5397,5397,5422,5177,8442,.,.,9294
5307,5306,5452,5398,5398,5398,5422,5231,8442,.,.,6583
5307,5306,5453,5399,5399,5399,5422,5309,8442,.,.,2471
5307,5306,5454,5400,5400,5400,5422,5365,8442,.,.,3720
5307,5306,5455,5401,5401,5401,5422,5479,8442,.,.,0
5307,5306,5456,5402,5402,5402,5422,5529,8442,.,.,0
5307,5306,5457,5403,5403,5403,5422,5649,8442,.,.,5910
5307,5306,5458,5404,5404,5404,5422,5854,8442,.,.,9294
5307,5306,5459,5405,5405,5405,5422,5944,8442,.,.,0
5307,5306,5460,5406,5406,5406,5422,6212,8442,.,.,4699
5307,5306,5461,5407,5407,5407,5422,6585,8442,.,.,8527
5307,5306,5462,5408,5408,5408,5422,6623,8442,.,.,0
5307,5306,5463,5409,5409,5409,5422,6705,8442,.,.,8527
5307,5306,5464,5410,5410,5410,5422,6860,8442,.,.,0
5307,5306,5465,5411,5411,5411,5422,7449,8442,.,.,0
5307,5306,5466,5412,5412,5412,5422,7576,8442,.,.,5910
5307,5306,5467,5413,5413,5413,5422,7810,8442,.,.,6583
5307,5306,5468,5414,5414,5414,5422,8085,8442,.,.,0
5307,5306,5469,5415,5415,5415,5422,8185,8442,.,.,5910
5307,5306,5470,5416,5416,5416,5422,8444,8442,.,.,0
5307,5306,5471,5417,5417,5417,5422,8509,8442,.,.,3741
5307,5306,5472,5418,5418,5418,5422,8627,8442,.,.,6492
5307,5306,5473,5419,5419,5419,5422,8938,8442,.,.,2471
5307,5306,5474,5420,5420,5420,5422,8999,8442,.,.,6349
5307,5306,5475,5421,5421,5421,5422,9287,8442,.,.,5910
5307,5306,5530,5481,5481,5481,5529,345,8442,.,.,5910
5307,5306,5531,5482,5482,5482,5529,521,8442,.,.,5910
5307,5306,5532,5483,5483,5483,5529,831,8442,.,.,9294
5307,5306,5533,5484,5484,5484,5529,1034,8442,.,.,5910
5307,5306,5534,5485,5485,5485,5529,1411,8442,.,.,8527
5307,5306,5535,5486,5486,5486,5529,2220,8442,.,.,5229
5307,5306,5536,5487,5487,5487,5529,2477,8442,.,.,9294
5307,5306,5537,5488,5488,5488,5529,2559,8442,.,.,5910
5307,5306,5538,5489,5489,5489,5529,2766,8442,.,.,4970
5307,5306,5539,5490,5490,5490,5529,2849,8442,.,.,8527
5307,5306,5540,5491,5491,5491,5529,3019,8442,.,.,0
5307,5306,5541,5492,5492,5492,5529,3045,8442,.,.,5910
5307,5306,5542,5493,5493,5493,5529,3231,8442,.,.,8527
5307,5306,5543,5494,5494,5494,5529,3440,8442,.,.,3720
5307,5306,5544,5495,5495,5495,5529,3743,8442,.,.,5910
5307,5306,5545,5496,5496,5496,5529,3912,8442,.,.,0
5307,5306,5546,5497,5497,5497,5529,4045,8442,.,.,4130
5307,5306,5547,5498,5498,5498,5529,4424,8442,.,.,0
5307,5306,5548,5499,5499,5499,5529,4745,8442,.,.,6583
5307,5306,5549,5500,5500,5500,5529,4797,8442,.,.,8527
5307,5306,5550,5501,5501,5501,5529,4799,8442,.,.,4130
5307,5306,5551,5502,5502,5502,5529,4827,8442,.,.,3720
5307,5306,5552,5503,5503,5503,5529,4912,8442,.,.,3720
5307,5306,5553,5504,5504,5504,5529,5231,8442,.,.,0
5307,5306,5554,5505,5505,5505,5529,5309,8442,.,.,6583
5307,5306,5555,5506,5506,5506,5529,5336,8442,.,.,6583
5307,5306,5556,5507,5507,5507,5529,5479,8442,.,.,0
5307,5306,5557,5508,5508,5508,5529,5647,8442,.,.,5229
5307,5306,5558,5509,5509,5509,5529,5736,8442,.,.,8527
5307,5306,5559,5510,5510,5510,5529,5854,8442,.,.,5229
5307,5306,5560,5511,5511,5511,5529,5994,8442,.,.,5910
5307,5306,5561,5512,5512,5512,5529,6550,8442,.,.,8527
5307,5306,5562,5513,5513,5513,5529,6578,8442,.,.,9294
5307,5306,5563,5514,5514,5514,5529,7094,8442,.,.,8527
5307,5306,5564,5515,5515,5515,5529,7333,8442,.,.,0
5307,5306,5565,5516,5516,5516,5529,7391,8442,.,.,4970
5307,5306,5566,5517,5517,5517,5529,7449,8442,.,.,0
5307,5306,5567,5518,5518,5518,5529,7688,8442,.,.,4699
5307,5306,5568,5519,5519,5519,5529,7730,8442,.,.,4699
5307,5306,5569,5520,5520,5520,5529,8085,8442,.,.,0
5307,5306,5570,5521,5521,5521,5529,8284,8442,.,.,5229
5307,5306,5571,5522,5522,5522,5529,8444,8442,.,.,0
5307,5306,5572,5523,5523,5523,5529,8509,8442,.,.,4699
5307,5306,5573,5524,5524,5524,5529,8823,8442,.,.,0
5307,5306,5574,5525,5525,5525,5529,9001,8442,.,.,4970
5307,5306,5575,5526,5526,5526,5529,9228,8442,.,.,5229
5307,5306,5576,5527,5527,5527,5529,9289,8442,.,.,6583
5307,5306,5577,5528,5528,5528,5529,9296,8442,.,.,0
5307,5306,5614,5581,5581,5581,5613,272,8442,.,.,4130
5307,5306,5615,5582,5582,5582,5613,521,8442,.,.,4699
5307,5306,5616,5583,5583,5583,5613,1198,8442,.,.,4699
5307,5306,5617,5584,5584,5584,5613,2220,8442,.,.,5229
5307,5306,5618,5585,5585,5585,5613,2473,8442,.,.,0
5307,5306,5619,5586,5586,5586,5613,2477,8442,.,.,4699
5307,5306,5620,5587,5587,5587,5613,2652,8442,.,.,5229
5307,5306,5621,5588,5588,5588,5613,2955,8442,.,.,4130
5307,5306,5622,5589,5589,5589,5613,3019,8442,.,.,0
5307,5306,5623,5590,5590,5590,5613,3073,8442,.,.,4699
5307,5306,5624,5591,5591,5591,5613,3231,8442,.,.,5229
5307,5306,5625,5592,5592,5592,5613,3296,8442,.,.,4130
5307,5306,5626,5593,5593,5593,5613,3519,8442,.,.,5229
5307,5306,5627,5594,5594,5594,5613,3693,8442,.,.,0
5307,5306,5628,5595,5595,5595,5613,4424,8442,.,.,0
5307,5306,5629,5596,5596,5596,5613,4621,8442,.,.,5229
5307,5306,5630,5597,5597,5597,5613,5231,8442,.,.,0
5307,5306,5631,5598,5598,5598,5613,5479,8442,.,.,0
5307,5306,5632,5599,5599,5599,5613,5854,8442,.,.,4699
5307,5306,5633,5600,5600,5600,5613,5944,8442,.,.,4699
5307,5306,5634,5601,5601,5601,5613,5994,8442,.,.,6349
5307,5306,5635,5602,5602,5602,5613,6348,8442,.,.,4699
5307,5306,5636,5603,5603,5603,5613,6550,8442,.,.,4130
5307,5306,5637,5604,5604,5604,5613,6576,8442,.,.,4699
5307,5306,5638,5605,5605,5605,5613,6578,8442,.,.,5229
5307,5306,5639,5606,5606,5606,5613,6860,8442,.,.,6349
5307,5306,5640,5607,5607,5607,5613,6957,8442,.,.,4130
5307,5306,5641,5608,5608,5608,5613,7449,8442,.,.,0
5307,5306,5642,5609,5609,5609,5613,7730,8442,.,.,8527
5307,5306,5643,5610,5610,5610,5613,8085,8442,.,.,0
5307,5306,5644,5611,5611,5611,5613,8444,8442,.,.,0
5307,5306,5645,5612,5612,5612,5613,8446,8442,.,.,0
5307,5306,5663,5651,5651,5651,5662,2473,8442,.,.,0
5307,5306,5664,5652,5652,5652,5662,2715,8442,.,.,5229
5307,5306,5665,5653,5653,5653,5662,2957,8442,.,.,0
5307,5306,5666,5654,5654,5654,5662,3521,8442,.,.,0
5307,5306,5667,5655,5655,5655,5662,5477,8442,.,.,0
5307,5306,5668,5656,5656,5656,5662,6346,8442,.,.,0
5307,5306,5669,5657,5657,5657,5662,6439,8442,.,.,0
5307,5306,5670,5658,5658,5658,5662,6574,8442,.,.,0
5307,5306,5671,5659,5659,5659,5662,7665,8442,.,.,0
5307,5306,5672,5660,5660,5660,5662,8446,8442,.,.,0
5307,5306,5673,5661,5661,5661,5662,9296,8442,.,.,0
5307,5306,5737,5675,5675,5675,5736,81,8442,.,.,6349
5307,5306,5738,5676,5676,5676,5736,272,8442,.,.,8527
5307,5306,5739,5677,5677,5677,5736,642,8442,.,.,4130
5307,5306,5740,5678,5678,5678,5736,692,8442,.,.,6492
5307,5306,5741,5679,5679,5679,5736,831,8442,.,.,0
5307,5306,5742,5680,5680,5680,5736,911,8442,.,.,0
5307,5306,5743,5681,5681,5681,5736,1320,8442,.,.,0
5307,5306,5744,5682,5682,5682,5736,1411,8442,.,.,4699
5307,5306,5745,5683,5683,5683,5736,1524,8442,.,.,8527
5307,5306,5746,5684,5684,5684,5736,1578,8442,.,.,3720
5307,5306,5747,5685,5685,5685,5736,2321,8442,.,.,6492
5307,5306,5748,5686,5686,5686,5736,2475,8442,.,.,6583
5307,5306,5749,5687,5687,5687,5736,2477,8442,.,.,0
5307,5306,5750,5688,5688,5688,5736,2490,8442,.,.,4130
5307,5306,5751,5689,5689,5689,5736,2883,8442,.,.,8527
5307,5306,5752,5690,5690,5690,5736,3019,8442,.,.,0
5307,5306,5753,5691,5691,5691,5736,3073,8442,.,.,6583
5307,5306,5754,5692,5692,5692,5736,3389,8442,.,.,5229
5307,5306,5755,5693,5693,5693,5736,3517,8442,.,.,6349
5307,5306,5756,5694,5694,5694,5736,3519,8442,.,.,4699
5307,5306,5757,5695,5695,5695,5736,3593,8442,.,.,0
5307,5306,5758,5696,5696,5696,5736,3693,8442,.,.,0
5307,5306,5759,5697,5697,5697,5736,3743,8442,.,.,6583
5307,5306,5760,5698,5698,5698,5736,3912,8442,.,.,5229
5307,5306,5762,5700,5700,5700,5736,4362,8442,.,.,0
5307,5306,5761,5699,5699,5699,5736,4311,8442,.,.,0
5307,5306,5763,5701,5701,5701,5736,4424,8442,.,.,6583
5307,5306,5764,5702,5702,5702,5736,4799,8442,.,.,6492
5307,5306,5765,5703,5703,5703,5736,5177,8442,.,.,5910
5307,5306,5766,5704,5704,5704,5736,5365,8442,.,.,0
5307,5306,5767,5705,5705,5705,5736,5367,8442,.,.,4699
5307,5306,5768,5706,5706,5706,5736,5479,8442,.,.,0
5307,5306,5769,5707,5707,5707,5736,5529,8442,.,.,3741
5307,5306,5772,5710,5710,5710,5736,5647,8442,.,.,6583
5307,5306,5770,5708,5708,5708,5736,5579,8442,.,.,4130
5307,5306,5771,5709,5709,5709,5736,5613,8442,.,.,3720
5307,5306,5773,5711,5711,5711,5736,5854,8442,.,.,9294
5307,5306,5774,5712,5712,5712,5736,5994,8442,.,.,4130
5307,5306,5775,5713,5713,5713,5736,6053,8442,.,.,5229
5307,5306,5776,5714,5714,5714,5736,6576,8442,.,.,4699
5307,5306,5777,5715,5715,5715,5736,6578,8442,.,.,5229
5307,5306,5778,5716,5716,5716,5736,6580,8442,.,.,4130
5307,5306,5779,5717,5717,5717,5736,6582,8442,.,.,0
5307,5306,5780,5718,5718,5718,5736,6623,8442,.,.,4699
5307,5306,5781,5719,5719,5719,5736,6860,8442,.,.,9294
5307,5306,5782,5720,5720,5720,5736,7295,8442,.,.,6492
5307,5306,5783,5721,5721,5721,5736,7449,8442,.,.,0
5307,5306,5784,5722,5722,5722,5736,7688,8442,.,.,0
5307,5306,5785,5723,5723,5723,5736,7751,8442,.,.,3720
5307,5306,5786,5724,5724,5724,5736,7810,8442,.,.,0
5307,5306,5787,5725,5725,5725,5736,8085,8442,.,.,0
5307,5306,5788,5726,5726,5726,5736,8185,8442,.,.,0
5307,5306,5789,5727,5727,5727,5736,8444,8442,.,.,0
5307,5306,5790,5728,5728,5728,5736,8469,8442,.,.,3741
5307,5306,5791,5729,5729,5729,5736,8718,8442,.,.,6349
5307,5306,5792,5730,5730,5730,5736,9001,8442,.,.,5229
5307,5306,5793,5731,5731,5731,5736,9074,8442,.,.,8527
5307,5306,5794,5732,5732,5732,5736,9228,8442,.,.,6583
5307,5306,5795,5733,5733,5733,5736,9289,8442,.,.,0
5307,5306,5796,5734,5734,5734,5736,9293,8442,.,.,6583
5307,5306,5797,5735,5735,5735,5736,9427,8442,.,.,0
5307,5306,5855,5799,5799,5799,5854,32,8442,.,.,0
5307,5306,5856,5800,5800,5800,5854,345,8442,.,.,5910
5307,5306,5857,5801,5801,5801,5854,521,8442,.,.,9294
5307,5306,5858,5802,5802,5802,5854,642,8442,.,.,0
5307,5306,5859,5803,5803,5803,5854,692,8442,.,.,3720
5307,5306,5860,5804,5804,5804,5854,1116,8442,.,.,3741
5307,5306,5861,5805,5805,5805,5854,1244,8442,.,.,5910
5307,5306,5862,5806,5806,5806,5854,1524,8442,.,.,8527
5307,5306,5863,5807,5807,5807,5854,1580,8442,.,.,9294
5307,5306,5864,5808,5808,5808,5854,1630,8442,.,.,0
5307,5306,5865,5809,5809,5809,5854,2220,8442,.,.,4699
5307,5306,5866,5810,5810,5810,5854,2477,8442,.,.,6492
5307,5306,5867,5811,5811,5811,5854,2514,8442,.,.,0
5307,5306,5868,5812,5812,5812,5854,2713,8442,.,.,2471
5307,5306,5869,5813,5813,5813,5854,2849,8442,.,.,6583
5307,5306,5870,5814,5814,5814,5854,3019,8442,.,.,0
5307,5306,5871,5815,5815,5815,5854,3045,8442,.,.,3741
5307,5306,5872,5816,5816,5816,5854,3071,8442,.,.,6583
5307,5306,5873,5817,5817,5817,5854,3257,8442,.,.,3741
5307,5306,5874,5818,5818,5818,5854,3349,8442,.,.,6583
5307,5306,5875,5819,5819,5819,5854,3389,8442,.,.,6492
5307,5306,5876,5820,5820,5820,5854,3484,8442,.,.,0
5307,5306,5877,5821,5821,5821,5854,3693,8442,.,.,5910
5307,5306,5878,5822,5822,5822,5854,3743,8442,.,.,0
5307,5306,5879,5823,5823,5823,5854,4424,8442,.,.,6492
5307,5306,5880,5824,5824,5824,5854,4486,8442,.,.,6583
5307,5306,5881,5825,5825,5825,5854,4621,8442,.,.,8527
5307,5306,5882,5826,5826,5826,5854,4745,8442,.,.,3741
5307,5306,5883,5827,5827,5827,5854,4912,8442,.,.,6583
5307,5306,5884,5828,5828,5828,5854,5231,8442,.,.,0
5307,5306,5885,5829,5829,5829,5854,5233,8442,.,.,3741
5307,5306,5886,5830,5830,5830,5854,5336,8442,.,.,6583
5307,5306,5887,5831,5831,5831,5854,5479,8442,.,.,0
5307,5306,5889,5833,5833,5833,5854,5647,8442,.,.,5910
5307,5306,5888,5832,5832,5832,5854,5613,8442,.,.,3720
5307,5306,5890,5834,5834,5834,5854,5736,8442,.,.,2471
5307,5306,5891,5835,5835,5835,5854,6580,8442,.,.,3720
5307,5306,5892,5836,5836,5836,5854,6582,8442,.,.,0
5307,5306,5893,5837,5837,5837,5854,6623,8442,.,.,3741
5307,5306,5894,5838,5838,5838,5854,6705,8442,.,.,6583
5307,5306,5895,5839,5839,5839,5854,7391,8442,.,.,4130
5307,5306,5896,5840,5840,5840,5854,7449,8442,.,.,0
5307,5306,5897,5841,5841,5841,5854,7810,8442,.,.,0
5307,5306,5898,5842,5842,5842,5854,8085,8442,.,.,0
5307,5306,5899,5843,5843,5843,5854,8284,8442,.,.,2471
5307,5306,5900,5844,5844,5844,5854,8444,8442,.,.,0
5307,5306,5901,5845,5845,5845,5854,8469,8442,.,.,9294
5307,5306,5902,5846,5846,5846,5854,8509,8442,.,.,6492
5307,5306,5903,5847,5847,5847,5854,8718,8442,.,.,0
5307,5306,5904,5848,5848,5848,5854,8823,8442,.,.,3741
5307,5306,5905,5849,5849,5849,5854,8877,8442,.,.,2471
5307,5306,5906,5850,5850,5850,5854,8999,8442,.,.,6583
5307,5306,5907,5851,5851,5851,5854,9001,8442,.,.,5910
5307,5306,5908,5852,5852,5852,5854,9289,8442,.,.,3741
5307,5306,5909,5853,5853,5853,5854,9293,8442,.,.,0
5307,5306,5945,5914,5914,5914,5944,189,8442,.,.,6492
5307,5306,5946,5915,5915,5915,5944,692,8442,.,.,9294
5307,5306,5947,5916,5916,5916,5944,1198,8442,.,.,6492
5307,5306,5948,5917,5917,5917,5944,2321,8442,.,.,2471
5307,5306,5949,5918,5918,5918,5944,2766,8442,.,.,4699
5307,5306,5950,5919,5919,5919,5944,2995,8442,.,.,0
5307,5306,5951,5920,5920,5920,5944,3019,8442,.,.,0
5307,5306,5952,5921,5921,5921,5944,3349,8442,.,.,6492
5307,5306,5953,5922,5922,5922,5944,3440,8442,.,.,6492
5307,5306,5954,5923,5923,5923,5944,3743,8442,.,.,2471
5307,5306,5955,5924,5924,5924,5944,4745,8442,.,.,2471
5307,5306,5956,5925,5925,5925,5944,4795,8442,.,.,2471
5307,5306,5957,5926,5926,5926,5944,4799,8442,.,.,2471
5307,5306,5958,5927,5927,5927,5944,4827,8442,.,.,2471
5307,5306,5959,5928,5928,5928,5944,5057,8442,.,.,6492
5307,5306,5960,5929,5929,5929,5944,5177,8442,.,.,4699
5307,5306,5961,5930,5930,5930,5944,5365,8442,.,.,6583
5307,5306,5962,5931,5931,5931,5944,5479,8442,.,.,0
5307,5306,5963,5932,5932,5932,5944,5994,8442,.,.,6583
5307,5306,5964,5933,5933,5933,5944,6212,8442,.,.,6492
5307,5306,5965,5934,5934,5934,5944,6348,8442,.,.,6583
5307,5306,5966,5935,5935,5935,5944,6520,8442,.,.,2471
5307,5306,5967,5936,5936,5936,5944,6623,8442,.,.,6583
5307,5306,5968,5937,5937,5937,5944,6860,8442,.,.,8527
5307,5306,5969,5938,5938,5938,5944,6957,8442,.,.,9294
5307,5306,5970,5939,5939,5939,5944,7449,8442,.,.,0
5307,5306,5971,5940,5940,5940,5944,8085,8442,.,.,0
5307,5306,5972,5941,5941,5941,5944,8444,8442,.,.,0
5307,5306,5973,5942,5942,5942,5944,8718,8442,.,.,4699
5307,5306,5974,5943,5943,5943,5944,9001,8442,.,.,2471
5307,5306,5995,5976,5976,5976,5994,272,8442,.,.,8527
5307,5306,5996,5977,5977,5977,5994,999,8442,.,.,0
5307,5306,5997,5978,5978,5978,5994,2652,8442,.,.,3720
5307,5306,5998,5979,5979,5979,5994,3019,8442,.,.,0
5307,5306,5999,5980,5980,5980,5994,3517,8442,.,.,4970
5307,5306,6000,5981,5981,5981,5994,4424,8442,.,.,3720
5307,5306,6001,5982,5982,5982,5994,5479,8442,.,.,0
5307,5306,6002,5983,5983,5983,5994,6152,8442,.,.,4970
5307,5306,6003,5984,5984,5984,5994,7189,8442,.,.,5229
5307,5306,6004,5985,5985,5985,5994,7449,8442,.,.,0
5307,5306,6005,5986,5986,5986,5994,7730,8442,.,.,3720
5307,5306,6006,5987,5987,5987,5994,8085,8442,.,.,0
5307,5306,6007,5988,5988,5988,5994,8185,8442,.,.,3720
5307,5306,6008,5989,5989,5989,5994,8284,8442,.,.,3720
5307,5306,6009,5990,5990,5990,5994,8444,8442,.,.,0
5307,5306,6010,5991,5991,5991,5994,8877,8442,.,.,3720
5307,5306,6011,5992,5992,5992,5994,9001,8442,.,.,8527
5307,5306,6012,5993,5993,5993,5994,9074,8442,.,.,6492
5307,5306,6054,6014,6014,6014,6053,345,8442,.,.,3741
5307,5306,6055,6015,6015,6015,6053,692,8442,.,.,4699
5307,5306,6057,6017,6017,6017,6053,1116,8442,.,.,8527
5307,5306,6056,6016,6016,6016,6053,1034,8442,.,.,4970
5307,5306,6058,6018,6018,6018,6053,1580,8442,.,.,4970
5307,5306,6059,6019,6019,6019,6053,1630,8442,.,.,4699
5307,5306,6060,6020,6020,6020,6053,2475,8442,.,.,0
5307,5306,6061,6021,6021,6021,6053,2766,8442,.,.,5229
5307,5306,6062,6022,6022,6022,6053,3019,8442,.,.,0
5307,5306,6063,6023,6023,6023,6053,3045,8442,.,.,8527
5307,5306,6064,6024,6024,6024,6053,3071,8442,.,.,5229
5307,5306,6065,6025,6025,6025,6053,3140,8442,.,.,4699
5307,5306,6066,6026,6026,6026,6053,3231,8442,.,.,8527
5307,5306,6067,6027,6027,6027,6053,3519,8442,.,.,5229
5307,5306,6068,6028,6028,6028,6053,3693,8442,.,.,5229
5307,5306,6070,6030,6030,6030,6053,4362,8442,.,.,4970
5307,5306,6069,6029,6029,6029,6053,4311,8442,.,.,0
5307,5306,6071,6031,6031,6031,6053,4745,8442,.,.,5229
5307,5306,6072,6032,6032,6032,6053,4791,8442,.,.,6492
5307,5306,6073,6033,6033,6033,6053,5057,8442,.,.,5229
5307,5306,6074,6034,6034,6034,6053,5177,8442,.,.,5229
5307,5306,6075,6035,6035,6035,6053,5231,8442,.,.,4970
5307,5306,6076,6036,6036,6036,6053,5309,8442,.,.,5229
5307,5306,6077,6037,6037,6037,6053,5479,8442,.,.,0
5307,5306,6078,6038,6038,6038,6053,5529,8442,.,.,3741
5307,5306,6079,6039,6039,6039,6053,5579,8442,.,.,4699
5307,5306,6080,6040,6040,6040,6053,5613,8442,.,.,0
5307,5306,6081,6041,6041,6041,6053,5649,8442,.,.,4130
5307,5306,6082,6042,6042,6042,6053,6578,8442,.,.,4130
5307,5306,6083,6043,6043,6043,6053,6585,8442,.,.,3741
5307,5306,6084,6044,6044,6044,6053,6623,8442,.,.,6492
5307,5306,6085,6045,6045,6045,6053,6860,8442,.,.,3741
5307,5306,6086,6046,6046,6046,6053,7189,8442,.,.,5229
5307,5306,6087,6047,6047,6047,6053,7449,8442,.,.,0
5307,5306,6088,6048,6048,6048,6053,8085,8442,.,.,0
5307,5306,6089,6049,6049,6049,6053,8444,8442,.,.,0
5307,5306,6090,6050,6050,6050,6053,8627,8442,.,.,4699
5307,5306,6091,6051,6051,6051,6053,9296,8442,.,.,0
5307,5306,6092,6052,6052,6052,6053,9427,8442,.,.,6492
5307,5306,6153,6094,6094,6094,6152,189,8442,.,.,0
5307,5306,6154,6095,6095,6095,6152,272,8442,.,.,3741
5307,5306,6155,6096,6096,6096,6152,521,8442,.,.,3741
5307,5306,6156,6097,6097,6097,6152,911,8442,.,.,9294
5307,5306,6157,6098,6098,6098,6152,1034,8442,.,.,9294
5307,5306,6158,6099,6099,6099,6152,1198,8442,.,.,2471
5307,5306,6159,6100,6100,6100,6152,1524,8442,.,.,5910
5307,5306,6160,6101,6101,6101,6152,1580,8442,.,.,6349
5307,5306,6161,6102,6102,6102,6152,2473,8442,.,.,0
5307,5306,6162,6103,6103,6103,6152,2475,8442,.,.,4970
5307,5306,6163,6104,6104,6104,6152,2490,8442,.,.,3741
5307,5306,6164,6105,6105,6105,6152,2713,8442,.,.,3741
5307,5306,6165,6106,6106,6106,6152,2715,8442,.,.,0
5307,5306,6166,6107,6107,6107,6152,2766,8442,.,.,6492
5307,5306,6167,6108,6108,6108,6152,2919,8442,.,.,3741
5307,5306,6168,6109,6109,6109,6152,2957,8442,.,.,0
5307,5306,6169,6110,6110,6110,6152,3019,8442,.,.,0
5307,5306,6170,6111,6111,6111,6152,3073,8442,.,.,0
5307,5306,6171,6112,6112,6112,6152,3440,8442,.,.,9294
5307,5306,6172,6113,6113,6113,6152,3484,8442,.,.,9294
5307,5306,6173,6114,6114,6114,6152,3519,8442,.,.,0
5307,5306,6174,6115,6115,6115,6152,3521,8442,.,.,0
5307,5306,6175,6116,6116,6116,6152,3665,8442,.,.,3741
5307,5306,6176,6117,6117,6117,6152,3743,8442,.,.,2471
5307,5306,6177,6118,6118,6118,6152,3794,8442,.,.,6583
5307,5306,6178,6119,6119,6119,6152,4195,8442,.,.,6349
5307,5306,6179,6120,6120,6120,6152,4621,8442,.,.,2471
5307,5306,6180,6121,6121,6121,6152,4799,8442,.,.,6492
5307,5306,6181,6122,6122,6122,6152,5057,8442,.,.,0
5307,5306,6182,6123,6123,6123,6152,5231,8442,.,.,6349
5307,5306,6183,6124,6124,6124,6152,5233,8442,.,.,0
5307,5306,6184,6125,6125,6125,6152,5477,8442,.,.,0
5307,5306,6185,6126,6126,6126,6152,5479,8442,.,.,0
5307,5306,6187,6128,6128,6128,6152,5647,8442,.,.,3741
5307,5306,6186,6127,6127,6127,6152,5613,8442,.,.,6583
5307,5306,6188,6129,6129,6129,6152,5944,8442,.,.,0
5307,5306,6189,6130,6130,6130,6152,6053,8442,.,.,0
5307,5306,6190,6131,6131,6131,6152,6346,8442,.,.,0
5307,5306,6191,6132,6132,6132,6152,6439,8442,.,.,0
5307,5306,6192,6133,6133,6133,6152,6550,8442,.,.,6583
5307,5306,6193,6134,6134,6134,6152,6574,8442,.,.,4699
5307,5306,6194,6135,6135,6135,6152,6576,8442,.,.,6349
5307,5306,6195,6136,6136,6136,6152,6957,8442,.,.,6349
5307,5306,6196,6137,6137,6137,6152,7333,8442,.,.,9294
5307,5306,6197,6138,6138,6138,6152,7449,8442,.,.,0
5307,5306,6198,6139,6139,6139,6152,7665,8442,.,.,0
5307,5306,6199,6140,6140,6140,6152,7982,8442,.,.,6492
5307,5306,6200,6141,6141,6141,6152,8085,8442,.,.,0
5307,5306,6201,6142,6142,6142,6152,8185,8442,.,.,0
5307,5306,6202,6143,6143,6143,6152,8375,8442,.,.,6583
5307,5306,6203,6144,6144,6144,6152,8444,8442,.,.,0
5307,5306,6204,6145,6145,6145,6152,8446,8442,.,.,0
5307,5306,6205,6146,6146,6146,6152,8469,8442,.,.,5229
5307,5306,6206,6147,6147,6147,6152,8877,8442,.,.,0
5307,5306,6207,6148,6148,6148,6152,8938,8442,.,.,3741
5307,5306,6208,6149,6149,6149,6152,9074,8442,.,.,6349
5307,5306,6209,6150,6150,6150,6152,9228,8442,.,.,0
5307,5306,6210,6151,6151,6151,6152,9296,8442,.,.,0
5307,5306,6225,6214,6214,6214,6224,425,8442,.,.,-1
5307,5306,6226,6215,6215,6215,6224,2514,8442,.,.,-1
5307,5306,6227,6216,6216,6216,6224,3341,8442,.,.,-1
5307,5306,6228,6217,6217,6217,6224,7056,8442,.,.,-1
5307,5306,6229,6218,6218,6218,6224,7458,8442,.,.,-1
5307,5306,6230,6219,6219,6219,6224,7639,8442,.,.,-1
5307,5306,6231,6220,6220,6220,6224,8050,8442,.,.,-1
5307,5306,6232,6221,6221,6221,6224,8564,8442,.,.,-1
5307,5306,6233,6222,6222,6222,6224,8660,8442,.,.,-1
5307,5306,6234,6223,6223,6223,6224,9158,8442,.,.,-1
5307,5306,6268,6236,6236,6236,6267,1198,8442,.,.,6349
5307,5306,6269,6237,6237,6237,6267,1578,8442,.,.,0
5307,5306,6270,6238,6238,6238,6267,2220,8442,.,.,6349
5307,5306,6271,6239,6239,6239,6267,2715,8442,.,.,4970
5307,5306,6272,6240,6240,6240,6267,2766,8442,.,.,6349
5307,5306,6273,6241,6241,6241,6267,2957,8442,.,.,9294
5307,5306,6274,6242,6242,6242,6267,3019,8442,.,.,0
5307,5306,6275,6243,6243,6243,6267,3231,8442,.,.,6349
5307,5306,6276,6244,6244,6244,6267,3519,8442,.,.,4130
5307,5306,6277,6245,6245,6245,6267,3521,8442,.,.,0
5307,5306,6278,6246,6246,6246,6267,3743,8442,.,.,6349
5307,5306,6279,6247,6247,6247,6267,4362,8442,.,.,4130
5307,5306,6280,6248,6248,6248,6267,4827,8442,.,.,6492
5307,5306,6281,6249,6249,6249,6267,5367,8442,.,.,6349
5307,5306,6282,6250,6250,6250,6267,5477,8442,.,.,5910
5307,5306,6283,6251,6251,6251,6267,5479,8442,.,.,0
5307,5306,6284,6252,6252,6252,6267,5613,8442,.,.,6349
5307,5306,6285,6253,6253,6253,6267,5736,8442,.,.,4970
5307,5306,6286,6254,6254,6254,6267,6212,8442,.,.,3741
5307,5306,6287,6255,6255,6255,6267,6346,8442,.,.,9294
5307,5306,6288,6256,6256,6256,6267,6348,8442,.,.,6349
5307,5306,6289,6257,6257,6257,6267,6439,8442,.,.,5910
5307,5306,6290,6258,6258,6258,6267,6574,8442,.,.,0
5307,5306,6291,6259,6259,6259,6267,7576,8442,.,.,0
5307,5306,6292,6260,6260,6260,6267,7665,8442,.,.,5910
5307,5306,6293,6261,6261,6261,6267,7982,8442,.,.,6349
5307,5306,6294,6262,6262,6262,6267,8085,8442,.,.,0
5307,5306,6295,6263,6263,6263,6267,8444,8442,.,.,4130
5307,5306,6296,6264,6264,6264,6267,8446,8442,.,.,9294
5307,5306,6297,6265,6265,6265,6267,8509,8442,.,.,4130
5307,5306,6298,6266,6266,6266,6267,8877,8442,.,.,3741
5307,5306,6311,6300,6300,6300,6310,2473,8442,.,.,0
5307,5306,6312,6301,6301,6301,6310,2715,8442,.,.,5229
5307,5306,6313,6302,6302,6302,6310,2957,8442,.,.,0
5307,5306,6314,6303,6303,6303,6310,3521,8442,.,.,0
5307,5306,6315,6304,6304,6304,6310,5477,8442,.,.,6492
5307,5306,6316,6305,6305,6305,6310,6346,8442,.,.,0
5307,5306,6317,6306,6306,6306,6310,6439,8442,.,.,0
5307,5306,6318,6307,6307,6307,6310,6574,8442,.,.,3720
5307,5306,6319,6308,6308,6308,6310,7665,8442,.,.,0
5307,5306,6320,6309,6309,6309,6310,8446,8442,.,.,0
5307,5306,6334,6322,6322,6322,6333,8,8442,.,.,-1
5307,5306,6335,6323,6323,6323,6333,260,8442,.,.,-1
5307,5306,6336,6324,6324,6324,6333,425,8442,.,.,-1
5307,5306,6337,6325,6325,6325,6333,2966,8442,.,.,-1
5307,5306,6338,6326,6326,6326,6333,3007,8442,.,.,-1
5307,5306,6339,6327,6327,6327,6333,5363,8442,.,.,-1
5307,5306,6340,6328,6328,6328,6333,5662,8442,.,.,-1
5307,5306,6341,6329,6329,6329,6333,6778,8442,.,.,-1
5307,5306,6342,6330,6330,6330,6333,7056,8442,.,.,-1
5307,5306,6343,6331,6331,6331,6333,7639,8442,.,.,-1
5307,5306,6344,6332,6332,6332,6333,7652,8442,.,.,-1
5307,5306,6364,6353,6353,6353,6363,2473,8442,.,.,0
5307,5306,6365,6354,6354,6354,6363,2715,8442,.,.,9294
5307,5306,6366,6355,6355,6355,6363,2957,8442,.,.,5229
5307,5306,6367,6356,6356,6356,6363,3521,8442,.,.,0
5307,5306,6368,6357,6357,6357,6363,5477,8442,.,.,0
5307,5306,6369,6358,6358,6358,6363,6346,8442,.,.,5910
5307,5306,6370,6359,6359,6359,6363,6439,8442,.,.,5910
5307,5306,6371,6360,6360,6360,6363,6574,8442,.,.,5229
5307,5306,6372,6361,6361,6361,6363,7665,8442,.,.,6349
5307,5306,6373,6362,6362,6362,6363,9296,8442,.,.,0
5307,5306,6407,6375,6375,6375,6406,1198,8442,.,.,6349
5307,5306,6408,6376,6376,6376,6406,1244,8442,.,.,6583
5307,5306,6409,6377,6377,6377,6406,1320,8442,.,.,3720
5307,5306,6410,6378,6378,6378,6406,1411,8442,.,.,6349
5307,5306,6411,6379,6379,6379,6406,1630,8442,.,.,6583
5307,5306,6412,6380,6380,6380,6406,2420,8442,.,.,8527
5307,5306,6413,6381,6381,6381,6406,2473,8442,.,.,0
5307,5306,6414,6382,6382,6382,6406,2715,8442,.,.,0
5307,5306,6415,6383,6383,6383,6406,2849,8442,.,.,8527
5307,5306,6416,6384,6384,6384,6406,2957,8442,.,.,0
5307,5306,6417,6385,6385,6385,6406,2995,8442,.,.,6492
5307,5306,6418,6386,6386,6386,6406,3019,8442,.,.,0
5307,5306,6419,6387,6387,6387,6406,3073,8442,.,.,8527
5307,5306,6420,6388,6388,6388,6406,3389,8442,.,.,6492
5307,5306,6421,6389,6389,6389,6406,3517,8442,.,.,6492
5307,5306,6422,6390,6390,6390,6406,3521,8442,.,.,4970
5307,5306,6423,6391,6391,6391,6406,4797,8442,.,.,8527
5307,5306,6424,6392,6392,6392,6406,5477,8442,.,.,0
5307,5306,6425,6393,6393,6393,6406,5479,8442,.,.,0
5307,5306,6426,6394,6394,6394,6406,5944,8442,.,.,6349
5307,5306,6427,6395,6395,6395,6406,6346,8442,.,.,0
5307,5306,6428,6396,6396,6396,6406,6439,8442,.,.,0
5307,5306,6429,6397,6397,6397,6406,6550,8442,.,.,6492
5307,5306,6430,6398,6398,6398,6406,6582,8442,.,.,8527
5307,5306,6431,6399,6399,6399,6406,7449,8442,.,.,0
5307,5306,6432,6400,6400,6400,6406,7665,8442,.,.,0
5307,5306,6433,6401,6401,6401,6406,7688,8442,.,.,4130
5307,5306,6434,6402,6402,6402,6406,8085,8442,.,.,3720
5307,5306,6435,6403,6403,6403,6406,8444,8442,.,.,0
5307,5306,6436,6404,6404,6404,6406,9289,8442,.,.,8527
5307,5306,6437,6405,6405,6405,6406,9296,8442,.,.,3720
5307,5306,6452,6441,6441,6441,6451,2473,8442,.,.,5229
5307,5306,6453,6442,6442,6442,6451,2715,8442,.,.,0
5307,5306,6454,6443,6443,6443,6451,2957,8442,.,.,0
5307,5306,6455,6444,6444,6444,6451,3521,8442,.,.,0
5307,5306,6456,6445,6445,6445,6451,5477,8442,.,.,0
5307,5306,6457,6446,6446,6446,6451,6346,8442,.,.,0
5307,5306,6458,6447,6447,6447,6451,6439,8442,.,.,0
5307,5306,6459,6448,6448,6448,6451,6574,8442,.,.,0
5307,5306,6460,6449,6449,6449,6451,7665,8442,.,.,0
5307,5306,6461,6450,6450,6450,6451,9296,8442,.,.,0
5307,5306,6478,6463,6463,6463,6477,2473,8442,.,.,4130
5307,5306,6479,6464,6464,6464,6477,2715,8442,.,.,6583
5307,5306,6480,6465,6465,6465,6477,2957,8442,.,.,0
5307,5306,6481,6466,6466,6466,6477,3019,8442,.,.,6583
5307,5306,6482,6467,6467,6467,6477,3521,8442,.,.,6583
5307,5306,6483,6468,6468,6468,6477,5479,8442,.,.,6583
5307,5306,6484,6469,6469,6469,6477,6346,8442,.,.,0
5307,5306,6485,6470,6470,6470,6477,6574,8442,.,.,4130
5307,5306,6486,6471,6471,6471,6477,6623,8442,.,.,6583
5307,5306,6487,6472,6472,6472,6477,7449,8442,.,.,6583
5307,5306,6488,6473,6473,6473,6477,7665,8442,.,.,0
5307,5306,6489,6474,6474,6474,6477,8085,8442,.,.,6583
5307,5306,6490,6475,6475,6475,6477,8446,8442,.,.,0
5307,5306,6491,6476,6476,6476,6477,9296,8442,.,.,0
5307,5306,6521,6494,6494,6494,6520,32,8442,.,.,6349
5307,5306,6522,6495,6495,6495,6520,1034,8442,.,.,6583
5307,5306,6523,6496,6496,6496,6520,2473,8442,.,.,0
5307,5306,6524,6497,6497,6497,6520,2477,8442,.,.,6349
5307,5306,6525,6498,6498,6498,6520,2766,8442,.,.,2471
5307,5306,6526,6499,6499,6499,6520,2995,8442,.,.,6349
5307,5306,6527,6500,6500,6500,6520,3019,8442,.,.,0
5307,5306,6528,6501,6501,6501,6520,3140,8442,.,.,0
5307,5306,6529,6502,6502,6502,6520,3349,8442,.,.,6583
5307,5306,6530,6503,6503,6503,6520,3693,8442,.,.,6349
5307,5306,6531,6504,6504,6504,6520,4195,8442,.,.,6349
5307,5306,6532,6505,6505,6505,6520,4362,8442,.,.,6583
5307,5306,6533,6506,6506,6506,6520,5057,8442,.,.,2471
5307,5306,6534,6507,6507,6507,6520,5336,8442,.,.,0
5307,5306,6535,6508,6508,6508,6520,5479,8442,.,.,0
5307,5306,6536,6509,6509,6509,6520,5854,8442,.,.,2471
5307,5306,6537,6510,6510,6510,6520,6548,8442,.,.,6349
5307,5306,6538,6511,6511,6511,6520,6705,8442,.,.,6349
5307,5306,6539,6512,6512,6512,6520,6957,8442,.,.,9294
5307,5306,6540,6513,6513,6513,6520,7449,8442,.,.,0
5307,5306,6541,6514,6514,6514,6520,7982,8442,.,.,6583
5307,5306,6542,6515,6515,6515,6520,8085,8442,.,.,0
5307,5306,6543,6516,6516,6516,6520,8444,8442,.,.,0
5307,5306,6544,6517,6517,6517,6520,8446,8442,.,.,0
5307,5306,6545,6518,6518,6518,6520,8469,8442,.,.,6349
5307,5306,6546,6519,6519,6519,6520,8999,8442,.,.,9294
5307,5306,6562,6552,6552,6552,6561,2473,8442,.,.,0
5307,5306,6563,6553,6553,6553,6561,2957,8442,.,.,4130
5307,5306,6564,6554,6554,6554,6561,3521,8442,.,.,0
5307,5306,6565,6555,6555,6555,6561,5477,8442,.,.,0
5307,5306,6566,6556,6556,6556,6561,6346,8442,.,.,0
5307,5306,6567,6557,6557,6557,6561,6439,8442,.,.,0
5307,5306,6568,6558,6558,6558,6561,6574,8442,.,.,0
5307,5306,6569,6559,6559,6559,6561,7665,8442,.,.,0
5307,5306,6570,6560,6560,6560,6561,8446,8442,.,.,0
5307,5306,6624,6587,6587,6587,6623,345,8442,.,.,6583
5307,5306,6625,6588,6588,6588,6623,692,8442,.,.,6583
5307,5306,6626,6589,6589,6589,6623,999,8442,.,.,6492
5307,5306,6627,6590,6590,6590,6623,1198,8442,.,.,3741
5307,5306,6628,6591,6591,6591,6623,2321,8442,.,.,4699
5307,5306,6629,6592,6592,6592,6623,2473,8442,.,.,0
5307,5306,6630,6593,6593,6593,6623,2490,8442,.,.,5229
5307,5306,6631,6594,6594,6594,6623,2766,8442,.,.,3720
5307,5306,6632,6595,6595,6595,6623,2849,8442,.,.,2471
5307,5306,6633,6596,6596,6596,6623,2919,8442,.,.,4130
5307,5306,6634,6597,6597,6597,6623,2995,8442,.,.,9294
5307,5306,6635,6598,6598,6598,6623,3019,8442,.,.,0
5307,5306,6636,6599,6599,6599,6623,3073,8442,.,.,0
5307,5306,6637,6600,6600,6600,6623,3257,8442,.,.,6492
5307,5306,6638,6601,6601,6601,6623,3517,8442,.,.,6492
5307,5306,6639,6602,6602,6602,6623,3593,8442,.,.,2471
5307,5306,6640,6603,6603,6603,6623,3665,8442,.,.,6583
5307,5306,6641,6604,6604,6604,6623,3693,8442,.,.,3720
5307,5306,6642,6605,6605,6605,6623,3743,8442,.,.,4699
5307,5306,6643,6606,6606,6606,6623,3912,8442,.,.,3720
5307,5306,6644,6607,6607,6607,6623,4424,8442,.,.,3741
5307,5306,6645,6608,6608,6608,6623,5479,8442,.,.,0
5307,5306,6646,6609,6609,6609,6623,5529,8442,.,.,0
5307,5306,6647,6610,6610,6610,6623,5579,8442,.,.,0
5307,5306,6648,6611,6611,6611,6623,5994,8442,.,.,4699
5307,5306,6649,6612,6612,6612,6623,7295,8442,.,.,9294
5307,5306,6650,6613,6613,6613,6623,7391,8442,.,.,0
5307,5306,6651,6614,6614,6614,6623,7449,8442,.,.,0
5307,5306,6652,6615,6615,6615,6623,7688,8442,.,.,4970
5307,5306,6653,6616,6616,6616,6623,7810,8442,.,.,6349
5307,5306,6654,6617,6617,6617,6623,8085,8442,.,.,0
5307,5306,6655,6618,6618,6618,6623,8444,8442,.,.,0
5307,5306,6656,6619,6619,6619,6623,8446,8442,.,.,0
5307,5306,6657,6620,6620,6620,6623,8509,8442,.,.,4699
5307,5306,6658,6621,6621,6621,6623,9001,8442,.,.,6583
5307,5306,6659,6622,6622,6622,6623,9289,8442,.,.,2471
5307,5306,6706,6661,6661,6661,6705,345,8442,.,.,4130
5307,5306,6707,6662,6662,6662,6705,831,8442,.,.,3720
5307,5306,6708,6663,6663,6663,6705,1524,8442,.,.,6492
5307,5306,6709,6664,6664,6664,6705,1578,8442,.,.,4130
5307,5306,6710,6665,6665,6665,6705,2477,8442,.,.,6349
5307,5306,6711,6666,6666,6666,6705,2652,8442,.,.,6583
5307,5306,6712,6667,6667,6667,6705,2849,8442,.,.,6583
5307,5306,6713,6668,6668,6668,6705,3019,8442,.,.,0
5307,5306,6714,6669,6669,6669,6705,3073,8442,.,.,6349
5307,5306,6715,6670,6670,6670,6705,3231,8442,.,.,0
5307,5306,6716,6671,6671,6671,6705,3257,8442,.,.,8527
5307,5306,6717,6672,6672,6672,6705,3296,8442,.,.,6583
5307,5306,6718,6673,6673,6673,6705,3349,8442,.,.,3741
5307,5306,6719,6674,6674,6674,6705,3693,8442,.,.,3720
5307,5306,6720,6675,6675,6675,6705,4195,8442,.,.,6583
5307,5306,6721,6676,6676,6676,6705,4311,8442,.,.,4130
5307,5306,6722,6677,6677,6677,6705,4486,8442,.,.,4699
5307,5306,6723,6678,6678,6678,6705,4745,8442,.,.,4699
5307,5306,6724,6679,6679,6679,6705,4797,8442,.,.,4130
5307,5306,6725,6680,6680,6680,6705,5057,8442,.,.,5910
5307,5306,6726,6681,6681,6681,6705,5233,8442,.,.,6583
5307,5306,6727,6682,6682,6682,6705,5365,8442,.,.,4970
5307,5306,6728,6683,6683,6683,6705,5422,8442,.,.,6583
5307,5306,6729,6684,6684,6684,6705,5479,8442,.,.,0
5307,5306,6730,6685,6685,6685,6705,5854,8442,.,.,4970
5307,5306,6731,6686,6686,6686,6705,5944,8442,.,.,6492
5307,5306,6732,6687,6687,6687,6705,6053,8442,.,.,4970
5307,5306,6733,6688,6688,6688,6705,6152,8442,.,.,4970
5307,5306,6734,6689,6689,6689,6705,6578,8442,.,.,4970
5307,5306,6735,6690,6690,6690,6705,6585,8442,.,.,0
5307,5306,6736,6691,6691,6691,6705,6957,8442,.,.,3720
5307,5306,6737,6692,6692,6692,6705,7333,8442,.,.,6583
5307,5306,6738,6693,6693,6693,6705,7449,8442,.,.,0
5307,5306,6739,6694,6694,6694,6705,7688,8442,.,.,0
5307,5306,6740,6695,6695,6695,6705,7982,8442,.,.,4130
5307,5306,6741,6696,6696,6696,6705,8085,8442,.,.,0
5307,5306,6742,6697,6697,6697,6705,8284,8442,.,.,8527
5307,5306,6743,6698,6698,6698,6705,8444,8442,.,.,0
5307,5306,6744,6699,6699,6699,6705,8469,8442,.,.,3720
5307,5306,6745,6700,6700,6700,6705,8627,8442,.,.,6492
5307,5306,6746,6701,6701,6701,6705,8938,8442,.,.,5910
5307,5306,6747,6702,6702,6702,6705,9001,8442,.,.,0
5307,5306,6748,6703,6703,6703,6705,9287,8442,.,.,3741
5307,5306,6749,6704,6704,6704,6705,9291,8442,.,.,3741
5307,5306,6779,6751,6751,6751,6778,81,8442,.,.,2471
5307,5306,6780,6752,6752,6752,6778,2473,8442,.,.,0
5307,5306,6781,6753,6753,6753,6778,2475,8442,.,.,2471
5307,5306,6782,6754,6754,6754,6778,2715,8442,.,.,0
5307,5306,6783,6755,6755,6755,6778,2955,8442,.,.,6349
5307,5306,6784,6756,6756,6756,6778,2957,8442,.,.,0
5307,5306,6785,6757,6757,6757,6778,3019,8442,.,.,0
5307,5306,6786,6758,6758,6758,6778,3521,8442,.,.,2471
5307,5306,6787,6759,6759,6759,6778,3693,8442,.,.,6349
5307,5306,6788,6760,6760,6760,6778,4486,8442,.,.,6349
5307,5306,6789,6761,6761,6761,6778,4799,8442,.,.,4970
5307,5306,6790,6762,6762,6762,6778,5231,8442,.,.,4970
5307,5306,6791,6763,6763,6763,6778,5309,8442,.,.,5229
5307,5306,6792,6764,6764,6764,6778,5479,8442,.,.,0
5307,5306,6793,6765,6765,6765,6778,5579,8442,.,.,2471
5307,5306,6794,6766,6766,6766,6778,5994,8442,.,.,5229
5307,5306,6795,6767,6767,6767,6778,6346,8442,.,.,0
5307,5306,6796,6768,6768,6768,6778,6574,8442,.,.,2471
5307,5306,6797,6769,6769,6769,6778,6623,8442,.,.,0
5307,5306,6798,6770,6770,6770,6778,7449,8442,.,.,0
5307,5306,6799,6771,6771,6771,6778,7665,8442,.,.,0
5307,5306,6800,6772,6772,6772,6778,7730,8442,.,.,2471
5307,5306,6801,6773,6773,6773,6778,8085,8442,.,.,0
5307,5306,6802,6774,6774,6774,6778,8444,8442,.,.,0
5307,5306,6803,6775,6775,6775,6778,8446,8442,.,.,5910
5307,5306,6804,6776,6776,6776,6778,8718,8442,.,.,5910
5307,5306,6805,6777,6777,6777,6778,9293,8442,.,.,2471
5307,5306,6819,6807,6807,6807,6818,3007,8442,.,.,-1
5307,5306,6820,6808,6808,6808,6818,3341,8442,.,.,-1
5307,5306,6821,6809,6809,6809,6818,5363,8442,.,.,-1
5307,5306,6822,6810,6810,6810,6818,6310,8442,.,.,-1
5307,5306,6823,6811,6811,6811,6818,6451,8442,.,.,-1
5307,5306,6824,6812,6812,6812,6818,6477,8442,.,.,-1
5307,5306,6825,6813,6813,6813,6818,6572,8442,.,.,-1
5307,5306,6826,6814,6814,6814,6818,7056,8442,.,.,-1
5307,5306,6827,6815,6815,6815,6818,7639,8442,.,.,-1
5307,5306,6828,6816,6816,6816,6818,7652,8442,.,.,-1
5307,5306,6829,6817,6817,6817,6818,8660,8442,.,.,-1
5307,5306,6861,6831,6831,6831,6860,81,8442,.,.,6583
5307,5306,6862,6832,6832,6832,6860,345,8442,.,.,6349
5307,5306,6863,6833,6833,6833,6860,521,8442,.,.,6349
5307,5306,6864,6834,6834,6834,6860,2220,8442,.,.,9294
5307,5306,6865,6835,6835,6835,6860,2652,8442,.,.,4130
5307,5306,6866,6836,6836,6836,6860,2955,8442,.,.,4130
5307,5306,6867,6837,6837,6837,6860,3019,8442,.,.,0
5307,5306,6868,6838,6838,6838,6860,3045,8442,.,.,3720
5307,5306,6869,6839,6839,6839,6860,3257,8442,.,.,6349
5307,5306,6870,6840,6840,6840,6860,3349,8442,.,.,0
5307,5306,6871,6841,6841,6841,6860,3593,8442,.,.,4130
5307,5306,6872,6842,6842,6842,6860,4534,8442,.,.,6349
5307,5306,6873,6843,6843,6843,6860,5336,8442,.,.,4699
5307,5306,6874,6844,6844,6844,6860,5479,8442,.,.,0
5307,5306,6875,6845,6845,6845,6860,5647,8442,.,.,4699
5307,5306,6876,6846,6846,6846,6860,6520,8442,.,.,8527
5307,5306,6877,6847,6847,6847,6860,7449,8442,.,.,0
5307,5306,6878,6848,6848,6848,6860,7576,8442,.,.,4130
5307,5306,6879,6849,6849,6849,6860,7751,8442,.,.,6349
5307,5306,6880,6850,6850,6850,6860,8085,8442,.,.,0
5307,5306,6881,6851,6851,6851,6860,8444,8442,.,.,0
5307,5306,6882,6852,6852,6852,6860,8509,8442,.,.,6349
5307,5306,6883,6853,6853,6853,6860,8627,8442,.,.,4130
5307,5306,6884,6854,6854,6854,6860,8938,8442,.,.,6349
5307,5306,6885,6855,6855,6855,6860,9001,8442,.,.,4130
5307,5306,6886,6856,6856,6856,6860,9074,8442,.,.,3720
5307,5306,6887,6857,6857,6857,6860,9228,8442,.,.,3720
5307,5306,6888,6858,6858,6858,6860,9287,8442,.,.,9294
5307,5306,6889,6859,6859,6859,6860,9293,8442,.,.,6349
5307,5306,6958,6891,6891,6891,6957,272,8442,.,.,0
5307,5306,6959,6892,6892,6892,6957,345,8442,.,.,4130
5307,5306,6960,6893,6893,6893,6957,692,8442,.,.,2471
5307,5306,6961,6894,6894,6894,6957,831,8442,.,.,9294
5307,5306,6962,6895,6895,6895,6957,999,8442,.,.,6492
5307,5306,6963,6896,6896,6896,6957,1198,8442,.,.,4970
5307,5306,6964,6897,6897,6897,6957,1578,8442,.,.,2471
5307,5306,6965,6898,6898,6898,6957,2321,8442,.,.,0
5307,5306,6966,6899,6899,6899,6957,2420,8442,.,.,4130
5307,5306,6967,6900,6900,6900,6957,2473,8442,.,.,0
5307,5306,6968,6901,6901,6901,6957,2713,8442,.,.,4970
5307,5306,6969,6902,6902,6902,6957,2715,8442,.,.,0
5307,5306,6970,6903,6903,6903,6957,2849,8442,.,.,6349
5307,5306,6971,6904,6904,6904,6957,2919,8442,.,.,5910
5307,5306,6972,6905,6905,6905,6957,2955,8442,.,.,5910
5307,5306,6973,6906,6906,6906,6957,2957,8442,.,.,0
5307,5306,6974,6907,6907,6907,6957,2995,8442,.,.,2471
5307,5306,6975,6908,6908,6908,6957,3019,8442,.,.,0
5307,5306,6976,6909,6909,6909,6957,3231,8442,.,.,6492
5307,5306,6977,6910,6910,6910,6957,3296,8442,.,.,9294
5307,5306,6978,6911,6911,6911,6957,3440,8442,.,.,3741
5307,5306,6979,6912,6912,6912,6957,3519,8442,.,.,9294
5307,5306,6980,6913,6913,6913,6957,3521,8442,.,.,0
5307,5306,6981,6914,6914,6914,6957,3665,8442,.,.,0
5307,5306,6982,6915,6915,6915,6957,3693,8442,.,.,2471
5307,5306,6983,6916,6916,6916,6957,3743,8442,.,.,2471
5307,5306,6984,6917,6917,6917,6957,4045,8442,.,.,4130
5307,5306,6985,6918,6918,6918,6957,4362,8442,.,.,3720
5307,5306,6986,6919,6919,6919,6957,4621,8442,.,.,2471
5307,5306,6987,6920,6920,6920,6957,4745,8442,.,.,5910
5307,5306,6988,6921,6921,6921,6957,4791,8442,.,.,9294
5307,5306,6989,6922,6922,6922,6957,4912,8442,.,.,4699
5307,5306,6990,6923,6923,6923,6957,5057,8442,.,.,6492
5307,5306,6991,6924,6924,6924,6957,5233,8442,.,.,6492
5307,5306,6992,6925,6925,6925,6957,5336,8442,.,.,6492
5307,5306,6993,6926,6926,6926,6957,5365,8442,.,.,0
5307,5306,6994,6927,6927,6927,6957,5367,8442,.,.,4699
5307,5306,6995,6928,6928,6928,6957,5422,8442,.,.,3720
5307,5306,6996,6929,6929,6929,6957,5477,8442,.,.,0
5307,5306,6997,6930,6930,6930,6957,5479,8442,.,.,0
5307,5306,6998,6931,6931,6931,6957,5854,8442,.,.,4970
5307,5306,6999,6932,6932,6932,6957,5994,8442,.,.,3720
5307,5306,7000,6933,6933,6933,6957,6346,8442,.,.,0
5307,5306,7001,6934,6934,6934,6957,6348,8442,.,.,6492
5307,5306,7002,6935,6935,6935,6957,6439,8442,.,.,2471
5307,5306,7003,6936,6936,6936,6957,6520,8442,.,.,9294
5307,5306,7004,6937,6937,6937,6957,6550,8442,.,.,5910
5307,5306,7005,6938,6938,6938,6957,6576,8442,.,.,9294
5307,5306,7006,6939,6939,6939,6957,6623,8442,.,.,9294
5307,5306,7007,6940,6940,6940,6957,6705,8442,.,.,6583
5307,5306,7008,6941,6941,6941,6957,7295,8442,.,.,0
5307,5306,7009,6942,6942,6942,6957,7333,8442,.,.,2471
5307,5306,7010,6943,6943,6943,6957,7391,8442,.,.,5910
5307,5306,7011,6944,6944,6944,6957,7449,8442,.,.,0
5307,5306,7012,6945,6945,6945,6957,7665,8442,.,.,0
5307,5306,7013,6946,6946,6946,6957,7688,8442,.,.,4970
5307,5306,7014,6947,6947,6947,6957,7751,8442,.,.,5910
5307,5306,7015,6948,6948,6948,6957,7982,8442,.,.,0
5307,5306,7016,6949,6949,6949,6957,8085,8442,.,.,0
5307,5306,7017,6950,6950,6950,6957,8444,8442,.,.,0
5307,5306,7018,6951,6951,6951,6957,8446,8442,.,.,0
5307,5306,7019,6952,6952,6952,6957,8469,8442,.,.,0
5307,5306,7020,6953,6953,6953,6957,8718,8442,.,.,2471
5307,5306,7021,6954,6954,6954,6957,8999,8442,.,.,4699
5307,5306,7022,6955,6955,6955,6957,9293,8442,.,.,6492
5307,5306,7023,6956,6956,6956,6957,9296,8442,.,.,5910
5307,5306,7035,7025,7025,7025,7034,2715,8442,.,.,0
5307,5306,7036,7026,7026,7026,7034,2957,8442,.,.,3741
5307,5306,7037,7027,7027,7027,7034,3521,8442,.,.,0
5307,5306,7038,7028,7028,7028,7034,5477,8442,.,.,6583
5307,5306,7039,7029,7029,7029,7034,6346,8442,.,.,6583
5307,5306,7040,7030,7030,7030,7034,6439,8442,.,.,0
5307,5306,7041,7031,7031,7031,7034,6574,8442,.,.,0
5307,5306,7042,7032,7032,7032,7034,7665,8442,.,.,6583
5307,5306,7043,7033,7033,7033,7034,9296,8442,.,.,0
5307,5306,7057,7045,7045,7045,7056,2473,8442,.,.,0
5307,5306,7058,7046,7046,7046,7056,2715,8442,.,.,0
5307,5306,7059,7047,7047,7047,7056,2957,8442,.,.,0
5307,5306,7060,7048,7048,7048,7056,3521,8442,.,.,0
5307,5306,7061,7049,7049,7049,7056,5477,8442,.,.,0
5307,5306,7062,7050,7050,7050,7056,6346,8442,.,.,0
5307,5306,7063,7051,7051,7051,7056,6439,8442,.,.,0
5307,5306,7064,7052,7052,7052,7056,6574,8442,.,.,0
5307,5306,7065,7053,7053,7053,7056,7665,8442,.,.,0
5307,5306,7066,7054,7054,7054,7056,8446,8442,.,.,0
5307,5306,7067,7055,7055,7055,7056,9296,8442,.,.,0
5307,5306,7095,7069,7069,7069,7094,345,8442,.,.,5910
5307,5306,7096,7070,7070,7070,7094,1244,8442,.,.,3720
5307,5306,7097,7071,7071,7071,7094,1524,8442,.,.,5910
5307,5306,7098,7072,7072,7072,7094,2473,8442,.,.,0
5307,5306,7099,7073,7073,7073,7094,2652,8442,.,.,4970
5307,5306,7100,7074,7074,7074,7094,2849,8442,.,.,4130
5307,5306,7101,7075,7075,7075,7094,2995,8442,.,.,3720
5307,5306,7102,7076,7076,7076,7094,3019,8442,.,.,0
5307,5306,7103,7077,7077,7077,7094,3517,8442,.,.,2471
5307,5306,7104,7078,7078,7078,7094,3743,8442,.,.,3720
5307,5306,7105,7079,7079,7079,7094,4827,8442,.,.,2471
5307,5306,7106,7080,7080,7080,7094,5479,8442,.,.,0
5307,5306,7107,7081,7081,7081,7094,5736,8442,.,.,3741
5307,5306,7108,7082,7082,7082,7094,6212,8442,.,.,4970
5307,5306,7109,7083,7083,7083,7094,6548,8442,.,.,2471
5307,5306,7110,7084,7084,7084,7094,6582,8442,.,.,5910
5307,5306,7111,7085,7085,7085,7094,7189,8442,.,.,4970
5307,5306,7112,7086,7086,7086,7094,7449,8442,.,.,0
5307,5306,7113,7087,7087,7087,7094,7688,8442,.,.,4970
5307,5306,7114,7088,7088,7088,7094,7982,8442,.,.,9294
5307,5306,7115,7089,7089,7089,7094,8085,8442,.,.,0
5307,5306,7116,7090,7090,7090,7094,8444,8442,.,.,0
5307,5306,7117,7091,7091,7091,7094,8446,8442,.,.,3720
5307,5306,7118,7092,7092,7092,7094,8469,8442,.,.,4970
5307,5306,7119,7093,7093,7093,7094,9001,8442,.,.,5910
5307,5306,7190,7121,7121,7121,7189,81,8442,.,.,3720
5307,5306,7191,7122,7122,7122,7189,272,8442,.,.,6349
5307,5306,7192,7123,7123,7123,7189,692,8442,.,.,6492
5307,5306,7193,7124,7124,7124,7189,749,8442,.,.,0
5307,5306,7194,7125,7125,7125,7189,999,8442,.,.,5910
5307,5306,7195,7126,7126,7126,7189,1198,8442,.,.,4699
5307,5306,7196,7127,7127,7127,7189,1320,8442,.,.,0
5307,5306,7197,7128,7128,7128,7189,1411,8442,.,.,3720
5307,5306,7198,7129,7129,7129,7189,1524,8442,.,.,3720
5307,5306,7199,7130,7130,7130,7189,1630,8442,.,.,4130
5307,5306,7200,7131,7131,7131,7189,2420,8442,.,.,9294
5307,5306,7201,7132,7132,7132,7189,2473,8442,.,.,0
5307,5306,7202,7133,7133,7133,7189,2475,8442,.,.,3741
5307,5306,7203,7134,7134,7134,7189,2514,8442,.,.,9294
5307,5306,7204,7135,7135,7135,7189,2559,8442,.,.,0
5307,5306,7205,7136,7136,7136,7189,2652,8442,.,.,5229
5307,5306,7206,7137,7137,7137,7189,2713,8442,.,.,0
5307,5306,7207,7138,7138,7138,7189,2849,8442,.,.,0
5307,5306,7208,7139,7139,7139,7189,2883,8442,.,.,6492
5307,5306,7209,7140,7140,7140,7189,2995,8442,.,.,0
5307,5306,7210,7141,7141,7141,7189,3019,8442,.,.,0
5307,5306,7211,7142,7142,7142,7189,3045,8442,.,.,9294
5307,5306,7212,7143,7143,7143,7189,3071,8442,.,.,3741
5307,5306,7213,7144,7144,7144,7189,3231,8442,.,.,6492
5307,5306,7214,7145,7145,7145,7189,3257,8442,.,.,0
5307,5306,7215,7146,7146,7146,7189,3296,8442,.,.,5910
5307,5306,7216,7147,7147,7147,7189,3484,8442,.,.,6492
5307,5306,7217,7148,7148,7148,7189,3517,8442,.,.,6492
5307,5306,7218,7149,7149,7149,7189,3519,8442,.,.,9294
5307,5306,7219,7150,7150,7150,7189,3593,8442,.,.,0
5307,5306,7220,7151,7151,7151,7189,3665,8442,.,.,0
5307,5306,7221,7152,7152,7152,7189,4195,8442,.,.,4699
5307,5306,7222,7153,7153,7153,7189,4311,8442,.,.,6492
5307,5306,7223,7154,7154,7154,7189,4486,8442,.,.,0
5307,5306,7224,7155,7155,7155,7189,4745,8442,.,.,6349
5307,5306,7225,7156,7156,7156,7189,4797,8442,.,.,5229
5307,5306,7226,7157,7157,7157,7189,4799,8442,.,.,0
5307,5306,7227,7158,7158,7158,7189,5177,8442,.,.,3720
5307,5306,7228,7159,7159,7159,7189,5336,8442,.,.,4130
5307,5306,7229,7160,7160,7160,7189,5365,8442,.,.,8527
5307,5306,7230,7161,7161,7161,7189,5367,8442,.,.,6583
5307,5306,7231,7162,7162,7162,7189,5422,8442,.,.,0
5307,5306,7232,7163,7163,7163,7189,5479,8442,.,.,0
5307,5306,7234,7165,7165,7165,7189,5647,8442,.,.,4130
5307,5306,7233,7164,7164,7164,7189,5579,8442,.,.,6349
5307,5306,7235,7166,7166,7166,7189,5944,8442,.,.,2471
5307,5306,7236,7167,7167,7167,7189,6623,8442,.,.,0
5307,5306,7237,7168,7168,7168,7189,6860,8442,.,.,0
5307,5306,7238,7169,7169,7169,7189,6957,8442,.,.,0
5307,5306,7239,7170,7170,7170,7189,7094,8442,.,.,2471
5307,5306,7240,7171,7171,7171,7189,7333,8442,.,.,5910
5307,5306,7241,7172,7172,7172,7189,7391,8442,.,.,8527
5307,5306,7242,7173,7173,7173,7189,7449,8442,.,.,0
5307,5306,7243,7174,7174,7174,7189,7688,8442,.,.,4970
5307,5306,7245,7176,7176,7176,7189,7751,8442,.,.,3720
5307,5306,7244,7175,7175,7175,7189,7730,8442,.,.,0
5307,5306,7246,7177,7177,7177,7189,7982,8442,.,.,0
5307,5306,7247,7178,7178,7178,7189,8085,8442,.,.,0
5307,5306,7248,7179,7179,7179,7189,8185,8442,.,.,8527
5307,5306,7249,7180,7180,7180,7189,8444,8442,.,.,0
5307,5306,7250,7181,7181,7181,7189,8446,8442,.,.,0
5307,5306,7251,7182,7182,7182,7189,8509,8442,.,.,6492
5307,5306,7252,7183,7183,7183,7189,8627,8442,.,.,0
5307,5306,7253,7184,7184,7184,7189,8823,8442,.,.,6492
5307,5306,7254,7185,7185,7185,7189,8877,8442,.,.,4970
5307,5306,7255,7186,7186,7186,7189,9001,8442,.,.,3720
5307,5306,7256,7187,7187,7187,7189,9293,8442,.,.,0
5307,5306,7257,7188,7188,7188,7189,9352,8442,.,.,3720
5307,5306,7296,7259,7259,7259,7295,32,8442,.,.,4130
5307,5306,7297,7260,7260,7260,7295,692,8442,.,.,9294
5307,5306,7298,7261,7261,7261,7295,911,8442,.,.,4130
5307,5306,7299,7262,7262,7262,7295,1034,8442,.,.,4970
5307,5306,7300,7263,7263,7263,7295,1198,8442,.,.,5229
5307,5306,7301,7264,7264,7264,7295,1578,8442,.,.,4970
5307,5306,7302,7265,7265,7265,7295,2473,8442,.,.,0
5307,5306,7303,7266,7266,7266,7295,2514,8442,.,.,4970
5307,5306,7304,7267,7267,7267,7295,2766,8442,.,.,4970
5307,5306,7305,7268,7268,7268,7295,2995,8442,.,.,4130
5307,5306,7306,7269,7269,7269,7295,3019,8442,.,.,0
5307,5306,7307,7270,7270,7270,7295,3389,8442,.,.,9294
5307,5306,7308,7271,7271,7271,7295,3593,8442,.,.,4970
5307,5306,7310,7273,7273,7273,7295,4362,8442,.,.,5910
5307,5306,7309,7272,7272,7272,7295,4311,8442,.,.,5229
5307,5306,7311,7274,7274,7274,7295,4791,8442,.,.,4970
5307,5306,7312,7275,7275,7275,7295,5231,8442,.,.,4130
5307,5306,7313,7276,7276,7276,7295,5479,8442,.,.,0
5307,5306,7314,7277,7277,7277,7295,5529,8442,.,.,3741
5307,5306,7315,7278,7278,7278,7295,5647,8442,.,.,4130
5307,5306,7316,7279,7279,7279,7295,5854,8442,.,.,0
5307,5306,7317,7280,7280,7280,7295,6053,8442,.,.,2471
5307,5306,7318,7281,7281,7281,7295,6957,8442,.,.,0
5307,5306,7319,7282,7282,7282,7295,7333,8442,.,.,3741
5307,5306,7320,7283,7283,7283,7295,7391,8442,.,.,0
5307,5306,7321,7284,7284,7284,7295,7449,8442,.,.,0
5307,5306,7322,7285,7285,7285,7295,7688,8442,.,.,5910
5307,5306,7324,7287,7287,7287,7295,7751,8442,.,.,0
5307,5306,7323,7286,7286,7286,7295,7730,8442,.,.,5229
5307,5306,7325,7288,7288,7288,7295,8085,8442,.,.,0
5307,5306,7326,7289,7289,7289,7295,8284,8442,.,.,3720
5307,5306,7327,7290,7290,7290,7295,8444,8442,.,.,0
5307,5306,7328,7291,7291,7291,7295,8509,8442,.,.,3720
5307,5306,7329,7292,7292,7292,7295,9001,8442,.,.,3741
5307,5306,7330,7293,7293,7293,7295,9289,8442,.,.,4130
5307,5306,7331,7294,7294,7294,7295,9427,8442,.,.,4970
5307,5306,7392,7335,7335,7335,7391,32,8442,.,.,2471
5307,5306,7393,7336,7336,7336,7391,189,8442,.,.,5910
5307,5306,7394,7337,7337,7337,7391,521,8442,.,.,0
5307,5306,7395,7338,7338,7338,7391,642,8442,.,.,5910
5307,5306,7396,7339,7339,7339,7391,749,8442,.,.,3741
5307,5306,7397,7340,7340,7340,7391,831,8442,.,.,4970
5307,5306,7398,7341,7341,7341,7391,911,8442,.,.,6492
5307,5306,7399,7342,7342,7342,7391,1411,8442,.,.,3741
5307,5306,7400,7343,7343,7343,7391,2420,8442,.,.,6349
5307,5306,7401,7344,7344,7344,7391,2473,8442,.,.,0
5307,5306,7402,7345,7345,7345,7391,2713,8442,.,.,6583
5307,5306,7403,7346,7346,7346,7391,2766,8442,.,.,4970
5307,5306,7404,7347,7347,7347,7391,2849,8442,.,.,6583
5307,5306,7405,7348,7348,7348,7391,2883,8442,.,.,2471
5307,5306,7406,7349,7349,7349,7391,2919,8442,.,.,4970
5307,5306,7407,7350,7350,7350,7391,2995,8442,.,.,4970
5307,5306,7408,7351,7351,7351,7391,3019,8442,.,.,0
5307,5306,7409,7352,7352,7352,7391,3045,8442,.,.,2471
5307,5306,7410,7353,7353,7353,7391,3071,8442,.,.,0
5307,5306,7411,7354,7354,7354,7391,3257,8442,.,.,5910
5307,5306,7412,7355,7355,7355,7391,3296,8442,.,.,5910
5307,5306,7413,7356,7356,7356,7391,3349,8442,.,.,4699
5307,5306,7414,7357,7357,7357,7391,3440,8442,.,.,6349
5307,5306,7415,7358,7358,7358,7391,3593,8442,.,.,6349
5307,5306,7416,7359,7359,7359,7391,3743,8442,.,.,6349
5307,5306,7417,7360,7360,7360,7391,3794,8442,.,.,4699
5307,5306,7418,7361,7361,7361,7391,4195,8442,.,.,2471
5307,5306,7419,7362,7362,7362,7391,4424,8442,.,.,4699
5307,5306,7420,7363,7363,7363,7391,4791,8442,.,.,0
5307,5306,7421,7364,7364,7364,7391,4797,8442,.,.,2471
5307,5306,7422,7365,7365,7365,7391,5177,8442,.,.,6583
5307,5306,7423,7366,7366,7366,7391,5233,8442,.,.,6349
5307,5306,7424,7367,7367,7367,7391,5309,8442,.,.,4970
5307,5306,7425,7368,7368,7368,7391,5422,8442,.,.,6349
5307,5306,7426,7369,7369,7369,7391,5479,8442,.,.,0
5307,5306,7427,7370,7370,7370,7391,5647,8442,.,.,6349
5307,5306,7428,7371,7371,7371,7391,5854,8442,.,.,2471
5307,5306,7429,7372,7372,7372,7391,6212,8442,.,.,0
5307,5306,7430,7373,7373,7373,7391,6705,8442,.,.,4699
5307,5306,7431,7374,7374,7374,7391,6860,8442,.,.,6583
5307,5306,7432,7375,7375,7375,7391,6957,8442,.,.,3720
5307,5306,7433,7376,7376,7376,7391,7449,8442,.,.,0
5307,5306,7434,7377,7377,7377,7391,7810,8442,.,.,0
5307,5306,7435,7378,7378,7378,7391,7982,8442,.,.,0
5307,5306,7436,7379,7379,7379,7391,8085,8442,.,.,0
5307,5306,7437,7380,7380,7380,7391,8185,8442,.,.,4699
5307,5306,7438,7381,7381,7381,7391,8375,8442,.,.,5910
5307,5306,7439,7382,7382,7382,7391,8444,8442,.,.,0
5307,5306,7440,7383,7383,7383,7391,8446,8442,.,.,0
5307,5306,7441,7384,7384,7384,7391,8509,8442,.,.,0
5307,5306,7442,7385,7385,7385,7391,8877,8442,.,.,6349
5307,5306,7443,7386,7386,7386,7391,8999,8442,.,.,0
5307,5306,7444,7387,7387,7387,7391,9074,8442,.,.,5910
5307,5306,7445,7388,7388,7388,7391,9228,8442,.,.,4699
5307,5306,7446,7389,7389,7389,7391,9289,8442,.,.,4699
5307,5306,7447,7390,7390,7390,7391,9293,8442,.,.,6583
5307,5306,7459,7451,7451,7451,7458,2473,8442,.,.,0
5307,5306,7460,7452,7452,7452,7458,2715,8442,.,.,0
5307,5306,7461,7453,7453,7453,7458,2957,8442,.,.,2471
5307,5306,7462,7454,7454,7454,7458,3521,8442,.,.,5229
5307,5306,7463,7455,7455,7455,7458,5477,8442,.,.,0
5307,5306,7464,7456,7456,7456,7458,6346,8442,.,.,2471
5307,5306,7465,7457,7457,7457,7458,7665,8442,.,.,3741
5307,5306,7479,7467,7467,7467,7478,8,8442,.,.,-1
5307,5306,7480,7468,7468,7468,7478,23,8442,.,.,-1
5307,5306,7481,7469,7469,7469,7478,4997,8442,.,.,-1
5307,5306,7482,7470,7470,7470,7478,6267,8442,.,.,-1
5307,5306,7483,7471,7471,7471,7478,6451,8442,.,.,-1
5307,5306,7484,7472,7472,7472,7478,6561,8442,.,.,-1
5307,5306,7485,7473,7473,7473,7478,6572,8442,.,.,-1
5307,5306,7486,7474,7474,7474,7478,6778,8442,.,.,-1
5307,5306,7487,7475,7475,7475,7478,7639,8442,.,.,-1
5307,5306,7488,7476,7476,7476,7478,7912,8442,.,.,-1
5307,5306,7489,7477,7477,7477,7478,8050,8442,.,.,-1
5307,5306,7503,7491,7491,7491,7502,23,8442,.,.,-1
5307,5306,7504,7492,7492,7492,7502,2514,8442,.,.,-1
5307,5306,7505,7493,7493,7493,7502,2966,8442,.,.,-1
5307,5306,7506,7494,7494,7494,7502,4497,8442,.,.,-1
5307,5306,7507,7495,7495,7495,7502,4981,8442,.,.,-1
5307,5306,7508,7496,7496,7496,7502,4997,8442,.,.,-1
5307,5306,7509,7497,7497,7497,7502,7458,8442,.,.,-1
5307,5306,7510,7498,7498,7498,7502,7912,8442,.,.,-1
5307,5306,7511,7499,7499,7499,7502,8050,8442,.,.,-1
5307,5306,7512,7500,7500,7500,7502,8072,8442,.,.,-1
5307,5306,7513,7501,7501,7501,7502,8660,8442,.,.,-1
5307,5306,7577,7515,7515,7515,7576,81,8442,.,.,8527
5307,5306,7578,7516,7516,7516,7576,272,8442,.,.,0
5307,5306,7580,7518,7518,7518,7576,1116,8442,.,.,4699
5307,5306,7579,7517,7517,7517,7576,1034,8442,.,.,0
5307,5306,7581,7519,7519,7519,7576,1411,8442,.,.,3720
5307,5306,7582,7520,7520,7520,7576,1580,8442,.,.,8527
5307,5306,7583,7521,7521,7521,7576,2473,8442,.,.,0
5307,5306,7584,7522,7522,7522,7576,2475,8442,.,.,4130
5307,5306,7585,7523,7523,7523,7576,2477,8442,.,.,0
5307,5306,7586,7524,7524,7524,7576,2766,8442,.,.,0
5307,5306,7587,7525,7525,7525,7576,2849,8442,.,.,3720
5307,5306,7588,7526,7526,7526,7576,2883,8442,.,.,5910
5307,5306,7589,7527,7527,7527,7576,2955,8442,.,.,5229
5307,5306,7590,7528,7528,7528,7576,3019,8442,.,.,0
5307,5306,7591,7529,7529,7529,7576,3045,8442,.,.,6492
5307,5306,7592,7530,7530,7530,7576,3071,8442,.,.,6492
5307,5306,7593,7531,7531,7531,7576,3073,8442,.,.,5910
5307,5306,7594,7532,7532,7532,7576,3140,8442,.,.,6492
5307,5306,7595,7533,7533,7533,7576,3257,8442,.,.,6492
5307,5306,7596,7534,7534,7534,7576,3349,8442,.,.,0
5307,5306,7597,7535,7535,7535,7576,3484,8442,.,.,8527
5307,5306,7598,7536,7536,7536,7576,3593,8442,.,.,3720
5307,5306,7599,7537,7537,7537,7576,3693,8442,.,.,4970
5307,5306,7600,7538,7538,7538,7576,3912,8442,.,.,4699
5307,5306,7601,7539,7539,7539,7576,4195,8442,.,.,3741
5307,5306,7602,7540,7540,7540,7576,4362,8442,.,.,6492
5307,5306,7603,7541,7541,7541,7576,4424,8442,.,.,6492
5307,5306,7604,7542,7542,7542,7576,4486,8442,.,.,0
5307,5306,7605,7543,7543,7543,7576,4621,8442,.,.,6583
5307,5306,7606,7544,7544,7544,7576,4791,8442,.,.,0
5307,5306,7607,7545,7545,7545,7576,4827,8442,.,.,6349
5307,5306,7608,7546,7546,7546,7576,4912,8442,.,.,2471
5307,5306,7609,7547,7547,7547,7576,5057,8442,.,.,0
5307,5306,7610,7548,7548,7548,7576,5233,8442,.,.,3720
5307,5306,7611,7549,7549,7549,7576,5367,8442,.,.,0
5307,5306,7612,7550,7550,7550,7576,5479,8442,.,.,0
5307,5306,7613,7551,7551,7551,7576,5613,8442,.,.,3720
5307,5306,7614,7552,7552,7552,7576,5994,8442,.,.,4699
5307,5306,7615,7553,7553,7553,7576,6520,8442,.,.,0
5307,5306,7616,7554,7554,7554,7576,6582,8442,.,.,4130
5307,5306,7617,7555,7555,7555,7576,6585,8442,.,.,3720
5307,5306,7618,7556,7556,7556,7576,6860,8442,.,.,5910
5307,5306,7619,7557,7557,7557,7576,6957,8442,.,.,0
5307,5306,7620,7558,7558,7558,7576,7189,8442,.,.,0
5307,5306,7621,7559,7559,7559,7576,7295,8442,.,.,6349
5307,5306,7622,7560,7560,7560,7576,7449,8442,.,.,0
5307,5306,7623,7561,7561,7561,7576,8085,8442,.,.,0
5307,5306,7624,7562,7562,7562,7576,8375,8442,.,.,0
5307,5306,7625,7563,7563,7563,7576,8444,8442,.,.,0
5307,5306,7626,7564,7564,7564,7576,8469,8442,.,.,4699
5307,5306,7627,7565,7565,7565,7576,8509,8442,.,.,6492
5307,5306,7628,7566,7566,7566,7576,8718,8442,.,.,5910
5307,5306,7629,7567,7567,7567,7576,8823,8442,.,.,3741
5307,5306,7630,7568,7568,7568,7576,8999,8442,.,.,5229
5307,5306,7631,7569,7569,7569,7576,9074,8442,.,.,0
5307,5306,7632,7570,7570,7570,7576,9287,8442,.,.,6583
5307,5306,7633,7571,7571,7571,7576,9289,8442,.,.,6349
5307,5306,7634,7572,7572,7572,7576,9291,8442,.,.,6492
5307,5306,7635,7573,7573,7573,7576,9293,8442,.,.,6492
5307,5306,7636,7574,7574,7574,7576,9296,8442,.,.,0
5307,5306,7637,7575,7575,7575,7576,9352,8442,.,.,5910
5307,5306,7653,7641,7641,7641,7652,2473,8442,.,.,0
5307,5306,7654,7642,7642,7642,7652,2715,8442,.,.,0
5307,5306,7655,7643,7643,7643,7652,2957,8442,.,.,0
5307,5306,7656,7644,7644,7644,7652,3521,8442,.,.,0
5307,5306,7657,7645,7645,7645,7652,5477,8442,.,.,0
5307,5306,7658,7646,7646,7646,7652,6346,8442,.,.,0
5307,5306,7659,7647,7647,7647,7652,6439,8442,.,.,0
5307,5306,7660,7648,7648,7648,7652,6574,8442,.,.,0
5307,5306,7661,7649,7649,7649,7652,7665,8442,.,.,8527
5307,5306,7662,7650,7650,7650,7652,8446,8442,.,.,0
5307,5306,7663,7651,7651,7651,7652,9296,8442,.,.,0
5307,5306,7689,7667,7667,7667,7688,81,8442,.,.,6349
5307,5306,7690,7668,7668,7668,7688,1116,8442,.,.,3720
5307,5306,7691,7669,7669,7669,7688,1198,8442,.,.,8527
5307,5306,7692,7670,7670,7670,7688,1320,8442,.,.,6349
5307,5306,7693,7671,7671,7671,7688,1411,8442,.,.,8527
5307,5306,7694,7672,7672,7672,7688,1630,8442,.,.,8527
5307,5306,7695,7673,7673,7673,7688,2220,8442,.,.,6349
5307,5306,7696,7674,7674,7674,7688,2919,8442,.,.,8527
5307,5306,7697,7675,7675,7675,7688,2995,8442,.,.,6349
5307,5306,7698,7676,7676,7676,7688,3019,8442,.,.,0
5307,5306,7699,7677,7677,7677,7688,5479,8442,.,.,0
5307,5306,7700,7678,7678,7678,7688,5736,8442,.,.,5229
5307,5306,7701,7679,7679,7679,7688,5854,8442,.,.,8527
5307,5306,7702,7680,7680,7680,7688,5944,8442,.,.,3720
5307,5306,7703,7681,7681,7681,7688,6053,8442,.,.,5910
5307,5306,7704,7682,7682,7682,7688,6623,8442,.,.,6349
5307,5306,7705,7683,7683,7683,7688,7094,8442,.,.,6583
5307,5306,7706,7684,7684,7684,7688,7295,8442,.,.,9294
5307,5306,7707,7685,7685,7685,7688,7449,8442,.,.,0
5307,5306,7708,7686,7686,7686,7688,8444,8442,.,.,0
5307,5306,7709,7687,7687,7687,7688,9289,8442,.,.,6349
5307,5306,7731,7711,7711,7711,7730,189,8442,.,.,6492
5307,5306,7732,7712,7712,7712,7730,642,8442,.,.,4970
5307,5306,7733,7713,7713,7713,7730,1411,8442,.,.,3741
5307,5306,7734,7714,7714,7714,7730,2473,8442,.,.,0
5307,5306,7735,7715,7715,7715,7730,3019,8442,.,.,0
5307,5306,7736,7716,7716,7716,7730,3296,8442,.,.,5910
5307,5306,7737,7717,7717,7717,7730,3665,8442,.,.,4699
5307,5306,7738,7718,7718,7718,7730,3743,8442,.,.,4699
5307,5306,7739,7719,7719,7719,7730,3912,8442,.,.,2471
5307,5306,7740,7720,7720,7720,7730,4311,8442,.,.,2471
5307,5306,7741,7721,7721,7721,7730,4827,8442,.,.,4699
5307,5306,7742,7722,7722,7722,7730,4912,8442,.,.,4970
5307,5306,7743,7723,7723,7723,7730,5479,8442,.,.,0
5307,5306,7744,7724,7724,7724,7730,6152,8442,.,.,5910
5307,5306,7745,7725,7725,7725,7730,6520,8442,.,.,6349
5307,5306,7746,7726,7726,7726,7730,7449,8442,.,.,0
5307,5306,7747,7727,7727,7727,7730,8085,8442,.,.,0
5307,5306,7748,7728,7728,7728,7730,8444,8442,.,.,0
5307,5306,7749,7729,7729,7729,7730,8446,8442,.,.,0
5307,5306,7811,7753,7753,7753,7810,32,8442,.,.,3720
5307,5306,7812,7754,7754,7754,7810,345,8442,.,.,4130
5307,5306,7813,7755,7755,7755,7810,642,8442,.,.,5229
5307,5306,7814,7756,7756,7756,7810,692,8442,.,.,4699
5307,5306,7815,7757,7757,7757,7810,911,8442,.,.,0
5307,5306,7816,7758,7758,7758,7810,1116,8442,.,.,9294
5307,5306,7817,7759,7759,7759,7810,1411,8442,.,.,6349
5307,5306,7818,7760,7760,7760,7810,1578,8442,.,.,5910
5307,5306,7819,7761,7761,7761,7810,1580,8442,.,.,6349
5307,5306,7820,7762,7762,7762,7810,2220,8442,.,.,4699
5307,5306,7821,7763,7763,7763,7810,2321,8442,.,.,0
5307,5306,7822,7764,7764,7764,7810,2473,8442,.,.,0
5307,5306,7823,7765,7765,7765,7810,2652,8442,.,.,6349
5307,5306,7824,7766,7766,7766,7810,2849,8442,.,.,5910
5307,5306,7825,7767,7767,7767,7810,2883,8442,.,.,3720
5307,5306,7826,7768,7768,7768,7810,2955,8442,.,.,0
5307,5306,7827,7769,7769,7769,7810,3019,8442,.,.,0
5307,5306,7828,7770,7770,7770,7810,3045,8442,.,.,8527
5307,5306,7829,7771,7771,7771,7810,3071,8442,.,.,0
5307,5306,7830,7772,7772,7772,7810,3257,8442,.,.,8527
5307,5306,7831,7773,7773,7773,7810,3296,8442,.,.,3741
5307,5306,7832,7774,7774,7774,7810,3349,8442,.,.,6349
5307,5306,7833,7775,7775,7775,7810,3519,8442,.,.,4970
5307,5306,7834,7776,7776,7776,7810,3693,8442,.,.,0
5307,5306,7835,7777,7777,7777,7810,3743,8442,.,.,6583
5307,5306,7836,7778,7778,7778,7810,4195,8442,.,.,3741
5307,5306,7838,7780,7780,7780,7810,4362,8442,.,.,9294
5307,5306,7837,7779,7779,7779,7810,4311,8442,.,.,3720
5307,5306,7839,7781,7781,7781,7810,4424,8442,.,.,8527
5307,5306,7840,7782,7782,7782,7810,4621,8442,.,.,9294
5307,5306,7841,7783,7783,7783,7810,4791,8442,.,.,0
5307,5306,7842,7784,7784,7784,7810,4795,8442,.,.,0
5307,5306,7843,7785,7785,7785,7810,4827,8442,.,.,0
5307,5306,7844,7786,7786,7786,7810,5057,8442,.,.,9294
5307,5306,7845,7787,7787,7787,7810,5422,8442,.,.,5229
5307,5306,7846,7788,7788,7788,7810,5479,8442,.,.,0
5307,5306,7847,7789,7789,7789,7810,5944,8442,.,.,0
5307,5306,7848,7790,7790,7790,7810,6348,8442,.,.,3720
5307,5306,7849,7791,7791,7791,7810,6582,8442,.,.,4130
5307,5306,7850,7792,7792,7792,7810,6860,8442,.,.,0
5307,5306,7851,7793,7793,7793,7810,7391,8442,.,.,9294
5307,5306,7852,7794,7794,7794,7810,7449,8442,.,.,0
5307,5306,7853,7795,7795,7795,7810,7576,8442,.,.,5910
5307,5306,7854,7796,7796,7796,7810,7688,8442,.,.,6492
5307,5306,7855,7797,7797,7797,7810,7730,8442,.,.,3741
5307,5306,7856,7798,7798,7798,7810,7982,8442,.,.,9294
5307,5306,7857,7799,7799,7799,7810,8085,8442,.,.,0
5307,5306,7858,7800,7800,7800,7810,8284,8442,.,.,5910
5307,5306,7859,7801,7801,7801,7810,8444,8442,.,.,0
5307,5306,7860,7802,7802,7802,7810,8823,8442,.,.,0
5307,5306,7861,7803,7803,7803,7810,8999,8442,.,.,8527
5307,5306,7862,7804,7804,7804,7810,9001,8442,.,.,4699
5307,5306,7863,7805,7805,7805,7810,9074,8442,.,.,9294
5307,5306,7864,7806,7806,7806,7810,9291,8442,.,.,8527
5307,5306,7865,7807,7807,7807,7810,9296,8442,.,.,0
5307,5306,7866,7808,7808,7808,7810,9352,8442,.,.,0
5307,5306,7867,7809,7809,7809,7810,9427,8442,.,.,4970
5307,5306,7879,7869,7869,7869,7878,2473,8442,.,.,5910
5307,5306,7880,7870,7870,7870,7878,2715,8442,.,.,4970
5307,5306,7881,7871,7871,7871,7878,2957,8442,.,.,0
5307,5306,7882,7872,7872,7872,7878,3521,8442,.,.,5910
5307,5306,7883,7873,7873,7873,7878,5477,8442,.,.,9294
5307,5306,7884,7874,7874,7874,7878,6439,8442,.,.,0
5307,5306,7885,7875,7875,7875,7878,6574,8442,.,.,6583
5307,5306,7886,7876,7876,7876,7878,7665,8442,.,.,6583
5307,5306,7887,7877,7877,7877,7878,8446,8442,.,.,6583
5307,5306,7895,7889,7889,7889,7894,2473,8442,.,.,4130
5307,5306,7896,7890,7890,7890,7894,5477,8442,.,.,4130
5307,5306,7897,7891,7891,7891,7894,6439,8442,.,.,4130
5307,5306,7898,7892,7892,7892,7894,6574,8442,.,.,4130
5307,5306,7899,7893,7893,7893,7894,8446,8442,.,.,4130
5307,5306,7913,7901,7901,7901,7912,2473,8442,.,.,0
5307,5306,7914,7902,7902,7902,7912,2715,8442,.,.,5910
5307,5306,7915,7903,7903,7903,7912,2957,8442,.,.,0
5307,5306,7916,7904,7904,7904,7912,3521,8442,.,.,5910
5307,5306,7917,7905,7905,7905,7912,5477,8442,.,.,0
5307,5306,7918,7906,7906,7906,7912,6346,8442,.,.,0
5307,5306,7919,7907,7907,7907,7912,6439,8442,.,.,0
5307,5306,7920,7908,7908,7908,7912,6574,8442,.,.,0
5307,5306,7921,7909,7909,7909,7912,7665,8442,.,.,4699
5307,5306,7922,7910,7910,7910,7912,8446,8442,.,.,0
5307,5306,7923,7911,7911,7911,7912,9296,8442,.,.,0
5307,5306,7983,7925,7925,7925,7982,81,8442,.,.,0
5307,5306,7984,7926,7926,7926,7982,189,8442,.,.,6349
5307,5306,7985,7927,7927,7927,7982,345,8442,.,.,5229
5307,5306,7986,7928,7928,7928,7982,521,8442,.,.,6492
5307,5306,7987,7929,7929,7929,7982,831,8442,.,.,3741
5307,5306,7988,7930,7930,7930,7982,911,8442,.,.,4970
5307,5306,7990,7932,7932,7932,7982,1116,8442,.,.,4699
5307,5306,7989,7931,7931,7931,7982,1034,8442,.,.,6583
5307,5306,7991,7933,7933,7933,7982,1244,8442,.,.,6583
5307,5306,7992,7934,7934,7934,7982,1524,8442,.,.,4970
5307,5306,7993,7935,7935,7935,7982,1630,8442,.,.,0
5307,5306,7994,7936,7936,7936,7982,2473,8442,.,.,0
5307,5306,7995,7937,7937,7937,7982,2477,8442,.,.,2471
5307,5306,7996,7938,7938,7938,7982,2652,8442,.,.,6492
5307,5306,7997,7939,7939,7939,7982,2713,8442,.,.,5910
5307,5306,7998,7940,7940,7940,7982,2883,8442,.,.,0
5307,5306,7999,7941,7941,7941,7982,2919,8442,.,.,3720
5307,5306,8000,7942,7942,7942,7982,3019,8442,.,.,0
5307,5306,8001,7943,7943,7943,7982,3071,8442,.,.,4699
5307,5306,8002,7944,7944,7944,7982,3349,8442,.,.,8527
5307,5306,8003,7945,7945,7945,7982,3389,8442,.,.,0
5307,5306,8004,7946,7946,7946,7982,3484,8442,.,.,5910
5307,5306,8005,7947,7947,7947,7982,3517,8442,.,.,5910
5307,5306,8006,7948,7948,7948,7982,3519,8442,.,.,4970
5307,5306,8007,7949,7949,7949,7982,3665,8442,.,.,9294
5307,5306,8008,7950,7950,7950,7982,3743,8442,.,.,6349
5307,5306,8009,7951,7951,7951,7982,4195,8442,.,.,6349
5307,5306,8011,7953,7953,7953,7982,4362,8442,.,.,6349
5307,5306,8010,7952,7952,7952,7982,4260,8442,.,.,9294
5307,5306,8012,7954,7954,7954,7982,4486,8442,.,.,3720
5307,5306,8013,7955,7955,7955,7982,4745,8442,.,.,3720
5307,5306,8014,7956,7956,7956,7982,4797,8442,.,.,0
5307,5306,8015,7957,7957,7957,7982,4827,8442,.,.,6349
5307,5306,8016,7958,7958,7958,7982,5365,8442,.,.,0
5307,5306,8017,7959,7959,7959,7982,5479,8442,.,.,0
5307,5306,8018,7960,7960,7960,7982,5529,8442,.,.,9294
5307,5306,8019,7961,7961,7961,7982,5579,8442,.,.,5910
5307,5306,8020,7962,7962,7962,7982,5649,8442,.,.,2471
5307,5306,8021,7963,7963,7963,7982,5854,8442,.,.,4970
5307,5306,8022,7964,7964,7964,7982,6152,8442,.,.,0
5307,5306,8023,7965,7965,7965,7982,6576,8442,.,.,0
5307,5306,8024,7966,7966,7966,7982,6582,8442,.,.,3720
5307,5306,8025,7967,7967,7967,7982,7094,8442,.,.,9294
5307,5306,8026,7968,7968,7968,7982,7449,8442,.,.,0
5307,5306,8027,7969,7969,7969,7982,7730,8442,.,.,3741
5307,5306,8028,7970,7970,7970,7982,8085,8442,.,.,0
5307,5306,8029,7971,7971,7971,7982,8284,8442,.,.,0
5307,5306,8030,7972,7972,7972,7982,8375,8442,.,.,2471
5307,5306,8031,7973,7973,7973,7982,8444,8442,.,.,0
5307,5306,8032,7974,7974,7974,7982,8446,8442,.,.,0
5307,5306,8033,7975,7975,7975,7982,8469,8442,.,.,5229
5307,5306,8034,7976,7976,7976,7982,8627,8442,.,.,0
5307,5306,8035,7977,7977,7977,7982,8718,8442,.,.,4970
5307,5306,8036,7978,7978,7978,7982,8823,8442,.,.,4970
5307,5306,8037,7979,7979,7979,7982,8938,8442,.,.,3741
5307,5306,8038,7980,7980,7980,7982,9228,8442,.,.,2471
5307,5306,8039,7981,7981,7981,7982,9352,8442,.,.,6349
5307,5306,8051,8041,8041,8041,8050,2473,8442,.,.,4130
5307,5306,8052,8042,8042,8042,8050,2957,8442,.,.,0
5307,5306,8053,8043,8043,8043,8050,3521,8442,.,.,0
5307,5306,8054,8044,8044,8044,8050,6346,8442,.,.,4130
5307,5306,8055,8045,8045,8045,8050,6439,8442,.,.,0
5307,5306,8056,8046,8046,8046,8050,6574,8442,.,.,0
5307,5306,8057,8047,8047,8047,8050,7665,8442,.,.,0
5307,5306,8058,8048,8048,8048,8050,8446,8442,.,.,4130
5307,5306,8059,8049,8049,8049,8050,9296,8442,.,.,0
5307,5306,8073,8061,8061,8061,8072,2473,8442,.,.,0
5307,5306,8074,8062,8062,8062,8072,2715,8442,.,.,0
5307,5306,8075,8063,8063,8063,8072,2957,8442,.,.,0
5307,5306,8076,8064,8064,8064,8072,3521,8442,.,.,0
5307,5306,8077,8065,8065,8065,8072,5477,8442,.,.,0
5307,5306,8078,8066,8066,8066,8072,6346,8442,.,.,0
5307,5306,8079,8067,8067,8067,8072,6439,8442,.,.,0
5307,5306,8080,8068,8068,8068,8072,6574,8442,.,.,0
5307,5306,8081,8069,8069,8069,8072,7665,8442,.,.,0
5307,5306,8082,8070,8070,8070,8072,8446,8442,.,.,0
5307,5306,8083,8071,8071,8071,8072,9296,8442,.,.,0
5307,5306,8099,8087,8087,8087,8098,2473,8442,.,.,0
5307,5306,8100,8088,8088,8088,8098,2715,8442,.,.,0
5307,5306,8101,8089,8089,8089,8098,2957,8442,.,.,0
5307,5306,8102,8090,8090,8090,8098,3521,8442,.,.,0
5307,5306,8103,8091,8091,8091,8098,5477,8442,.,.,0
5307,5306,8104,8092,8092,8092,8098,6346,8442,.,.,0
5307,5306,8105,8093,8093,8093,8098,6439,8442,.,.,6492
5307,5306,8106,8094,8094,8094,8098,6574,8442,.,.,0
5307,5306,8107,8095,8095,8095,8098,7665,8442,.,.,0
5307,5306,8108,8096,8096,8096,8098,8446,8442,.,.,4130
5307,5306,8109,8097,8097,8097,8098,9296,8442,.,.,4130
5307,5306,8186,8111,8111,8111,8185,32,8442,.,.,4130
5307,5306,8187,8112,8112,8112,8185,81,8442,.,.,6583
5307,5306,8188,8113,8113,8113,8185,189,8442,.,.,0
5307,5306,8189,8114,8114,8114,8185,272,8442,.,.,4130
5307,5306,8190,8115,8115,8115,8185,642,8442,.,.,6583
5307,5306,8191,8116,8116,8116,8185,831,8442,.,.,3741
5307,5306,8192,8117,8117,8117,8185,999,8442,.,.,6583
5307,5306,8193,8118,8118,8118,8185,1116,8442,.,.,6583
5307,5306,8194,8119,8119,8119,8185,1244,8442,.,.,6349
5307,5306,8195,8120,8120,8120,8185,1320,8442,.,.,9294
5307,5306,8196,8121,8121,8121,8185,1578,8442,.,.,4130
5307,5306,8197,8122,8122,8122,8185,2220,8442,.,.,3720
5307,5306,8198,8123,8123,8123,8185,2420,8442,.,.,0
5307,5306,8199,8124,8124,8124,8185,2473,8442,.,.,0
5307,5306,8200,8125,8125,8125,8185,2490,8442,.,.,0
5307,5306,8201,8126,8126,8126,8185,2514,8442,.,.,6349
5307,5306,8202,8127,8127,8127,8185,2559,8442,.,.,6583
5307,5306,8203,8128,8128,8128,8185,2995,8442,.,.,5910
5307,5306,8204,8129,8129,8129,8185,3019,8442,.,.,0
5307,5306,8205,8130,8130,8130,8185,3045,8442,.,.,6492
5307,5306,8206,8131,8131,8131,8185,3071,8442,.,.,5229
5307,5306,8207,8132,8132,8132,8185,3073,8442,.,.,3741
5307,5306,8208,8133,8133,8133,8185,3257,8442,.,.,4699
5307,5306,8209,8134,8134,8134,8185,3296,8442,.,.,6349
5307,5306,8210,8135,8135,8135,8185,3440,8442,.,.,4970
5307,5306,8211,8136,8136,8136,8185,3519,8442,.,.,5229
5307,5306,8212,8137,8137,8137,8185,3665,8442,.,.,5229
5307,5306,8213,8138,8138,8138,8185,3743,8442,.,.,4130
5307,5306,8214,8139,8139,8139,8185,4045,8442,.,.,0
5307,5306,8215,8140,8140,8140,8185,4195,8442,.,.,4699
5307,5306,8218,8143,8143,8143,8185,4362,8442,.,.,0
5307,5306,8216,8141,8141,8141,8185,4260,8442,.,.,0
5307,5306,8217,8142,8142,8142,8185,4311,8442,.,.,5229
5307,5306,8219,8144,8144,8144,8185,4486,8442,.,.,6349
5307,5306,8220,8145,8145,8145,8185,4534,8442,.,.,6583
5307,5306,8221,8146,8146,8146,8185,4791,8442,.,.,4970
5307,5306,8222,8147,8147,8147,8185,4799,8442,.,.,6583
5307,5306,8223,8148,8148,8148,8185,4912,8442,.,.,4699
5307,5306,8224,8149,8149,8149,8185,5233,8442,.,.,6583
5307,5306,8225,8150,8150,8150,8185,5309,8442,.,.,3741
5307,5306,8226,8151,8151,8151,8185,5365,8442,.,.,6583
5307,5306,8227,8152,8152,8152,8185,5367,8442,.,.,5910
5307,5306,8228,8153,8153,8153,8185,5479,8442,.,.,0
5307,5306,8229,8154,8154,8154,8185,5613,8442,.,.,9294
5307,5306,8230,8155,8155,8155,8185,5649,8442,.,.,6349
5307,5306,8231,8156,8156,8156,8185,5944,8442,.,.,5910
5307,5306,8232,8157,8157,8157,8185,5994,8442,.,.,6583
5307,5306,8233,8158,8158,8158,8185,6053,8442,.,.,5229
5307,5306,8234,8159,8159,8159,8185,6348,8442,.,.,6583
5307,5306,8235,8160,8160,8160,8185,6520,8442,.,.,4970
5307,5306,8236,8161,8161,8161,8185,6548,8442,.,.,4699
5307,5306,8237,8162,8162,8162,8185,6550,8442,.,.,3720
5307,5306,8238,8163,8163,8163,8185,6578,8442,.,.,3741
5307,5306,8239,8164,8164,8164,8185,6580,8442,.,.,6349
5307,5306,8240,8165,8165,8165,8185,6582,8442,.,.,5229
5307,5306,8241,8166,8166,8166,8185,6860,8442,.,.,4970
5307,5306,8242,8167,8167,8167,8185,7449,8442,.,.,0
5307,5306,8243,8168,8168,8168,8185,7576,8442,.,.,0
5307,5306,8244,8169,8169,8169,8185,7751,8442,.,.,4699
5307,5306,8245,8170,8170,8170,8185,7810,8442,.,.,3741
5307,5306,8246,8171,8171,8171,8185,8085,8442,.,.,0
5307,5306,8247,8172,8172,8172,8185,8284,8442,.,.,0
5307,5306,8248,8173,8173,8173,8185,8444,8442,.,.,0
5307,5306,8249,8174,8174,8174,8185,8469,8442,.,.,6349
5307,5306,8250,8175,8175,8175,8185,8509,8442,.,.,3720
5307,5306,8251,8176,8176,8176,8185,8627,8442,.,.,0
5307,5306,8252,8177,8177,8177,8185,8938,8442,.,.,6492
5307,5306,8253,8178,8178,8178,8185,8999,8442,.,.,6583
5307,5306,8254,8179,8179,8179,8185,9074,8442,.,.,4970
5307,5306,8255,8180,8180,8180,8185,9287,8442,.,.,4970
5307,5306,8256,8181,8181,8181,8185,9289,8442,.,.,5229
5307,5306,8257,8182,8182,8182,8185,9291,8442,.,.,0
5307,5306,8258,8183,8183,8183,8185,9293,8442,.,.,4130
5307,5306,8259,8184,8184,8184,8185,9427,8442,.,.,4970
5307,5306,8285,8261,8261,8261,8284,189,8442,.,.,5229
5307,5306,8286,8262,8262,8262,8284,642,8442,.,.,4970
5307,5306,8287,8263,8263,8263,8284,2473,8442,.,.,0
5307,5306,8288,8264,8264,8264,8284,2490,8442,.,.,4970
5307,5306,8289,8265,8265,8265,8284,3019,8442,.,.,0
5307,5306,8290,8266,8266,8266,8284,3045,8442,.,.,4970
5307,5306,8291,8267,8267,8267,8284,3794,8442,.,.,5229
5307,5306,8292,8268,8268,8268,8284,4045,8442,.,.,5229
5307,5306,8293,8269,8269,8269,8284,4621,8442,.,.,4130
5307,5306,8294,8270,8270,8270,8284,4799,8442,.,.,8527
5307,5306,8295,8271,8271,8271,8284,4827,8442,.,.,4130
5307,5306,8296,8272,8272,8272,8284,4912,8442,.,.,8527
5307,5306,8297,8273,8273,8273,8284,5233,8442,.,.,5229
5307,5306,8298,8274,8274,8274,8284,5479,8442,.,.,5229
5307,5306,8299,8275,8275,8275,8284,6053,8442,.,.,4970
5307,5306,8300,8276,8276,8276,8284,6580,8442,.,.,8527
5307,5306,8301,8277,8277,8277,8284,7333,8442,.,.,4130
5307,5306,8302,8278,8278,8278,8284,7449,8442,.,.,0
5307,5306,8303,8279,8279,8279,8284,8085,8442,.,.,0
5307,5306,8304,8280,8280,8280,8284,8444,8442,.,.,0
5307,5306,8305,8281,8281,8281,8284,8718,8442,.,.,8527
5307,5306,8306,8282,8282,8282,8284,8999,8442,.,.,5229
5307,5306,8307,8283,8283,8283,8284,9001,8442,.,.,4970
5307,5306,8376,8309,8309,8309,8375,272,8442,.,.,8527
5307,5306,8377,8310,8310,8310,8375,521,8442,.,.,0
5307,5306,8378,8311,8311,8311,8375,749,8442,.,.,4970
5307,5306,8379,8312,8312,8312,8375,1244,8442,.,.,4699
5307,5306,8380,8313,8313,8313,8375,1320,8442,.,.,4970
5307,5306,8381,8314,8314,8314,8375,1524,8442,.,.,0
5307,5306,8382,8315,8315,8315,8375,1580,8442,.,.,8527
5307,5306,8383,8316,8316,8316,8375,2220,8442,.,.,0
5307,5306,8384,8317,8317,8317,8375,2473,8442,.,.,0
5307,5306,8385,8318,8318,8318,8375,2477,8442,.,.,0
5307,5306,8386,8319,8319,8319,8375,2490,8442,.,.,6583
5307,5306,8387,8320,8320,8320,8375,2514,8442,.,.,5229
5307,5306,8388,8321,8321,8321,8375,2713,8442,.,.,8527
5307,5306,8389,8322,8322,8322,8375,2849,8442,.,.,2471
5307,5306,8390,8323,8323,8323,8375,2883,8442,.,.,4130
5307,5306,8391,8324,8324,8324,8375,3019,8442,.,.,0
5307,5306,8392,8325,8325,8325,8375,3045,8442,.,.,4130
5307,5306,8393,8326,8326,8326,8375,3071,8442,.,.,3720
5307,5306,8394,8327,8327,8327,8375,3140,8442,.,.,6492
5307,5306,8395,8328,8328,8328,8375,3231,8442,.,.,4130
5307,5306,8396,8329,8329,8329,8375,3257,8442,.,.,8527
5307,5306,8397,8330,8330,8330,8375,3484,8442,.,.,3720
5307,5306,8398,8331,8331,8331,8375,3593,8442,.,.,0
5307,5306,8399,8332,8332,8332,8375,3665,8442,.,.,2471
5307,5306,8400,8333,8333,8333,8375,3693,8442,.,.,3741
5307,5306,8401,8334,8334,8334,8375,3743,8442,.,.,3741
5307,5306,8402,8335,8335,8335,8375,3794,8442,.,.,9294
5307,5306,8403,8336,8336,8336,8375,4045,8442,.,.,8527
5307,5306,8404,8337,8337,8337,8375,4362,8442,.,.,6492
5307,5306,8405,8338,8338,8338,8375,4795,8442,.,.,6583
5307,5306,8406,8339,8339,8339,8375,4797,8442,.,.,0
5307,5306,8407,8340,8340,8340,8375,5057,8442,.,.,3741
5307,5306,8408,8341,8341,8341,8375,5231,8442,.,.,3741
5307,5306,8409,8342,8342,8342,8375,5309,8442,.,.,8527
5307,5306,8410,8343,8343,8343,8375,5479,8442,.,.,0
5307,5306,8413,8346,8346,8346,8375,5647,8442,.,.,8527
5307,5306,8411,8344,8344,8344,8375,5579,8442,.,.,4130
5307,5306,8412,8345,8345,8345,8375,5613,8442,.,.,4970
5307,5306,8414,8347,8347,8347,8375,5994,8442,.,.,4130
5307,5306,8415,8348,8348,8348,8375,6152,8442,.,.,0
5307,5306,8416,8349,8349,8349,8375,6348,8442,.,.,6583
5307,5306,8417,8350,8350,8350,8375,6576,8442,.,.,0
5307,5306,8418,8351,8351,8351,8375,6580,8442,.,.,4970
5307,5306,8419,8352,8352,8352,8375,6582,8442,.,.,4130
5307,5306,8420,8353,8353,8353,8375,6585,8442,.,.,6349
5307,5306,8421,8354,8354,8354,8375,6623,8442,.,.,2471
5307,5306,8422,8355,8355,8355,8375,6860,8442,.,.,2471
5307,5306,8423,8356,8356,8356,8375,7094,8442,.,.,5229
5307,5306,8424,8357,8357,8357,8375,7449,8442,.,.,0
5307,5306,8425,8358,8358,8358,8375,7730,8442,.,.,4130
5307,5306,8426,8359,8359,8359,8375,7810,8442,.,.,2471
5307,5306,8427,8360,8360,8360,8375,7982,8442,.,.,4130
5307,5306,8428,8361,8361,8361,8375,8085,8442,.,.,0
5307,5306,8429,8362,8362,8362,8375,8444,8442,.,.,0
5307,5306,8430,8363,8363,8363,8375,8446,8442,.,.,0
5307,5306,8431,8364,8364,8364,8375,8509,8442,.,.,9294
5307,5306,8432,8365,8365,8365,8375,8627,8442,.,.,6492
5307,5306,8433,8366,8366,8366,8375,8718,8442,.,.,9294
5307,5306,8434,8367,8367,8367,8375,8823,8442,.,.,6583
5307,5306,8435,8368,8368,8368,8375,9001,8442,.,.,3741
5307,5306,8436,8369,8369,8369,8375,9074,8442,.,.,2471
5307,5306,8437,8370,8370,8370,8375,9228,8442,.,.,6349
5307,5306,8438,8371,8371,8371,8375,9287,8442,.,.,4130
5307,5306,8439,8372,8372,8372,8375,9289,8442,.,.,8527
5307,5306,8440,8373,8373,8373,8375,9296,8442,.,.,0
5307,5306,8441,8374,8374,8374,8375,9427,8442,.,.,9294
5307,5306,8470,8448,8448,8448,8469,642,8442,.,.,5910
5307,5306,8471,8449,8449,8449,8469,1524,8442,.,.,3720
5307,5306,8472,8450,8450,8450,8469,2473,8442,.,.,0
5307,5306,8473,8451,8451,8451,8469,2475,8442,.,.,0
5307,5306,8474,8452,8452,8452,8469,3019,8442,.,.,0
5307,5306,8475,8453,8453,8453,8469,3389,8442,.,.,0
5307,5306,8476,8454,8454,8454,8469,3517,8442,.,.,4970
5307,5306,8477,8455,8455,8455,8469,4621,8442,.,.,4130
5307,5306,8478,8456,8456,8456,8469,4791,8442,.,.,6583
5307,5306,8479,8457,8457,8457,8469,5479,8442,.,.,0
5307,5306,8480,8458,8458,8458,8469,5529,8442,.,.,5229
5307,5306,8481,8459,8459,8459,8469,6548,8442,.,.,0
5307,5306,8482,8460,8460,8460,8469,7449,8442,.,.,5229
5307,5306,8483,8461,8461,8461,8469,7810,8442,.,.,6583
5307,5306,8484,8462,8462,8462,8469,7982,8442,.,.,5229
5307,5306,8485,8463,8463,8463,8469,8085,8442,.,.,0
5307,5306,8486,8464,8464,8464,8469,8444,8442,.,.,5229
5307,5306,8487,8465,8465,8465,8469,8446,8442,.,.,0
5307,5306,8488,8466,8466,8466,8469,8938,8442,.,.,4699
5307,5306,8489,8467,8467,8467,8469,9074,8442,.,.,5229
5307,5306,8490,8468,8468,8468,8469,9287,8442,.,.,4699
5307,5306,8510,8492,8492,8492,8509,81,8442,.,.,2471
5307,5306,8511,8493,8493,8493,8509,1034,8442,.,.,6583
5307,5306,8512,8494,8494,8494,8509,1320,8442,.,.,6583
5307,5306,8513,8495,8495,8495,8509,2652,8442,.,.,4699
5307,5306,8514,8496,8496,8496,8509,3019,8442,.,.,0
5307,5306,8515,8497,8497,8497,8509,4827,8442,.,.,5229
5307,5306,8516,8498,8498,8498,8509,5231,8442,.,.,4699
5307,5306,8517,8499,8499,8499,8509,5367,8442,.,.,6583
5307,5306,8518,8500,8500,8500,8509,5479,8442,.,.,0
5307,5306,8519,8501,8501,8501,8509,6520,8442,.,.,2471
5307,5306,8520,8502,8502,8502,8509,6550,8442,.,.,2471
5307,5306,8521,8503,8503,8503,8509,7449,8442,.,.,0
5307,5306,8522,8504,8504,8504,8509,8085,8442,.,.,0
5307,5306,8523,8505,8505,8505,8509,8444,8442,.,.,0
5307,5306,8524,8506,8506,8506,8509,8938,8442,.,.,4699
5307,5306,8525,8507,8507,8507,8509,9001,8442,.,.,4699
5307,5306,8526,8508,8508,8508,8509,9296,8442,.,.,0
5307,5306,8565,8529,8529,8529,8564,81,8442,.,.,8527
5307,5306,8566,8530,8530,8530,8564,642,8442,.,.,8527
5307,5306,8567,8531,8531,8531,8564,749,8442,.,.,8527
5307,5306,8568,8532,8532,8532,8564,999,8442,.,.,3720
5307,5306,8569,8533,8533,8533,8564,1198,8442,.,.,3720
5307,5306,8570,8534,8534,8534,8564,2321,8442,.,.,6583
5307,5306,8571,8535,8535,8535,8564,2473,8442,.,.,0
5307,5306,8572,8536,8536,8536,8564,2559,8442,.,.,4130
5307,5306,8573,8537,8537,8537,8564,2715,8442,.,.,4130
5307,5306,8574,8538,8538,8538,8564,2919,8442,.,.,9294
5307,5306,8575,8539,8539,8539,8564,2955,8442,.,.,0
5307,5306,8576,8540,8540,8540,8564,2957,8442,.,.,8527
5307,5306,8577,8541,8541,8541,8564,2995,8442,.,.,4130
5307,5306,8578,8542,8542,8542,8564,3019,8442,.,.,0
5307,5306,8579,8543,8543,8543,8564,3296,8442,.,.,3720
5307,5306,8580,8544,8544,8544,8564,3389,8442,.,.,3720
5307,5306,8581,8545,8545,8545,8564,3521,8442,.,.,8527
5307,5306,8582,8546,8546,8546,8564,3693,8442,.,.,3720
5307,5306,8583,8547,8547,8547,8564,3794,8442,.,.,9294
5307,5306,8584,8548,8548,8548,8564,4799,8442,.,.,8527
5307,5306,8585,8549,8549,8549,8564,5477,8442,.,.,8527
5307,5306,8586,8550,8550,8550,8564,5479,8442,.,.,0
5307,5306,8587,8551,8551,8551,8564,5647,8442,.,.,8527
5307,5306,8588,8552,8552,8552,8564,5736,8442,.,.,4130
5307,5306,8589,8553,8553,8553,8564,6346,8442,.,.,6492
5307,5306,8590,8554,8554,8554,8564,6574,8442,.,.,0
5307,5306,8591,8555,8555,8555,8564,7094,8442,.,.,3720
5307,5306,8592,8556,8556,8556,8564,7449,8442,.,.,0
5307,5306,8593,8557,8557,8557,8564,7665,8442,.,.,2471
5307,5306,8594,8558,8558,8558,8564,8085,8442,.,.,0
5307,5306,8595,8559,8559,8559,8564,8185,8442,.,.,4130
5307,5306,8596,8560,8560,8560,8564,8444,8442,.,.,0
5307,5306,8597,8561,8561,8561,8564,8446,8442,.,.,0
5307,5306,8598,8562,8562,8562,8564,8469,8442,.,.,6583
5307,5306,8599,8563,8563,8563,8564,9228,8442,.,.,6583
5307,5306,8628,8601,8601,8601,8627,32,8442,.,.,3720
5307,5306,8629,8602,8602,8602,8627,81,8442,.,.,6583
5307,5306,8630,8603,8603,8603,8627,642,8442,.,.,3720
5307,5306,8631,8604,8604,8604,8627,911,8442,.,.,2471
5307,5306,8632,8605,8605,8605,8627,2473,8442,.,.,0
5307,5306,8633,8606,8606,8606,8627,2713,8442,.,.,4130
5307,5306,8634,8607,8607,8607,8627,2883,8442,.,.,4970
5307,5306,8635,8608,8608,8608,8627,2955,8442,.,.,3720
5307,5306,8636,8609,8609,8609,8627,3019,8442,.,.,0
5307,5306,8637,8610,8610,8610,8627,3140,8442,.,.,4970
5307,5306,8638,8611,8611,8611,8627,3296,8442,.,.,6492
5307,5306,8639,8612,8612,8612,8627,4311,8442,.,.,4130
5307,5306,8640,8613,8613,8613,8627,5057,8442,.,.,2471
5307,5306,8641,8614,8614,8614,8627,5365,8442,.,.,6492
5307,5306,8642,8615,8615,8615,8627,5479,8442,.,.,0
5307,5306,8643,8616,8616,8616,8627,7094,8442,.,.,8527
5307,5306,8644,8617,8617,8617,8627,7333,8442,.,.,4130
5307,5306,8645,8618,8618,8618,8627,7449,8442,.,.,0
5307,5306,8646,8619,8619,8619,8627,7576,8442,.,.,4130
5307,5306,8647,8620,8620,8620,8627,7730,8442,.,.,6492
5307,5306,8648,8621,8621,8621,8627,8085,8442,.,.,0
5307,5306,8649,8622,8622,8622,8627,8375,8442,.,.,6583
5307,5306,8650,8623,8623,8623,8627,8444,8442,.,.,0
5307,5306,8651,8624,8624,8624,8627,8469,8442,.,.,0
5307,5306,8652,8625,8625,8625,8627,9074,8442,.,.,3720
5307,5306,8653,8626,8626,8626,8627,9293,8442,.,.,8527
5307,5306,8661,8655,8655,8655,8660,2715,8442,.,.,6349
5307,5306,8662,8656,8656,8656,8660,2957,8442,.,.,5910
5307,5306,8663,8657,8657,8657,8660,3521,8442,.,.,5910
5307,5306,8664,8658,8658,8658,8660,5477,8442,.,.,0
5307,5306,8665,8659,8659,8659,8660,9296,8442,.,.,0
5307,5306,8719,8667,8667,8667,8718,32,8442,.,.,3741
5307,5306,8720,8668,8668,8668,8718,345,8442,.,.,4970
5307,5306,8721,8669,8669,8669,8718,831,8442,.,.,0
5307,5306,8722,8670,8670,8670,8718,1411,8442,.,.,6583
5307,5306,8723,8671,8671,8671,8718,1524,8442,.,.,3741
5307,5306,8724,8672,8672,8672,8718,1580,8442,.,.,0
5307,5306,8725,8673,8673,8673,8718,2473,8442,.,.,0
5307,5306,8726,8674,8674,8674,8718,2477,8442,.,.,0
5307,5306,8727,8675,8675,8675,8718,2490,8442,.,.,0
5307,5306,8728,8676,8676,8676,8718,2995,8442,.,.,6583
5307,5306,8729,8677,8677,8677,8718,3019,8442,.,.,0
5307,5306,8730,8678,8678,8678,8718,3073,8442,.,.,0
5307,5306,8731,8679,8679,8679,8718,3140,8442,.,.,0
5307,5306,8732,8680,8680,8680,8718,3231,8442,.,.,4970
5307,5306,8733,8681,8681,8681,8718,3484,8442,.,.,8527
5307,5306,8734,8682,8682,8682,8718,3517,8442,.,.,4130
5307,5306,8735,8683,8683,8683,8718,3593,8442,.,.,0
5307,5306,8736,8684,8684,8684,8718,3665,8442,.,.,4970
5307,5306,8737,8685,8685,8685,8718,3693,8442,.,.,4970
5307,5306,8738,8686,8686,8686,8718,4362,8442,.,.,8527
5307,5306,8739,8687,8687,8687,8718,4486,8442,.,.,9294
5307,5306,8740,8688,8688,8688,8718,4797,8442,.,.,4970
5307,5306,8741,8689,8689,8689,8718,4799,8442,.,.,8527
5307,5306,8742,8690,8690,8690,8718,5233,8442,.,.,0
5307,5306,8743,8691,8691,8691,8718,5336,8442,.,.,9294
5307,5306,8744,8692,8692,8692,8718,5479,8442,.,.,0
5307,5306,8746,8694,8694,8694,8718,5647,8442,.,.,4130
5307,5306,8745,8693,8693,8693,8718,5613,8442,.,.,6583
5307,5306,8747,8695,8695,8695,8718,5854,8442,.,.,8527
5307,5306,8748,8696,8696,8696,8718,5994,8442,.,.,6492
5307,5306,8749,8697,8697,8697,8718,6152,8442,.,.,5910
5307,5306,8750,8698,8698,8698,8718,6212,8442,.,.,4130
5307,5306,8751,8699,8699,8699,8718,6580,8442,.,.,4970
5307,5306,8752,8700,8700,8700,8718,6582,8442,.,.,5229
5307,5306,8753,8701,8701,8701,8718,6705,8442,.,.,0
5307,5306,8754,8702,8702,8702,8718,6860,8442,.,.,0
5307,5306,8755,8703,8703,8703,8718,7333,8442,.,.,4970
5307,5306,8756,8704,8704,8704,8718,7391,8442,.,.,0
5307,5306,8757,8705,8705,8705,8718,7449,8442,.,.,0
5307,5306,8758,8706,8706,8706,8718,7688,8442,.,.,0
5307,5306,8759,8707,8707,8707,8718,7730,8442,.,.,5229
5307,5306,8760,8708,8708,8708,8718,7810,8442,.,.,3741
5307,5306,8761,8709,8709,8709,8718,8085,8442,.,.,0
5307,5306,8762,8710,8710,8710,8718,8185,8442,.,.,5229
5307,5306,8763,8711,8711,8711,8718,8444,8442,.,.,0
5307,5306,8764,8712,8712,8712,8718,8469,8442,.,.,3741
5307,5306,8765,8713,8713,8713,8718,8938,8442,.,.,6583
5307,5306,8766,8714,8714,8714,8718,8999,8442,.,.,4970
5307,5306,8767,8715,8715,8715,8718,9074,8442,.,.,0
5307,5306,8768,8716,8716,8716,8718,9291,8442,.,.,8527
5307,5306,8769,8717,8717,8717,8718,9296,8442,.,.,0
5307,5306,8824,8771,8771,8771,8823,81,8442,.,.,6583
5307,5306,8825,8772,8772,8772,8823,189,8442,.,.,4970
5307,5306,8826,8773,8773,8773,8823,345,8442,.,.,5910
5307,5306,8827,8774,8774,8774,8823,521,8442,.,.,4699
5307,5306,8828,8775,8775,8775,8823,911,8442,.,.,6349
5307,5306,8829,8776,8776,8776,8823,1116,8442,.,.,2471
5307,5306,8830,8777,8777,8777,8823,1198,8442,.,.,0
5307,5306,8831,8778,8778,8778,8823,1244,8442,.,.,9294
5307,5306,8832,8779,8779,8779,8823,1320,8442,.,.,0
5307,5306,8833,8780,8780,8780,8823,1411,8442,.,.,6349
5307,5306,8834,8781,8781,8781,8823,2473,8442,.,.,0
5307,5306,8835,8782,8782,8782,8823,2477,8442,.,.,3720
5307,5306,8836,8783,8783,8783,8823,2514,8442,.,.,4699
5307,5306,8837,8784,8784,8784,8823,2652,8442,.,.,3720
5307,5306,8838,8785,8785,8785,8823,2849,8442,.,.,4699
5307,5306,8839,8786,8786,8786,8823,2883,8442,.,.,8527
5307,5306,8840,8787,8787,8787,8823,3019,8442,.,.,0
5307,5306,8841,8788,8788,8788,8823,3140,8442,.,.,6349
5307,5306,8842,8789,8789,8789,8823,3231,8442,.,.,4970
5307,5306,8843,8790,8790,8790,8823,3389,8442,.,.,0
5307,5306,8844,8791,8791,8791,8823,3519,8442,.,.,3720
5307,5306,8845,8792,8792,8792,8823,3593,8442,.,.,0
5307,5306,8846,8793,8793,8793,8823,3693,8442,.,.,4130
5307,5306,8847,8794,8794,8794,8823,4311,8442,.,.,4970
5307,5306,8848,8795,8795,8795,8823,4424,8442,.,.,0
5307,5306,8849,8796,8796,8796,8823,4797,8442,.,.,4699
5307,5306,8850,8797,8797,8797,8823,4799,8442,.,.,3720
5307,5306,8851,8798,8798,8798,8823,4827,8442,.,.,0
5307,5306,8852,8799,8799,8799,8823,4912,8442,.,.,8527
5307,5306,8853,8800,8800,8800,8823,5365,8442,.,.,8527
5307,5306,8854,8801,8801,8801,8823,5479,8442,.,.,0
5307,5306,8855,8802,8802,8802,8823,5529,8442,.,.,8527
5307,5306,8856,8803,8803,8803,8823,5613,8442,.,.,4699
5307,5306,8857,8804,8804,8804,8823,5649,8442,.,.,8527
5307,5306,8858,8805,8805,8805,8823,5854,8442,.,.,0
5307,5306,8859,8806,8806,8806,8823,5944,8442,.,.,3720
5307,5306,8860,8807,8807,8807,8823,5994,8442,.,.,0
5307,5306,8861,8808,8808,8808,8823,6152,8442,.,.,4699
5307,5306,8862,8809,8809,8809,8823,6578,8442,.,.,0
5307,5306,8863,8810,8810,8810,8823,6582,8442,.,.,4699
5307,5306,8864,8811,8811,8811,8823,7449,8442,.,.,0
5307,5306,8865,8812,8812,8812,8823,7688,8442,.,.,5229
5307,5306,8866,8813,8813,8813,8823,8085,8442,.,.,0
5307,5306,8867,8814,8814,8814,8823,8375,8442,.,.,3720
5307,5306,8868,8815,8815,8815,8823,8444,8442,.,.,0
5307,5306,8869,8816,8816,8816,8823,8718,8442,.,.,0
5307,5306,8870,8817,8817,8817,8823,8877,8442,.,.,0
5307,5306,8871,8818,8818,8818,8823,8999,8442,.,.,4699
5307,5306,8872,8819,8819,8819,8823,9001,8442,.,.,4699
5307,5306,8873,8820,8820,8820,8823,9287,8442,.,.,6349
5307,5306,8874,8821,8821,8821,8823,9289,8442,.,.,3720
5307,5306,8875,8822,8822,8822,8823,9352,8442,.,.,0
5307,5306,8939,8879,8879,8879,8938,32,8442,.,.,2471
5307,5306,8940,8880,8880,8880,8938,272,8442,.,.,4130
5307,5306,8941,8881,8881,8881,8938,521,8442,.,.,9294
5307,5306,8942,8882,8882,8882,8938,831,8442,.,.,2471
5307,5306,8943,8883,8883,8883,8938,1244,8442,.,.,6349
5307,5306,8944,8884,8884,8884,8938,1320,8442,.,.,5229
5307,5306,8945,8885,8885,8885,8938,1411,8442,.,.,6349
5307,5306,8946,8886,8886,8886,8938,1524,8442,.,.,0
5307,5306,8947,8887,8887,8887,8938,1578,8442,.,.,2471
5307,5306,8948,8888,8888,8888,8938,2220,8442,.,.,9294
5307,5306,8949,8889,8889,8889,8938,2473,8442,.,.,0
5307,5306,8950,8890,8890,8890,8938,2559,8442,.,.,6349
5307,5306,8951,8891,8891,8891,8938,2713,8442,.,.,8527
5307,5306,8952,8892,8892,8892,8938,2883,8442,.,.,6349
5307,5306,8953,8893,8893,8893,8938,2955,8442,.,.,9294
5307,5306,8954,8894,8894,8894,8938,3019,8442,.,.,0
5307,5306,8955,8895,8895,8895,8938,3045,8442,.,.,2471
5307,5306,8956,8896,8896,8896,8938,3071,8442,.,.,6349
5307,5306,8957,8897,8897,8897,8938,3073,8442,.,.,9294
5307,5306,8958,8898,8898,8898,8938,3296,8442,.,.,9294
5307,5306,8959,8899,8899,8899,8938,3389,8442,.,.,5910
5307,5306,8960,8900,8900,8900,8938,3484,8442,.,.,9294
5307,5306,8961,8901,8901,8901,8938,3519,8442,.,.,5229
5307,5306,8962,8902,8902,8902,8938,3693,8442,.,.,3720
5307,5306,8963,8903,8903,8903,8938,3794,8442,.,.,0
5307,5306,8964,8904,8904,8904,8938,3912,8442,.,.,8527
5307,5306,8965,8905,8905,8905,8938,4195,8442,.,.,2471
5307,5306,8966,8906,8906,8906,8938,4311,8442,.,.,0
5307,5306,8967,8907,8907,8907,8938,4424,8442,.,.,8527
5307,5306,8968,8908,8908,8908,8938,4621,8442,.,.,9294
5307,5306,8969,8909,8909,8909,8938,4799,8442,.,.,8527
5307,5306,8970,8910,8910,8910,8938,4827,8442,.,.,5229
5307,5306,8971,8911,8911,8911,8938,5233,8442,.,.,6492
5307,5306,8972,8912,8912,8912,8938,5365,8442,.,.,0
5307,5306,8973,8913,8913,8913,8938,5479,8442,.,.,0
5307,5306,8974,8914,8914,8914,8938,5854,8442,.,.,5229
5307,5306,8975,8915,8915,8915,8938,6548,8442,.,.,8527
5307,5306,8976,8916,8916,8916,8938,6550,8442,.,.,8527
5307,5306,8977,8917,8917,8917,8938,6576,8442,.,.,0
5307,5306,8978,8918,8918,8918,8938,6585,8442,.,.,8527
5307,5306,8979,8919,8919,8919,8938,6705,8442,.,.,8527
5307,5306,8980,8920,8920,8920,8938,7094,8442,.,.,4130
5307,5306,8981,8921,8921,8921,8938,7295,8442,.,.,4130
5307,5306,8982,8922,8922,8922,8938,7449,8442,.,.,0
5307,5306,8983,8923,8923,8923,8938,7576,8442,.,.,5910
5307,5306,8985,8925,8925,8925,8938,7751,8442,.,.,0
5307,5306,8984,8924,8924,8924,8938,7730,8442,.,.,5229
5307,5306,8986,8926,8926,8926,8938,8085,8442,.,.,0
5307,5306,8987,8927,8927,8927,8938,8185,8442,.,.,2471
5307,5306,8988,8928,8928,8928,8938,8375,8442,.,.,2471
5307,5306,8989,8929,8929,8929,8938,8444,8442,.,.,0
5307,5306,8990,8930,8930,8930,8938,8446,8442,.,.,0
5307,5306,8991,8931,8931,8931,8938,8823,8442,.,.,0
5307,5306,8992,8932,8932,8932,8938,9001,8442,.,.,9294
5307,5306,8993,8933,8933,8933,8938,9287,8442,.,.,0
5307,5306,8994,8934,8934,8934,8938,9289,8442,.,.,8527
5307,5306,8995,8935,8935,8935,8938,9293,8442,.,.,9294
5307,5306,8996,8936,8936,8936,8938,9352,8442,.,.,8527
5307,5306,8997,8937,8937,8937,8938,9427,8442,.,.,5229
5307,5306,9075,9003,9003,9003,9074,32,8442,.,.,0
5307,5306,9076,9004,9004,9004,9074,692,8442,.,.,0
5307,5306,9077,9005,9005,9005,9074,999,8442,.,.,3720
5307,5306,9078,9006,9006,9006,9074,1034,8442,.,.,3720
5307,5306,9079,9007,9007,9007,9074,1198,8442,.,.,8527
5307,5306,9080,9008,9008,9008,9074,1244,8442,.,.,2471
5307,5306,9081,9009,9009,9009,9074,1524,8442,.,.,4699
5307,5306,9082,9010,9010,9010,9074,1580,8442,.,.,2471
5307,5306,9083,9011,9011,9011,9074,1630,8442,.,.,3741
5307,5306,9084,9012,9012,9012,9074,2220,8442,.,.,0
5307,5306,9085,9013,9013,9013,9074,2477,8442,.,.,9294
5307,5306,9086,9014,9014,9014,9074,2559,8442,.,.,6349
5307,5306,9087,9015,9015,9015,9074,2652,8442,.,.,0
5307,5306,9088,9016,9016,9016,9074,2713,8442,.,.,3720
5307,5306,9089,9017,9017,9017,9074,2766,8442,.,.,3741
5307,5306,9090,9018,9018,9018,9074,2995,8442,.,.,0
5307,5306,9091,9019,9019,9019,9074,3019,8442,.,.,0
5307,5306,9092,9020,9020,9020,9074,3071,8442,.,.,0
5307,5306,9093,9021,9021,9021,9074,3140,8442,.,.,0
5307,5306,9094,9022,9022,9022,9074,3257,8442,.,.,0
5307,5306,9095,9023,9023,9023,9074,3296,8442,.,.,0
5307,5306,9096,9024,9024,9024,9074,3519,8442,.,.,5229
5307,5306,9097,9025,9025,9025,9074,3743,8442,.,.,3720
5307,5306,9098,9026,9026,9026,9074,3794,8442,.,.,2471
5307,5306,9099,9027,9027,9027,9074,4045,8442,.,.,4970
5307,5306,9100,9028,9028,9028,9074,4362,8442,.,.,0
5307,5306,9101,9029,9029,9029,9074,4424,8442,.,.,0
5307,5306,9102,9030,9030,9030,9074,4486,8442,.,.,3720
5307,5306,9103,9031,9031,9031,9074,4621,8442,.,.,0
5307,5306,9104,9032,9032,9032,9074,4791,8442,.,.,3741
5307,5306,9105,9033,9033,9033,9074,4795,8442,.,.,2471
5307,5306,9106,9034,9034,9034,9074,4797,8442,.,.,0
5307,5306,9107,9035,9035,9035,9074,4799,8442,.,.,0
5307,5306,9108,9036,9036,9036,9074,4827,8442,.,.,4970
5307,5306,9109,9037,9037,9037,9074,5057,8442,.,.,3720
5307,5306,9110,9038,9038,9038,9074,5231,8442,.,.,4699
5307,5306,9111,9039,9039,9039,9074,5309,8442,.,.,0
5307,5306,9112,9040,9040,9040,9074,5365,8442,.,.,0
5307,5306,9113,9041,9041,9041,9074,5479,8442,.,.,0
5307,5306,9114,9042,9042,9042,9074,5529,8442,.,.,6583
5307,5306,9115,9043,9043,9043,9074,5647,8442,.,.,0
5307,5306,9116,9044,9044,9044,9074,5944,8442,.,.,2471
5307,5306,9117,9045,9045,9045,9074,5994,8442,.,.,0
5307,5306,9118,9046,9046,9046,9074,6548,8442,.,.,2471
5307,5306,9119,9047,9047,9047,9074,6550,8442,.,.,8527
5307,5306,9120,9048,9048,9048,9074,6576,8442,.,.,3720
5307,5306,9121,9049,9049,9049,9074,6578,8442,.,.,0
5307,5306,9122,9050,9050,9050,9074,6957,8442,.,.,5910
5307,5306,9123,9051,9051,9051,9074,7295,8442,.,.,4699
5307,5306,9124,9052,9052,9052,9074,7333,8442,.,.,0
5307,5306,9125,9053,9053,9053,9074,7391,8442,.,.,0
5307,5306,9126,9054,9054,9054,9074,7449,8442,.,.,0
5307,5306,9127,9055,9055,9055,9074,7576,8442,.,.,0
5307,5306,9129,9057,9057,9057,9074,7751,8442,.,.,6349
5307,5306,9128,9056,9056,9056,9074,7730,8442,.,.,5910
5307,5306,9130,9058,9058,9058,9074,7810,8442,.,.,3720
5307,5306,9131,9059,9059,9059,9074,8085,8442,.,.,0
5307,5306,9132,9060,9060,9060,9074,8185,8442,.,.,4970
5307,5306,9133,9061,9061,9061,9074,8284,8442,.,.,3741
5307,5306,9134,9062,9062,9062,9074,8375,8442,.,.,3741
5307,5306,9135,9063,9063,9063,9074,8444,8442,.,.,0
5307,5306,9136,9064,9064,9064,9074,8509,8442,.,.,4699
5307,5306,9137,9065,9065,9065,9074,8718,8442,.,.,5229
5307,5306,9138,9066,9066,9066,9074,8877,8442,.,.,6349
5307,5306,9139,9067,9067,9067,9074,8938,8442,.,.,3720
5307,5306,9140,9068,9068,9068,9074,9228,8442,.,.,4130
5307,5306,9141,9069,9069,9069,9074,9289,8442,.,.,2471
5307,5306,9142,9070,9070,9070,9074,9291,8442,.,.,4699
5307,5306,9143,9071,9071,9071,9074,9296,8442,.,.,0
5307,5306,9144,9072,9072,9072,9074,9352,8442,.,.,8527
5307,5306,9145,9073,9073,9073,9074,9427,8442,.,.,0
5307,5306,9159,9147,9147,9147,9158,2473,8442,.,.,5910
5307,5306,9160,9148,9148,9148,9158,2715,8442,.,.,0
5307,5306,9161,9149,9149,9149,9158,2957,8442,.,.,0
5307,5306,9162,9150,9150,9150,9158,3521,8442,.,.,0
5307,5306,9163,9151,9151,9151,9158,5477,8442,.,.,0
5307,5306,9164,9152,9152,9152,9158,6346,8442,.,.,0
5307,5306,9165,9153,9153,9153,9158,6439,8442,.,.,0
5307,5306,9166,9154,9154,9154,9158,6574,8442,.,.,0
5307,5306,9167,9155,9155,9155,9158,7665,8442,.,.,0
5307,5306,9168,9156,9156,9156,9158,8446,8442,.,.,0
5307,5306,9169,9157,9157,9157,9158,9296,8442,.,.,0
5307,5306,9229,9171,9171,9171,9228,692,8442,.,.,2471
5307,5306,9230,9172,9172,9172,9228,749,8442,.,.,5229
5307,5306,9231,9173,9173,9173,9228,1116,8442,.,.,6492
5307,5306,9232,9174,9174,9174,9228,2473,8442,.,.,0
5307,5306,9233,9175,9175,9175,9228,2475,8442,.,.,5229
5307,5306,9234,9176,9176,9176,9228,2490,8442,.,.,6583
5307,5306,9235,9177,9177,9177,9228,2715,8442,.,.,9294
5307,5306,9236,9178,9178,9178,9228,2766,8442,.,.,5910
5307,5306,9237,9179,9179,9179,9228,2883,8442,.,.,4130
5307,5306,9238,9180,9180,9180,9228,2957,8442,.,.,0
5307,5306,9239,9181,9181,9181,9228,2995,8442,.,.,4130
5307,5306,9240,9182,9182,9182,9228,3019,8442,.,.,0
5307,5306,9241,9183,9183,9183,9228,3073,8442,.,.,4130
5307,5306,9242,9184,9184,9184,9228,3349,8442,.,.,8527
5307,5306,9243,9185,9185,9185,9228,3521,8442,.,.,9294
5307,5306,9244,9186,9186,9186,9228,3593,8442,.,.,5910
5307,5306,9245,9187,9187,9187,9228,3665,8442,.,.,4699
5307,5306,9246,9188,9188,9188,9228,3794,8442,.,.,0
5307,5306,9247,9189,9189,9189,9228,3912,8442,.,.,4970
5307,5306,9248,9190,9190,9190,9228,4195,8442,.,.,4130
5307,5306,9250,9192,9192,9192,9228,4362,8442,.,.,2471
5307,5306,9249,9191,9191,9191,9228,4311,8442,.,.,2471
5307,5306,9251,9193,9193,9193,9228,4621,8442,.,.,4699
5307,5306,9252,9194,9194,9194,9228,4795,8442,.,.,0
5307,5306,9253,9195,9195,9195,9228,5057,8442,.,.,9294
5307,5306,9254,9196,9196,9196,9228,5177,8442,.,.,0
5307,5306,9255,9197,9197,9197,9228,5309,8442,.,.,0
5307,5306,9256,9198,9198,9198,9228,5336,8442,.,.,6583
5307,5306,9257,9199,9199,9199,9228,5367,8442,.,.,0
5307,5306,9258,9200,9200,9200,9228,5422,8442,.,.,4130
5307,5306,9259,9201,9201,9201,9228,5477,8442,.,.,6349
5307,5306,9260,9202,9202,9202,9228,5479,8442,.,.,0
5307,5306,9261,9203,9203,9203,9228,5529,8442,.,.,0
5307,5306,9262,9204,9204,9204,9228,5854,8442,.,.,6583
5307,5306,9263,9205,9205,9205,9228,5994,8442,.,.,0
5307,5306,9264,9206,9206,9206,9228,6346,8442,.,.,2471
5307,5306,9265,9207,9207,9207,9228,6348,8442,.,.,2471
5307,5306,9266,9208,9208,9208,9228,6439,8442,.,.,0
5307,5306,9267,9209,9209,9209,9228,6550,8442,.,.,4130
5307,5306,9268,9210,9210,9210,9228,6574,8442,.,.,3720
5307,5306,9269,9211,9211,9211,9228,6578,8442,.,.,6583
5307,5306,9270,9212,9212,9212,9228,6580,8442,.,.,2471
5307,5306,9271,9213,9213,9213,9228,6582,8442,.,.,0
5307,5306,9272,9214,9214,9214,9228,6957,8442,.,.,5910
5307,5306,9273,9215,9215,9215,9228,7094,8442,.,.,2471
5307,5306,9274,9216,9216,9216,9228,7449,8442,.,.,0
5307,5306,9275,9217,9217,9217,9228,7665,8442,.,.,0
5307,5306,9276,9218,9218,9218,9228,7982,8442,.,.,5229
5307,5306,9277,9219,9219,9219,9228,8085,8442,.,.,0
5307,5306,9278,9220,9220,9220,9228,8284,8442,.,.,6583
5307,5306,9279,9221,9221,9221,9228,8375,8442,.,.,2471
5307,5306,9280,9222,9222,9222,9228,8444,8442,.,.,0
5307,5306,9281,9223,9223,9223,9228,8446,8442,.,.,0
5307,5306,9282,9224,9224,9224,9228,8509,8442,.,.,5229
5307,5306,9283,9225,9225,9225,9228,8877,8442,.,.,0
5307,5306,9284,9226,9226,9226,9228,9001,8442,.,.,0
5307,5306,9285,9227,9227,9227,9228,9352,8442,.,.,0
5307,5306,9353,9298,9298,9298,9352,32,8442,.,.,0
5307,5306,9354,9299,9299,9299,9352,189,8442,.,.,0
5307,5306,9355,9300,9300,9300,9352,272,8442,.,.,4699
5307,5306,9356,9301,9301,9301,9352,345,8442,.,.,6492
5307,5306,9357,9302,9302,9302,9352,911,8442,.,.,4699
5307,5306,9358,9303,9303,9303,9352,1116,8442,.,.,6492
5307,5306,9359,9304,9304,9304,9352,1580,8442,.,.,0
5307,5306,9360,9305,9305,9305,9352,1630,8442,.,.,0
5307,5306,9361,9306,9306,9306,9352,2321,8442,.,.,0
5307,5306,9362,9307,9307,9307,9352,2473,8442,.,.,0
5307,5306,9363,9308,9308,9308,9352,2475,8442,.,.,4970
5307,5306,9364,9309,9309,9309,9352,2477,8442,.,.,8527
5307,5306,9365,9310,9310,9310,9352,2490,8442,.,.,4699
5307,5306,9366,9311,9311,9311,9352,2514,8442,.,.,9294
5307,5306,9367,9312,9312,9312,9352,2713,8442,.,.,6492
5307,5306,9368,9313,9313,9313,9352,2883,8442,.,.,4699
5307,5306,9369,9314,9314,9314,9352,2995,8442,.,.,6492
5307,5306,9370,9315,9315,9315,9352,3019,8442,.,.,0
5307,5306,9371,9316,9316,9316,9352,3045,8442,.,.,0
5307,5306,9372,9317,9317,9317,9352,3296,8442,.,.,4699
5307,5306,9373,9318,9318,9318,9352,3389,8442,.,.,0
5307,5306,9374,9319,9319,9319,9352,3440,8442,.,.,4699
5307,5306,9375,9320,9320,9320,9352,3519,8442,.,.,4699
5307,5306,9376,9321,9321,9321,9352,3912,8442,.,.,4130
5307,5306,9377,9322,9322,9322,9352,4045,8442,.,.,9294
5307,5306,9378,9323,9323,9323,9352,4195,8442,.,.,9294
5307,5306,9379,9324,9324,9324,9352,4791,8442,.,.,6349
5307,5306,9380,9325,9325,9325,9352,4795,8442,.,.,6492
5307,5306,9381,9326,9326,9326,9352,4912,8442,.,.,4699
5307,5306,9382,9327,9327,9327,9352,5231,8442,.,.,6349
5307,5306,9383,9328,9328,9328,9352,5336,8442,.,.,6349
5307,5306,9384,9329,9329,9329,9352,5479,8442,.,.,0
5307,5306,9385,9330,9330,9330,9352,5579,8442,.,.,4970
5307,5306,9386,9331,9331,9331,9352,5736,8442,.,.,5229
5307,5306,9387,9332,9332,9332,9352,5994,8442,.,.,0
5307,5306,9388,9333,9333,9333,9352,6152,8442,.,.,0
5307,5306,9389,9334,9334,9334,9352,6212,8442,.,.,4699
5307,5306,9390,9335,9335,9335,9352,6580,8442,.,.,5229
5307,5306,9391,9336,9336,9336,9352,6705,8442,.,.,8527
5307,5306,9392,9337,9337,9337,9352,7094,8442,.,.,6492
5307,5306,9393,9338,9338,9338,9352,7189,8442,.,.,6349
5307,5306,9394,9339,9339,9339,9352,7295,8442,.,.,9294
5307,5306,9395,9340,9340,9340,9352,7449,8442,.,.,0
5307,5306,9396,9341,9341,9341,9352,7688,8442,.,.,0
5307,5306,9397,9342,9342,9342,9352,7751,8442,.,.,4699
5307,5306,9398,9343,9343,9343,9352,8085,8442,.,.,0
5307,5306,9399,9344,9344,9344,9352,8284,8442,.,.,5229
5307,5306,9400,9345,9345,9345,9352,8375,8442,.,.,6492
5307,5306,9401,9346,9346,9346,9352,8444,8442,.,.,0
5307,5306,9402,9347,9347,9347,9352,8999,8442,.,.,9294
5307,5306,9403,9348,9348,9348,9352,9001,8442,.,.,6492
5307,5306,9404,9349,9349,9349,9352,9074,8442,.,.,4699
5307,5306,9405,9350,9350,9350,9352,9293,8442,.,.,4699
5307,5306,9406,9351,9351,9351,9352,9427,8442,.,.,4130
5307,5306,9428,9408,9408,9408,9427,1116,8442,.,.,3741
5307,5306,9429,9409,9409,9409,9427,2473,8442,.,.,0
5307,5306,9430,9410,9410,9410,9427,3019,8442,.,.,0
5307,5306,9431,9411,9411,9411,9427,3349,8442,.,.,5910
5307,5306,9432,9412,9412,9412,9427,3593,8442,.,.,9294
5307,5306,9433,9413,9413,9413,9427,4424,8442,.,.,5910
5307,5306,9434,9414,9414,9414,9427,4534,8442,.,.,9294
5307,5306,9435,9415,9415,9415,9427,4621,8442,.,.,5910
5307,5306,9436,9416,9416,9416,9427,4745,8442,.,.,5910
5307,5306,9437,9417,9417,9417,9427,5233,8442,.,.,9294
5307,5306,9438,9418,9418,9418,9427,5479,8442,.,.,0
5307,5306,9439,9419,9419,9419,9427,6550,8442,.,.,9294
5307,5306,9440,9420,9420,9420,9427,6582,8442,.,.,9294
5307,5306,9441,9421,9421,9421,9427,7449,8442,.,.,0
5307,5306,9442,9422,9422,9422,9427,8085,8442,.,.,4699
5307,5306,9443,9423,9423,9423,9427,8444,8442,.,.,0
5307,5306,9444,9424,9424,9424,9427,8446,8442,.,.,0
5307,5306,9445,9425,9425,9425,9427,9228,8442,.,.,4699
5307,5306,9446,9426,9426,9426,9427,9296,8442,.,.,3741
