-100,-100,-100,12,132,35,36
-100,-100,-100,12,132,142,45
-100,-100,-100,147,132,166,66
-100,-100,-100,12,115,65,21
-100,-100,-100,12,115,141,22
-100,-100,-100,147,115,163,16
-100,-100,-100,147,115,65,20
-100,-100,-100,147,114,153,35
-100,-100,-100,12,115,126,16
-100,-100,-100,12,115,62,16
-100,-100,-100,147,115,7,69
-100,-100,-100,147,132,142,56
-100,-100,-100,147,132,61,101
-100,-100,-100,147,115,15,27
-100,-100,-100,147,114,112,15
-100,-100,-100,147,115,91,45
-100,-100,-100,12,115,179,61
-100,-100,-100,147,115,58,23
-100,-100,-100,12,115,77,28
-100,-100,-100,12,132,98,69
-100,-100,-100,147,132,174,43
-100,-100,-100,12,115,140,33
-100,-100,-100,147,132,154,63
-100,-100,-100,12,115,167,57
-100,-100,-100,12,114,34,55
-100,-100,-100,147,115,162,23
-100,-100,-100,12,132,85,25
-100,-100,-100,12,132,131,29
-100,-100,-100,12,115,131,26
-100,-100,-100,12,115,23,77
-100,-100,-100,147,132,57,3
-100,-100,-100,12,115,112,7
-100,-100,-100,147,132,39,20
-100,-100,-100,147,115,68,50
-100,-100,-100,147,132,158,67
-100,-100,-100,12,115,53,37
-100,-100,-100,12,132,169,57
-100,-100,-100,12,132,72,54
-100,-100,-100,12,115,39,43
-100,-100,-100,12,115,7,88
-100,-100,-100,147,115,158,72
-100,-100,-100,147,132,14,22
-100,-100,-100,12,115,83,15
-100,-100,-100,12,115,170,18
-100,-100,-100,12,115,134,29
-100,-100,-100,12,115,139,62
-100,-100,-100,12,115,37,21
-100,-100,-100,12,115,93,15
-100,-100,-100,12,115,50,84
-100,-100,-100,12,115,169,62
-100,-100,-100,12,132,56,19
-100,-100,-100,12,115,149,16
-100,-100,-100,12,115,38,46
-100,-100,-100,12,132,179,64
-100,-100,-100,12,115,11,43
-100,-100,-100,147,115,84,21
-100,-100,-100,12,114,173,87
-100,-100,-100,147,115,14,31
-100,-100,-100,12,115,121,24
-100,-100,-100,147,115,82,11
-100,-100,-100,147,115,47,19
-100,-100,-100,147,115,129,16
-100,-100,-100,12,115,118,8
-100,-100,-100,12,115,82,21
-100,-100,-100,12,132,166,60
-100,-100,-100,147,115,74,55
-100,-100,-100,147,132,85,6
-100,-100,-100,12,115,123,13
-100,-100,-100,147,132,66,37
-100,-100,-100,12,115,101,33
-100,-100,-100,12,115,142,57
-100,-100,-100,147,132,106,60
-100,-100,-100,147,132,80,55
-100,-100,-100,12,115,70,66
-100,-100,-100,12,132,152,19
-100,-100,-100,12,132,22,23
-100,-100,-100,147,115,78,54
-100,-100,-100,12,115,144,59
-100,-100,-100,12,114,5,57
-100,-100,-100,12,114,43,24
-100,-100,-100,12,115,176,11
-100,-100,-100,147,115,38,64
-100,-100,-100,12,115,75,14
-100,-100,-100,12,132,66,36
-100,-100,-100,147,115,55,11
-100,-100,-100,147,115,72,52
-100,-100,-100,12,132,36,88
-100,-100,-100,147,115,98,51
-100,-100,-100,147,115,83,20
-100,-100,-100,12,115,100,16
-100,-100,-100,12,132,3,35
-100,-100,-100,12,115,111,5
-100,-100,-100,12,132,160,33
-100,-100,-100,147,115,149,13
-100,-100,-100,147,132,17,27
-100,-100,-100,12,115,160,58
-100,-100,-100,12,115,125,21
-100,-100,-100,147,114,156,70
-100,-100,-100,12,132,121,23
-100,-100,-100,147,115,80,59
-100,-100,-100,147,114,113,38
-100,-100,-100,12,132,91,62
-100,-100,-100,147,115,52,11
-100,-100,-100,12,132,27,50
-100,-100,-100,147,115,29,46
-100,-100,-100,147,114,173,61
-100,-100,-100,12,115,97,15
-100,-100,-100,147,115,93,17
-100,-100,-100,12,132,78,70
-100,-100,-100,12,132,77,19
-100,-100,-100,12,115,103,11
-100,-100,-100,12,115,99,42
-100,-100,-100,12,115,3,38
-100,-100,-100,147,132,56,34
-100,-100,-100,147,115,110,43
-100,-100,-100,147,132,41,13
-100,-100,-100,12,115,45,19
-100,-100,-100,147,115,139,87
-100,-100,-100,12,132,17,23
-100,-100,-100,147,115,50,62
-100,-100,-100,147,132,67,82
-100,-100,-100,12,115,86,67
-100,-100,-100,147,132,28,51
-100,-100,-100,147,132,63,29
-100,-100,-100,147,114,9,20
-100,-100,-100,12,114,104,49
-100,-100,-100,147,115,35,36
-100,-100,-100,147,115,164,28
-100,-100,-100,12,114,0,5
-100,-100,-100,12,115,161,21
-100,-100,-100,12,115,14,53
-100,-100,-100,12,132,163,13
-100,-100,-100,147,115,100,13
-100,-100,-100,12,115,116,14
-100,-100,-100,12,114,44,109
-100,-100,-100,147,115,176,19
-100,-100,-100,147,114,54,6
-100,-100,-100,12,115,109,44
-100,-100,-100,147,115,148,24
-100,-100,-100,147,115,86,49
-100,-100,-100,147,114,104,60
-100,-100,-100,147,132,77,14
-100,-100,-100,147,115,31,10
-100,-100,-100,147,115,70,64
-100,-100,-100,147,115,161,28
-100,-100,-100,147,115,121,25
-100,-100,-100,12,132,167,44
-100,-100,-100,147,132,120,2
-100,-100,-100,147,115,175,10
-100,-100,-100,147,115,66,44
-100,-100,-100,12,114,156,96
-100,-100,-100,12,115,129,8
-100,-100,-100,12,115,33,18
-100,-100,-100,147,115,144,64
-100,-100,-100,12,115,35,49
-100,-100,-100,147,115,131,41
-100,-100,-100,12,132,158,78
-100,-100,-100,147,115,167,69
-100,-100,-100,147,115,45,14
-100,-100,-100,12,132,86,59
-100,-100,-100,12,115,24,32
-100,-100,-100,12,132,38,49
-100,-100,-100,147,132,3,53
-100,-100,-100,147,115,18,10
-100,-100,-100,12,132,24,39
-100,-100,-100,12,132,57,13
-100,-100,-100,147,115,99,65
-100,-100,-100,12,114,113,43
-100,-100,-100,12,115,158,76
-100,-100,-100,147,115,125,15
-100,-100,-100,147,132,163,14
-100,-100,-100,12,132,118,12
-100,-100,-100,147,132,91,48
-100,-100,-100,12,114,54,12
-100,-100,-100,12,114,110,44
-100,-100,-100,12,132,109,50
-100,-100,-100,12,132,146,4
-100,-100,-100,147,132,161,22
-100,-100,-100,12,114,174,27
-100,-100,-100,147,132,135,62
-100,-100,-100,12,114,145,66
-100,-100,-100,147,115,6,16
-100,-100,-100,12,115,172,87
-100,-100,-100,147,115,97,12
-100,-100,-100,12,132,70,73
-100,-100,-100,147,132,99,60
-100,-100,-100,147,114,165,5
-100,-100,-100,12,115,177,6
-100,-100,-100,12,114,120,16
-100,-100,-100,147,132,169,34
-100,-100,-100,12,132,7,77
-100,-100,-100,12,115,150,67
-100,-100,-100,147,115,105,40
-100,-100,-100,12,115,20,10
-100,-100,-100,147,115,134,23
-100,-100,-100,12,115,122,19
-100,-100,-100,12,115,164,23
-100,-100,-100,147,115,154,64
-100,-100,-100,147,115,49,13
-100,-100,-100,147,132,33,14
-100,-100,-100,12,114,136,22
-100,-100,-100,147,115,141,8
-100,-100,-100,12,115,108,26
-100,-100,-100,147,115,73,15
-100,-100,-100,147,132,21,43
-100,-100,-100,147,132,105,66
-100,-100,-100,12,115,31,16
-100,-100,-100,147,132,7,68
-100,-100,-100,147,115,111,14
-100,-100,-100,12,115,58,34
-100,-100,-100,12,115,120,1
-100,-100,-100,12,132,63,4
-100,-100,-100,147,115,41,21
-100,-100,-100,12,115,89,67
-100,-100,-100,147,114,110,80
-100,-100,-100,147,115,138,30
-100,-100,-100,147,132,108,4
-100,-100,-100,12,132,180,18
-100,-100,-100,147,115,94,16
-100,-100,-100,147,115,130,47
-100,-100,-100,147,132,144,67
-100,-100,-100,12,132,74,70
-100,-100,-100,147,115,133,7
-100,-100,-100,147,132,68,62
-100,-100,-100,12,115,71,11
-100,-100,-100,12,132,174,37
-100,-100,-100,12,114,151,18
-100,-100,-100,147,115,59,13
-100,-100,-100,147,115,120,4
-100,-100,-100,12,115,178,21
-100,-100,-100,147,114,117,19
-100,-100,-100,147,132,101,20
-100,-100,-100,147,115,81,21
-100,-100,-100,12,115,138,20
-100,-100,-100,12,114,119,97
-100,-100,-100,147,114,0,21
-100,-100,-100,12,114,9,9
-100,-100,-100,147,114,79,35
-100,-100,-100,12,115,63,25
-100,-100,-100,12,115,166,61
-100,-100,-100,147,115,89,59
-100,-100,-100,147,132,160,67
-100,-100,-100,147,115,150,57
-100,-100,-100,12,115,95,33
-100,-100,-100,147,115,135,54
-100,-100,-100,147,114,34,22
-100,-100,-100,147,115,23,84
-100,-100,-100,147,115,75,11
-100,-100,-100,147,115,103,15
-100,-100,-100,147,132,140,44
-100,-100,-100,147,115,62,16
-100,-100,-100,147,115,24,54
-100,-100,-100,12,114,137,128
-100,-100,-100,147,115,13,18
-100,-100,-100,147,132,58,20
-100,-100,-100,12,115,175,11
-100,-100,-100,12,132,80,39
-100,-100,-100,147,115,178,16
-100,-100,-100,147,115,42,11
-100,-100,-100,12,132,50,89
-100,-100,-100,147,132,159,12
-100,-100,-100,12,132,120,3
-100,-100,-100,147,132,74,61
-100,-100,-100,12,115,55,23
-100,-100,-100,147,115,123,13
-100,-100,-100,147,132,24,60
-100,-100,-100,12,114,76,28
-100,-100,-100,147,114,118,57
-100,-100,-100,147,115,101,33
-100,-100,-100,147,115,160,67
-100,-100,-100,12,115,28,61
-100,-100,-100,12,115,32,16
-100,-100,-100,147,114,1,4
-100,-100,-100,12,115,2,23
-100,-100,-100,12,115,130,37
-100,-100,-100,147,115,174,48
-100,-100,-100,147,115,169,43
-100,-100,-100,147,114,44,80
-100,-100,-100,147,132,180,5
-100,-100,-100,12,115,10,87
-100,-100,-100,12,132,23,79
-100,-100,-100,12,115,106,53
-100,-100,-100,147,115,27,42
-100,-100,-100,12,132,172,88
-100,-100,-100,12,114,46,15
-100,-100,-100,147,115,67,64
-100,-100,-100,147,114,43,20
-100,-100,-100,147,115,26,14
-100,-100,-100,12,132,144,63
-100,-100,-100,12,132,68,102
-100,-100,-100,147,132,50,75
-100,-100,-100,12,115,148,22
-100,-100,-100,12,132,108,21
-100,-100,-100,12,115,107,30
-100,-100,-100,147,115,30,46
-100,-100,-100,147,114,151,12
-100,-100,-100,12,132,130,29
-100,-100,-100,12,114,124,55
-100,-100,-100,147,114,88,10
-100,-100,-100,147,132,107,18
-100,-100,-100,12,115,52,13
-100,-100,-100,12,115,13,14
-100,-100,-100,12,132,112,4
-100,-100,-100,147,115,22,33
-100,-100,-100,12,114,112,18
-100,-100,-100,12,115,146,21
-100,-100,-100,12,114,133,32
-100,-100,-100,12,132,29,47
-100,-100,-100,12,132,53,40
-100,-100,-100,12,114,135,80
-100,-100,-100,12,132,11,36
-100,-100,-100,12,115,133,9
-100,-100,-100,12,132,150,67
-100,-100,-100,147,114,8,14
-100,-100,-100,12,114,1,13
-100,-100,-100,12,115,102,13
-100,-100,-100,12,115,78,68
-100,-100,-100,12,132,161,11
-100,-100,-100,147,115,28,48
-100,-100,-100,12,115,40,12
-100,-100,-100,147,115,77,16
-100,-100,-100,12,115,96,18
-100,-100,-100,147,115,85,25
-100,-100,-100,147,115,171,12
-100,-100,-100,147,115,170,16
-100,-100,-100,147,115,2,15
-100,-100,-100,147,114,157,50
-100,-100,-100,147,114,155,57
-100,-100,-100,147,115,19,80
-100,-100,-100,12,115,59,15
-100,-100,-100,147,132,134,10
-100,-100,-100,12,132,39,44
-100,-100,-100,147,115,177,15
-100,-100,-100,147,115,71,12
-100,-100,-100,147,115,32,20
-100,-100,-100,12,115,49,15
-100,-100,-100,147,132,35,15
-100,-100,-100,12,115,60,18
-100,-100,-100,147,114,46,29
-100,-100,-100,147,115,17,40
-100,-100,-100,12,115,72,48
-100,-100,-100,147,115,106,48
-100,-100,-100,147,115,37,14
-100,-100,-100,147,132,150,45
-100,-100,-100,12,115,85,35
-100,-100,-100,12,115,51,17
-100,-100,-100,12,132,61,66
-100,-100,-100,12,115,57,19
-100,-100,-100,147,115,48,12
-100,-100,-100,147,114,120,31
-100,-100,-100,147,115,60,12
-100,-100,-100,147,132,148,23
-100,-100,-100,12,132,15,13
-100,-100,-100,12,132,106,51
-100,-100,-100,12,115,81,14
-100,-100,-100,147,115,20,15
-100,-100,-100,12,115,68,98
-100,-100,-100,147,132,11,48
-100,-100,-100,12,115,48,23
-100,-100,-100,12,114,163,34
-100,-100,-100,147,132,130,33
-100,-100,-100,12,132,14,39
-100,-100,-100,147,115,102,12
-100,-100,-100,147,115,180,21
-100,-100,-100,12,114,88,21
-100,-100,-100,12,132,89,58
-100,-100,-100,147,114,69,69
-100,-100,-100,147,114,174,41
-100,-100,-100,12,115,29,65
-100,-100,-100,147,114,90,32
-100,-100,-100,12,115,91,55
-100,-100,-100,147,132,29,46
-100,-100,-100,147,132,30,44
-100,-100,-100,12,132,135,64
-100,-100,-100,147,115,159,29
-100,-100,-100,12,115,135,66
-100,-100,-100,147,115,63,43
-100,-100,-100,12,114,117,34
-100,-100,-100,12,132,41,35
-100,-100,-100,147,114,136,26
-100,-100,-100,147,132,23,97
-100,-100,-100,12,132,67,85
-100,-100,-100,147,132,72,30
-100,-100,-100,147,132,89,48
-100,-100,-100,147,132,15,10
-100,-100,-100,147,132,133,14
-100,-100,-100,147,132,38,57
-100,-100,-100,12,132,16,75
-100,-100,-100,12,115,163,14
-100,-100,-100,147,115,21,51
-100,-100,-100,12,115,30,57
-100,-100,-100,147,115,168,14
-100,-100,-100,12,132,95,29
-100,-100,-100,12,132,19,116
-100,-100,-100,12,132,110,63
-100,-100,-100,147,115,36,55
-100,-100,-100,12,132,164,14
-100,-100,-100,147,115,146,32
-100,-100,-100,147,132,112,8
-100,-100,-100,147,115,39,29
-100,-100,-100,147,115,126,10
-100,-100,-100,12,115,16,73
-100,-100,-100,12,114,143,38
-100,-100,-100,147,115,16,69
-100,-100,-100,147,115,118,18
-100,-100,-100,147,115,33,30
-100,-100,-100,12,115,56,34
-100,-100,-100,147,132,4,69
-100,-100,-100,147,115,25,12
-100,-100,-100,147,132,164,14
-100,-100,-100,12,115,84,19
-100,-100,-100,12,115,110,67
-100,-100,-100,147,114,76,19
-100,-100,-100,147,132,167,61
-100,-100,-100,12,115,67,69
-100,-100,-100,12,115,80,37
-100,-100,-100,147,115,172,80
-100,-100,-100,147,114,145,102
-100,-100,-100,147,132,110,21
-100,-100,-100,147,114,119,93
-100,-100,-100,147,132,86,39
-100,-100,-100,147,115,128,17
-100,-100,-100,147,115,179,63
-100,-100,-100,147,132,118,16
-100,-100,-100,147,115,127,10
-100,-100,-100,147,132,19,103
-100,-100,-100,12,115,174,62
-100,-100,-100,12,132,10,89
-100,-100,-100,12,132,21,58
-100,-100,-100,12,115,92,13
-100,-100,-100,12,115,128,21
-100,-100,-100,12,114,69,32
-100,-100,-100,12,114,8,46
-100,-100,-100,12,132,105,69
-100,-100,-100,147,114,137,91
-100,-100,-100,147,132,78,49
-100,-100,-100,12,132,107,21
-100,-100,-100,12,114,90,14
-100,-100,-100,12,132,99,40
-100,-100,-100,147,132,27,62
-100,-100,-100,12,132,4,99
-100,-100,-100,12,115,61,71
-100,-100,-100,12,115,22,30
-100,-100,-100,147,132,138,25
-100,-100,-100,12,115,41,42
-100,-100,-100,147,132,53,49
-100,-100,-100,12,115,18,18
-100,-100,-100,12,132,148,5
-100,-100,-100,12,114,165,22
-100,-100,-100,12,132,140,30
-100,-100,-100,147,132,109,18
-100,-100,-100,147,115,122,8
-100,-100,-100,12,115,94,15
-100,-100,-100,12,114,155,48
-100,-100,-100,12,132,139,94
-100,-100,-100,12,115,105,59
-100,-100,-100,147,115,112,14
-100,-100,-100,147,115,40,13
-100,-100,-100,147,115,108,23
-100,-100,-100,12,114,157,15
-100,-100,-100,147,114,87,7
-100,-100,-100,147,115,53,46
-100,-100,-100,147,132,36,58
-100,-100,-100,12,115,17,36
-100,-100,-100,147,115,142,52
-100,-100,-100,12,115,47,19
-100,-100,-100,147,115,92,18
-100,-100,-100,147,114,135,31
-100,-100,-100,12,115,21,41
-100,-100,-100,12,115,180,27
-100,-100,-100,147,115,95,26
-100,-100,-100,147,114,143,13
-100,-100,-100,12,115,34,20
-100,-100,-100,147,115,96,14
-100,-100,-100,147,114,64,21
-100,-100,-100,12,114,118,38
-100,-100,-100,12,114,64,12
-100,-100,-100,147,115,140,39
-100,-100,-100,12,132,159,24
-100,-100,-100,12,115,15,24
-100,-100,-100,147,115,109,27
-100,-100,-100,147,132,95,16
-100,-100,-100,12,132,133,7
-100,-100,-100,12,115,159,33
-100,-100,-100,12,115,4,78
-100,-100,-100,12,115,27,48
-100,-100,-100,147,115,4,50
-100,-100,-100,12,114,87,49
-100,-100,-100,12,115,66,35
-100,-100,-100,12,115,25,12
-100,-100,-100,12,115,6,9
-100,-100,-100,147,115,34,11
-100,-100,-100,12,115,36,70
-100,-100,-100,12,115,127,18
-100,-100,-100,12,115,42,13
-100,-100,-100,12,115,74,67
-100,-100,-100,147,114,124,40
-100,-100,-100,147,115,61,89
-100,-100,-100,12,132,154,42
-100,-100,-100,147,132,162,18
-100,-100,-100,147,132,10,75
-100,-100,-100,147,132,131,27
-100,-100,-100,12,114,153,40
-100,-100,-100,12,115,171,21
-100,-100,-100,147,115,107,28
-100,-100,-100,147,132,16,57
-100,-100,-100,147,132,172,83
-100,-100,-100,12,132,30,38
-100,-100,-100,147,132,121,18
-100,-100,-100,12,115,154,55
-100,-100,-100,12,115,73,19
-100,-100,-100,12,132,101,8
-100,-100,-100,147,115,51,15
-100,-100,-100,147,115,116,15
-100,-100,-100,12,132,28,59
-100,-100,-100,12,115,26,10
-100,-100,-100,147,115,3,43
-100,-100,-100,147,115,57,15
-100,-100,-100,12,132,138,6
-100,-100,-100,12,115,98,59
-100,-100,-100,147,115,11,43
-100,-100,-100,12,115,168,14
-100,-100,-100,147,115,166,59
-100,-100,-100,147,114,133,31
-100,-100,-100,147,114,163,28
-100,-100,-100,147,132,179,54
-100,-100,-100,12,115,19,105
-100,-100,-100,147,132,139,98
-100,-100,-100,147,132,146,13
-100,-100,-100,147,132,98,66
-100,-100,-100,147,132,22,25
-100,-100,-100,147,115,10,70
-100,-100,-100,12,115,162,16
-100,-100,-100,12,132,134,20
-100,-100,-100,12,132,58,48
-100,-100,-100,147,114,5,54
-100,-100,-100,147,115,56,41
-100,-100,-100,147,132,70,51
132,-100,-100,12,132,35,36
132,-100,-100,12,132,142,45
132,-100,-100,147,132,166,66
132,-100,-100,147,132,142,56
132,-100,-100,147,132,61,101
132,-100,-100,12,132,98,69
132,-100,-100,147,132,174,43
132,-100,-100,147,132,154,63
132,-100,-100,12,132,85,25
132,-100,-100,12,132,131,29
132,-100,-100,147,132,57,3
132,-100,-100,147,132,39,20
132,-100,-100,147,132,158,67
132,-100,-100,12,132,169,57
132,-100,-100,12,132,72,54
132,-100,-100,147,132,14,22
132,-100,-100,12,132,56,19
132,-100,-100,12,132,179,64
132,-100,-100,12,132,166,60
132,-100,-100,147,132,85,6
132,-100,-100,147,132,66,37
132,-100,-100,147,132,106,60
132,-100,-100,147,132,80,55
132,-100,-100,12,132,152,19
132,-100,-100,12,132,22,23
132,-100,-100,12,132,66,36
132,-100,-100,12,132,36,88
132,-100,-100,12,132,3,35
132,-100,-100,12,132,160,33
132,-100,-100,147,132,17,27
132,-100,-100,12,132,121,23
132,-100,-100,12,132,91,62
132,-100,-100,12,132,27,50
132,-100,-100,12,132,78,70
132,-100,-100,12,132,77,19
132,-100,-100,147,132,56,34
132,-100,-100,147,132,41,13
132,-100,-100,12,132,17,23
132,-100,-100,147,132,67,82
132,-100,-100,147,132,28,51
132,-100,-100,147,132,63,29
132,-100,-100,12,132,163,13
132,-100,-100,147,132,77,14
132,-100,-100,12,132,167,44
132,-100,-100,147,132,120,2
132,-100,-100,12,132,158,78
132,-100,-100,12,132,86,59
132,-100,-100,12,132,38,49
132,-100,-100,147,132,3,53
132,-100,-100,12,132,24,39
132,-100,-100,12,132,57,13
132,-100,-100,147,132,163,14
132,-100,-100,12,132,118,12
132,-100,-100,147,132,91,48
132,-100,-100,12,132,109,50
132,-100,-100,12,132,146,4
132,-100,-100,147,132,161,22
132,-100,-100,147,132,135,62
132,-100,-100,12,132,70,73
132,-100,-100,147,132,99,60
132,-100,-100,147,132,169,34
132,-100,-100,12,132,7,77
132,-100,-100,147,132,33,14
132,-100,-100,147,132,21,43
132,-100,-100,147,132,105,66
132,-100,-100,147,132,7,68
132,-100,-100,12,132,63,4
132,-100,-100,147,132,108,4
132,-100,-100,12,132,180,18
132,-100,-100,147,132,144,67
132,-100,-100,12,132,74,70
132,-100,-100,147,132,68,62
132,-100,-100,12,132,174,37
132,-100,-100,147,132,101,20
132,-100,-100,147,132,160,67
132,-100,-100,147,132,140,44
132,-100,-100,147,132,58,20
132,-100,-100,12,132,80,39
132,-100,-100,12,132,50,89
132,-100,-100,147,132,159,12
132,-100,-100,12,132,120,3
132,-100,-100,147,132,74,61
132,-100,-100,147,132,24,60
132,-100,-100,147,132,180,5
132,-100,-100,12,132,23,79
132,-100,-100,12,132,172,88
132,-100,-100,12,132,144,63
132,-100,-100,12,132,68,102
132,-100,-100,147,132,50,75
132,-100,-100,12,132,108,21
132,-100,-100,12,132,130,29
132,-100,-100,147,132,107,18
132,-100,-100,12,132,112,4
132,-100,-100,12,132,29,47
132,-100,-100,12,132,53,40
132,-100,-100,12,132,11,36
132,-100,-100,12,132,150,67
132,-100,-100,12,132,161,11
132,-100,-100,147,132,134,10
132,-100,-100,12,132,39,44
132,-100,-100,147,132,35,15
132,-100,-100,147,132,150,45
132,-100,-100,12,132,61,66
132,-100,-100,147,132,148,23
132,-100,-100,12,132,15,13
132,-100,-100,12,132,106,51
132,-100,-100,147,132,11,48
132,-100,-100,147,132,130,33
132,-100,-100,12,132,14,39
132,-100,-100,12,132,89,58
132,-100,-100,147,132,29,46
132,-100,-100,147,132,30,44
132,-100,-100,12,132,135,64
132,-100,-100,12,132,41,35
132,-100,-100,147,132,23,97
132,-100,-100,12,132,67,85
132,-100,-100,147,132,72,30
132,-100,-100,147,132,89,48
132,-100,-100,147,132,15,10
132,-100,-100,147,132,133,14
132,-100,-100,147,132,38,57
132,-100,-100,12,132,16,75
132,-100,-100,12,132,95,29
132,-100,-100,12,132,19,116
132,-100,-100,12,132,110,63
132,-100,-100,12,132,164,14
132,-100,-100,147,132,112,8
132,-100,-100,147,132,4,69
132,-100,-100,147,132,164,14
132,-100,-100,147,132,167,61
132,-100,-100,147,132,110,21
132,-100,-100,147,132,86,39
132,-100,-100,147,132,118,16
132,-100,-100,147,132,19,103
132,-100,-100,12,132,10,89
132,-100,-100,12,132,21,58
132,-100,-100,12,132,105,69
132,-100,-100,147,132,78,49
132,-100,-100,12,132,107,21
132,-100,-100,12,132,99,40
132,-100,-100,147,132,27,62
132,-100,-100,12,132,4,99
132,-100,-100,147,132,138,25
132,-100,-100,147,132,53,49
132,-100,-100,12,132,148,5
132,-100,-100,12,132,140,30
132,-100,-100,147,132,109,18
132,-100,-100,12,132,139,94
132,-100,-100,147,132,36,58
132,-100,-100,12,132,159,24
132,-100,-100,147,132,95,16
132,-100,-100,12,132,133,7
132,-100,-100,12,132,154,42
132,-100,-100,147,132,162,18
132,-100,-100,147,132,10,75
132,-100,-100,147,132,131,27
132,-100,-100,147,132,16,57
132,-100,-100,147,132,172,83
132,-100,-100,12,132,30,38
132,-100,-100,147,132,121,18
132,-100,-100,12,132,101,8
132,-100,-100,12,132,28,59
132,-100,-100,12,132,138,6
132,-100,-100,147,132,179,54
132,-100,-100,147,132,139,98
132,-100,-100,147,132,146,13
132,-100,-100,147,132,98,66
132,-100,-100,147,132,22,25
132,-100,-100,12,132,134,20
132,-100,-100,12,132,58,48
132,-100,-100,147,132,70,51
115,-100,-100,12,115,65,21
115,-100,-100,12,115,141,22
115,-100,-100,147,115,163,16
115,-100,-100,147,115,65,20
115,-100,-100,12,115,126,16
115,-100,-100,12,115,62,16
115,-100,-100,147,115,7,69
115,-100,-100,147,115,15,27
115,-100,-100,147,115,91,45
115,-100,-100,12,115,179,61
115,-100,-100,147,115,58,23
115,-100,-100,12,115,77,28
115,-100,-100,12,115,140,33
115,-100,-100,12,115,167,57
115,-100,-100,147,115,162,23
115,-100,-100,12,115,131,26
115,-100,-100,12,115,23,77
115,-100,-100,12,115,112,7
115,-100,-100,147,115,68,50
115,-100,-100,12,115,53,37
115,-100,-100,12,115,39,43
115,-100,-100,12,115,7,88
115,-100,-100,147,115,158,72
115,-100,-100,12,115,83,15
115,-100,-100,12,115,170,18
115,-100,-100,12,115,134,29
115,-100,-100,12,115,139,62
115,-100,-100,12,115,37,21
115,-100,-100,12,115,93,15
115,-100,-100,12,115,50,84
115,-100,-100,12,115,169,62
115,-100,-100,12,115,149,16
115,-100,-100,12,115,38,46
115,-100,-100,12,115,11,43
115,-100,-100,147,115,84,21
115,-100,-100,147,115,14,31
115,-100,-100,12,115,121,24
115,-100,-100,147,115,82,11
115,-100,-100,147,115,47,19
115,-100,-100,147,115,129,16
115,-100,-100,12,115,118,8
115,-100,-100,12,115,82,21
115,-100,-100,147,115,74,55
115,-100,-100,12,115,123,13
115,-100,-100,12,115,101,33
115,-100,-100,12,115,142,57
115,-100,-100,12,115,70,66
115,-100,-100,147,115,78,54
115,-100,-100,12,115,144,59
115,-100,-100,12,115,176,11
115,-100,-100,147,115,38,64
115,-100,-100,12,115,75,14
115,-100,-100,147,115,55,11
115,-100,-100,147,115,72,52
115,-100,-100,147,115,98,51
115,-100,-100,147,115,83,20
115,-100,-100,12,115,100,16
115,-100,-100,12,115,111,5
115,-100,-100,147,115,149,13
115,-100,-100,12,115,160,58
115,-100,-100,12,115,125,21
115,-100,-100,147,115,80,59
115,-100,-100,147,115,52,11
115,-100,-100,147,115,29,46
115,-100,-100,12,115,97,15
115,-100,-100,147,115,93,17
115,-100,-100,12,115,103,11
115,-100,-100,12,115,99,42
115,-100,-100,12,115,3,38
115,-100,-100,147,115,110,43
115,-100,-100,12,115,45,19
115,-100,-100,147,115,139,87
115,-100,-100,147,115,50,62
115,-100,-100,12,115,86,67
115,-100,-100,147,115,35,36
115,-100,-100,147,115,164,28
115,-100,-100,12,115,161,21
115,-100,-100,12,115,14,53
115,-100,-100,147,115,100,13
115,-100,-100,12,115,116,14
115,-100,-100,147,115,176,19
115,-100,-100,12,115,109,44
115,-100,-100,147,115,148,24
115,-100,-100,147,115,86,49
115,-100,-100,147,115,31,10
115,-100,-100,147,115,70,64
115,-100,-100,147,115,161,28
115,-100,-100,147,115,121,25
115,-100,-100,147,115,175,10
115,-100,-100,147,115,66,44
115,-100,-100,12,115,129,8
115,-100,-100,12,115,33,18
115,-100,-100,147,115,144,64
115,-100,-100,12,115,35,49
115,-100,-100,147,115,131,41
115,-100,-100,147,115,167,69
115,-100,-100,147,115,45,14
115,-100,-100,12,115,24,32
115,-100,-100,147,115,18,10
115,-100,-100,147,115,99,65
115,-100,-100,12,115,158,76
115,-100,-100,147,115,125,15
115,-100,-100,147,115,6,16
115,-100,-100,12,115,172,87
115,-100,-100,147,115,97,12
115,-100,-100,12,115,177,6
115,-100,-100,12,115,150,67
115,-100,-100,147,115,105,40
115,-100,-100,12,115,20,10
115,-100,-100,147,115,134,23
115,-100,-100,12,115,122,19
115,-100,-100,12,115,164,23
115,-100,-100,147,115,154,64
115,-100,-100,147,115,49,13
115,-100,-100,147,115,141,8
115,-100,-100,12,115,108,26
115,-100,-100,147,115,73,15
115,-100,-100,12,115,31,16
115,-100,-100,147,115,111,14
115,-100,-100,12,115,58,34
115,-100,-100,12,115,120,1
115,-100,-100,147,115,41,21
115,-100,-100,12,115,89,67
115,-100,-100,147,115,138,30
115,-100,-100,147,115,94,16
115,-100,-100,147,115,130,47
115,-100,-100,147,115,133,7
115,-100,-100,12,115,71,11
115,-100,-100,147,115,59,13
115,-100,-100,147,115,120,4
115,-100,-100,12,115,178,21
115,-100,-100,147,115,81,21
115,-100,-100,12,115,138,20
115,-100,-100,12,115,63,25
115,-100,-100,12,115,166,61
115,-100,-100,147,115,89,59
115,-100,-100,147,115,150,57
115,-100,-100,12,115,95,33
115,-100,-100,147,115,135,54
115,-100,-100,147,115,23,84
115,-100,-100,147,115,75,11
115,-100,-100,147,115,103,15
115,-100,-100,147,115,62,16
115,-100,-100,147,115,24,54
115,-100,-100,147,115,13,18
115,-100,-100,12,115,175,11
115,-100,-100,147,115,178,16
115,-100,-100,147,115,42,11
115,-100,-100,12,115,55,23
115,-100,-100,147,115,123,13
115,-100,-100,147,115,101,33
115,-100,-100,147,115,160,67
115,-100,-100,12,115,28,61
115,-100,-100,12,115,32,16
115,-100,-100,12,115,2,23
115,-100,-100,12,115,130,37
115,-100,-100,147,115,174,48
115,-100,-100,147,115,169,43
115,-100,-100,12,115,10,87
115,-100,-100,12,115,106,53
115,-100,-100,147,115,27,42
115,-100,-100,147,115,67,64
115,-100,-100,147,115,26,14
115,-100,-100,12,115,148,22
115,-100,-100,12,115,107,30
115,-100,-100,147,115,30,46
115,-100,-100,12,115,52,13
115,-100,-100,12,115,13,14
115,-100,-100,147,115,22,33
115,-100,-100,12,115,146,21
115,-100,-100,12,115,133,9
115,-100,-100,12,115,102,13
115,-100,-100,12,115,78,68
115,-100,-100,147,115,28,48
115,-100,-100,12,115,40,12
115,-100,-100,147,115,77,16
115,-100,-100,12,115,96,18
115,-100,-100,147,115,85,25
115,-100,-100,147,115,171,12
115,-100,-100,147,115,170,16
115,-100,-100,147,115,2,15
115,-100,-100,147,115,19,80
115,-100,-100,12,115,59,15
115,-100,-100,147,115,177,15
115,-100,-100,147,115,71,12
115,-100,-100,147,115,32,20
115,-100,-100,12,115,49,15
115,-100,-100,12,115,60,18
115,-100,-100,147,115,17,40
115,-100,-100,12,115,72,48
115,-100,-100,147,115,106,48
115,-100,-100,147,115,37,14
115,-100,-100,12,115,85,35
115,-100,-100,12,115,51,17
115,-100,-100,12,115,57,19
115,-100,-100,147,115,48,12
115,-100,-100,147,115,60,12
115,-100,-100,12,115,81,14
115,-100,-100,147,115,20,15
115,-100,-100,12,115,68,98
115,-100,-100,12,115,48,23
115,-100,-100,147,115,102,12
115,-100,-100,147,115,180,21
115,-100,-100,12,115,29,65
115,-100,-100,12,115,91,55
115,-100,-100,147,115,159,29
115,-100,-100,12,115,135,66
115,-100,-100,147,115,63,43
115,-100,-100,12,115,163,14
115,-100,-100,147,115,21,51
115,-100,-100,12,115,30,57
115,-100,-100,147,115,168,14
115,-100,-100,147,115,36,55
115,-100,-100,147,115,146,32
115,-100,-100,147,115,39,29
115,-100,-100,147,115,126,10
115,-100,-100,12,115,16,73
115,-100,-100,147,115,16,69
115,-100,-100,147,115,118,18
115,-100,-100,147,115,33,30
115,-100,-100,12,115,56,34
115,-100,-100,147,115,25,12
115,-100,-100,12,115,84,19
115,-100,-100,12,115,110,67
115,-100,-100,12,115,67,69
115,-100,-100,12,115,80,37
115,-100,-100,147,115,172,80
115,-100,-100,147,115,128,17
115,-100,-100,147,115,179,63
115,-100,-100,147,115,127,10
115,-100,-100,12,115,174,62
115,-100,-100,12,115,92,13
115,-100,-100,12,115,128,21
115,-100,-100,12,115,61,71
115,-100,-100,12,115,22,30
115,-100,-100,12,115,41,42
115,-100,-100,12,115,18,18
115,-100,-100,147,115,122,8
115,-100,-100,12,115,94,15
115,-100,-100,12,115,105,59
115,-100,-100,147,115,112,14
115,-100,-100,147,115,40,13
115,-100,-100,147,115,108,23
115,-100,-100,147,115,53,46
115,-100,-100,12,115,17,36
115,-100,-100,147,115,142,52
115,-100,-100,12,115,47,19
115,-100,-100,147,115,92,18
115,-100,-100,12,115,21,41
115,-100,-100,12,115,180,27
115,-100,-100,147,115,95,26
115,-100,-100,12,115,34,20
115,-100,-100,147,115,96,14
115,-100,-100,147,115,140,39
115,-100,-100,12,115,15,24
115,-100,-100,147,115,109,27
115,-100,-100,12,115,159,33
115,-100,-100,12,115,4,78
115,-100,-100,12,115,27,48
115,-100,-100,147,115,4,50
115,-100,-100,12,115,66,35
115,-100,-100,12,115,25,12
115,-100,-100,12,115,6,9
115,-100,-100,147,115,34,11
115,-100,-100,12,115,36,70
115,-100,-100,12,115,127,18
115,-100,-100,12,115,42,13
115,-100,-100,12,115,74,67
115,-100,-100,147,115,61,89
115,-100,-100,12,115,171,21
115,-100,-100,147,115,107,28
115,-100,-100,12,115,154,55
115,-100,-100,12,115,73,19
115,-100,-100,147,115,51,15
115,-100,-100,147,115,116,15
115,-100,-100,12,115,26,10
115,-100,-100,147,115,3,43
115,-100,-100,147,115,57,15
115,-100,-100,12,115,98,59
115,-100,-100,147,115,11,43
115,-100,-100,12,115,168,14
115,-100,-100,147,115,166,59
115,-100,-100,12,115,19,105
115,-100,-100,147,115,10,70
115,-100,-100,12,115,162,16
115,-100,-100,147,115,56,41
114,-100,-100,147,114,153,35
114,-100,-100,147,114,112,15
114,-100,-100,12,114,34,55
114,-100,-100,12,114,173,87
114,-100,-100,12,114,5,57
114,-100,-100,12,114,43,24
114,-100,-100,147,114,156,70
114,-100,-100,147,114,113,38
114,-100,-100,147,114,173,61
114,-100,-100,147,114,9,20
114,-100,-100,12,114,104,49
114,-100,-100,12,114,0,5
114,-100,-100,12,114,44,109
114,-100,-100,147,114,54,6
114,-100,-100,147,114,104,60
114,-100,-100,12,114,156,96
114,-100,-100,12,114,113,43
114,-100,-100,12,114,54,12
114,-100,-100,12,114,110,44
114,-100,-100,12,114,174,27
114,-100,-100,12,114,145,66
114,-100,-100,147,114,165,5
114,-100,-100,12,114,120,16
114,-100,-100,12,114,136,22
114,-100,-100,147,114,110,80
114,-100,-100,12,114,151,18
114,-100,-100,147,114,117,19
114,-100,-100,12,114,119,97
114,-100,-100,147,114,0,21
114,-100,-100,12,114,9,9
114,-100,-100,147,114,79,35
114,-100,-100,147,114,34,22
114,-100,-100,12,114,137,128
114,-100,-100,12,114,76,28
114,-100,-100,147,114,118,57
114,-100,-100,147,114,1,4
114,-100,-100,147,114,44,80
114,-100,-100,12,114,46,15
114,-100,-100,147,114,43,20
114,-100,-100,147,114,151,12
114,-100,-100,12,114,124,55
114,-100,-100,147,114,88,10
114,-100,-100,12,114,112,18
114,-100,-100,12,114,133,32
114,-100,-100,12,114,135,80
114,-100,-100,147,114,8,14
114,-100,-100,12,114,1,13
114,-100,-100,147,114,157,50
114,-100,-100,147,114,155,57
114,-100,-100,147,114,46,29
114,-100,-100,147,114,120,31
114,-100,-100,12,114,163,34
114,-100,-100,12,114,88,21
114,-100,-100,147,114,69,69
114,-100,-100,147,114,174,41
114,-100,-100,147,114,90,32
114,-100,-100,12,114,117,34
114,-100,-100,147,114,136,26
114,-100,-100,12,114,143,38
114,-100,-100,147,114,76,19
114,-100,-100,147,114,145,102
114,-100,-100,147,114,119,93
114,-100,-100,12,114,69,32
114,-100,-100,12,114,8,46
114,-100,-100,147,114,137,91
114,-100,-100,12,114,90,14
114,-100,-100,12,114,165,22
114,-100,-100,12,114,155,48
114,-100,-100,12,114,157,15
114,-100,-100,147,114,87,7
114,-100,-100,147,114,135,31
114,-100,-100,147,114,143,13
114,-100,-100,147,114,64,21
114,-100,-100,12,114,118,38
114,-100,-100,12,114,64,12
114,-100,-100,12,114,87,49
114,-100,-100,147,114,124,40
114,-100,-100,12,114,153,40
114,-100,-100,147,114,133,31
114,-100,-100,147,114,163,28
114,-100,-100,147,114,5,54
132,12,-100,12,132,35,36
132,12,-100,12,132,142,45
132,12,-100,12,132,98,69
132,12,-100,12,132,85,25
132,12,-100,12,132,131,29
132,12,-100,12,132,169,57
132,12,-100,12,132,72,54
132,12,-100,12,132,56,19
132,12,-100,12,132,179,64
132,12,-100,12,132,166,60
132,12,-100,12,132,152,19
132,12,-100,12,132,22,23
132,12,-100,12,132,66,36
132,12,-100,12,132,36,88
132,12,-100,12,132,3,35
132,12,-100,12,132,160,33
132,12,-100,12,132,121,23
132,12,-100,12,132,91,62
132,12,-100,12,132,27,50
132,12,-100,12,132,78,70
132,12,-100,12,132,77,19
132,12,-100,12,132,17,23
132,12,-100,12,132,163,13
132,12,-100,12,132,167,44
132,12,-100,12,132,158,78
132,12,-100,12,132,86,59
132,12,-100,12,132,38,49
132,12,-100,12,132,24,39
132,12,-100,12,132,57,13
132,12,-100,12,132,118,12
132,12,-100,12,132,109,50
132,12,-100,12,132,146,4
132,12,-100,12,132,70,73
132,12,-100,12,132,7,77
132,12,-100,12,132,63,4
132,12,-100,12,132,180,18
132,12,-100,12,132,74,70
132,12,-100,12,132,174,37
132,12,-100,12,132,80,39
132,12,-100,12,132,50,89
132,12,-100,12,132,120,3
132,12,-100,12,132,23,79
132,12,-100,12,132,172,88
132,12,-100,12,132,144,63
132,12,-100,12,132,68,102
132,12,-100,12,132,108,21
132,12,-100,12,132,130,29
132,12,-100,12,132,112,4
132,12,-100,12,132,29,47
132,12,-100,12,132,53,40
132,12,-100,12,132,11,36
132,12,-100,12,132,150,67
132,12,-100,12,132,161,11
132,12,-100,12,132,39,44
132,12,-100,12,132,61,66
132,12,-100,12,132,15,13
132,12,-100,12,132,106,51
132,12,-100,12,132,14,39
132,12,-100,12,132,89,58
132,12,-100,12,132,135,64
132,12,-100,12,132,41,35
132,12,-100,12,132,67,85
132,12,-100,12,132,16,75
132,12,-100,12,132,95,29
132,12,-100,12,132,19,116
132,12,-100,12,132,110,63
132,12,-100,12,132,164,14
132,12,-100,12,132,10,89
132,12,-100,12,132,21,58
132,12,-100,12,132,105,69
132,12,-100,12,132,107,21
132,12,-100,12,132,99,40
132,12,-100,12,132,4,99
132,12,-100,12,132,148,5
132,12,-100,12,132,140,30
132,12,-100,12,132,139,94
132,12,-100,12,132,159,24
132,12,-100,12,132,133,7
132,12,-100,12,132,154,42
132,12,-100,12,132,30,38
132,12,-100,12,132,101,8
132,12,-100,12,132,28,59
132,12,-100,12,132,138,6
132,12,-100,12,132,134,20
132,12,-100,12,132,58,48
115,12,-100,12,115,65,21
115,12,-100,12,115,141,22
115,12,-100,12,115,126,16
115,12,-100,12,115,62,16
115,12,-100,12,115,179,61
115,12,-100,12,115,77,28
115,12,-100,12,115,140,33
115,12,-100,12,115,167,57
115,12,-100,12,115,131,26
115,12,-100,12,115,23,77
115,12,-100,12,115,112,7
115,12,-100,12,115,53,37
115,12,-100,12,115,39,43
115,12,-100,12,115,7,88
115,12,-100,12,115,83,15
115,12,-100,12,115,170,18
115,12,-100,12,115,134,29
115,12,-100,12,115,139,62
115,12,-100,12,115,37,21
115,12,-100,12,115,93,15
115,12,-100,12,115,50,84
115,12,-100,12,115,169,62
115,12,-100,12,115,149,16
115,12,-100,12,115,38,46
115,12,-100,12,115,11,43
115,12,-100,12,115,121,24
115,12,-100,12,115,118,8
115,12,-100,12,115,82,21
115,12,-100,12,115,123,13
115,12,-100,12,115,101,33
115,12,-100,12,115,142,57
115,12,-100,12,115,70,66
115,12,-100,12,115,144,59
115,12,-100,12,115,176,11
115,12,-100,12,115,75,14
115,12,-100,12,115,100,16
115,12,-100,12,115,111,5
115,12,-100,12,115,160,58
115,12,-100,12,115,125,21
115,12,-100,12,115,97,15
115,12,-100,12,115,103,11
115,12,-100,12,115,99,42
115,12,-100,12,115,3,38
115,12,-100,12,115,45,19
115,12,-100,12,115,86,67
115,12,-100,12,115,161,21
115,12,-100,12,115,14,53
115,12,-100,12,115,116,14
115,12,-100,12,115,109,44
115,12,-100,12,115,129,8
115,12,-100,12,115,33,18
115,12,-100,12,115,35,49
115,12,-100,12,115,24,32
115,12,-100,12,115,158,76
115,12,-100,12,115,172,87
115,12,-100,12,115,177,6
115,12,-100,12,115,150,67
115,12,-100,12,115,20,10
115,12,-100,12,115,122,19
115,12,-100,12,115,164,23
115,12,-100,12,115,108,26
115,12,-100,12,115,31,16
115,12,-100,12,115,58,34
115,12,-100,12,115,120,1
115,12,-100,12,115,89,67
115,12,-100,12,115,71,11
115,12,-100,12,115,178,21
115,12,-100,12,115,138,20
115,12,-100,12,115,63,25
115,12,-100,12,115,166,61
115,12,-100,12,115,95,33
115,12,-100,12,115,175,11
115,12,-100,12,115,55,23
115,12,-100,12,115,28,61
115,12,-100,12,115,32,16
115,12,-100,12,115,2,23
115,12,-100,12,115,130,37
115,12,-100,12,115,10,87
115,12,-100,12,115,106,53
115,12,-100,12,115,148,22
115,12,-100,12,115,107,30
115,12,-100,12,115,52,13
115,12,-100,12,115,13,14
115,12,-100,12,115,146,21
115,12,-100,12,115,133,9
115,12,-100,12,115,102,13
115,12,-100,12,115,78,68
115,12,-100,12,115,40,12
115,12,-100,12,115,96,18
115,12,-100,12,115,59,15
115,12,-100,12,115,49,15
115,12,-100,12,115,60,18
115,12,-100,12,115,72,48
115,12,-100,12,115,85,35
115,12,-100,12,115,51,17
115,12,-100,12,115,57,19
115,12,-100,12,115,81,14
115,12,-100,12,115,68,98
115,12,-100,12,115,48,23
115,12,-100,12,115,29,65
115,12,-100,12,115,91,55
115,12,-100,12,115,135,66
115,12,-100,12,115,163,14
115,12,-100,12,115,30,57
115,12,-100,12,115,16,73
115,12,-100,12,115,56,34
115,12,-100,12,115,84,19
115,12,-100,12,115,110,67
115,12,-100,12,115,67,69
115,12,-100,12,115,80,37
115,12,-100,12,115,174,62
115,12,-100,12,115,92,13
115,12,-100,12,115,128,21
115,12,-100,12,115,61,71
115,12,-100,12,115,22,30
115,12,-100,12,115,41,42
115,12,-100,12,115,18,18
115,12,-100,12,115,94,15
115,12,-100,12,115,105,59
115,12,-100,12,115,17,36
115,12,-100,12,115,47,19
115,12,-100,12,115,21,41
115,12,-100,12,115,180,27
115,12,-100,12,115,34,20
115,12,-100,12,115,15,24
115,12,-100,12,115,159,33
115,12,-100,12,115,4,78
115,12,-100,12,115,27,48
115,12,-100,12,115,66,35
115,12,-100,12,115,25,12
115,12,-100,12,115,6,9
115,12,-100,12,115,36,70
115,12,-100,12,115,127,18
115,12,-100,12,115,42,13
115,12,-100,12,115,74,67
115,12,-100,12,115,171,21
115,12,-100,12,115,154,55
115,12,-100,12,115,73,19
115,12,-100,12,115,26,10
115,12,-100,12,115,98,59
115,12,-100,12,115,168,14
115,12,-100,12,115,19,105
115,12,-100,12,115,162,16
114,12,-100,12,114,34,55
114,12,-100,12,114,173,87
114,12,-100,12,114,5,57
114,12,-100,12,114,43,24
114,12,-100,12,114,104,49
114,12,-100,12,114,0,5
114,12,-100,12,114,44,109
114,12,-100,12,114,156,96
114,12,-100,12,114,113,43
114,12,-100,12,114,54,12
114,12,-100,12,114,110,44
114,12,-100,12,114,174,27
114,12,-100,12,114,145,66
114,12,-100,12,114,120,16
114,12,-100,12,114,136,22
114,12,-100,12,114,151,18
114,12,-100,12,114,119,97
114,12,-100,12,114,9,9
114,12,-100,12,114,137,128
114,12,-100,12,114,76,28
114,12,-100,12,114,46,15
114,12,-100,12,114,124,55
114,12,-100,12,114,112,18
114,12,-100,12,114,133,32
114,12,-100,12,114,135,80
114,12,-100,12,114,1,13
114,12,-100,12,114,163,34
114,12,-100,12,114,88,21
114,12,-100,12,114,117,34
114,12,-100,12,114,143,38
114,12,-100,12,114,69,32
114,12,-100,12,114,8,46
114,12,-100,12,114,90,14
114,12,-100,12,114,165,22
114,12,-100,12,114,155,48
114,12,-100,12,114,157,15
114,12,-100,12,114,118,38
114,12,-100,12,114,64,12
114,12,-100,12,114,87,49
114,12,-100,12,114,153,40
-100,12,-100,12,132,35,36
-100,12,-100,12,132,142,45
-100,12,-100,12,115,65,21
-100,12,-100,12,115,141,22
-100,12,-100,12,115,126,16
-100,12,-100,12,115,62,16
-100,12,-100,12,115,179,61
-100,12,-100,12,115,77,28
-100,12,-100,12,132,98,69
-100,12,-100,12,115,140,33
-100,12,-100,12,115,167,57
-100,12,-100,12,114,34,55
-100,12,-100,12,132,85,25
-100,12,-100,12,132,131,29
-100,12,-100,12,115,131,26
-100,12,-100,12,115,23,77
-100,12,-100,12,115,112,7
-100,12,-100,12,115,53,37
-100,12,-100,12,132,169,57
-100,12,-100,12,132,72,54
-100,12,-100,12,115,39,43
-100,12,-100,12,115,7,88
-100,12,-100,12,115,83,15
-100,12,-100,12,115,170,18
-100,12,-100,12,115,134,29
-100,12,-100,12,115,139,62
-100,12,-100,12,115,37,21
-100,12,-100,12,115,93,15
-100,12,-100,12,115,50,84
-100,12,-100,12,115,169,62
-100,12,-100,12,132,56,19
-100,12,-100,12,115,149,16
-100,12,-100,12,115,38,46
-100,12,-100,12,132,179,64
-100,12,-100,12,115,11,43
-100,12,-100,12,114,173,87
-100,12,-100,12,115,121,24
-100,12,-100,12,115,118,8
-100,12,-100,12,115,82,21
-100,12,-100,12,132,166,60
-100,12,-100,12,115,123,13
-100,12,-100,12,115,101,33
-100,12,-100,12,115,142,57
-100,12,-100,12,115,70,66
-100,12,-100,12,132,152,19
-100,12,-100,12,132,22,23
-100,12,-100,12,115,144,59
-100,12,-100,12,114,5,57
-100,12,-100,12,114,43,24
-100,12,-100,12,115,176,11
-100,12,-100,12,115,75,14
-100,12,-100,12,132,66,36
-100,12,-100,12,132,36,88
-100,12,-100,12,115,100,16
-100,12,-100,12,132,3,35
-100,12,-100,12,115,111,5
-100,12,-100,12,132,160,33
-100,12,-100,12,115,160,58
-100,12,-100,12,115,125,21
-100,12,-100,12,132,121,23
-100,12,-100,12,132,91,62
-100,12,-100,12,132,27,50
-100,12,-100,12,115,97,15
-100,12,-100,12,132,78,70
-100,12,-100,12,132,77,19
-100,12,-100,12,115,103,11
-100,12,-100,12,115,99,42
-100,12,-100,12,115,3,38
-100,12,-100,12,115,45,19
-100,12,-100,12,132,17,23
-100,12,-100,12,115,86,67
-100,12,-100,12,114,104,49
-100,12,-100,12,114,0,5
-100,12,-100,12,115,161,21
-100,12,-100,12,115,14,53
-100,12,-100,12,132,163,13
-100,12,-100,12,115,116,14
-100,12,-100,12,114,44,109
-100,12,-100,12,115,109,44
-100,12,-100,12,132,167,44
-100,12,-100,12,114,156,96
-100,12,-100,12,115,129,8
-100,12,-100,12,115,33,18
-100,12,-100,12,115,35,49
-100,12,-100,12,132,158,78
-100,12,-100,12,132,86,59
-100,12,-100,12,115,24,32
-100,12,-100,12,132,38,49
-100,12,-100,12,132,24,39
-100,12,-100,12,132,57,13
-100,12,-100,12,114,113,43
-100,12,-100,12,115,158,76
-100,12,-100,12,132,118,12
-100,12,-100,12,114,54,12
-100,12,-100,12,114,110,44
-100,12,-100,12,132,109,50
-100,12,-100,12,132,146,4
-100,12,-100,12,114,174,27
-100,12,-100,12,114,145,66
-100,12,-100,12,115,172,87
-100,12,-100,12,132,70,73
-100,12,-100,12,115,177,6
-100,12,-100,12,114,120,16
-100,12,-100,12,132,7,77
-100,12,-100,12,115,150,67
-100,12,-100,12,115,20,10
-100,12,-100,12,115,122,19
-100,12,-100,12,115,164,23
-100,12,-100,12,114,136,22
-100,12,-100,12,115,108,26
-100,12,-100,12,115,31,16
-100,12,-100,12,115,58,34
-100,12,-100,12,115,120,1
-100,12,-100,12,132,63,4
-100,12,-100,12,115,89,67
-100,12,-100,12,132,180,18
-100,12,-100,12,132,74,70
-100,12,-100,12,115,71,11
-100,12,-100,12,132,174,37
-100,12,-100,12,114,151,18
-100,12,-100,12,115,178,21
-100,12,-100,12,115,138,20
-100,12,-100,12,114,119,97
-100,12,-100,12,114,9,9
-100,12,-100,12,115,63,25
-100,12,-100,12,115,166,61
-100,12,-100,12,115,95,33
-100,12,-100,12,114,137,128
-100,12,-100,12,115,175,11
-100,12,-100,12,132,80,39
-100,12,-100,12,132,50,89
-100,12,-100,12,132,120,3
-100,12,-100,12,115,55,23
-100,12,-100,12,114,76,28
-100,12,-100,12,115,28,61
-100,12,-100,12,115,32,16
-100,12,-100,12,115,2,23
-100,12,-100,12,115,130,37
-100,12,-100,12,115,10,87
-100,12,-100,12,132,23,79
-100,12,-100,12,115,106,53
-100,12,-100,12,132,172,88
-100,12,-100,12,114,46,15
-100,12,-100,12,132,144,63
-100,12,-100,12,132,68,102
-100,12,-100,12,115,148,22
-100,12,-100,12,132,108,21
-100,12,-100,12,115,107,30
-100,12,-100,12,132,130,29
-100,12,-100,12,114,124,55
-100,12,-100,12,115,52,13
-100,12,-100,12,115,13,14
-100,12,-100,12,132,112,4
-100,12,-100,12,114,112,18
-100,12,-100,12,115,146,21
-100,12,-100,12,114,133,32
-100,12,-100,12,132,29,47
-100,12,-100,12,132,53,40
-100,12,-100,12,114,135,80
-100,12,-100,12,132,11,36
-100,12,-100,12,115,133,9
-100,12,-100,12,132,150,67
-100,12,-100,12,114,1,13
-100,12,-100,12,115,102,13
-100,12,-100,12,115,78,68
-100,12,-100,12,132,161,11
-100,12,-100,12,115,40,12
-100,12,-100,12,115,96,18
-100,12,-100,12,115,59,15
-100,12,-100,12,132,39,44
-100,12,-100,12,115,49,15
-100,12,-100,12,115,60,18
-100,12,-100,12,115,72,48
-100,12,-100,12,115,85,35
-100,12,-100,12,115,51,17
-100,12,-100,12,132,61,66
-100,12,-100,12,115,57,19
-100,12,-100,12,132,15,13
-100,12,-100,12,132,106,51
-100,12,-100,12,115,81,14
-100,12,-100,12,115,68,98
-100,12,-100,12,115,48,23
-100,12,-100,12,114,163,34
-100,12,-100,12,132,14,39
-100,12,-100,12,114,88,21
-100,12,-100,12,132,89,58
-100,12,-100,12,115,29,65
-100,12,-100,12,115,91,55
-100,12,-100,12,132,135,64
-100,12,-100,12,115,135,66
-100,12,-100,12,114,117,34
-100,12,-100,12,132,41,35
-100,12,-100,12,132,67,85
-100,12,-100,12,132,16,75
-100,12,-100,12,115,163,14
-100,12,-100,12,115,30,57
-100,12,-100,12,132,95,29
-100,12,-100,12,132,19,116
-100,12,-100,12,132,110,63
-100,12,-100,12,132,164,14
-100,12,-100,12,115,16,73
-100,12,-100,12,114,143,38
-100,12,-100,12,115,56,34
-100,12,-100,12,115,84,19
-100,12,-100,12,115,110,67
-100,12,-100,12,115,67,69
-100,12,-100,12,115,80,37
-100,12,-100,12,115,174,62
-100,12,-100,12,132,10,89
-100,12,-100,12,132,21,58
-100,12,-100,12,115,92,13
-100,12,-100,12,115,128,21
-100,12,-100,12,114,69,32
-100,12,-100,12,114,8,46
-100,12,-100,12,132,105,69
-100,12,-100,12,132,107,21
-100,12,-100,12,114,90,14
-100,12,-100,12,132,99,40
-100,12,-100,12,132,4,99
-100,12,-100,12,115,61,71
-100,12,-100,12,115,22,30
-100,12,-100,12,115,41,42
-100,12,-100,12,115,18,18
-100,12,-100,12,132,148,5
-100,12,-100,12,114,165,22
-100,12,-100,12,132,140,30
-100,12,-100,12,115,94,15
-100,12,-100,12,114,155,48
-100,12,-100,12,132,139,94
-100,12,-100,12,115,105,59
-100,12,-100,12,114,157,15
-100,12,-100,12,115,17,36
-100,12,-100,12,115,47,19
-100,12,-100,12,115,21,41
-100,12,-100,12,115,180,27
-100,12,-100,12,115,34,20
-100,12,-100,12,114,118,38
-100,12,-100,12,114,64,12
-100,12,-100,12,132,159,24
-100,12,-100,12,115,15,24
-100,12,-100,12,132,133,7
-100,12,-100,12,115,159,33
-100,12,-100,12,115,4,78
-100,12,-100,12,115,27,48
-100,12,-100,12,114,87,49
-100,12,-100,12,115,66,35
-100,12,-100,12,115,25,12
-100,12,-100,12,115,6,9
-100,12,-100,12,115,36,70
-100,12,-100,12,115,127,18
-100,12,-100,12,115,42,13
-100,12,-100,12,115,74,67
-100,12,-100,12,132,154,42
-100,12,-100,12,114,153,40
-100,12,-100,12,115,171,21
-100,12,-100,12,132,30,38
-100,12,-100,12,115,154,55
-100,12,-100,12,115,73,19
-100,12,-100,12,132,101,8
-100,12,-100,12,132,28,59
-100,12,-100,12,115,26,10
-100,12,-100,12,132,138,6
-100,12,-100,12,115,98,59
-100,12,-100,12,115,168,14
-100,12,-100,12,115,19,105
-100,12,-100,12,115,162,16
-100,12,-100,12,132,134,20
-100,12,-100,12,132,58,48
132,147,-100,147,132,166,66
132,147,-100,147,132,142,56
132,147,-100,147,132,61,101
132,147,-100,147,132,174,43
132,147,-100,147,132,154,63
132,147,-100,147,132,57,3
132,147,-100,147,132,39,20
132,147,-100,147,132,158,67
132,147,-100,147,132,14,22
132,147,-100,147,132,85,6
132,147,-100,147,132,66,37
132,147,-100,147,132,106,60
132,147,-100,147,132,80,55
132,147,-100,147,132,17,27
132,147,-100,147,132,56,34
132,147,-100,147,132,41,13
132,147,-100,147,132,67,82
132,147,-100,147,132,28,51
132,147,-100,147,132,63,29
132,147,-100,147,132,77,14
132,147,-100,147,132,120,2
132,147,-100,147,132,3,53
132,147,-100,147,132,163,14
132,147,-100,147,132,91,48
132,147,-100,147,132,161,22
132,147,-100,147,132,135,62
132,147,-100,147,132,99,60
132,147,-100,147,132,169,34
132,147,-100,147,132,33,14
132,147,-100,147,132,21,43
132,147,-100,147,132,105,66
132,147,-100,147,132,7,68
132,147,-100,147,132,108,4
132,147,-100,147,132,144,67
132,147,-100,147,132,68,62
132,147,-100,147,132,101,20
132,147,-100,147,132,160,67
132,147,-100,147,132,140,44
132,147,-100,147,132,58,20
132,147,-100,147,132,159,12
132,147,-100,147,132,74,61
132,147,-100,147,132,24,60
132,147,-100,147,132,180,5
132,147,-100,147,132,50,75
132,147,-100,147,132,107,18
132,147,-100,147,132,134,10
132,147,-100,147,132,35,15
132,147,-100,147,132,150,45
132,147,-100,147,132,148,23
132,147,-100,147,132,11,48
132,147,-100,147,132,130,33
132,147,-100,147,132,29,46
132,147,-100,147,132,30,44
132,147,-100,147,132,23,97
132,147,-100,147,132,72,30
132,147,-100,147,132,89,48
132,147,-100,147,132,15,10
132,147,-100,147,132,133,14
132,147,-100,147,132,38,57
132,147,-100,147,132,112,8
132,147,-100,147,132,4,69
132,147,-100,147,132,164,14
132,147,-100,147,132,167,61
132,147,-100,147,132,110,21
132,147,-100,147,132,86,39
132,147,-100,147,132,118,16
132,147,-100,147,132,19,103
132,147,-100,147,132,78,49
132,147,-100,147,132,27,62
132,147,-100,147,132,138,25
132,147,-100,147,132,53,49
132,147,-100,147,132,109,18
132,147,-100,147,132,36,58
132,147,-100,147,132,95,16
132,147,-100,147,132,162,18
132,147,-100,147,132,10,75
132,147,-100,147,132,131,27
132,147,-100,147,132,16,57
132,147,-100,147,132,172,83
132,147,-100,147,132,121,18
132,147,-100,147,132,179,54
132,147,-100,147,132,139,98
132,147,-100,147,132,146,13
132,147,-100,147,132,98,66
132,147,-100,147,132,22,25
132,147,-100,147,132,70,51
115,147,-100,147,115,163,16
115,147,-100,147,115,65,20
115,147,-100,147,115,7,69
115,147,-100,147,115,15,27
115,147,-100,147,115,91,45
115,147,-100,147,115,58,23
115,147,-100,147,115,162,23
115,147,-100,147,115,68,50
115,147,-100,147,115,158,72
115,147,-100,147,115,84,21
115,147,-100,147,115,14,31
115,147,-100,147,115,82,11
115,147,-100,147,115,47,19
115,147,-100,147,115,129,16
115,147,-100,147,115,74,55
115,147,-100,147,115,78,54
115,147,-100,147,115,38,64
115,147,-100,147,115,55,11
115,147,-100,147,115,72,52
115,147,-100,147,115,98,51
115,147,-100,147,115,83,20
115,147,-100,147,115,149,13
115,147,-100,147,115,80,59
115,147,-100,147,115,52,11
115,147,-100,147,115,29,46
115,147,-100,147,115,93,17
115,147,-100,147,115,110,43
115,147,-100,147,115,139,87
115,147,-100,147,115,50,62
115,147,-100,147,115,35,36
115,147,-100,147,115,164,28
115,147,-100,147,115,100,13
115,147,-100,147,115,176,19
115,147,-100,147,115,148,24
115,147,-100,147,115,86,49
115,147,-100,147,115,31,10
115,147,-100,147,115,70,64
115,147,-100,147,115,161,28
115,147,-100,147,115,121,25
115,147,-100,147,115,175,10
115,147,-100,147,115,66,44
115,147,-100,147,115,144,64
115,147,-100,147,115,131,41
115,147,-100,147,115,167,69
115,147,-100,147,115,45,14
115,147,-100,147,115,18,10
115,147,-100,147,115,99,65
115,147,-100,147,115,125,15
115,147,-100,147,115,6,16
115,147,-100,147,115,97,12
115,147,-100,147,115,105,40
115,147,-100,147,115,134,23
115,147,-100,147,115,154,64
115,147,-100,147,115,49,13
115,147,-100,147,115,141,8
115,147,-100,147,115,73,15
115,147,-100,147,115,111,14
115,147,-100,147,115,41,21
115,147,-100,147,115,138,30
115,147,-100,147,115,94,16
115,147,-100,147,115,130,47
115,147,-100,147,115,133,7
115,147,-100,147,115,59,13
115,147,-100,147,115,120,4
115,147,-100,147,115,81,21
115,147,-100,147,115,89,59
115,147,-100,147,115,150,57
115,147,-100,147,115,135,54
115,147,-100,147,115,23,84
115,147,-100,147,115,75,11
115,147,-100,147,115,103,15
115,147,-100,147,115,62,16
115,147,-100,147,115,24,54
115,147,-100,147,115,13,18
115,147,-100,147,115,178,16
115,147,-100,147,115,42,11
115,147,-100,147,115,123,13
115,147,-100,147,115,101,33
115,147,-100,147,115,160,67
115,147,-100,147,115,174,48
115,147,-100,147,115,169,43
115,147,-100,147,115,27,42
115,147,-100,147,115,67,64
115,147,-100,147,115,26,14
115,147,-100,147,115,30,46
115,147,-100,147,115,22,33
115,147,-100,147,115,28,48
115,147,-100,147,115,77,16
115,147,-100,147,115,85,25
115,147,-100,147,115,171,12
115,147,-100,147,115,170,16
115,147,-100,147,115,2,15
115,147,-100,147,115,19,80
115,147,-100,147,115,177,15
115,147,-100,147,115,71,12
115,147,-100,147,115,32,20
115,147,-100,147,115,17,40
115,147,-100,147,115,106,48
115,147,-100,147,115,37,14
115,147,-100,147,115,48,12
115,147,-100,147,115,60,12
115,147,-100,147,115,20,15
115,147,-100,147,115,102,12
115,147,-100,147,115,180,21
115,147,-100,147,115,159,29
115,147,-100,147,115,63,43
115,147,-100,147,115,21,51
115,147,-100,147,115,168,14
115,147,-100,147,115,36,55
115,147,-100,147,115,146,32
115,147,-100,147,115,39,29
115,147,-100,147,115,126,10
115,147,-100,147,115,16,69
115,147,-100,147,115,118,18
115,147,-100,147,115,33,30
115,147,-100,147,115,25,12
115,147,-100,147,115,172,80
115,147,-100,147,115,128,17
115,147,-100,147,115,179,63
115,147,-100,147,115,127,10
115,147,-100,147,115,122,8
115,147,-100,147,115,112,14
115,147,-100,147,115,40,13
115,147,-100,147,115,108,23
115,147,-100,147,115,53,46
115,147,-100,147,115,142,52
115,147,-100,147,115,92,18
115,147,-100,147,115,95,26
115,147,-100,147,115,96,14
115,147,-100,147,115,140,39
115,147,-100,147,115,109,27
115,147,-100,147,115,4,50
115,147,-100,147,115,34,11
115,147,-100,147,115,61,89
115,147,-100,147,115,107,28
115,147,-100,147,115,51,15
115,147,-100,147,115,116,15
115,147,-100,147,115,3,43
115,147,-100,147,115,57,15
115,147,-100,147,115,11,43
115,147,-100,147,115,166,59
115,147,-100,147,115,10,70
115,147,-100,147,115,56,41
114,147,-100,147,114,153,35
114,147,-100,147,114,112,15
114,147,-100,147,114,156,70
114,147,-100,147,114,113,38
114,147,-100,147,114,173,61
114,147,-100,147,114,9,20
114,147,-100,147,114,54,6
114,147,-100,147,114,104,60
114,147,-100,147,114,165,5
114,147,-100,147,114,110,80
114,147,-100,147,114,117,19
114,147,-100,147,114,0,21
114,147,-100,147,114,79,35
114,147,-100,147,114,34,22
114,147,-100,147,114,118,57
114,147,-100,147,114,1,4
114,147,-100,147,114,44,80
114,147,-100,147,114,43,20
114,147,-100,147,114,151,12
114,147,-100,147,114,88,10
114,147,-100,147,114,8,14
114,147,-100,147,114,157,50
114,147,-100,147,114,155,57
114,147,-100,147,114,46,29
114,147,-100,147,114,120,31
114,147,-100,147,114,69,69
114,147,-100,147,114,174,41
114,147,-100,147,114,90,32
114,147,-100,147,114,136,26
114,147,-100,147,114,76,19
114,147,-100,147,114,145,102
114,147,-100,147,114,119,93
114,147,-100,147,114,137,91
114,147,-100,147,114,87,7
114,147,-100,147,114,135,31
114,147,-100,147,114,143,13
114,147,-100,147,114,64,21
114,147,-100,147,114,124,40
114,147,-100,147,114,133,31
114,147,-100,147,114,163,28
114,147,-100,147,114,5,54
-100,147,-100,147,132,166,66
-100,147,-100,147,115,163,16
-100,147,-100,147,115,65,20
-100,147,-100,147,114,153,35
-100,147,-100,147,115,7,69
-100,147,-100,147,132,142,56
-100,147,-100,147,132,61,101
-100,147,-100,147,115,15,27
-100,147,-100,147,114,112,15
-100,147,-100,147,115,91,45
-100,147,-100,147,115,58,23
-100,147,-100,147,132,174,43
-100,147,-100,147,132,154,63
-100,147,-100,147,115,162,23
-100,147,-100,147,132,57,3
-100,147,-100,147,132,39,20
-100,147,-100,147,115,68,50
-100,147,-100,147,132,158,67
-100,147,-100,147,115,158,72
-100,147,-100,147,132,14,22
-100,147,-100,147,115,84,21
-100,147,-100,147,115,14,31
-100,147,-100,147,115,82,11
-100,147,-100,147,115,47,19
-100,147,-100,147,115,129,16
-100,147,-100,147,115,74,55
-100,147,-100,147,132,85,6
-100,147,-100,147,132,66,37
-100,147,-100,147,132,106,60
-100,147,-100,147,132,80,55
-100,147,-100,147,115,78,54
-100,147,-100,147,115,38,64
-100,147,-100,147,115,55,11
-100,147,-100,147,115,72,52
-100,147,-100,147,115,98,51
-100,147,-100,147,115,83,20
-100,147,-100,147,115,149,13
-100,147,-100,147,132,17,27
-100,147,-100,147,114,156,70
-100,147,-100,147,115,80,59
-100,147,-100,147,114,113,38
-100,147,-100,147,115,52,11
-100,147,-100,147,115,29,46
-100,147,-100,147,114,173,61
-100,147,-100,147,115,93,17
-100,147,-100,147,132,56,34
-100,147,-100,147,115,110,43
-100,147,-100,147,132,41,13
-100,147,-100,147,115,139,87
-100,147,-100,147,115,50,62
-100,147,-100,147,132,67,82
-100,147,-100,147,132,28,51
-100,147,-100,147,132,63,29
-100,147,-100,147,114,9,20
-100,147,-100,147,115,35,36
-100,147,-100,147,115,164,28
-100,147,-100,147,115,100,13
-100,147,-100,147,115,176,19
-100,147,-100,147,114,54,6
-100,147,-100,147,115,148,24
-100,147,-100,147,115,86,49
-100,147,-100,147,114,104,60
-100,147,-100,147,132,77,14
-100,147,-100,147,115,31,10
-100,147,-100,147,115,70,64
-100,147,-100,147,115,161,28
-100,147,-100,147,115,121,25
-100,147,-100,147,132,120,2
-100,147,-100,147,115,175,10
-100,147,-100,147,115,66,44
-100,147,-100,147,115,144,64
-100,147,-100,147,115,131,41
-100,147,-100,147,115,167,69
-100,147,-100,147,115,45,14
-100,147,-100,147,132,3,53
-100,147,-100,147,115,18,10
-100,147,-100,147,115,99,65
-100,147,-100,147,115,125,15
-100,147,-100,147,132,163,14
-100,147,-100,147,132,91,48
-100,147,-100,147,132,161,22
-100,147,-100,147,132,135,62
-100,147,-100,147,115,6,16
-100,147,-100,147,115,97,12
-100,147,-100,147,132,99,60
-100,147,-100,147,114,165,5
-100,147,-100,147,132,169,34
-100,147,-100,147,115,105,40
-100,147,-100,147,115,134,23
-100,147,-100,147,115,154,64
-100,147,-100,147,115,49,13
-100,147,-100,147,132,33,14
-100,147,-100,147,115,141,8
-100,147,-100,147,115,73,15
-100,147,-100,147,132,21,43
-100,147,-100,147,132,105,66
-100,147,-100,147,132,7,68
-100,147,-100,147,115,111,14
-100,147,-100,147,115,41,21
-100,147,-100,147,114,110,80
-100,147,-100,147,115,138,30
-100,147,-100,147,132,108,4
-100,147,-100,147,115,94,16
-100,147,-100,147,115,130,47
-100,147,-100,147,132,144,67
-100,147,-100,147,115,133,7
-100,147,-100,147,132,68,62
-100,147,-100,147,115,59,13
-100,147,-100,147,115,120,4
-100,147,-100,147,114,117,19
-100,147,-100,147,132,101,20
-100,147,-100,147,115,81,21
-100,147,-100,147,114,0,21
-100,147,-100,147,114,79,35
-100,147,-100,147,115,89,59
-100,147,-100,147,132,160,67
-100,147,-100,147,115,150,57
-100,147,-100,147,115,135,54
-100,147,-100,147,114,34,22
-100,147,-100,147,115,23,84
-100,147,-100,147,115,75,11
-100,147,-100,147,115,103,15
-100,147,-100,147,132,140,44
-100,147,-100,147,115,62,16
-100,147,-100,147,115,24,54
-100,147,-100,147,115,13,18
-100,147,-100,147,132,58,20
-100,147,-100,147,115,178,16
-100,147,-100,147,115,42,11
-100,147,-100,147,132,159,12
-100,147,-100,147,132,74,61
-100,147,-100,147,115,123,13
-100,147,-100,147,132,24,60
-100,147,-100,147,114,118,57
-100,147,-100,147,115,101,33
-100,147,-100,147,115,160,67
-100,147,-100,147,114,1,4
-100,147,-100,147,115,174,48
-100,147,-100,147,115,169,43
-100,147,-100,147,114,44,80
-100,147,-100,147,132,180,5
-100,147,-100,147,115,27,42
-100,147,-100,147,115,67,64
-100,147,-100,147,114,43,20
-100,147,-100,147,115,26,14
-100,147,-100,147,132,50,75
-100,147,-100,147,115,30,46
-100,147,-100,147,114,151,12
-100,147,-100,147,114,88,10
-100,147,-100,147,132,107,18
-100,147,-100,147,115,22,33
-100,147,-100,147,114,8,14
-100,147,-100,147,115,28,48
-100,147,-100,147,115,77,16
-100,147,-100,147,115,85,25
-100,147,-100,147,115,171,12
-100,147,-100,147,115,170,16
-100,147,-100,147,115,2,15
-100,147,-100,147,114,157,50
-100,147,-100,147,114,155,57
-100,147,-100,147,115,19,80
-100,147,-100,147,132,134,10
-100,147,-100,147,115,177,15
-100,147,-100,147,115,71,12
-100,147,-100,147,115,32,20
-100,147,-100,147,132,35,15
-100,147,-100,147,114,46,29
-100,147,-100,147,115,17,40
-100,147,-100,147,115,106,48
-100,147,-100,147,115,37,14
-100,147,-100,147,132,150,45
-100,147,-100,147,115,48,12
-100,147,-100,147,114,120,31
-100,147,-100,147,115,60,12
-100,147,-100,147,132,148,23
-100,147,-100,147,115,20,15
-100,147,-100,147,132,11,48
-100,147,-100,147,132,130,33
-100,147,-100,147,115,102,12
-100,147,-100,147,115,180,21
-100,147,-100,147,114,69,69
-100,147,-100,147,114,174,41
-100,147,-100,147,114,90,32
-100,147,-100,147,132,29,46
-100,147,-100,147,132,30,44
-100,147,-100,147,115,159,29
-100,147,-100,147,115,63,43
-100,147,-100,147,114,136,26
-100,147,-100,147,132,23,97
-100,147,-100,147,132,72,30
-100,147,-100,147,132,89,48
-100,147,-100,147,132,15,10
-100,147,-100,147,132,133,14
-100,147,-100,147,132,38,57
-100,147,-100,147,115,21,51
-100,147,-100,147,115,168,14
-100,147,-100,147,115,36,55
-100,147,-100,147,115,146,32
-100,147,-100,147,132,112,8
-100,147,-100,147,115,39,29
-100,147,-100,147,115,126,10
-100,147,-100,147,115,16,69
-100,147,-100,147,115,118,18
-100,147,-100,147,115,33,30
-100,147,-100,147,132,4,69
-100,147,-100,147,115,25,12
-100,147,-100,147,132,164,14
-100,147,-100,147,114,76,19
-100,147,-100,147,132,167,61
-100,147,-100,147,115,172,80
-100,147,-100,147,114,145,102
-100,147,-100,147,132,110,21
-100,147,-100,147,114,119,93
-100,147,-100,147,132,86,39
-100,147,-100,147,115,128,17
-100,147,-100,147,115,179,63
-100,147,-100,147,132,118,16
-100,147,-100,147,115,127,10
-100,147,-100,147,132,19,103
-100,147,-100,147,114,137,91
-100,147,-100,147,132,78,49
-100,147,-100,147,132,27,62
-100,147,-100,147,132,138,25
-100,147,-100,147,132,53,49
-100,147,-100,147,132,109,18
-100,147,-100,147,115,122,8
-100,147,-100,147,115,112,14
-100,147,-100,147,115,40,13
-100,147,-100,147,115,108,23
-100,147,-100,147,114,87,7
-100,147,-100,147,115,53,46
-100,147,-100,147,132,36,58
-100,147,-100,147,115,142,52
-100,147,-100,147,115,92,18
-100,147,-100,147,114,135,31
-100,147,-100,147,115,95,26
-100,147,-100,147,114,143,13
-100,147,-100,147,115,96,14
-100,147,-100,147,114,64,21
-100,147,-100,147,115,140,39
-100,147,-100,147,115,109,27
-100,147,-100,147,132,95,16
-100,147,-100,147,115,4,50
-100,147,-100,147,115,34,11
-100,147,-100,147,114,124,40
-100,147,-100,147,115,61,89
-100,147,-100,147,132,162,18
-100,147,-100,147,132,10,75
-100,147,-100,147,132,131,27
-100,147,-100,147,115,107,28
-100,147,-100,147,132,16,57
-100,147,-100,147,132,172,83
-100,147,-100,147,132,121,18
-100,147,-100,147,115,51,15
-100,147,-100,147,115,116,15
-100,147,-100,147,115,3,43
-100,147,-100,147,115,57,15
-100,147,-100,147,115,11,43
-100,147,-100,147,115,166,59
-100,147,-100,147,114,133,31
-100,147,-100,147,114,163,28
-100,147,-100,147,132,179,54
-100,147,-100,147,132,139,98
-100,147,-100,147,132,146,13
-100,147,-100,147,132,98,66
-100,147,-100,147,132,22,25
-100,147,-100,147,115,10,70
-100,147,-100,147,114,5,54
-100,147,-100,147,115,56,41
-100,147,-100,147,132,70,51
114,-100,0,12,114,0,5
114,-100,0,147,114,0,21
114,12,0,12,114,0,5
-100,12,0,12,114,0,5
114,147,0,147,114,0,21
-100,147,0,147,114,0,21
-100,-100,0,12,114,0,5
-100,-100,0,147,114,0,21
114,-100,1,147,114,1,4
114,-100,1,12,114,1,13
114,12,1,12,114,1,13
-100,12,1,12,114,1,13
114,147,1,147,114,1,4
-100,147,1,147,114,1,4
-100,-100,1,147,114,1,4
-100,-100,1,12,114,1,13
115,-100,2,12,115,2,23
115,-100,2,147,115,2,15
115,12,2,12,115,2,23
-100,12,2,12,115,2,23
115,147,2,147,115,2,15
-100,147,2,147,115,2,15
-100,-100,2,12,115,2,23
-100,-100,2,147,115,2,15
132,-100,3,12,132,3,35
132,-100,3,147,132,3,53
115,-100,3,12,115,3,38
115,-100,3,147,115,3,43
132,12,3,12,132,3,35
115,12,3,12,115,3,38
-100,12,3,12,132,3,35
-100,12,3,12,115,3,38
132,147,3,147,132,3,53
115,147,3,147,115,3,43
-100,147,3,147,132,3,53
-100,147,3,147,115,3,43
-100,-100,3,12,132,3,35
-100,-100,3,12,115,3,38
-100,-100,3,147,132,3,53
-100,-100,3,147,115,3,43
132,-100,4,147,132,4,69
132,-100,4,12,132,4,99
115,-100,4,12,115,4,78
115,-100,4,147,115,4,50
132,12,4,12,132,4,99
115,12,4,12,115,4,78
-100,12,4,12,132,4,99
-100,12,4,12,115,4,78
132,147,4,147,132,4,69
115,147,4,147,115,4,50
-100,147,4,147,132,4,69
-100,147,4,147,115,4,50
-100,-100,4,147,132,4,69
-100,-100,4,12,132,4,99
-100,-100,4,12,115,4,78
-100,-100,4,147,115,4,50
114,-100,5,12,114,5,57
114,-100,5,147,114,5,54
114,12,5,12,114,5,57
-100,12,5,12,114,5,57
114,147,5,147,114,5,54
-100,147,5,147,114,5,54
-100,-100,5,12,114,5,57
-100,-100,5,147,114,5,54
115,-100,6,147,115,6,16
115,-100,6,12,115,6,9
115,12,6,12,115,6,9
-100,12,6,12,115,6,9
115,147,6,147,115,6,16
-100,147,6,147,115,6,16
-100,-100,6,147,115,6,16
-100,-100,6,12,115,6,9
132,-100,7,12,132,7,77
132,-100,7,147,132,7,68
115,-100,7,147,115,7,69
115,-100,7,12,115,7,88
132,12,7,12,132,7,77
115,12,7,12,115,7,88
-100,12,7,12,115,7,88
-100,12,7,12,132,7,77
132,147,7,147,132,7,68
115,147,7,147,115,7,69
-100,147,7,147,115,7,69
-100,147,7,147,132,7,68
-100,-100,7,147,115,7,69
-100,-100,7,12,115,7,88
-100,-100,7,12,132,7,77
-100,-100,7,147,132,7,68
114,-100,8,147,114,8,14
114,-100,8,12,114,8,46
114,12,8,12,114,8,46
-100,12,8,12,114,8,46
114,147,8,147,114,8,14
-100,147,8,147,114,8,14
-100,-100,8,147,114,8,14
-100,-100,8,12,114,8,46
114,-100,9,147,114,9,20
114,-100,9,12,114,9,9
114,12,9,12,114,9,9
-100,12,9,12,114,9,9
114,147,9,147,114,9,20
-100,147,9,147,114,9,20
-100,-100,9,147,114,9,20
-100,-100,9,12,114,9,9
132,-100,10,12,132,10,89
132,-100,10,147,132,10,75
115,-100,10,12,115,10,87
115,-100,10,147,115,10,70
132,12,10,12,132,10,89
115,12,10,12,115,10,87
-100,12,10,12,115,10,87
-100,12,10,12,132,10,89
132,147,10,147,132,10,75
115,147,10,147,115,10,70
-100,147,10,147,132,10,75
-100,147,10,147,115,10,70
-100,-100,10,12,115,10,87
-100,-100,10,12,132,10,89
-100,-100,10,147,132,10,75
-100,-100,10,147,115,10,70
132,-100,11,12,132,11,36
132,-100,11,147,132,11,48
115,-100,11,12,115,11,43
115,-100,11,147,115,11,43
132,12,11,12,132,11,36
115,12,11,12,115,11,43
-100,12,11,12,115,11,43
-100,12,11,12,132,11,36
132,147,11,147,132,11,48
115,147,11,147,115,11,43
-100,147,11,147,132,11,48
-100,147,11,147,115,11,43
-100,-100,11,12,115,11,43
-100,-100,11,12,132,11,36
-100,-100,11,147,132,11,48
-100,-100,11,147,115,11,43
115,-100,13,147,115,13,18
115,-100,13,12,115,13,14
115,12,13,12,115,13,14
-100,12,13,12,115,13,14
115,147,13,147,115,13,18
-100,147,13,147,115,13,18
-100,-100,13,147,115,13,18
-100,-100,13,12,115,13,14
132,-100,14,147,132,14,22
132,-100,14,12,132,14,39
115,-100,14,147,115,14,31
115,-100,14,12,115,14,53
132,12,14,12,132,14,39
115,12,14,12,115,14,53
-100,12,14,12,115,14,53
-100,12,14,12,132,14,39
132,147,14,147,132,14,22
115,147,14,147,115,14,31
-100,147,14,147,132,14,22
-100,147,14,147,115,14,31
-100,-100,14,147,132,14,22
-100,-100,14,147,115,14,31
-100,-100,14,12,115,14,53
-100,-100,14,12,132,14,39
132,-100,15,12,132,15,13
132,-100,15,147,132,15,10
115,-100,15,147,115,15,27
115,-100,15,12,115,15,24
132,12,15,12,132,15,13
115,12,15,12,115,15,24
-100,12,15,12,132,15,13
-100,12,15,12,115,15,24
132,147,15,147,132,15,10
115,147,15,147,115,15,27
-100,147,15,147,115,15,27
-100,147,15,147,132,15,10
-100,-100,15,147,115,15,27
-100,-100,15,12,132,15,13
-100,-100,15,147,132,15,10
-100,-100,15,12,115,15,24
132,-100,16,12,132,16,75
132,-100,16,147,132,16,57
115,-100,16,12,115,16,73
115,-100,16,147,115,16,69
132,12,16,12,132,16,75
115,12,16,12,115,16,73
-100,12,16,12,132,16,75
-100,12,16,12,115,16,73
132,147,16,147,132,16,57
115,147,16,147,115,16,69
-100,147,16,147,115,16,69
-100,147,16,147,132,16,57
-100,-100,16,12,132,16,75
-100,-100,16,12,115,16,73
-100,-100,16,147,115,16,69
-100,-100,16,147,132,16,57
132,-100,17,147,132,17,27
132,-100,17,12,132,17,23
115,-100,17,147,115,17,40
115,-100,17,12,115,17,36
132,12,17,12,132,17,23
115,12,17,12,115,17,36
-100,12,17,12,132,17,23
-100,12,17,12,115,17,36
132,147,17,147,132,17,27
115,147,17,147,115,17,40
-100,147,17,147,132,17,27
-100,147,17,147,115,17,40
-100,-100,17,147,132,17,27
-100,-100,17,12,132,17,23
-100,-100,17,147,115,17,40
-100,-100,17,12,115,17,36
115,-100,18,147,115,18,10
115,-100,18,12,115,18,18
115,12,18,12,115,18,18
-100,12,18,12,115,18,18
115,147,18,147,115,18,10
-100,147,18,147,115,18,10
-100,-100,18,147,115,18,10
-100,-100,18,12,115,18,18
132,-100,19,12,132,19,116
132,-100,19,147,132,19,103
115,-100,19,147,115,19,80
115,-100,19,12,115,19,105
132,12,19,12,132,19,116
115,12,19,12,115,19,105
-100,12,19,12,132,19,116
-100,12,19,12,115,19,105
132,147,19,147,132,19,103
115,147,19,147,115,19,80
-100,147,19,147,115,19,80
-100,147,19,147,132,19,103
-100,-100,19,147,115,19,80
-100,-100,19,12,132,19,116
-100,-100,19,147,132,19,103
-100,-100,19,12,115,19,105
115,-100,20,12,115,20,10
115,-100,20,147,115,20,15
115,12,20,12,115,20,10
-100,12,20,12,115,20,10
115,147,20,147,115,20,15
-100,147,20,147,115,20,15
-100,-100,20,12,115,20,10
-100,-100,20,147,115,20,15
132,-100,21,147,132,21,43
132,-100,21,12,132,21,58
115,-100,21,147,115,21,51
115,-100,21,12,115,21,41
132,12,21,12,132,21,58
115,12,21,12,115,21,41
-100,12,21,12,132,21,58
-100,12,21,12,115,21,41
132,147,21,147,132,21,43
115,147,21,147,115,21,51
-100,147,21,147,132,21,43
-100,147,21,147,115,21,51
-100,-100,21,147,132,21,43
-100,-100,21,147,115,21,51
-100,-100,21,12,132,21,58
-100,-100,21,12,115,21,41
132,-100,22,12,132,22,23
132,-100,22,147,132,22,25
115,-100,22,147,115,22,33
115,-100,22,12,115,22,30
132,12,22,12,132,22,23
115,12,22,12,115,22,30
-100,12,22,12,132,22,23
-100,12,22,12,115,22,30
132,147,22,147,132,22,25
115,147,22,147,115,22,33
-100,147,22,147,115,22,33
-100,147,22,147,132,22,25
-100,-100,22,12,132,22,23
-100,-100,22,147,115,22,33
-100,-100,22,12,115,22,30
-100,-100,22,147,132,22,25
132,-100,23,12,132,23,79
132,-100,23,147,132,23,97
115,-100,23,12,115,23,77
115,-100,23,147,115,23,84
132,12,23,12,132,23,79
115,12,23,12,115,23,77
-100,12,23,12,115,23,77
-100,12,23,12,132,23,79
132,147,23,147,132,23,97
115,147,23,147,115,23,84
-100,147,23,147,115,23,84
-100,147,23,147,132,23,97
-100,-100,23,12,115,23,77
-100,-100,23,147,115,23,84
-100,-100,23,12,132,23,79
-100,-100,23,147,132,23,97
132,-100,24,12,132,24,39
132,-100,24,147,132,24,60
115,-100,24,12,115,24,32
115,-100,24,147,115,24,54
132,12,24,12,132,24,39
115,12,24,12,115,24,32
-100,12,24,12,115,24,32
-100,12,24,12,132,24,39
132,147,24,147,132,24,60
115,147,24,147,115,24,54
-100,147,24,147,115,24,54
-100,147,24,147,132,24,60
-100,-100,24,12,115,24,32
-100,-100,24,12,132,24,39
-100,-100,24,147,115,24,54
-100,-100,24,147,132,24,60
115,-100,25,147,115,25,12
115,-100,25,12,115,25,12
115,12,25,12,115,25,12
-100,12,25,12,115,25,12
115,147,25,147,115,25,12
-100,147,25,147,115,25,12
-100,-100,25,147,115,25,12
-100,-100,25,12,115,25,12
115,-100,26,147,115,26,14
115,-100,26,12,115,26,10
115,12,26,12,115,26,10
-100,12,26,12,115,26,10
115,147,26,147,115,26,14
-100,147,26,147,115,26,14
-100,-100,26,147,115,26,14
-100,-100,26,12,115,26,10
132,-100,27,12,132,27,50
132,-100,27,147,132,27,62
115,-100,27,147,115,27,42
115,-100,27,12,115,27,48
132,12,27,12,132,27,50
115,12,27,12,115,27,48
-100,12,27,12,132,27,50
-100,12,27,12,115,27,48
132,147,27,147,132,27,62
115,147,27,147,115,27,42
-100,147,27,147,115,27,42
-100,147,27,147,132,27,62
-100,-100,27,12,132,27,50
-100,-100,27,147,115,27,42
-100,-100,27,147,132,27,62
-100,-100,27,12,115,27,48
132,-100,28,147,132,28,51
132,-100,28,12,132,28,59
115,-100,28,12,115,28,61
115,-100,28,147,115,28,48
132,12,28,12,132,28,59
115,12,28,12,115,28,61
-100,12,28,12,115,28,61
-100,12,28,12,132,28,59
132,147,28,147,132,28,51
115,147,28,147,115,28,48
-100,147,28,147,132,28,51
-100,147,28,147,115,28,48
-100,-100,28,147,132,28,51
-100,-100,28,12,115,28,61
-100,-100,28,147,115,28,48
-100,-100,28,12,132,28,59
132,-100,29,12,132,29,47
132,-100,29,147,132,29,46
115,-100,29,147,115,29,46
115,-100,29,12,115,29,65
132,12,29,12,132,29,47
115,12,29,12,115,29,65
-100,12,29,12,132,29,47
-100,12,29,12,115,29,65
132,147,29,147,132,29,46
115,147,29,147,115,29,46
-100,147,29,147,115,29,46
-100,147,29,147,132,29,46
-100,-100,29,147,115,29,46
-100,-100,29,12,132,29,47
-100,-100,29,12,115,29,65
-100,-100,29,147,132,29,46
132,-100,30,147,132,30,44
132,-100,30,12,132,30,38
115,-100,30,147,115,30,46
115,-100,30,12,115,30,57
132,12,30,12,132,30,38
115,12,30,12,115,30,57
-100,12,30,12,115,30,57
-100,12,30,12,132,30,38
132,147,30,147,132,30,44
115,147,30,147,115,30,46
-100,147,30,147,115,30,46
-100,147,30,147,132,30,44
-100,-100,30,147,115,30,46
-100,-100,30,147,132,30,44
-100,-100,30,12,115,30,57
-100,-100,30,12,132,30,38
115,-100,31,147,115,31,10
115,-100,31,12,115,31,16
115,12,31,12,115,31,16
-100,12,31,12,115,31,16
115,147,31,147,115,31,10
-100,147,31,147,115,31,10
-100,-100,31,147,115,31,10
-100,-100,31,12,115,31,16
115,-100,32,12,115,32,16
115,-100,32,147,115,32,20
115,12,32,12,115,32,16
-100,12,32,12,115,32,16
115,147,32,147,115,32,20
-100,147,32,147,115,32,20
-100,-100,32,12,115,32,16
-100,-100,32,147,115,32,20
132,-100,33,147,132,33,14
115,-100,33,12,115,33,18
115,-100,33,147,115,33,30
115,12,33,12,115,33,18
-100,12,33,12,115,33,18
132,147,33,147,132,33,14
115,147,33,147,115,33,30
-100,147,33,147,132,33,14
-100,147,33,147,115,33,30
-100,-100,33,12,115,33,18
-100,-100,33,147,132,33,14
-100,-100,33,147,115,33,30
115,-100,34,12,115,34,20
115,-100,34,147,115,34,11
114,-100,34,12,114,34,55
114,-100,34,147,114,34,22
115,12,34,12,115,34,20
114,12,34,12,114,34,55
-100,12,34,12,114,34,55
-100,12,34,12,115,34,20
115,147,34,147,115,34,11
114,147,34,147,114,34,22
-100,147,34,147,114,34,22
-100,147,34,147,115,34,11
-100,-100,34,12,114,34,55
-100,-100,34,147,114,34,22
-100,-100,34,12,115,34,20
-100,-100,34,147,115,34,11
132,-100,35,12,132,35,36
132,-100,35,147,132,35,15
115,-100,35,147,115,35,36
115,-100,35,12,115,35,49
132,12,35,12,132,35,36
115,12,35,12,115,35,49
-100,12,35,12,132,35,36
-100,12,35,12,115,35,49
132,147,35,147,132,35,15
115,147,35,147,115,35,36
-100,147,35,147,115,35,36
-100,147,35,147,132,35,15
-100,-100,35,12,132,35,36
-100,-100,35,147,115,35,36
-100,-100,35,12,115,35,49
-100,-100,35,147,132,35,15
132,-100,36,12,132,36,88
132,-100,36,147,132,36,58
115,-100,36,147,115,36,55
115,-100,36,12,115,36,70
132,12,36,12,132,36,88
115,12,36,12,115,36,70
-100,12,36,12,132,36,88
-100,12,36,12,115,36,70
132,147,36,147,132,36,58
115,147,36,147,115,36,55
-100,147,36,147,115,36,55
-100,147,36,147,132,36,58
-100,-100,36,12,132,36,88
-100,-100,36,147,115,36,55
-100,-100,36,147,132,36,58
-100,-100,36,12,115,36,70
115,-100,37,12,115,37,21
115,-100,37,147,115,37,14
115,12,37,12,115,37,21
-100,12,37,12,115,37,21
115,147,37,147,115,37,14
-100,147,37,147,115,37,14
-100,-100,37,12,115,37,21
-100,-100,37,147,115,37,14
132,-100,38,12,132,38,49
132,-100,38,147,132,38,57
115,-100,38,12,115,38,46
115,-100,38,147,115,38,64
132,12,38,12,132,38,49
115,12,38,12,115,38,46
-100,12,38,12,115,38,46
-100,12,38,12,132,38,49
132,147,38,147,132,38,57
115,147,38,147,115,38,64
-100,147,38,147,115,38,64
-100,147,38,147,132,38,57
-100,-100,38,12,115,38,46
-100,-100,38,147,115,38,64
-100,-100,38,12,132,38,49
-100,-100,38,147,132,38,57
132,-100,39,147,132,39,20
132,-100,39,12,132,39,44
115,-100,39,12,115,39,43
115,-100,39,147,115,39,29
132,12,39,12,132,39,44
115,12,39,12,115,39,43
-100,12,39,12,115,39,43
-100,12,39,12,132,39,44
132,147,39,147,132,39,20
115,147,39,147,115,39,29
-100,147,39,147,132,39,20
-100,147,39,147,115,39,29
-100,-100,39,147,132,39,20
-100,-100,39,12,115,39,43
-100,-100,39,12,132,39,44
-100,-100,39,147,115,39,29
115,-100,40,12,115,40,12
115,-100,40,147,115,40,13
115,12,40,12,115,40,12
-100,12,40,12,115,40,12
115,147,40,147,115,40,13
-100,147,40,147,115,40,13
-100,-100,40,12,115,40,12
-100,-100,40,147,115,40,13
132,-100,41,147,132,41,13
132,-100,41,12,132,41,35
115,-100,41,147,115,41,21
115,-100,41,12,115,41,42
132,12,41,12,132,41,35
115,12,41,12,115,41,42
-100,12,41,12,132,41,35
-100,12,41,12,115,41,42
132,147,41,147,132,41,13
115,147,41,147,115,41,21
-100,147,41,147,132,41,13
-100,147,41,147,115,41,21
-100,-100,41,147,132,41,13
-100,-100,41,147,115,41,21
-100,-100,41,12,132,41,35
-100,-100,41,12,115,41,42
115,-100,42,147,115,42,11
115,-100,42,12,115,42,13
115,12,42,12,115,42,13
-100,12,42,12,115,42,13
115,147,42,147,115,42,11
-100,147,42,147,115,42,11
-100,-100,42,147,115,42,11
-100,-100,42,12,115,42,13
114,-100,43,12,114,43,24
114,-100,43,147,114,43,20
114,12,43,12,114,43,24
-100,12,43,12,114,43,24
114,147,43,147,114,43,20
-100,147,43,147,114,43,20
-100,-100,43,12,114,43,24
-100,-100,43,147,114,43,20
114,-100,44,12,114,44,109
114,-100,44,147,114,44,80
114,12,44,12,114,44,109
-100,12,44,12,114,44,109
114,147,44,147,114,44,80
-100,147,44,147,114,44,80
-100,-100,44,12,114,44,109
-100,-100,44,147,114,44,80
115,-100,45,12,115,45,19
115,-100,45,147,115,45,14
115,12,45,12,115,45,19
-100,12,45,12,115,45,19
115,147,45,147,115,45,14
-100,147,45,147,115,45,14
-100,-100,45,12,115,45,19
-100,-100,45,147,115,45,14
114,-100,46,12,114,46,15
114,-100,46,147,114,46,29
114,12,46,12,114,46,15
-100,12,46,12,114,46,15
114,147,46,147,114,46,29
-100,147,46,147,114,46,29
-100,-100,46,12,114,46,15
-100,-100,46,147,114,46,29
115,-100,47,147,115,47,19
115,-100,47,12,115,47,19
115,12,47,12,115,47,19
-100,12,47,12,115,47,19
115,147,47,147,115,47,19
-100,147,47,147,115,47,19
-100,-100,47,147,115,47,19
-100,-100,47,12,115,47,19
115,-100,48,147,115,48,12
115,-100,48,12,115,48,23
115,12,48,12,115,48,23
-100,12,48,12,115,48,23
115,147,48,147,115,48,12
-100,147,48,147,115,48,12
-100,-100,48,147,115,48,12
-100,-100,48,12,115,48,23
115,-100,49,147,115,49,13
115,-100,49,12,115,49,15
115,12,49,12,115,49,15
-100,12,49,12,115,49,15
115,147,49,147,115,49,13
-100,147,49,147,115,49,13
-100,-100,49,147,115,49,13
-100,-100,49,12,115,49,15
132,-100,50,12,132,50,89
132,-100,50,147,132,50,75
115,-100,50,12,115,50,84
115,-100,50,147,115,50,62
132,12,50,12,132,50,89
115,12,50,12,115,50,84
-100,12,50,12,115,50,84
-100,12,50,12,132,50,89
132,147,50,147,132,50,75
115,147,50,147,115,50,62
-100,147,50,147,115,50,62
-100,147,50,147,132,50,75
-100,-100,50,12,115,50,84
-100,-100,50,147,115,50,62
-100,-100,50,12,132,50,89
-100,-100,50,147,132,50,75
115,-100,51,12,115,51,17
115,-100,51,147,115,51,15
115,12,51,12,115,51,17
-100,12,51,12,115,51,17
115,147,51,147,115,51,15
-100,147,51,147,115,51,15
-100,-100,51,12,115,51,17
-100,-100,51,147,115,51,15
115,-100,52,147,115,52,11
115,-100,52,12,115,52,13
115,12,52,12,115,52,13
-100,12,52,12,115,52,13
115,147,52,147,115,52,11
-100,147,52,147,115,52,11
-100,-100,52,147,115,52,11
-100,-100,52,12,115,52,13
132,-100,53,12,132,53,40
132,-100,53,147,132,53,49
115,-100,53,12,115,53,37
115,-100,53,147,115,53,46
132,12,53,12,132,53,40
115,12,53,12,115,53,37
-100,12,53,12,115,53,37
-100,12,53,12,132,53,40
132,147,53,147,132,53,49
115,147,53,147,115,53,46
-100,147,53,147,132,53,49
-100,147,53,147,115,53,46
-100,-100,53,12,115,53,37
-100,-100,53,12,132,53,40
-100,-100,53,147,132,53,49
-100,-100,53,147,115,53,46
114,-100,54,147,114,54,6
114,-100,54,12,114,54,12
114,12,54,12,114,54,12
-100,12,54,12,114,54,12
114,147,54,147,114,54,6
-100,147,54,147,114,54,6
-100,-100,54,147,114,54,6
-100,-100,54,12,114,54,12
115,-100,55,147,115,55,11
115,-100,55,12,115,55,23
115,12,55,12,115,55,23
-100,12,55,12,115,55,23
115,147,55,147,115,55,11
-100,147,55,147,115,55,11
-100,-100,55,147,115,55,11
-100,-100,55,12,115,55,23
132,-100,56,12,132,56,19
132,-100,56,147,132,56,34
115,-100,56,12,115,56,34
115,-100,56,147,115,56,41
132,12,56,12,132,56,19
115,12,56,12,115,56,34
-100,12,56,12,132,56,19
-100,12,56,12,115,56,34
132,147,56,147,132,56,34
115,147,56,147,115,56,41
-100,147,56,147,132,56,34
-100,147,56,147,115,56,41
-100,-100,56,12,132,56,19
-100,-100,56,147,132,56,34
-100,-100,56,12,115,56,34
-100,-100,56,147,115,56,41
132,-100,57,147,132,57,3
132,-100,57,12,132,57,13
115,-100,57,12,115,57,19
115,-100,57,147,115,57,15
132,12,57,12,132,57,13
115,12,57,12,115,57,19
-100,12,57,12,132,57,13
-100,12,57,12,115,57,19
132,147,57,147,132,57,3
115,147,57,147,115,57,15
-100,147,57,147,132,57,3
-100,147,57,147,115,57,15
-100,-100,57,147,132,57,3
-100,-100,57,12,132,57,13
-100,-100,57,12,115,57,19
-100,-100,57,147,115,57,15
132,-100,58,147,132,58,20
132,-100,58,12,132,58,48
115,-100,58,147,115,58,23
115,-100,58,12,115,58,34
132,12,58,12,132,58,48
115,12,58,12,115,58,34
-100,12,58,12,115,58,34
-100,12,58,12,132,58,48
132,147,58,147,132,58,20
115,147,58,147,115,58,23
-100,147,58,147,115,58,23
-100,147,58,147,132,58,20
-100,-100,58,147,115,58,23
-100,-100,58,12,115,58,34
-100,-100,58,147,132,58,20
-100,-100,58,12,132,58,48
115,-100,59,147,115,59,13
115,-100,59,12,115,59,15
115,12,59,12,115,59,15
-100,12,59,12,115,59,15
115,147,59,147,115,59,13
-100,147,59,147,115,59,13
-100,-100,59,147,115,59,13
-100,-100,59,12,115,59,15
115,-100,60,12,115,60,18
115,-100,60,147,115,60,12
115,12,60,12,115,60,18
-100,12,60,12,115,60,18
115,147,60,147,115,60,12
-100,147,60,147,115,60,12
-100,-100,60,12,115,60,18
-100,-100,60,147,115,60,12
132,-100,61,147,132,61,101
132,-100,61,12,132,61,66
115,-100,61,12,115,61,71
115,-100,61,147,115,61,89
132,12,61,12,132,61,66
115,12,61,12,115,61,71
-100,12,61,12,132,61,66
-100,12,61,12,115,61,71
132,147,61,147,132,61,101
115,147,61,147,115,61,89
-100,147,61,147,132,61,101
-100,147,61,147,115,61,89
-100,-100,61,147,132,61,101
-100,-100,61,12,132,61,66
-100,-100,61,12,115,61,71
-100,-100,61,147,115,61,89
115,-100,62,12,115,62,16
115,-100,62,147,115,62,16
115,12,62,12,115,62,16
-100,12,62,12,115,62,16
115,147,62,147,115,62,16
-100,147,62,147,115,62,16
-100,-100,62,12,115,62,16
-100,-100,62,147,115,62,16
132,-100,63,147,132,63,29
132,-100,63,12,132,63,4
115,-100,63,12,115,63,25
115,-100,63,147,115,63,43
132,12,63,12,132,63,4
115,12,63,12,115,63,25
-100,12,63,12,132,63,4
-100,12,63,12,115,63,25
132,147,63,147,132,63,29
115,147,63,147,115,63,43
-100,147,63,147,132,63,29
-100,147,63,147,115,63,43
-100,-100,63,147,132,63,29
-100,-100,63,12,132,63,4
-100,-100,63,12,115,63,25
-100,-100,63,147,115,63,43
114,-100,64,147,114,64,21
114,-100,64,12,114,64,12
114,12,64,12,114,64,12
-100,12,64,12,114,64,12
114,147,64,147,114,64,21
-100,147,64,147,114,64,21
-100,-100,64,147,114,64,21
-100,-100,64,12,114,64,12
115,-100,65,12,115,65,21
115,-100,65,147,115,65,20
115,12,65,12,115,65,21
-100,12,65,12,115,65,21
115,147,65,147,115,65,20
-100,147,65,147,115,65,20
-100,-100,65,12,115,65,21
-100,-100,65,147,115,65,20
132,-100,66,147,132,66,37
132,-100,66,12,132,66,36
115,-100,66,147,115,66,44
115,-100,66,12,115,66,35
132,12,66,12,132,66,36
115,12,66,12,115,66,35
-100,12,66,12,132,66,36
-100,12,66,12,115,66,35
132,147,66,147,132,66,37
115,147,66,147,115,66,44
-100,147,66,147,132,66,37
-100,147,66,147,115,66,44
-100,-100,66,147,132,66,37
-100,-100,66,12,132,66,36
-100,-100,66,147,115,66,44
-100,-100,66,12,115,66,35
132,-100,67,147,132,67,82
132,-100,67,12,132,67,85
115,-100,67,147,115,67,64
115,-100,67,12,115,67,69
132,12,67,12,132,67,85
115,12,67,12,115,67,69
-100,12,67,12,132,67,85
-100,12,67,12,115,67,69
132,147,67,147,132,67,82
115,147,67,147,115,67,64
-100,147,67,147,132,67,82
-100,147,67,147,115,67,64
-100,-100,67,147,132,67,82
-100,-100,67,147,115,67,64
-100,-100,67,12,132,67,85
-100,-100,67,12,115,67,69
132,-100,68,147,132,68,62
132,-100,68,12,132,68,102
115,-100,68,147,115,68,50
115,-100,68,12,115,68,98
132,12,68,12,132,68,102
115,12,68,12,115,68,98
-100,12,68,12,132,68,102
-100,12,68,12,115,68,98
132,147,68,147,132,68,62
115,147,68,147,115,68,50
-100,147,68,147,115,68,50
-100,147,68,147,132,68,62
-100,-100,68,147,115,68,50
-100,-100,68,147,132,68,62
-100,-100,68,12,132,68,102
-100,-100,68,12,115,68,98
114,-100,69,147,114,69,69
114,-100,69,12,114,69,32
114,12,69,12,114,69,32
-100,12,69,12,114,69,32
114,147,69,147,114,69,69
-100,147,69,147,114,69,69
-100,-100,69,147,114,69,69
-100,-100,69,12,114,69,32
132,-100,70,12,132,70,73
132,-100,70,147,132,70,51
115,-100,70,12,115,70,66
115,-100,70,147,115,70,64
132,12,70,12,132,70,73
115,12,70,12,115,70,66
-100,12,70,12,115,70,66
-100,12,70,12,132,70,73
132,147,70,147,132,70,51
115,147,70,147,115,70,64
-100,147,70,147,115,70,64
-100,147,70,147,132,70,51
-100,-100,70,12,115,70,66
-100,-100,70,147,115,70,64
-100,-100,70,12,132,70,73
-100,-100,70,147,132,70,51
115,-100,71,12,115,71,11
115,-100,71,147,115,71,12
115,12,71,12,115,71,11
-100,12,71,12,115,71,11
115,147,71,147,115,71,12
-100,147,71,147,115,71,12
-100,-100,71,12,115,71,11
-100,-100,71,147,115,71,12
132,-100,72,12,132,72,54
132,-100,72,147,132,72,30
115,-100,72,147,115,72,52
115,-100,72,12,115,72,48
132,12,72,12,132,72,54
115,12,72,12,115,72,48
-100,12,72,12,132,72,54
-100,12,72,12,115,72,48
132,147,72,147,132,72,30
115,147,72,147,115,72,52
-100,147,72,147,115,72,52
-100,147,72,147,132,72,30
-100,-100,72,12,132,72,54
-100,-100,72,147,115,72,52
-100,-100,72,12,115,72,48
-100,-100,72,147,132,72,30
115,-100,73,147,115,73,15
115,-100,73,12,115,73,19
115,12,73,12,115,73,19
-100,12,73,12,115,73,19
115,147,73,147,115,73,15
-100,147,73,147,115,73,15
-100,-100,73,147,115,73,15
-100,-100,73,12,115,73,19
132,-100,74,12,132,74,70
132,-100,74,147,132,74,61
115,-100,74,147,115,74,55
115,-100,74,12,115,74,67
132,12,74,12,132,74,70
115,12,74,12,115,74,67
-100,12,74,12,132,74,70
-100,12,74,12,115,74,67
132,147,74,147,132,74,61
115,147,74,147,115,74,55
-100,147,74,147,115,74,55
-100,147,74,147,132,74,61
-100,-100,74,147,115,74,55
-100,-100,74,12,132,74,70
-100,-100,74,147,132,74,61
-100,-100,74,12,115,74,67
115,-100,75,12,115,75,14
115,-100,75,147,115,75,11
115,12,75,12,115,75,14
-100,12,75,12,115,75,14
115,147,75,147,115,75,11
-100,147,75,147,115,75,11
-100,-100,75,12,115,75,14
-100,-100,75,147,115,75,11
114,-100,76,12,114,76,28
114,-100,76,147,114,76,19
114,12,76,12,114,76,28
-100,12,76,12,114,76,28
114,147,76,147,114,76,19
-100,147,76,147,114,76,19
-100,-100,76,12,114,76,28
-100,-100,76,147,114,76,19
132,-100,77,12,132,77,19
132,-100,77,147,132,77,14
115,-100,77,12,115,77,28
115,-100,77,147,115,77,16
132,12,77,12,132,77,19
115,12,77,12,115,77,28
-100,12,77,12,115,77,28
-100,12,77,12,132,77,19
132,147,77,147,132,77,14
115,147,77,147,115,77,16
-100,147,77,147,132,77,14
-100,147,77,147,115,77,16
-100,-100,77,12,115,77,28
-100,-100,77,12,132,77,19
-100,-100,77,147,132,77,14
-100,-100,77,147,115,77,16
132,-100,78,12,132,78,70
132,-100,78,147,132,78,49
115,-100,78,147,115,78,54
115,-100,78,12,115,78,68
132,12,78,12,132,78,70
115,12,78,12,115,78,68
-100,12,78,12,132,78,70
-100,12,78,12,115,78,68
132,147,78,147,132,78,49
115,147,78,147,115,78,54
-100,147,78,147,115,78,54
-100,147,78,147,132,78,49
-100,-100,78,147,115,78,54
-100,-100,78,12,132,78,70
-100,-100,78,12,115,78,68
-100,-100,78,147,132,78,49
114,-100,79,147,114,79,35
114,147,79,147,114,79,35
-100,147,79,147,114,79,35
-100,-100,79,147,114,79,35
132,-100,80,147,132,80,55
132,-100,80,12,132,80,39
115,-100,80,147,115,80,59
115,-100,80,12,115,80,37
132,12,80,12,132,80,39
115,12,80,12,115,80,37
-100,12,80,12,132,80,39
-100,12,80,12,115,80,37
132,147,80,147,132,80,55
115,147,80,147,115,80,59
-100,147,80,147,132,80,55
-100,147,80,147,115,80,59
-100,-100,80,147,132,80,55
-100,-100,80,147,115,80,59
-100,-100,80,12,132,80,39
-100,-100,80,12,115,80,37
115,-100,81,147,115,81,21
115,-100,81,12,115,81,14
115,12,81,12,115,81,14
-100,12,81,12,115,81,14
115,147,81,147,115,81,21
-100,147,81,147,115,81,21
-100,-100,81,147,115,81,21
-100,-100,81,12,115,81,14
115,-100,82,147,115,82,11
115,-100,82,12,115,82,21
115,12,82,12,115,82,21
-100,12,82,12,115,82,21
115,147,82,147,115,82,11
-100,147,82,147,115,82,11
-100,-100,82,147,115,82,11
-100,-100,82,12,115,82,21
115,-100,83,12,115,83,15
115,-100,83,147,115,83,20
115,12,83,12,115,83,15
-100,12,83,12,115,83,15
115,147,83,147,115,83,20
-100,147,83,147,115,83,20
-100,-100,83,12,115,83,15
-100,-100,83,147,115,83,20
115,-100,84,147,115,84,21
115,-100,84,12,115,84,19
115,12,84,12,115,84,19
-100,12,84,12,115,84,19
115,147,84,147,115,84,21
-100,147,84,147,115,84,21
-100,-100,84,147,115,84,21
-100,-100,84,12,115,84,19
132,-100,85,12,132,85,25
132,-100,85,147,132,85,6
115,-100,85,147,115,85,25
115,-100,85,12,115,85,35
132,12,85,12,132,85,25
115,12,85,12,115,85,35
-100,12,85,12,132,85,25
-100,12,85,12,115,85,35
132,147,85,147,132,85,6
115,147,85,147,115,85,25
-100,147,85,147,132,85,6
-100,147,85,147,115,85,25
-100,-100,85,12,132,85,25
-100,-100,85,147,132,85,6
-100,-100,85,147,115,85,25
-100,-100,85,12,115,85,35
132,-100,86,12,132,86,59
132,-100,86,147,132,86,39
115,-100,86,12,115,86,67
115,-100,86,147,115,86,49
132,12,86,12,132,86,59
115,12,86,12,115,86,67
-100,12,86,12,115,86,67
-100,12,86,12,132,86,59
132,147,86,147,132,86,39
115,147,86,147,115,86,49
-100,147,86,147,115,86,49
-100,147,86,147,132,86,39
-100,-100,86,12,115,86,67
-100,-100,86,147,115,86,49
-100,-100,86,12,132,86,59
-100,-100,86,147,132,86,39
114,-100,87,147,114,87,7
114,-100,87,12,114,87,49
114,12,87,12,114,87,49
-100,12,87,12,114,87,49
114,147,87,147,114,87,7
-100,147,87,147,114,87,7
-100,-100,87,147,114,87,7
-100,-100,87,12,114,87,49
114,-100,88,147,114,88,10
114,-100,88,12,114,88,21
114,12,88,12,114,88,21
-100,12,88,12,114,88,21
114,147,88,147,114,88,10
-100,147,88,147,114,88,10
-100,-100,88,147,114,88,10
-100,-100,88,12,114,88,21
132,-100,89,12,132,89,58
132,-100,89,147,132,89,48
115,-100,89,12,115,89,67
115,-100,89,147,115,89,59
132,12,89,12,132,89,58
115,12,89,12,115,89,67
-100,12,89,12,115,89,67
-100,12,89,12,132,89,58
132,147,89,147,132,89,48
115,147,89,147,115,89,59
-100,147,89,147,115,89,59
-100,147,89,147,132,89,48
-100,-100,89,12,115,89,67
-100,-100,89,147,115,89,59
-100,-100,89,12,132,89,58
-100,-100,89,147,132,89,48
114,-100,90,147,114,90,32
114,-100,90,12,114,90,14
114,12,90,12,114,90,14
-100,12,90,12,114,90,14
114,147,90,147,114,90,32
-100,147,90,147,114,90,32
-100,-100,90,147,114,90,32
-100,-100,90,12,114,90,14
132,-100,91,12,132,91,62
132,-100,91,147,132,91,48
115,-100,91,147,115,91,45
115,-100,91,12,115,91,55
132,12,91,12,132,91,62
115,12,91,12,115,91,55
-100,12,91,12,132,91,62
-100,12,91,12,115,91,55
132,147,91,147,132,91,48
115,147,91,147,115,91,45
-100,147,91,147,115,91,45
-100,147,91,147,132,91,48
-100,-100,91,147,115,91,45
-100,-100,91,12,132,91,62
-100,-100,91,147,132,91,48
-100,-100,91,12,115,91,55
115,-100,92,12,115,92,13
115,-100,92,147,115,92,18
115,12,92,12,115,92,13
-100,12,92,12,115,92,13
115,147,92,147,115,92,18
-100,147,92,147,115,92,18
-100,-100,92,12,115,92,13
-100,-100,92,147,115,92,18
115,-100,93,12,115,93,15
115,-100,93,147,115,93,17
115,12,93,12,115,93,15
-100,12,93,12,115,93,15
115,147,93,147,115,93,17
-100,147,93,147,115,93,17
-100,-100,93,12,115,93,15
-100,-100,93,147,115,93,17
115,-100,94,147,115,94,16
115,-100,94,12,115,94,15
115,12,94,12,115,94,15
-100,12,94,12,115,94,15
115,147,94,147,115,94,16
-100,147,94,147,115,94,16
-100,-100,94,147,115,94,16
-100,-100,94,12,115,94,15
132,-100,95,12,132,95,29
132,-100,95,147,132,95,16
115,-100,95,12,115,95,33
115,-100,95,147,115,95,26
132,12,95,12,132,95,29
115,12,95,12,115,95,33
-100,12,95,12,115,95,33
-100,12,95,12,132,95,29
132,147,95,147,132,95,16
115,147,95,147,115,95,26
-100,147,95,147,115,95,26
-100,147,95,147,132,95,16
-100,-100,95,12,115,95,33
-100,-100,95,12,132,95,29
-100,-100,95,147,115,95,26
-100,-100,95,147,132,95,16
115,-100,96,12,115,96,18
115,-100,96,147,115,96,14
115,12,96,12,115,96,18
-100,12,96,12,115,96,18
115,147,96,147,115,96,14
-100,147,96,147,115,96,14
-100,-100,96,12,115,96,18
-100,-100,96,147,115,96,14
115,-100,97,12,115,97,15
115,-100,97,147,115,97,12
115,12,97,12,115,97,15
-100,12,97,12,115,97,15
115,147,97,147,115,97,12
-100,147,97,147,115,97,12
-100,-100,97,12,115,97,15
-100,-100,97,147,115,97,12
132,-100,98,12,132,98,69
132,-100,98,147,132,98,66
115,-100,98,147,115,98,51
115,-100,98,12,115,98,59
132,12,98,12,132,98,69
115,12,98,12,115,98,59
-100,12,98,12,132,98,69
-100,12,98,12,115,98,59
132,147,98,147,132,98,66
115,147,98,147,115,98,51
-100,147,98,147,115,98,51
-100,147,98,147,132,98,66
-100,-100,98,12,132,98,69
-100,-100,98,147,115,98,51
-100,-100,98,12,115,98,59
-100,-100,98,147,132,98,66
132,-100,99,147,132,99,60
132,-100,99,12,132,99,40
115,-100,99,12,115,99,42
115,-100,99,147,115,99,65
132,12,99,12,132,99,40
115,12,99,12,115,99,42
-100,12,99,12,115,99,42
-100,12,99,12,132,99,40
132,147,99,147,132,99,60
115,147,99,147,115,99,65
-100,147,99,147,115,99,65
-100,147,99,147,132,99,60
-100,-100,99,12,115,99,42
-100,-100,99,147,115,99,65
-100,-100,99,147,132,99,60
-100,-100,99,12,132,99,40
115,-100,100,12,115,100,16
115,-100,100,147,115,100,13
115,12,100,12,115,100,16
-100,12,100,12,115,100,16
115,147,100,147,115,100,13
-100,147,100,147,115,100,13
-100,-100,100,12,115,100,16
-100,-100,100,147,115,100,13
132,-100,101,147,132,101,20
132,-100,101,12,132,101,8
115,-100,101,12,115,101,33
115,-100,101,147,115,101,33
132,12,101,12,132,101,8
115,12,101,12,115,101,33
-100,12,101,12,115,101,33
-100,12,101,12,132,101,8
132,147,101,147,132,101,20
115,147,101,147,115,101,33
-100,147,101,147,132,101,20
-100,147,101,147,115,101,33
-100,-100,101,12,115,101,33
-100,-100,101,147,132,101,20
-100,-100,101,147,115,101,33
-100,-100,101,12,132,101,8
115,-100,102,12,115,102,13
115,-100,102,147,115,102,12
115,12,102,12,115,102,13
-100,12,102,12,115,102,13
115,147,102,147,115,102,12
-100,147,102,147,115,102,12
-100,-100,102,12,115,102,13
-100,-100,102,147,115,102,12
115,-100,103,12,115,103,11
115,-100,103,147,115,103,15
115,12,103,12,115,103,11
-100,12,103,12,115,103,11
115,147,103,147,115,103,15
-100,147,103,147,115,103,15
-100,-100,103,12,115,103,11
-100,-100,103,147,115,103,15
114,-100,104,12,114,104,49
114,-100,104,147,114,104,60
114,12,104,12,114,104,49
-100,12,104,12,114,104,49
114,147,104,147,114,104,60
-100,147,104,147,114,104,60
-100,-100,104,12,114,104,49
-100,-100,104,147,114,104,60
132,-100,105,147,132,105,66
132,-100,105,12,132,105,69
115,-100,105,147,115,105,40
115,-100,105,12,115,105,59
132,12,105,12,132,105,69
115,12,105,12,115,105,59
-100,12,105,12,132,105,69
-100,12,105,12,115,105,59
132,147,105,147,132,105,66
115,147,105,147,115,105,40
-100,147,105,147,115,105,40
-100,147,105,147,132,105,66
-100,-100,105,147,115,105,40
-100,-100,105,147,132,105,66
-100,-100,105,12,132,105,69
-100,-100,105,12,115,105,59
132,-100,106,147,132,106,60
132,-100,106,12,132,106,51
115,-100,106,12,115,106,53
115,-100,106,147,115,106,48
132,12,106,12,132,106,51
115,12,106,12,115,106,53
-100,12,106,12,115,106,53
-100,12,106,12,132,106,51
132,147,106,147,132,106,60
115,147,106,147,115,106,48
-100,147,106,147,132,106,60
-100,147,106,147,115,106,48
-100,-100,106,147,132,106,60
-100,-100,106,12,115,106,53
-100,-100,106,147,115,106,48
-100,-100,106,12,132,106,51
132,-100,107,147,132,107,18
132,-100,107,12,132,107,21
115,-100,107,12,115,107,30
115,-100,107,147,115,107,28
132,12,107,12,132,107,21
115,12,107,12,115,107,30
-100,12,107,12,115,107,30
-100,12,107,12,132,107,21
132,147,107,147,132,107,18
115,147,107,147,115,107,28
-100,147,107,147,132,107,18
-100,147,107,147,115,107,28
-100,-100,107,12,115,107,30
-100,-100,107,147,132,107,18
-100,-100,107,12,132,107,21
-100,-100,107,147,115,107,28
132,-100,108,147,132,108,4
132,-100,108,12,132,108,21
115,-100,108,12,115,108,26
115,-100,108,147,115,108,23
132,12,108,12,132,108,21
115,12,108,12,115,108,26
-100,12,108,12,115,108,26
-100,12,108,12,132,108,21
132,147,108,147,132,108,4
115,147,108,147,115,108,23
-100,147,108,147,132,108,4
-100,147,108,147,115,108,23
-100,-100,108,12,115,108,26
-100,-100,108,147,132,108,4
-100,-100,108,12,132,108,21
-100,-100,108,147,115,108,23
132,-100,109,12,132,109,50
132,-100,109,147,132,109,18
115,-100,109,12,115,109,44
115,-100,109,147,115,109,27
132,12,109,12,132,109,50
115,12,109,12,115,109,44
-100,12,109,12,115,109,44
-100,12,109,12,132,109,50
132,147,109,147,132,109,18
115,147,109,147,115,109,27
-100,147,109,147,132,109,18
-100,147,109,147,115,109,27
-100,-100,109,12,115,109,44
-100,-100,109,12,132,109,50
-100,-100,109,147,132,109,18
-100,-100,109,147,115,109,27
132,-100,110,12,132,110,63
132,-100,110,147,132,110,21
115,-100,110,147,115,110,43
115,-100,110,12,115,110,67
114,-100,110,12,114,110,44
114,-100,110,147,114,110,80
132,12,110,12,132,110,63
115,12,110,12,115,110,67
114,12,110,12,114,110,44
-100,12,110,12,114,110,44
-100,12,110,12,132,110,63
-100,12,110,12,115,110,67
132,147,110,147,132,110,21
115,147,110,147,115,110,43
114,147,110,147,114,110,80
-100,147,110,147,115,110,43
-100,147,110,147,114,110,80
-100,147,110,147,132,110,21
-100,-100,110,147,115,110,43
-100,-100,110,12,114,110,44
-100,-100,110,147,114,110,80
-100,-100,110,12,132,110,63
-100,-100,110,12,115,110,67
-100,-100,110,147,132,110,21
115,-100,111,12,115,111,5
115,-100,111,147,115,111,14
115,12,111,12,115,111,5
-100,12,111,12,115,111,5
115,147,111,147,115,111,14
-100,147,111,147,115,111,14
-100,-100,111,12,115,111,5
-100,-100,111,147,115,111,14
132,-100,112,12,132,112,4
132,-100,112,147,132,112,8
115,-100,112,12,115,112,7
115,-100,112,147,115,112,14
114,-100,112,147,114,112,15
114,-100,112,12,114,112,18
132,12,112,12,132,112,4
115,12,112,12,115,112,7
114,12,112,12,114,112,18
-100,12,112,12,115,112,7
-100,12,112,12,132,112,4
-100,12,112,12,114,112,18
132,147,112,147,132,112,8
115,147,112,147,115,112,14
114,147,112,147,114,112,15
-100,147,112,147,114,112,15
-100,147,112,147,132,112,8
-100,147,112,147,115,112,14
-100,-100,112,147,114,112,15
-100,-100,112,12,115,112,7
-100,-100,112,12,132,112,4
-100,-100,112,12,114,112,18
-100,-100,112,147,132,112,8
-100,-100,112,147,115,112,14
114,-100,113,147,114,113,38
114,-100,113,12,114,113,43
114,12,113,12,114,113,43
-100,12,113,12,114,113,43
114,147,113,147,114,113,38
-100,147,113,147,114,113,38
-100,-100,113,147,114,113,38
-100,-100,113,12,114,113,43
115,-100,116,12,115,116,14
115,-100,116,147,115,116,15
115,12,116,12,115,116,14
-100,12,116,12,115,116,14
115,147,116,147,115,116,15
-100,147,116,147,115,116,15
-100,-100,116,12,115,116,14
-100,-100,116,147,115,116,15
114,-100,117,147,114,117,19
114,-100,117,12,114,117,34
114,12,117,12,114,117,34
-100,12,117,12,114,117,34
114,147,117,147,114,117,19
-100,147,117,147,114,117,19
-100,-100,117,147,114,117,19
-100,-100,117,12,114,117,34
132,-100,118,12,132,118,12
132,-100,118,147,132,118,16
115,-100,118,12,115,118,8
115,-100,118,147,115,118,18
114,-100,118,147,114,118,57
114,-100,118,12,114,118,38
132,12,118,12,132,118,12
115,12,118,12,115,118,8
114,12,118,12,114,118,38
-100,12,118,12,115,118,8
-100,12,118,12,132,118,12
-100,12,118,12,114,118,38
132,147,118,147,132,118,16
115,147,118,147,115,118,18
114,147,118,147,114,118,57
-100,147,118,147,114,118,57
-100,147,118,147,115,118,18
-100,147,118,147,132,118,16
-100,-100,118,12,115,118,8
-100,-100,118,12,132,118,12
-100,-100,118,147,114,118,57
-100,-100,118,147,115,118,18
-100,-100,118,147,132,118,16
-100,-100,118,12,114,118,38
114,-100,119,12,114,119,97
114,-100,119,147,114,119,93
114,12,119,12,114,119,97
-100,12,119,12,114,119,97
114,147,119,147,114,119,93
-100,147,119,147,114,119,93
-100,-100,119,12,114,119,97
-100,-100,119,147,114,119,93
132,-100,120,147,132,120,2
132,-100,120,12,132,120,3
115,-100,120,12,115,120,1
115,-100,120,147,115,120,4
114,-100,120,12,114,120,16
114,-100,120,147,114,120,31
132,12,120,12,132,120,3
115,12,120,12,115,120,1
114,12,120,12,114,120,16
-100,12,120,12,114,120,16
-100,12,120,12,115,120,1
-100,12,120,12,132,120,3
132,147,120,147,132,120,2
115,147,120,147,115,120,4
114,147,120,147,114,120,31
-100,147,120,147,132,120,2
-100,147,120,147,115,120,4
-100,147,120,147,114,120,31
-100,-100,120,147,132,120,2
-100,-100,120,12,114,120,16
-100,-100,120,12,115,120,1
-100,-100,120,147,115,120,4
-100,-100,120,12,132,120,3
-100,-100,120,147,114,120,31
132,-100,121,12,132,121,23
132,-100,121,147,132,121,18
115,-100,121,12,115,121,24
115,-100,121,147,115,121,25
132,12,121,12,132,121,23
115,12,121,12,115,121,24
-100,12,121,12,115,121,24
-100,12,121,12,132,121,23
132,147,121,147,132,121,18
115,147,121,147,115,121,25
-100,147,121,147,115,121,25
-100,147,121,147,132,121,18
-100,-100,121,12,115,121,24
-100,-100,121,12,132,121,23
-100,-100,121,147,115,121,25
-100,-100,121,147,132,121,18
115,-100,122,12,115,122,19
115,-100,122,147,115,122,8
115,12,122,12,115,122,19
-100,12,122,12,115,122,19
115,147,122,147,115,122,8
-100,147,122,147,115,122,8
-100,-100,122,12,115,122,19
-100,-100,122,147,115,122,8
115,-100,123,12,115,123,13
115,-100,123,147,115,123,13
115,12,123,12,115,123,13
-100,12,123,12,115,123,13
115,147,123,147,115,123,13
-100,147,123,147,115,123,13
-100,-100,123,12,115,123,13
-100,-100,123,147,115,123,13
114,-100,124,12,114,124,55
114,-100,124,147,114,124,40
114,12,124,12,114,124,55
-100,12,124,12,114,124,55
114,147,124,147,114,124,40
-100,147,124,147,114,124,40
-100,-100,124,12,114,124,55
-100,-100,124,147,114,124,40
115,-100,125,12,115,125,21
115,-100,125,147,115,125,15
115,12,125,12,115,125,21
-100,12,125,12,115,125,21
115,147,125,147,115,125,15
-100,147,125,147,115,125,15
-100,-100,125,12,115,125,21
-100,-100,125,147,115,125,15
115,-100,126,12,115,126,16
115,-100,126,147,115,126,10
115,12,126,12,115,126,16
-100,12,126,12,115,126,16
115,147,126,147,115,126,10
-100,147,126,147,115,126,10
-100,-100,126,12,115,126,16
-100,-100,126,147,115,126,10
115,-100,127,147,115,127,10
115,-100,127,12,115,127,18
115,12,127,12,115,127,18
-100,12,127,12,115,127,18
115,147,127,147,115,127,10
-100,147,127,147,115,127,10
-100,-100,127,147,115,127,10
-100,-100,127,12,115,127,18
115,-100,128,147,115,128,17
115,-100,128,12,115,128,21
115,12,128,12,115,128,21
-100,12,128,12,115,128,21
115,147,128,147,115,128,17
-100,147,128,147,115,128,17
-100,-100,128,147,115,128,17
-100,-100,128,12,115,128,21
115,-100,129,147,115,129,16
115,-100,129,12,115,129,8
115,12,129,12,115,129,8
-100,12,129,12,115,129,8
115,147,129,147,115,129,16
-100,147,129,147,115,129,16
-100,-100,129,147,115,129,16
-100,-100,129,12,115,129,8
132,-100,130,12,132,130,29
132,-100,130,147,132,130,33
115,-100,130,147,115,130,47
115,-100,130,12,115,130,37
132,12,130,12,132,130,29
115,12,130,12,115,130,37
-100,12,130,12,115,130,37
-100,12,130,12,132,130,29
132,147,130,147,132,130,33
115,147,130,147,115,130,47
-100,147,130,147,115,130,47
-100,147,130,147,132,130,33
-100,-100,130,147,115,130,47
-100,-100,130,12,115,130,37
-100,-100,130,12,132,130,29
-100,-100,130,147,132,130,33
132,-100,131,12,132,131,29
132,-100,131,147,132,131,27
115,-100,131,12,115,131,26
115,-100,131,147,115,131,41
132,12,131,12,132,131,29
115,12,131,12,115,131,26
-100,12,131,12,132,131,29
-100,12,131,12,115,131,26
132,147,131,147,132,131,27
115,147,131,147,115,131,41
-100,147,131,147,115,131,41
-100,147,131,147,132,131,27
-100,-100,131,12,132,131,29
-100,-100,131,12,115,131,26
-100,-100,131,147,115,131,41
-100,-100,131,147,132,131,27
132,-100,133,147,132,133,14
132,-100,133,12,132,133,7
115,-100,133,147,115,133,7
115,-100,133,12,115,133,9
114,-100,133,12,114,133,32
114,-100,133,147,114,133,31
132,12,133,12,132,133,7
115,12,133,12,115,133,9
114,12,133,12,114,133,32
-100,12,133,12,114,133,32
-100,12,133,12,115,133,9
-100,12,133,12,132,133,7
132,147,133,147,132,133,14
115,147,133,147,115,133,7
114,147,133,147,114,133,31
-100,147,133,147,115,133,7
-100,147,133,147,132,133,14
-100,147,133,147,114,133,31
-100,-100,133,147,115,133,7
-100,-100,133,12,114,133,32
-100,-100,133,12,115,133,9
-100,-100,133,147,132,133,14
-100,-100,133,12,132,133,7
-100,-100,133,147,114,133,31
132,-100,134,147,132,134,10
132,-100,134,12,132,134,20
115,-100,134,12,115,134,29
115,-100,134,147,115,134,23
132,12,134,12,132,134,20
115,12,134,12,115,134,29
-100,12,134,12,115,134,29
-100,12,134,12,132,134,20
132,147,134,147,132,134,10
115,147,134,147,115,134,23
-100,147,134,147,115,134,23
-100,147,134,147,132,134,10
-100,-100,134,12,115,134,29
-100,-100,134,147,115,134,23
-100,-100,134,147,132,134,10
-100,-100,134,12,132,134,20
132,-100,135,147,132,135,62
132,-100,135,12,132,135,64
115,-100,135,147,115,135,54
115,-100,135,12,115,135,66
114,-100,135,12,114,135,80
114,-100,135,147,114,135,31
132,12,135,12,132,135,64
115,12,135,12,115,135,66
114,12,135,12,114,135,80
-100,12,135,12,114,135,80
-100,12,135,12,132,135,64
-100,12,135,12,115,135,66
132,147,135,147,132,135,62
115,147,135,147,115,135,54
114,147,135,147,114,135,31
-100,147,135,147,132,135,62
-100,147,135,147,115,135,54
-100,147,135,147,114,135,31
-100,-100,135,147,132,135,62
-100,-100,135,147,115,135,54
-100,-100,135,12,114,135,80
-100,-100,135,12,132,135,64
-100,-100,135,12,115,135,66
-100,-100,135,147,114,135,31
114,-100,136,12,114,136,22
114,-100,136,147,114,136,26
114,12,136,12,114,136,22
-100,12,136,12,114,136,22
114,147,136,147,114,136,26
-100,147,136,147,114,136,26
-100,-100,136,12,114,136,22
-100,-100,136,147,114,136,26
114,-100,137,12,114,137,128
114,-100,137,147,114,137,91
114,12,137,12,114,137,128
-100,12,137,12,114,137,128
114,147,137,147,114,137,91
-100,147,137,147,114,137,91
-100,-100,137,12,114,137,128
-100,-100,137,147,114,137,91
132,-100,138,147,132,138,25
132,-100,138,12,132,138,6
115,-100,138,147,115,138,30
115,-100,138,12,115,138,20
132,12,138,12,132,138,6
115,12,138,12,115,138,20
-100,12,138,12,115,138,20
-100,12,138,12,132,138,6
132,147,138,147,132,138,25
115,147,138,147,115,138,30
-100,147,138,147,115,138,30
-100,147,138,147,132,138,25
-100,-100,138,147,115,138,30
-100,-100,138,12,115,138,20
-100,-100,138,147,132,138,25
-100,-100,138,12,132,138,6
132,-100,139,12,132,139,94
132,-100,139,147,132,139,98
115,-100,139,12,115,139,62
115,-100,139,147,115,139,87
132,12,139,12,132,139,94
115,12,139,12,115,139,62
-100,12,139,12,115,139,62
-100,12,139,12,132,139,94
132,147,139,147,132,139,98
115,147,139,147,115,139,87
-100,147,139,147,115,139,87
-100,147,139,147,132,139,98
-100,-100,139,12,115,139,62
-100,-100,139,147,115,139,87
-100,-100,139,12,132,139,94
-100,-100,139,147,132,139,98
132,-100,140,147,132,140,44
132,-100,140,12,132,140,30
115,-100,140,12,115,140,33
115,-100,140,147,115,140,39
132,12,140,12,132,140,30
115,12,140,12,115,140,33
-100,12,140,12,115,140,33
-100,12,140,12,132,140,30
132,147,140,147,132,140,44
115,147,140,147,115,140,39
-100,147,140,147,132,140,44
-100,147,140,147,115,140,39
-100,-100,140,12,115,140,33
-100,-100,140,147,132,140,44
-100,-100,140,12,132,140,30
-100,-100,140,147,115,140,39
115,-100,141,12,115,141,22
115,-100,141,147,115,141,8
115,12,141,12,115,141,22
-100,12,141,12,115,141,22
115,147,141,147,115,141,8
-100,147,141,147,115,141,8
-100,-100,141,12,115,141,22
-100,-100,141,147,115,141,8
132,-100,142,12,132,142,45
132,-100,142,147,132,142,56
115,-100,142,12,115,142,57
115,-100,142,147,115,142,52
132,12,142,12,132,142,45
115,12,142,12,115,142,57
-100,12,142,12,132,142,45
-100,12,142,12,115,142,57
132,147,142,147,132,142,56
115,147,142,147,115,142,52
-100,147,142,147,132,142,56
-100,147,142,147,115,142,52
-100,-100,142,12,132,142,45
-100,-100,142,147,132,142,56
-100,-100,142,12,115,142,57
-100,-100,142,147,115,142,52
114,-100,143,12,114,143,38
114,-100,143,147,114,143,13
114,12,143,12,114,143,38
-100,12,143,12,114,143,38
114,147,143,147,114,143,13
-100,147,143,147,114,143,13
-100,-100,143,12,114,143,38
-100,-100,143,147,114,143,13
132,-100,144,147,132,144,67
132,-100,144,12,132,144,63
115,-100,144,12,115,144,59
115,-100,144,147,115,144,64
132,12,144,12,132,144,63
115,12,144,12,115,144,59
-100,12,144,12,115,144,59
-100,12,144,12,132,144,63
132,147,144,147,132,144,67
115,147,144,147,115,144,64
-100,147,144,147,115,144,64
-100,147,144,147,132,144,67
-100,-100,144,12,115,144,59
-100,-100,144,147,115,144,64
-100,-100,144,147,132,144,67
-100,-100,144,12,132,144,63
114,-100,145,12,114,145,66
114,-100,145,147,114,145,102
114,12,145,12,114,145,66
-100,12,145,12,114,145,66
114,147,145,147,114,145,102
-100,147,145,147,114,145,102
-100,-100,145,12,114,145,66
-100,-100,145,147,114,145,102
132,-100,146,12,132,146,4
132,-100,146,147,132,146,13
115,-100,146,12,115,146,21
115,-100,146,147,115,146,32
132,12,146,12,132,146,4
115,12,146,12,115,146,21
-100,12,146,12,132,146,4
-100,12,146,12,115,146,21
132,147,146,147,132,146,13
115,147,146,147,115,146,32
-100,147,146,147,115,146,32
-100,147,146,147,132,146,13
-100,-100,146,12,132,146,4
-100,-100,146,12,115,146,21
-100,-100,146,147,115,146,32
-100,-100,146,147,132,146,13
132,-100,148,147,132,148,23
132,-100,148,12,132,148,5
115,-100,148,147,115,148,24
115,-100,148,12,115,148,22
132,12,148,12,132,148,5
115,12,148,12,115,148,22
-100,12,148,12,115,148,22
-100,12,148,12,132,148,5
132,147,148,147,132,148,23
115,147,148,147,115,148,24
-100,147,148,147,115,148,24
-100,147,148,147,132,148,23
-100,-100,148,147,115,148,24
-100,-100,148,12,115,148,22
-100,-100,148,147,132,148,23
-100,-100,148,12,132,148,5
115,-100,149,12,115,149,16
115,-100,149,147,115,149,13
115,12,149,12,115,149,16
-100,12,149,12,115,149,16
115,147,149,147,115,149,13
-100,147,149,147,115,149,13
-100,-100,149,12,115,149,16
-100,-100,149,147,115,149,13
132,-100,150,12,132,150,67
132,-100,150,147,132,150,45
115,-100,150,12,115,150,67
115,-100,150,147,115,150,57
132,12,150,12,132,150,67
115,12,150,12,115,150,67
-100,12,150,12,115,150,67
-100,12,150,12,132,150,67
132,147,150,147,132,150,45
115,147,150,147,115,150,57
-100,147,150,147,115,150,57
-100,147,150,147,132,150,45
-100,-100,150,12,115,150,67
-100,-100,150,147,115,150,57
-100,-100,150,12,132,150,67
-100,-100,150,147,132,150,45
114,-100,151,12,114,151,18
114,-100,151,147,114,151,12
114,12,151,12,114,151,18
-100,12,151,12,114,151,18
114,147,151,147,114,151,12
-100,147,151,147,114,151,12
-100,-100,151,12,114,151,18
-100,-100,151,147,114,151,12
132,-100,152,12,132,152,19
132,12,152,12,132,152,19
-100,12,152,12,132,152,19
-100,-100,152,12,132,152,19
114,-100,153,147,114,153,35
114,-100,153,12,114,153,40
114,12,153,12,114,153,40
-100,12,153,12,114,153,40
114,147,153,147,114,153,35
-100,147,153,147,114,153,35
-100,-100,153,147,114,153,35
-100,-100,153,12,114,153,40
132,-100,154,147,132,154,63
132,-100,154,12,132,154,42
115,-100,154,147,115,154,64
115,-100,154,12,115,154,55
132,12,154,12,132,154,42
115,12,154,12,115,154,55
-100,12,154,12,132,154,42
-100,12,154,12,115,154,55
132,147,154,147,132,154,63
115,147,154,147,115,154,64
-100,147,154,147,132,154,63
-100,147,154,147,115,154,64
-100,-100,154,147,132,154,63
-100,-100,154,147,115,154,64
-100,-100,154,12,132,154,42
-100,-100,154,12,115,154,55
114,-100,155,147,114,155,57
114,-100,155,12,114,155,48
114,12,155,12,114,155,48
-100,12,155,12,114,155,48
114,147,155,147,114,155,57
-100,147,155,147,114,155,57
-100,-100,155,147,114,155,57
-100,-100,155,12,114,155,48
114,-100,156,147,114,156,70
114,-100,156,12,114,156,96
114,12,156,12,114,156,96
-100,12,156,12,114,156,96
114,147,156,147,114,156,70
-100,147,156,147,114,156,70
-100,-100,156,147,114,156,70
-100,-100,156,12,114,156,96
114,-100,157,147,114,157,50
114,-100,157,12,114,157,15
114,12,157,12,114,157,15
-100,12,157,12,114,157,15
114,147,157,147,114,157,50
-100,147,157,147,114,157,50
-100,-100,157,147,114,157,50
-100,-100,157,12,114,157,15
132,-100,158,147,132,158,67
132,-100,158,12,132,158,78
115,-100,158,147,115,158,72
115,-100,158,12,115,158,76
132,12,158,12,132,158,78
115,12,158,12,115,158,76
-100,12,158,12,132,158,78
-100,12,158,12,115,158,76
132,147,158,147,132,158,67
115,147,158,147,115,158,72
-100,147,158,147,132,158,67
-100,147,158,147,115,158,72
-100,-100,158,147,132,158,67
-100,-100,158,147,115,158,72
-100,-100,158,12,132,158,78
-100,-100,158,12,115,158,76
132,-100,159,147,132,159,12
132,-100,159,12,132,159,24
115,-100,159,147,115,159,29
115,-100,159,12,115,159,33
132,12,159,12,132,159,24
115,12,159,12,115,159,33
-100,12,159,12,132,159,24
-100,12,159,12,115,159,33
132,147,159,147,132,159,12
115,147,159,147,115,159,29
-100,147,159,147,132,159,12
-100,147,159,147,115,159,29
-100,-100,159,147,132,159,12
-100,-100,159,147,115,159,29
-100,-100,159,12,132,159,24
-100,-100,159,12,115,159,33
132,-100,160,12,132,160,33
132,-100,160,147,132,160,67
115,-100,160,12,115,160,58
115,-100,160,147,115,160,67
132,12,160,12,132,160,33
115,12,160,12,115,160,58
-100,12,160,12,132,160,33
-100,12,160,12,115,160,58
132,147,160,147,132,160,67
115,147,160,147,115,160,67
-100,147,160,147,132,160,67
-100,147,160,147,115,160,67
-100,-100,160,12,132,160,33
-100,-100,160,12,115,160,58
-100,-100,160,147,132,160,67
-100,-100,160,147,115,160,67
132,-100,161,147,132,161,22
132,-100,161,12,132,161,11
115,-100,161,12,115,161,21
115,-100,161,147,115,161,28
132,12,161,12,132,161,11
115,12,161,12,115,161,21
-100,12,161,12,115,161,21
-100,12,161,12,132,161,11
132,147,161,147,132,161,22
115,147,161,147,115,161,28
-100,147,161,147,115,161,28
-100,147,161,147,132,161,22
-100,-100,161,12,115,161,21
-100,-100,161,147,115,161,28
-100,-100,161,147,132,161,22
-100,-100,161,12,132,161,11
132,-100,162,147,132,162,18
115,-100,162,147,115,162,23
115,-100,162,12,115,162,16
115,12,162,12,115,162,16
-100,12,162,12,115,162,16
132,147,162,147,132,162,18
115,147,162,147,115,162,23
-100,147,162,147,115,162,23
-100,147,162,147,132,162,18
-100,-100,162,147,115,162,23
-100,-100,162,147,132,162,18
-100,-100,162,12,115,162,16
132,-100,163,12,132,163,13
132,-100,163,147,132,163,14
115,-100,163,147,115,163,16
115,-100,163,12,115,163,14
114,-100,163,12,114,163,34
114,-100,163,147,114,163,28
132,12,163,12,132,163,13
115,12,163,12,115,163,14
114,12,163,12,114,163,34
-100,12,163,12,132,163,13
-100,12,163,12,114,163,34
-100,12,163,12,115,163,14
132,147,163,147,132,163,14
115,147,163,147,115,163,16
114,147,163,147,114,163,28
-100,147,163,147,115,163,16
-100,147,163,147,132,163,14
-100,147,163,147,114,163,28
-100,-100,163,147,115,163,16
-100,-100,163,12,132,163,13
-100,-100,163,147,132,163,14
-100,-100,163,12,114,163,34
-100,-100,163,12,115,163,14
-100,-100,163,147,114,163,28
132,-100,164,12,132,164,14
132,-100,164,147,132,164,14
115,-100,164,147,115,164,28
115,-100,164,12,115,164,23
132,12,164,12,132,164,14
115,12,164,12,115,164,23
-100,12,164,12,115,164,23
-100,12,164,12,132,164,14
132,147,164,147,132,164,14
115,147,164,147,115,164,28
-100,147,164,147,115,164,28
-100,147,164,147,132,164,14
-100,-100,164,147,115,164,28
-100,-100,164,12,115,164,23
-100,-100,164,12,132,164,14
-100,-100,164,147,132,164,14
114,-100,165,147,114,165,5
114,-100,165,12,114,165,22
114,12,165,12,114,165,22
-100,12,165,12,114,165,22
114,147,165,147,114,165,5
-100,147,165,147,114,165,5
-100,-100,165,147,114,165,5
-100,-100,165,12,114,165,22
132,-100,166,147,132,166,66
132,-100,166,12,132,166,60
115,-100,166,12,115,166,61
115,-100,166,147,115,166,59
132,12,166,12,132,166,60
115,12,166,12,115,166,61
-100,12,166,12,132,166,60
-100,12,166,12,115,166,61
132,147,166,147,132,166,66
115,147,166,147,115,166,59
-100,147,166,147,132,166,66
-100,147,166,147,115,166,59
-100,-100,166,147,132,166,66
-100,-100,166,12,132,166,60
-100,-100,166,12,115,166,61
-100,-100,166,147,115,166,59
132,-100,167,12,132,167,44
132,-100,167,147,132,167,61
115,-100,167,12,115,167,57
115,-100,167,147,115,167,69
132,12,167,12,132,167,44
115,12,167,12,115,167,57
-100,12,167,12,115,167,57
-100,12,167,12,132,167,44
132,147,167,147,132,167,61
115,147,167,147,115,167,69
-100,147,167,147,115,167,69
-100,147,167,147,132,167,61
-100,-100,167,12,115,167,57
-100,-100,167,12,132,167,44
-100,-100,167,147,115,167,69
-100,-100,167,147,132,167,61
115,-100,168,147,115,168,14
115,-100,168,12,115,168,14
115,12,168,12,115,168,14
-100,12,168,12,115,168,14
115,147,168,147,115,168,14
-100,147,168,147,115,168,14
-100,-100,168,147,115,168,14
-100,-100,168,12,115,168,14
132,-100,169,12,132,169,57
132,-100,169,147,132,169,34
115,-100,169,12,115,169,62
115,-100,169,147,115,169,43
132,12,169,12,132,169,57
115,12,169,12,115,169,62
-100,12,169,12,132,169,57
-100,12,169,12,115,169,62
132,147,169,147,132,169,34
115,147,169,147,115,169,43
-100,147,169,147,132,169,34
-100,147,169,147,115,169,43
-100,-100,169,12,132,169,57
-100,-100,169,12,115,169,62
-100,-100,169,147,132,169,34
-100,-100,169,147,115,169,43
115,-100,170,12,115,170,18
115,-100,170,147,115,170,16
115,12,170,12,115,170,18
-100,12,170,12,115,170,18
115,147,170,147,115,170,16
-100,147,170,147,115,170,16
-100,-100,170,12,115,170,18
-100,-100,170,147,115,170,16
115,-100,171,147,115,171,12
115,-100,171,12,115,171,21
115,12,171,12,115,171,21
-100,12,171,12,115,171,21
115,147,171,147,115,171,12
-100,147,171,147,115,171,12
-100,-100,171,147,115,171,12
-100,-100,171,12,115,171,21
132,-100,172,12,132,172,88
132,-100,172,147,132,172,83
115,-100,172,12,115,172,87
115,-100,172,147,115,172,80
132,12,172,12,132,172,88
115,12,172,12,115,172,87
-100,12,172,12,115,172,87
-100,12,172,12,132,172,88
132,147,172,147,132,172,83
115,147,172,147,115,172,80
-100,147,172,147,115,172,80
-100,147,172,147,132,172,83
-100,-100,172,12,115,172,87
-100,-100,172,12,132,172,88
-100,-100,172,147,115,172,80
-100,-100,172,147,132,172,83
114,-100,173,12,114,173,87
114,-100,173,147,114,173,61
114,12,173,12,114,173,87
-100,12,173,12,114,173,87
114,147,173,147,114,173,61
-100,147,173,147,114,173,61
-100,-100,173,12,114,173,87
-100,-100,173,147,114,173,61
132,-100,174,147,132,174,43
132,-100,174,12,132,174,37
115,-100,174,147,115,174,48
115,-100,174,12,115,174,62
114,-100,174,12,114,174,27
114,-100,174,147,114,174,41
132,12,174,12,132,174,37
115,12,174,12,115,174,62
114,12,174,12,114,174,27
-100,12,174,12,114,174,27
-100,12,174,12,132,174,37
-100,12,174,12,115,174,62
132,147,174,147,132,174,43
115,147,174,147,115,174,48
114,147,174,147,114,174,41
-100,147,174,147,132,174,43
-100,147,174,147,115,174,48
-100,147,174,147,114,174,41
-100,-100,174,147,132,174,43
-100,-100,174,12,114,174,27
-100,-100,174,12,132,174,37
-100,-100,174,147,115,174,48
-100,-100,174,147,114,174,41
-100,-100,174,12,115,174,62
115,-100,175,147,115,175,10
115,-100,175,12,115,175,11
115,12,175,12,115,175,11
-100,12,175,12,115,175,11
115,147,175,147,115,175,10
-100,147,175,147,115,175,10
-100,-100,175,147,115,175,10
-100,-100,175,12,115,175,11
115,-100,176,12,115,176,11
115,-100,176,147,115,176,19
115,12,176,12,115,176,11
-100,12,176,12,115,176,11
115,147,176,147,115,176,19
-100,147,176,147,115,176,19
-100,-100,176,12,115,176,11
-100,-100,176,147,115,176,19
115,-100,177,12,115,177,6
115,-100,177,147,115,177,15
115,12,177,12,115,177,6
-100,12,177,12,115,177,6
115,147,177,147,115,177,15
-100,147,177,147,115,177,15
-100,-100,177,12,115,177,6
-100,-100,177,147,115,177,15
115,-100,178,12,115,178,21
115,-100,178,147,115,178,16
115,12,178,12,115,178,21
-100,12,178,12,115,178,21
115,147,178,147,115,178,16
-100,147,178,147,115,178,16
-100,-100,178,12,115,178,21
-100,-100,178,147,115,178,16
132,-100,179,12,132,179,64
132,-100,179,147,132,179,54
115,-100,179,12,115,179,61
115,-100,179,147,115,179,63
132,12,179,12,132,179,64
115,12,179,12,115,179,61
-100,12,179,12,115,179,61
-100,12,179,12,132,179,64
132,147,179,147,132,179,54
115,147,179,147,115,179,63
-100,147,179,147,115,179,63
-100,147,179,147,132,179,54
-100,-100,179,12,115,179,61
-100,-100,179,12,132,179,64
-100,-100,179,147,115,179,63
-100,-100,179,147,132,179,54
132,-100,180,12,132,180,18
132,-100,180,147,132,180,5
115,-100,180,147,115,180,21
115,-100,180,12,115,180,27
132,12,180,12,132,180,18
115,12,180,12,115,180,27
-100,12,180,12,132,180,18
-100,12,180,12,115,180,27
132,147,180,147,132,180,5
115,147,180,147,115,180,21
-100,147,180,147,132,180,5
-100,147,180,147,115,180,21
-100,-100,180,12,132,180,18
-100,-100,180,147,132,180,5
-100,-100,180,147,115,180,21
-100,-100,180,12,115,180,27
