116,64,2.36952E9,2.36952E9,34,1.0
116,64,2.36952E9,2.36952E9,99,1.0
116,64,2.36952E9,2.36952E9,10,1.0
116,64,2.36952E9,2.36952E9,3,1.0
116,64,2.36952E9,2.36952E9,143,1.0
116,64,2.36952E9,2.36952E9,4,1.0
116,94,2.36952E9,2.36952E9,179,1.0
116,94,2.36952E9,2.36952E9,180,1.0
116,94,2.36952E9,2.36952E9,2,1.0
116,94,2.36952E9,2.36952E9,170,1.0
116,94,2.36952E9,2.36952E9,15,1.0
116,94,2.36952E9,2.36952E9,103,1.0
116,94,2.36952E9,2.36952E9,97,1.0
116,94,2.36952E9,2.36952E9,108,1.0
116,94,2.36952E9,2.36952E9,140,1.0
116,94,2.36952E9,2.36952E9,135,1.0
116,159,2.36952E9,2.36952E9,173,1.0
116,159,2.36952E9,2.36952E9,131,1.0
116,159,2.36952E9,2.36952E9,46,1.0
116,159,2.36952E9,2.36952E9,97,1.0
116,159,2.36952E9,2.36952E9,89,1.0
116,159,2.36952E9,2.36952E9,59,1.0
116,159,2.36952E9,2.36952E9,3,1.0
116,159,2.36952E9,2.36952E9,139,1.0
133,64,2.36952E9,2.36952E9,57,1.0
116,159,2.36952E9,2.36952E9,57,3.0
115,94,2.36952E9,2.36952E9,174,4.0
116,64,2.36952E9,2.36952E9,22,4.0
116,159,2.36952E9,2.36952E9,99,4.0
116,159,2.36952E9,2.36952E9,10,4.0
133,64,2.36952E9,2.36952E9,10,4.0
133,94,2.36952E9,2.36952E9,22,4.0
133,159,2.36952E9,2.36952E9,57,4.0
133,159,2.36952E9,2.36952E9,10,4.0
116,94,2.36952E9,2.36952E9,10,5.0
133,64,2.36952E9,2.36952E9,22,5.0
115,64,2.36952E9,2.36952E9,174,6.0
115,159,2.36952E9,2.36952E9,174,6.0
116,94,2.36952E9,2.36952E9,22,6.0
133,94,2.36952E9,2.36952E9,10,7.0
133,94,2.36952E9,2.36952E9,57,7.0
133,159,2.36952E9,2.36952E9,99,7.0
133,64,2.36952E9,2.36952E9,99,8.0
133,94,2.36952E9,2.36952E9,99,8.0
116,64,2.3696064E9,2.36952E9,89,1.0
116,64,2.3696064E9,2.36952E9,28,1.0
116,64,2.3696064E9,2.36952E9,142,1.0
116,64,2.3696064E9,2.36952E9,55,1.0
116,64,2.3696064E9,2.36952E9,141,1.0
116,64,2.3696064E9,2.36952E9,7,1.0
116,64,2.3696064E9,2.36952E9,56,1.0
116,64,2.3696064E9,2.36952E9,175,1.0
116,64,2.3696064E9,2.36952E9,16,1.0
116,64,2.3696064E9,2.36952E9,21,1.0
116,64,2.3696064E9,2.36952E9,18,1.0
116,64,2.3696064E9,2.36952E9,52,1.0
116,64,2.3696064E9,2.36952E9,29,1.0
116,94,2.3696064E9,2.36952E9,31,1.0
116,94,2.3696064E9,2.36952E9,122,1.0
116,94,2.3696064E9,2.36952E9,56,1.0
116,94,2.3696064E9,2.36952E9,136,1.0
116,94,2.3696064E9,2.36952E9,7,1.0
116,94,2.3696064E9,2.36952E9,38,1.0
116,94,2.3696064E9,2.36952E9,131,1.0
116,94,2.3696064E9,2.36952E9,86,1.0
116,94,2.3696064E9,2.36952E9,78,1.0
116,159,2.3696064E9,2.36952E9,38,1.0
116,159,2.3696064E9,2.36952E9,158,1.0
116,159,2.3696064E9,2.36952E9,34,1.0
116,159,2.3696064E9,2.36952E9,16,1.0
116,159,2.3696064E9,2.36952E9,170,1.0
116,159,2.3696064E9,2.36952E9,74,1.0
116,159,2.3696064E9,2.36952E9,77,1.0
116,159,2.3696064E9,2.36952E9,167,1.0
116,159,2.3696064E9,2.36952E9,161,1.0
116,159,2.3696064E9,2.36952E9,71,1.0
116,159,2.3696064E9,2.36952E9,175,1.0
133,64,2.3696064E9,2.36952E9,66,1.0
116,94,2.3696064E9,2.36952E9,83,2.0
116,94,2.3696064E9,2.36952E9,66,2.0
116,94,2.3696064E9,2.36952E9,99,2.0
116,94,2.3696064E9,2.36952E9,74,2.0
116,159,2.3696064E9,2.36952E9,22,2.0
116,159,2.3696064E9,2.36952E9,89,2.0
133,159,2.3696064E9,2.36952E9,21,2.0
116,94,2.3696064E9,2.36952E9,72,3.0
116,159,2.3696064E9,2.36952E9,66,3.0
116,159,2.3696064E9,2.36952E9,72,3.0
116,159,2.3696064E9,2.36952E9,78,3.0
133,64,2.3696064E9,2.36952E9,99,3.0
133,94,2.3696064E9,2.36952E9,72,3.0
133,159,2.3696064E9,2.36952E9,66,3.0
133,159,2.3696064E9,2.36952E9,99,3.0
116,64,2.3696064E9,2.36952E9,78,4.0
116,64,2.3696064E9,2.36952E9,99,4.0
133,64,2.3696064E9,2.36952E9,74,4.0
133,64,2.3696064E9,2.36952E9,89,4.0
133,94,2.3696064E9,2.36952E9,99,4.0
133,159,2.3696064E9,2.36952E9,74,4.0
133,159,2.3696064E9,2.36952E9,89,4.0
116,64,2.3696064E9,2.36952E9,74,5.0
116,64,2.3696064E9,2.36952E9,72,5.0
133,94,2.3696064E9,2.36952E9,89,5.0
133,94,2.3696064E9,2.36952E9,78,5.0
133,159,2.3696064E9,2.36952E9,72,5.0
133,159,2.3696064E9,2.36952E9,22,5.0
115,64,2.3696064E9,2.36952E9,120,6.0
133,64,2.3696064E9,2.36952E9,21,6.0
115,94,2.3696064E9,2.36952E9,120,7.0
133,64,2.3696064E9,2.36952E9,78,7.0
116,94,2.3696064E9,2.36952E9,89,8.0
133,94,2.3696064E9,2.36952E9,74,8.0
115,159,2.3696064E9,2.36952E9,120,9.0
133,64,2.3696064E9,2.36952E9,72,9.0
133,159,2.3696064E9,2.36952E9,78,9.0
116,64,2.3696928E9,2.36952E9,139,1.0
116,64,2.3696928E9,2.36952E9,33,1.0
116,64,2.3696928E9,2.36952E9,167,1.0
116,64,2.3696928E9,2.36952E9,149,1.0
116,64,2.3696928E9,2.36952E9,47,1.0
116,64,2.3696928E9,2.36952E9,55,1.0
116,64,2.3696928E9,2.36952E9,126,1.0
116,64,2.3696928E9,2.36952E9,66,1.0
116,94,2.3696928E9,2.36952E9,50,1.0
116,94,2.3696928E9,2.36952E9,173,1.0
116,94,2.3696928E9,2.36952E9,23,1.0
116,94,2.3696928E9,2.36952E9,68,1.0
116,94,2.3696928E9,2.36952E9,16,1.0
116,94,2.3696928E9,2.36952E9,139,1.0
116,94,2.3696928E9,2.36952E9,77,1.0
116,94,2.3696928E9,2.36952E9,117,1.0
116,94,2.3696928E9,2.36952E9,56,1.0
116,94,2.3696928E9,2.36952E9,25,1.0
116,94,2.3696928E9,2.36952E9,60,1.0
116,94,2.3696928E9,2.36952E9,34,1.0
116,159,2.3696928E9,2.36952E9,58,1.0
116,159,2.3696928E9,2.36952E9,26,1.0
116,159,2.3696928E9,2.36952E9,62,1.0
116,159,2.3696928E9,2.36952E9,102,1.0
116,159,2.3696928E9,2.36952E9,179,1.0
116,159,2.3696928E9,2.36952E9,89,1.0
116,159,2.3696928E9,2.36952E9,31,1.0
116,159,2.3696928E9,2.36952E9,54,1.0
116,159,2.3696928E9,2.36952E9,123,1.0
116,159,2.3696928E9,2.36952E9,65,1.0
116,159,2.3696928E9,2.36952E9,32,1.0
116,159,2.3696928E9,2.36952E9,55,1.0
116,159,2.3696928E9,2.36952E9,13,1.0
116,64,2.3696928E9,2.36952E9,161,2.0
116,64,2.3696928E9,2.36952E9,91,2.0
116,94,2.3696928E9,2.36952E9,33,2.0
133,64,2.3696928E9,2.36952E9,55,2.0
133,64,2.3696928E9,2.36952E9,18,2.0
133,94,2.3696928E9,2.36952E9,91,2.0
115,64,2.3696928E9,2.36952E9,5,3.0
116,94,2.3696928E9,2.36952E9,55,3.0
133,94,2.3696928E9,2.36952E9,55,3.0
116,64,2.3696928E9,2.36952E9,18,4.0
116,159,2.3696928E9,2.36952E9,18,4.0
116,94,2.3696928E9,2.36952E9,161,5.0
116,94,2.3696928E9,2.36952E9,91,5.0
116,94,2.3696928E9,2.36952E9,18,5.0
133,64,2.3696928E9,2.36952E9,161,5.0
133,159,2.3696928E9,2.36952E9,161,5.0
115,159,2.3696928E9,2.36952E9,5,6.0
116,159,2.3696928E9,2.36952E9,161,6.0
133,64,2.3696928E9,2.36952E9,91,6.0
133,159,2.3696928E9,2.36952E9,55,6.0
116,159,2.3696928E9,2.36952E9,91,7.0
133,159,2.3696928E9,2.36952E9,91,7.0
115,94,2.3696928E9,2.36952E9,5,8.0
133,94,2.3696928E9,2.36952E9,161,10.0
133,159,2.3696928E9,2.36952E9,18,10.0
133,94,2.3696928E9,2.36952E9,18,15.0
116,64,2.3697792E9,2.36952E9,89,1.0
116,64,2.3697792E9,2.36952E9,106,1.0
116,64,2.3697792E9,2.36952E9,26,1.0
116,64,2.3697792E9,2.36952E9,165,1.0
116,64,2.3697792E9,2.36952E9,35,1.0
116,64,2.3697792E9,2.36952E9,147,1.0
116,64,2.3697792E9,2.36952E9,127,1.0
116,64,2.3697792E9,2.36952E9,78,1.0
116,64,2.3697792E9,2.36952E9,59,1.0
116,64,2.3697792E9,2.36952E9,50,1.0
116,64,2.3697792E9,2.36952E9,49,1.0
116,64,2.3697792E9,2.36952E9,62,1.0
116,94,2.3697792E9,2.36952E9,143,1.0
116,94,2.3697792E9,2.36952E9,49,1.0
116,94,2.3697792E9,2.36952E9,148,1.0
116,94,2.3697792E9,2.36952E9,16,1.0
116,94,2.3697792E9,2.36952E9,171,1.0
116,94,2.3697792E9,2.36952E9,36,1.0
116,94,2.3697792E9,2.36952E9,132,1.0
116,94,2.3697792E9,2.36952E9,46,1.0
116,94,2.3697792E9,2.36952E9,102,1.0
116,94,2.3697792E9,2.36952E9,18,1.0
116,159,2.3697792E9,2.36952E9,143,1.0
116,159,2.3697792E9,2.36952E9,102,1.0
116,159,2.3697792E9,2.36952E9,177,1.0
116,159,2.3697792E9,2.36952E9,29,1.0
116,159,2.3697792E9,2.36952E9,80,1.0
116,159,2.3697792E9,2.36952E9,111,1.0
116,159,2.3697792E9,2.36952E9,70,1.0
116,159,2.3697792E9,2.36952E9,173,1.0
116,159,2.3697792E9,2.36952E9,163,1.0
116,159,2.3697792E9,2.36952E9,128,1.0
116,159,2.3697792E9,2.36952E9,28,1.0
116,159,2.3697792E9,2.36952E9,40,1.0
116,159,2.3697792E9,2.36952E9,181,1.0
116,159,2.3697792E9,2.36952E9,10,1.0
133,64,2.3697792E9,2.36952E9,26,1.0
133,64,2.3697792E9,2.36952E9,102,1.0
133,94,2.3697792E9,2.36952E9,161,1.0
116,94,2.3697792E9,2.36952E9,37,2.0
116,94,2.3697792E9,2.36952E9,147,2.0
116,94,2.3697792E9,2.36952E9,26,2.0
116,94,2.3697792E9,2.36952E9,108,2.0
116,159,2.3697792E9,2.36952E9,147,2.0
116,159,2.3697792E9,2.36952E9,27,2.0
116,159,2.3697792E9,2.36952E9,161,2.0
133,64,2.3697792E9,2.36952E9,147,2.0
133,64,2.3697792E9,2.36952E9,161,2.0
133,64,2.3697792E9,2.36952E9,10,2.0
133,64,2.3697792E9,2.36952E9,37,2.0
133,94,2.3697792E9,2.36952E9,143,2.0
133,94,2.3697792E9,2.36952E9,37,2.0
133,94,2.3697792E9,2.36952E9,10,2.0
133,94,2.3697792E9,2.36952E9,102,2.0
133,159,2.3697792E9,2.36952E9,37,2.0
133,159,2.3697792E9,2.36952E9,10,2.0
116,64,2.3697792E9,2.36952E9,161,3.0
116,94,2.3697792E9,2.36952E9,10,3.0
116,94,2.3697792E9,2.36952E9,161,3.0
116,64,2.3697792E9,2.36952E9,10,4.0
133,64,2.3697792E9,2.36952E9,16,4.0
133,94,2.3697792E9,2.36952E9,26,4.0
133,94,2.3697792E9,2.36952E9,16,4.0
133,159,2.3697792E9,2.36952E9,143,4.0
116,159,2.3697792E9,2.36952E9,16,5.0
116,159,2.3697792E9,2.36952E9,26,5.0
133,94,2.3697792E9,2.36952E9,147,5.0
133,159,2.3697792E9,2.36952E9,26,5.0
133,159,2.3697792E9,2.36952E9,161,5.0
133,159,2.3697792E9,2.36952E9,102,5.0
133,159,2.3697792E9,2.36952E9,16,5.0
116,64,2.3697792E9,2.36952E9,102,6.0
116,64,2.3698656E9,2.36952E9,176,1.0
116,64,2.3698656E9,2.36952E9,175,1.0
116,64,2.3698656E9,2.36952E9,74,1.0
116,64,2.3698656E9,2.36952E9,100,1.0
116,64,2.3698656E9,2.36952E9,107,1.0
116,64,2.3698656E9,2.36952E9,161,1.0
116,64,2.3698656E9,2.36952E9,32,1.0
116,64,2.3698656E9,2.36952E9,110,1.0
116,64,2.3698656E9,2.36952E9,82,1.0
116,64,2.3698656E9,2.36952E9,30,1.0
116,64,2.3698656E9,2.36952E9,147,1.0
116,64,2.3698656E9,2.36952E9,124,1.0
116,64,2.3698656E9,2.36952E9,128,1.0
116,64,2.3698656E9,2.36952E9,171,1.0
116,64,2.3698656E9,2.36952E9,177,1.0
116,94,2.3698656E9,2.36952E9,141,1.0
116,94,2.3698656E9,2.36952E9,130,1.0
116,94,2.3698656E9,2.36952E9,85,1.0
116,94,2.3698656E9,2.36952E9,68,1.0
116,94,2.3698656E9,2.36952E9,175,1.0
116,94,2.3698656E9,2.36952E9,62,1.0
116,94,2.3698656E9,2.36952E9,148,1.0
116,94,2.3698656E9,2.36952E9,106,1.0
116,94,2.3698656E9,2.36952E9,170,1.0
116,94,2.3698656E9,2.36952E9,19,1.0
116,94,2.3698656E9,2.36952E9,7,1.0
116,94,2.3698656E9,2.36952E9,49,1.0
116,94,2.3698656E9,2.36952E9,93,1.0
116,94,2.3698656E9,2.36952E9,180,1.0
116,159,2.3698656E9,2.36952E9,54,1.0
116,159,2.3698656E9,2.36952E9,100,1.0
116,159,2.3698656E9,2.36952E9,136,1.0
116,159,2.3698656E9,2.36952E9,47,1.0
116,159,2.3698656E9,2.36952E9,99,1.0
116,159,2.3698656E9,2.36952E9,147,1.0
116,159,2.3698656E9,2.36952E9,34,1.0
133,94,2.3698656E9,2.36952E9,78,1.0
133,159,2.3698656E9,2.36952E9,78,1.0
116,64,2.3698656E9,2.36952E9,31,2.0
116,94,2.3698656E9,2.36952E9,78,2.0
116,159,2.3698656E9,2.36952E9,4,2.0
116,159,2.3698656E9,2.36952E9,170,2.0
116,159,2.3698656E9,2.36952E9,7,2.0
116,64,2.3698656E9,2.36952E9,78,3.0
116,94,2.3698656E9,2.36952E9,35,3.0
116,94,2.3698656E9,2.36952E9,100,3.0
133,64,2.3698656E9,2.36952E9,143,3.0
116,64,2.3698656E9,2.36952E9,4,4.0
116,159,2.3698656E9,2.36952E9,35,4.0
133,94,2.3698656E9,2.36952E9,7,4.0
133,94,2.3698656E9,2.36952E9,100,4.0
133,94,2.3698656E9,2.36952E9,170,4.0
133,159,2.3698656E9,2.36952E9,7,4.0
133,159,2.3698656E9,2.36952E9,170,4.0
116,64,2.3698656E9,2.36952E9,7,5.0
116,64,2.3698656E9,2.36952E9,35,5.0
116,64,2.3698656E9,2.36952E9,170,5.0
116,94,2.3698656E9,2.36952E9,4,5.0
133,64,2.3698656E9,2.36952E9,35,5.0
133,64,2.3698656E9,2.36952E9,7,5.0
133,64,2.3698656E9,2.36952E9,78,5.0
133,94,2.3698656E9,2.36952E9,4,5.0
133,159,2.3698656E9,2.36952E9,35,5.0
133,64,2.3698656E9,2.36952E9,170,6.0
133,64,2.3698656E9,2.36952E9,4,6.0
133,159,2.3698656E9,2.36952E9,4,6.0
133,94,2.3698656E9,2.36952E9,35,9.0
116,64,2.369952E9,2.36952E9,100,1.0
116,64,2.369952E9,2.36952E9,175,1.0
116,64,2.369952E9,2.36952E9,33,1.0
116,64,2.369952E9,2.36952E9,127,1.0
116,64,2.369952E9,2.36952E9,36,1.0
116,64,2.369952E9,2.36952E9,171,1.0
116,64,2.369952E9,2.36952E9,143,1.0
116,64,2.369952E9,2.36952E9,135,1.0
116,64,2.369952E9,2.36952E9,92,1.0
116,64,2.369952E9,2.36952E9,109,1.0
116,94,2.369952E9,2.36952E9,13,1.0
116,94,2.369952E9,2.36952E9,175,1.0
116,94,2.369952E9,2.36952E9,145,1.0
116,94,2.369952E9,2.36952E9,97,1.0
116,94,2.369952E9,2.36952E9,73,1.0
116,159,2.369952E9,2.36952E9,131,1.0
116,159,2.369952E9,2.36952E9,25,1.0
116,159,2.369952E9,2.36952E9,51,1.0
116,159,2.369952E9,2.36952E9,54,1.0
116,159,2.369952E9,2.36952E9,59,1.0
116,159,2.369952E9,2.36952E9,161,1.0
116,159,2.369952E9,2.36952E9,175,1.0
116,159,2.369952E9,2.36952E9,68,1.0
116,159,2.369952E9,2.36952E9,158,1.0
116,159,2.369952E9,2.36952E9,15,1.0
116,159,2.369952E9,2.36952E9,12,1.0
116,159,2.369952E9,2.36952E9,40,1.0
133,64,2.369952E9,2.36952E9,74,1.0
133,94,2.369952E9,2.36952E9,74,1.0
116,64,2.369952E9,2.36952E9,68,2.0
116,94,2.369952E9,2.36952E9,18,2.0
116,94,2.369952E9,2.36952E9,68,2.0
133,64,2.369952E9,2.36952E9,35,2.0
133,64,2.369952E9,2.36952E9,100,2.0
133,94,2.369952E9,2.36952E9,35,2.0
133,159,2.369952E9,2.36952E9,74,2.0
116,64,2.369952E9,2.36952E9,18,3.0
116,94,2.369952E9,2.36952E9,35,3.0
133,94,2.369952E9,2.36952E9,18,3.0
133,159,2.369952E9,2.36952E9,18,3.0
116,64,2.369952E9,2.36952E9,74,4.0
116,159,2.369952E9,2.36952E9,18,4.0
116,159,2.369952E9,2.36952E9,74,4.0
116,159,2.369952E9,2.36952E9,35,4.0
133,64,2.369952E9,2.36952E9,18,5.0
133,159,2.369952E9,2.36952E9,68,5.0
133,64,2.369952E9,2.36952E9,68,6.0
115,159,2.369952E9,2.36952E9,119,8.0
133,159,2.369952E9,2.36952E9,35,8.0
116,64,2.3700384E9,2.36952E9,68,1.0
116,64,2.3700384E9,2.36952E9,100,1.0
116,64,2.3700384E9,2.36952E9,132,1.0
116,64,2.3700384E9,2.36952E9,54,1.0
116,64,2.3700384E9,2.36952E9,27,1.0
116,64,2.3700384E9,2.36952E9,122,1.0
116,64,2.3700384E9,2.36952E9,74,1.0
116,64,2.3700384E9,2.36952E9,25,1.0
116,64,2.3700384E9,2.36952E9,129,1.0
116,64,2.3700384E9,2.36952E9,102,1.0
116,64,2.3700384E9,2.36952E9,148,1.0
116,64,2.3700384E9,2.36952E9,131,1.0
116,64,2.3700384E9,2.36952E9,171,1.0
116,64,2.3700384E9,2.36952E9,173,1.0
116,64,2.3700384E9,2.36952E9,112,1.0
116,64,2.3700384E9,2.36952E9,60,1.0
116,64,2.3700384E9,2.36952E9,176,1.0
116,94,2.3700384E9,2.36952E9,65,1.0
116,94,2.3700384E9,2.36952E9,143,1.0
116,94,2.3700384E9,2.36952E9,161,1.0
116,94,2.3700384E9,2.36952E9,145,1.0
116,94,2.3700384E9,2.36952E9,142,1.0
116,94,2.3700384E9,2.36952E9,4,1.0
116,94,2.3700384E9,2.36952E9,176,1.0
116,94,2.3700384E9,2.36952E9,131,1.0
116,94,2.3700384E9,2.36952E9,56,1.0
116,94,2.3700384E9,2.36952E9,66,1.0
116,94,2.3700384E9,2.36952E9,167,1.0
116,94,2.3700384E9,2.36952E9,17,1.0
116,94,2.3700384E9,2.36952E9,15,1.0
116,94,2.3700384E9,2.36952E9,160,1.0
116,94,2.3700384E9,2.36952E9,107,1.0
116,94,2.3700384E9,2.36952E9,165,1.0
116,94,2.3700384E9,2.36952E9,70,1.0
116,94,2.3700384E9,2.36952E9,111,1.0
116,94,2.3700384E9,2.36952E9,101,1.0
116,94,2.3700384E9,2.36952E9,36,1.0
116,94,2.3700384E9,2.36952E9,49,1.0
116,94,2.3700384E9,2.36952E9,47,1.0
116,94,2.3700384E9,2.36952E9,71,1.0
116,159,2.3700384E9,2.36952E9,171,1.0
116,159,2.3700384E9,2.36952E9,85,1.0
116,159,2.3700384E9,2.36952E9,58,1.0
116,159,2.3700384E9,2.36952E9,172,1.0
116,159,2.3700384E9,2.36952E9,52,1.0
116,159,2.3700384E9,2.36952E9,168,1.0
116,159,2.3700384E9,2.36952E9,37,1.0
116,159,2.3700384E9,2.36952E9,103,1.0
116,159,2.3700384E9,2.36952E9,129,1.0
116,159,2.3700384E9,2.36952E9,167,1.0
116,159,2.3700384E9,2.36952E9,12,1.0
116,159,2.3700384E9,2.36952E9,163,1.0
116,159,2.3700384E9,2.36952E9,117,1.0
116,159,2.3700384E9,2.36952E9,108,1.0
116,159,2.3700384E9,2.36952E9,86,1.0
116,159,2.3700384E9,2.36952E9,41,1.0
116,159,2.3700384E9,2.36952E9,102,1.0
116,159,2.3700384E9,2.36952E9,96,1.0
116,159,2.3700384E9,2.36952E9,128,1.0
133,64,2.3700384E9,2.36952E9,68,1.0
116,94,2.3700384E9,2.36952E9,135,2.0
116,159,2.3700384E9,2.36952E9,49,2.0
116,159,2.3700384E9,2.36952E9,72,2.0
116,159,2.3700384E9,2.36952E9,135,2.0
133,64,2.3700384E9,2.36952E9,100,2.0
133,94,2.3700384E9,2.36952E9,135,2.0
133,94,2.3700384E9,2.36952E9,26,2.0
115,64,2.3700384E9,2.36952E9,76,3.0
115,159,2.3700384E9,2.36952E9,76,3.0
116,64,2.3700384E9,2.36952E9,26,3.0
116,64,2.3700384E9,2.36952E9,135,3.0
116,94,2.3700384E9,2.36952E9,34,3.0
116,159,2.3700384E9,2.36952E9,26,3.0
133,159,2.3700384E9,2.36952E9,49,3.0
115,94,2.3700384E9,2.36952E9,76,4.0
116,94,2.3700384E9,2.36952E9,26,4.0
116,159,2.3700384E9,2.36952E9,34,4.0
116,159,2.3700384E9,2.36952E9,18,4.0
116,159,2.3700384E9,2.36952E9,68,4.0
133,64,2.3700384E9,2.36952E9,26,4.0
133,64,2.3700384E9,2.36952E9,135,4.0
133,94,2.3700384E9,2.36952E9,167,4.0
133,94,2.3700384E9,2.36952E9,18,4.0
133,94,2.3700384E9,2.36952E9,34,4.0
133,94,2.3700384E9,2.36952E9,68,4.0
133,159,2.3700384E9,2.36952E9,68,4.0
116,64,2.3700384E9,2.36952E9,34,5.0
116,159,2.3700384E9,2.36952E9,100,5.0
133,159,2.3700384E9,2.36952E9,34,5.0
133,159,2.3700384E9,2.36952E9,135,5.0
116,64,2.3700384E9,2.36952E9,167,6.0
116,64,2.3700384E9,2.36952E9,49,6.0
116,94,2.3700384E9,2.36952E9,68,6.0
116,94,2.3700384E9,2.36952E9,18,6.0
133,64,2.3700384E9,2.36952E9,49,6.0
133,159,2.3700384E9,2.36952E9,100,6.0
133,159,2.3700384E9,2.36952E9,26,6.0
115,64,2.3700384E9,2.36952E9,87,7.0
115,94,2.3700384E9,2.36952E9,87,7.0
133,64,2.3700384E9,2.36952E9,34,7.0
133,94,2.3700384E9,2.36952E9,49,7.0
133,159,2.3700384E9,2.36952E9,167,7.0
115,159,2.3700384E9,2.36952E9,87,8.0
116,94,2.3700384E9,2.36952E9,100,8.0
133,94,2.3700384E9,2.36952E9,100,8.0
133,64,2.3700384E9,2.36952E9,167,9.0
116,64,2.3701248E9,2.36952E9,122,1.0
116,64,2.3701248E9,2.36952E9,7,1.0
116,64,2.3701248E9,2.36952E9,100,1.0
116,64,2.3701248E9,2.36952E9,40,1.0
116,64,2.3701248E9,2.36952E9,96,1.0
116,64,2.3701248E9,2.36952E9,37,1.0
116,64,2.3701248E9,2.36952E9,176,1.0
116,64,2.3701248E9,2.36952E9,170,1.0
116,64,2.3701248E9,2.36952E9,17,1.0
116,64,2.3701248E9,2.36952E9,124,1.0
116,64,2.3701248E9,2.36952E9,14,1.0
116,64,2.3701248E9,2.36952E9,167,1.0
116,64,2.3701248E9,2.36952E9,16,1.0
116,64,2.3701248E9,2.36952E9,165,1.0
116,64,2.3701248E9,2.36952E9,3,1.0
116,64,2.3701248E9,2.36952E9,95,1.0
116,94,2.3701248E9,2.36952E9,92,1.0
116,94,2.3701248E9,2.36952E9,81,1.0
116,94,2.3701248E9,2.36952E9,41,1.0
116,94,2.3701248E9,2.36952E9,172,1.0
116,94,2.3701248E9,2.36952E9,170,1.0
116,94,2.3701248E9,2.36952E9,130,1.0
116,94,2.3701248E9,2.36952E9,29,1.0
116,94,2.3701248E9,2.36952E9,84,1.0
116,94,2.3701248E9,2.36952E9,28,1.0
116,94,2.3701248E9,2.36952E9,110,1.0
116,94,2.3701248E9,2.36952E9,61,1.0
116,94,2.3701248E9,2.36952E9,169,1.0
116,94,2.3701248E9,2.36952E9,40,1.0
116,94,2.3701248E9,2.36952E9,51,1.0
116,94,2.3701248E9,2.36952E9,34,1.0
116,159,2.3701248E9,2.36952E9,4,1.0
116,159,2.3701248E9,2.36952E9,11,1.0
116,159,2.3701248E9,2.36952E9,27,1.0
116,159,2.3701248E9,2.36952E9,140,1.0
116,159,2.3701248E9,2.36952E9,104,1.0
116,159,2.3701248E9,2.36952E9,100,1.0
116,159,2.3701248E9,2.36952E9,72,1.0
116,159,2.3701248E9,2.36952E9,22,1.0
116,159,2.3701248E9,2.36952E9,56,1.0
116,64,2.3701248E9,2.36952E9,11,2.0
116,64,2.3701248E9,2.36952E9,58,2.0
116,94,2.3701248E9,2.36952E9,25,2.0
116,94,2.3701248E9,2.36952E9,35,2.0
133,64,2.3701248E9,2.36952E9,49,2.0
116,64,2.3701248E9,2.36952E9,22,3.0
116,64,2.3701248E9,2.36952E9,163,3.0
116,94,2.3701248E9,2.36952E9,11,3.0
133,94,2.3701248E9,2.36952E9,22,3.0
133,159,2.3701248E9,2.36952E9,22,3.0
133,159,2.3701248E9,2.36952E9,27,3.0
115,64,2.3701248E9,2.36952E9,175,4.0
116,94,2.3701248E9,2.36952E9,49,4.0
133,64,2.3701248E9,2.36952E9,100,4.0
116,94,2.3701248E9,2.36952E9,163,5.0
116,159,2.3701248E9,2.36952E9,49,5.0
133,159,2.3701248E9,2.36952E9,11,5.0
116,94,2.3701248E9,2.36952E9,27,6.0
133,64,2.3701248E9,2.36952E9,22,6.0
133,64,2.3701248E9,2.36952E9,11,6.0
133,94,2.3701248E9,2.36952E9,163,6.0
133,94,2.3701248E9,2.36952E9,11,6.0
116,64,2.3701248E9,2.36952E9,27,7.0
116,94,2.3701248E9,2.36952E9,22,7.0
133,64,2.3701248E9,2.36952E9,163,7.0
116,64,2.3701248E9,2.36952E9,49,8.0
133,159,2.3701248E9,2.36952E9,49,8.0
133,64,2.3701248E9,2.36952E9,27,11.0
133,94,2.3701248E9,2.36952E9,27,11.0
116,64,2.3702112E9,2.36952E9,93,1.0
116,64,2.3702112E9,2.36952E9,82,1.0
116,64,2.3702112E9,2.36952E9,127,1.0
116,64,2.3702112E9,2.36952E9,57,1.0
116,64,2.3702112E9,2.36952E9,101,1.0
116,64,2.3702112E9,2.36952E9,36,1.0
116,64,2.3702112E9,2.36952E9,172,1.0
116,64,2.3702112E9,2.36952E9,58,1.0
116,64,2.3702112E9,2.36952E9,92,1.0
116,64,2.3702112E9,2.36952E9,160,1.0
116,64,2.3702112E9,2.36952E9,135,1.0
116,64,2.3702112E9,2.36952E9,77,1.0
116,64,2.3702112E9,2.36952E9,55,1.0
116,94,2.3702112E9,2.36952E9,173,1.0
116,94,2.3702112E9,2.36952E9,6,1.0
116,94,2.3702112E9,2.36952E9,162,1.0
116,94,2.3702112E9,2.36952E9,132,1.0
116,94,2.3702112E9,2.36952E9,10,1.0
116,94,2.3702112E9,2.36952E9,129,1.0
116,94,2.3702112E9,2.36952E9,154,1.0
116,94,2.3702112E9,2.36952E9,28,1.0
116,159,2.3702112E9,2.36952E9,171,1.0
116,159,2.3702112E9,2.36952E9,85,1.0
116,159,2.3702112E9,2.36952E9,30,1.0
116,159,2.3702112E9,2.36952E9,84,1.0
116,159,2.3702112E9,2.36952E9,162,1.0
116,159,2.3702112E9,2.36952E9,149,1.0
133,64,2.3702112E9,2.36952E9,106,1.0
116,94,2.3702112E9,2.36952E9,26,2.0
133,64,2.3702112E9,2.36952E9,26,2.0
133,94,2.3702112E9,2.36952E9,106,2.0
116,94,2.3702112E9,2.36952E9,106,3.0
116,94,2.3702112E9,2.36952E9,70,3.0
116,64,2.3702112E9,2.36952E9,26,4.0
116,159,2.3702112E9,2.36952E9,26,4.0
116,159,2.3702112E9,2.36952E9,70,4.0
133,94,2.3702112E9,2.36952E9,154,4.0
133,159,2.3702112E9,2.36952E9,26,4.0
116,64,2.3702112E9,2.36952E9,70,5.0
133,94,2.3702112E9,2.36952E9,26,5.0
133,94,2.3702112E9,2.36952E9,70,6.0
116,64,2.3702112E9,2.36952E9,154,7.0
133,159,2.3702112E9,2.36952E9,106,7.0
133,159,2.3702112E9,2.36952E9,154,7.0
133,64,2.3702112E9,2.36952E9,70,8.0
133,159,2.3702112E9,2.36952E9,70,9.0
133,64,2.3702112E9,2.36952E9,154,10.0
116,64,2.3702976E9,2.36952E9,143,1.0
116,64,2.3702976E9,2.36952E9,107,1.0
116,64,2.3702976E9,2.36952E9,33,1.0
116,64,2.3702976E9,2.36952E9,171,1.0
116,64,2.3702976E9,2.36952E9,68,1.0
116,64,2.3702976E9,2.36952E9,19,1.0
116,64,2.3702976E9,2.36952E9,38,1.0
116,64,2.3702976E9,2.36952E9,74,1.0
116,64,2.3702976E9,2.36952E9,78,1.0
116,64,2.3702976E9,2.36952E9,36,1.0
116,64,2.3702976E9,2.36952E9,102,1.0
116,94,2.3702976E9,2.36952E9,181,1.0
116,94,2.3702976E9,2.36952E9,34,1.0
116,94,2.3702976E9,2.36952E9,107,1.0
116,94,2.3702976E9,2.36952E9,15,1.0
116,94,2.3702976E9,2.36952E9,150,1.0
116,94,2.3702976E9,2.36952E9,126,1.0
116,94,2.3702976E9,2.36952E9,3,1.0
116,94,2.3702976E9,2.36952E9,131,1.0
116,94,2.3702976E9,2.36952E9,60,1.0
116,94,2.3702976E9,2.36952E9,168,1.0
116,94,2.3702976E9,2.36952E9,62,1.0
116,94,2.3702976E9,2.36952E9,19,1.0
116,94,2.3702976E9,2.36952E9,10,1.0
116,94,2.3702976E9,2.36952E9,31,1.0
116,159,2.3702976E9,2.36952E9,27,1.0
116,159,2.3702976E9,2.36952E9,23,1.0
116,159,2.3702976E9,2.36952E9,17,1.0
116,159,2.3702976E9,2.36952E9,111,1.0
116,159,2.3702976E9,2.36952E9,162,1.0
116,159,2.3702976E9,2.36952E9,44,1.0
116,159,2.3702976E9,2.36952E9,32,1.0
116,159,2.3702976E9,2.36952E9,61,1.0
133,94,2.3702976E9,2.36952E9,27,1.0
133,159,2.3702976E9,2.36952E9,74,1.0
116,64,2.3702976E9,2.36952E9,109,2.0
133,64,2.3702976E9,2.36952E9,74,2.0
133,64,2.3702976E9,2.36952E9,27,2.0
133,94,2.3702976E9,2.36952E9,168,2.0
133,159,2.3702976E9,2.36952E9,27,2.0
116,159,2.3702976E9,2.36952E9,168,3.0
116,64,2.3702976E9,2.36952E9,27,4.0
116,64,2.3702976E9,2.36952E9,4,4.0
116,94,2.3702976E9,2.36952E9,74,4.0
133,64,2.3702976E9,2.36952E9,168,4.0
116,94,2.3702976E9,2.36952E9,27,5.0
116,159,2.3702976E9,2.36952E9,74,5.0
133,159,2.3702976E9,2.36952E9,4,5.0
133,159,2.3702976E9,2.36952E9,168,5.0
116,64,2.3702976E9,2.36952E9,168,6.0
116,159,2.3702976E9,2.36952E9,4,6.0
133,94,2.3702976E9,2.36952E9,74,7.0
116,94,2.3702976E9,2.36952E9,4,9.0
133,64,2.3702976E9,2.36952E9,4,9.0
133,94,2.3702976E9,2.36952E9,4,16.0
116,64,2.370384E9,2.36952E9,7,1.0
116,64,2.370384E9,2.36952E9,30,1.0
116,64,2.370384E9,2.36952E9,34,1.0
116,64,2.370384E9,2.36952E9,175,1.0
116,64,2.370384E9,2.36952E9,109,1.0
116,64,2.370384E9,2.36952E9,29,1.0
116,64,2.370384E9,2.36952E9,39,1.0
116,64,2.370384E9,2.36952E9,20,1.0
116,94,2.370384E9,2.36952E9,100,1.0
116,94,2.370384E9,2.36952E9,47,1.0
116,94,2.370384E9,2.36952E9,160,1.0
116,94,2.370384E9,2.36952E9,143,1.0
116,94,2.370384E9,2.36952E9,173,1.0
116,94,2.370384E9,2.36952E9,50,1.0
116,94,2.370384E9,2.36952E9,168,1.0
116,94,2.370384E9,2.36952E9,73,1.0
116,94,2.370384E9,2.36952E9,40,1.0
116,94,2.370384E9,2.36952E9,58,1.0
116,159,2.370384E9,2.36952E9,101,1.0
116,159,2.370384E9,2.36952E9,55,1.0
116,159,2.370384E9,2.36952E9,74,1.0
116,159,2.370384E9,2.36952E9,81,1.0
116,159,2.370384E9,2.36952E9,170,1.0
116,159,2.370384E9,2.36952E9,91,1.0
116,159,2.370384E9,2.36952E9,107,1.0
116,159,2.370384E9,2.36952E9,181,1.0
116,159,2.370384E9,2.36952E9,148,1.0
116,159,2.370384E9,2.36952E9,28,1.0
116,159,2.370384E9,2.36952E9,16,1.0
116,159,2.370384E9,2.36952E9,13,1.0
116,159,2.370384E9,2.36952E9,59,1.0
116,159,2.370384E9,2.36952E9,143,1.0
133,94,2.370384E9,2.36952E9,136,1.0
133,159,2.370384E9,2.36952E9,78,1.0
116,64,2.370384E9,2.36952E9,150,2.0
116,64,2.370384E9,2.36952E9,22,2.0
116,64,2.370384E9,2.36952E9,140,2.0
116,94,2.370384E9,2.36952E9,78,2.0
116,94,2.370384E9,2.36952E9,149,2.0
116,94,2.370384E9,2.36952E9,170,2.0
116,159,2.370384E9,2.36952E9,150,2.0
116,159,2.370384E9,2.36952E9,140,2.0
133,64,2.370384E9,2.36952E9,78,2.0
133,64,2.370384E9,2.36952E9,170,2.0
133,94,2.370384E9,2.36952E9,170,2.0
133,159,2.370384E9,2.36952E9,170,2.0
133,159,2.370384E9,2.36952E9,7,2.0
116,64,2.370384E9,2.36952E9,60,3.0
116,64,2.370384E9,2.36952E9,170,3.0
116,94,2.370384E9,2.36952E9,136,3.0
133,64,2.370384E9,2.36952E9,7,3.0
133,94,2.370384E9,2.36952E9,140,3.0
133,159,2.370384E9,2.36952E9,150,3.0
116,94,2.370384E9,2.36952E9,140,4.0
116,94,2.370384E9,2.36952E9,60,4.0
116,159,2.370384E9,2.36952E9,60,4.0
116,159,2.370384E9,2.36952E9,7,4.0
133,94,2.370384E9,2.36952E9,150,4.0
133,159,2.370384E9,2.36952E9,140,4.0
116,94,2.370384E9,2.36952E9,150,5.0
116,159,2.370384E9,2.36952E9,78,5.0
115,159,2.370384E9,2.36952E9,134,6.0
133,64,2.370384E9,2.36952E9,150,6.0
133,94,2.370384E9,2.36952E9,60,6.0
133,159,2.370384E9,2.36952E9,60,6.0
133,159,2.370384E9,2.36952E9,136,7.0
133,64,2.370384E9,2.36952E9,60,10.0
116,64,2.3704704E9,2.36952E9,71,1.0
116,64,2.3704704E9,2.36952E9,11,1.0
116,64,2.3704704E9,2.36952E9,106,1.0
116,64,2.3704704E9,2.36952E9,142,1.0
116,64,2.3704704E9,2.36952E9,62,1.0
116,64,2.3704704E9,2.36952E9,83,1.0
116,64,2.3704704E9,2.36952E9,77,1.0
116,64,2.3704704E9,2.36952E9,139,1.0
116,94,2.3704704E9,2.36952E9,31,1.0
116,94,2.3704704E9,2.36952E9,37,1.0
116,94,2.3704704E9,2.36952E9,22,1.0
116,94,2.3704704E9,2.36952E9,127,1.0
116,94,2.3704704E9,2.36952E9,14,1.0
116,159,2.3704704E9,2.36952E9,92,1.0
116,159,2.3704704E9,2.36952E9,57,1.0
116,159,2.3704704E9,2.36952E9,132,1.0
116,159,2.3704704E9,2.36952E9,70,1.0
116,159,2.3704704E9,2.36952E9,83,1.0
116,159,2.3704704E9,2.36952E9,117,1.0
116,159,2.3704704E9,2.36952E9,100,1.0
116,159,2.3704704E9,2.36952E9,72,1.0
116,159,2.3704704E9,2.36952E9,112,1.0
116,159,2.3704704E9,2.36952E9,131,1.0
116,159,2.3704704E9,2.36952E9,60,1.0
133,159,2.3704704E9,2.36952E9,11,1.0
116,64,2.3704704E9,2.36952E9,149,2.0
116,94,2.3704704E9,2.36952E9,35,2.0
116,159,2.3704704E9,2.36952E9,147,2.0
116,159,2.3704704E9,2.36952E9,37,2.0
133,94,2.3704704E9,2.36952E9,37,2.0
133,94,2.3704704E9,2.36952E9,11,2.0
133,94,2.3704704E9,2.36952E9,35,2.0
116,159,2.3704704E9,2.36952E9,11,3.0
133,64,2.3704704E9,2.36952E9,11,3.0
133,94,2.3704704E9,2.36952E9,100,3.0
116,64,2.3704704E9,2.36952E9,37,4.0
116,64,2.3704704E9,2.36952E9,100,4.0
116,94,2.3704704E9,2.36952E9,100,4.0
116,159,2.3704704E9,2.36952E9,35,4.0
133,64,2.3704704E9,2.36952E9,35,4.0
133,64,2.3704704E9,2.36952E9,100,4.0
133,159,2.3704704E9,2.36952E9,34,4.0
133,159,2.3704704E9,2.36952E9,35,4.0
116,159,2.3704704E9,2.36952E9,34,5.0
133,159,2.3704704E9,2.36952E9,100,5.0
115,94,2.3704704E9,2.36952E9,33,6.0
115,159,2.3704704E9,2.36952E9,33,6.0
133,64,2.3704704E9,2.36952E9,37,6.0
133,159,2.3704704E9,2.36952E9,37,7.0
115,64,2.3704704E9,2.36952E9,33,9.0
116,64,2.3705568E9,2.36952E9,96,1.0
116,64,2.3705568E9,2.36952E9,126,1.0
116,64,2.3705568E9,2.36952E9,58,1.0
116,94,2.3705568E9,2.36952E9,23,1.0
116,94,2.3705568E9,2.36952E9,47,1.0
116,94,2.3705568E9,2.36952E9,107,1.0
116,159,2.3705568E9,2.36952E9,57,1.0
116,159,2.3705568E9,2.36952E9,180,1.0
116,159,2.3705568E9,2.36952E9,122,1.0
116,159,2.3705568E9,2.36952E9,52,1.0
133,159,2.3705568E9,2.36952E9,52,3.0
116,64,2.3705568E9,2.36952E9,34,4.0
116,94,2.3705568E9,2.36952E9,52,4.0
133,64,2.3705568E9,2.36952E9,34,4.0
133,94,2.3705568E9,2.36952E9,57,4.0
115,159,2.3705568E9,2.36952E9,166,5.0
133,64,2.3705568E9,2.36952E9,52,6.0
115,64,2.3705568E9,2.36952E9,166,8.0
133,94,2.3705568E9,2.36952E9,52,9.0
115,94,2.3705568E9,2.36952E9,166,10.0
115,64,2.3705568E9,2.36952E9,136,17.0
116,64,2.3706432E9,2.36952E9,29,1.0
116,64,2.3706432E9,2.36952E9,44,1.0
116,64,2.3706432E9,2.36952E9,80,1.0
116,64,2.3706432E9,2.36952E9,143,1.0
116,64,2.3706432E9,2.36952E9,75,1.0
116,64,2.3706432E9,2.36952E9,23,1.0
116,64,2.3706432E9,2.36952E9,62,1.0
116,64,2.3706432E9,2.36952E9,129,1.0
116,64,2.3706432E9,2.36952E9,123,1.0
116,64,2.3706432E9,2.36952E9,2,1.0
116,64,2.3706432E9,2.36952E9,145,1.0
116,64,2.3706432E9,2.36952E9,142,1.0
116,64,2.3706432E9,2.36952E9,49,1.0
116,64,2.3706432E9,2.36952E9,139,1.0
116,94,2.3706432E9,2.36952E9,41,1.0
116,94,2.3706432E9,2.36952E9,93,1.0
116,94,2.3706432E9,2.36952E9,149,1.0
116,94,2.3706432E9,2.36952E9,92,1.0
116,94,2.3706432E9,2.36952E9,24,1.0
116,94,2.3706432E9,2.36952E9,102,1.0
116,94,2.3706432E9,2.36952E9,101,1.0
116,94,2.3706432E9,2.36952E9,65,1.0
116,94,2.3706432E9,2.36952E9,171,1.0
116,94,2.3706432E9,2.36952E9,49,1.0
116,94,2.3706432E9,2.36952E9,136,1.0
116,159,2.3706432E9,2.36952E9,83,1.0
116,159,2.3706432E9,2.36952E9,19,1.0
116,159,2.3706432E9,2.36952E9,89,1.0
116,159,2.3706432E9,2.36952E9,52,1.0
116,159,2.3706432E9,2.36952E9,54,1.0
116,159,2.3706432E9,2.36952E9,158,1.0
116,159,2.3706432E9,2.36952E9,10,1.0
116,159,2.3706432E9,2.36952E9,31,1.0
116,159,2.3706432E9,2.36952E9,44,1.0
116,64,2.3706432E9,2.36952E9,96,2.0
116,159,2.3706432E9,2.36952E9,117,2.0
133,94,2.3706432E9,2.36952E9,11,2.0
133,159,2.3706432E9,2.36952E9,11,2.0
116,64,2.3706432E9,2.36952E9,11,3.0
116,94,2.3706432E9,2.36952E9,11,3.0
116,94,2.3706432E9,2.36952E9,122,3.0
116,159,2.3706432E9,2.36952E9,28,3.0
133,64,2.3706432E9,2.36952E9,57,3.0
133,64,2.3706432E9,2.36952E9,11,3.0
133,159,2.3706432E9,2.36952E9,80,3.0
116,159,2.3706432E9,2.36952E9,108,4.0
116,159,2.3706432E9,2.36952E9,80,4.0
133,64,2.3706432E9,2.36952E9,80,4.0
133,94,2.3706432E9,2.36952E9,108,4.0
133,159,2.3706432E9,2.36952E9,122,4.0
116,64,2.3706432E9,2.36952E9,57,5.0
116,94,2.3706432E9,2.36952E9,80,5.0
116,94,2.3706432E9,2.36952E9,28,5.0
133,159,2.3706432E9,2.36952E9,28,6.0
133,94,2.3706432E9,2.36952E9,28,7.0
133,94,2.3706432E9,2.36952E9,122,7.0
133,94,2.3706432E9,2.36952E9,80,7.0
133,159,2.3706432E9,2.36952E9,108,7.0
116,64,2.3706432E9,2.36952E9,122,8.0
133,64,2.3706432E9,2.36952E9,122,10.0
116,64,2.3707296E9,2.36952E9,147,1.0
116,64,2.3707296E9,2.36952E9,160,1.0
116,64,2.3707296E9,2.36952E9,84,1.0
116,64,2.3707296E9,2.36952E9,108,1.0
116,64,2.3707296E9,2.36952E9,72,1.0
116,64,2.3707296E9,2.36952E9,28,1.0
116,64,2.3707296E9,2.36952E9,27,1.0
116,64,2.3707296E9,2.36952E9,135,1.0
116,94,2.3707296E9,2.36952E9,36,1.0
116,94,2.3707296E9,2.36952E9,22,1.0
116,94,2.3707296E9,2.36952E9,111,1.0
116,94,2.3707296E9,2.36952E9,34,1.0
116,94,2.3707296E9,2.36952E9,158,1.0
116,94,2.3707296E9,2.36952E9,85,1.0
116,94,2.3707296E9,2.36952E9,40,1.0
116,94,2.3707296E9,2.36952E9,171,1.0
116,159,2.3707296E9,2.36952E9,108,1.0
116,159,2.3707296E9,2.36952E9,124,1.0
116,159,2.3707296E9,2.36952E9,66,1.0
116,159,2.3707296E9,2.36952E9,99,1.0
116,159,2.3707296E9,2.36952E9,175,1.0
133,64,2.3707296E9,2.36952E9,28,1.0
133,64,2.3707296E9,2.36952E9,72,1.0
133,94,2.3707296E9,2.36952E9,99,1.0
133,159,2.3707296E9,2.36952E9,72,1.0
116,64,2.3707296E9,2.36952E9,32,2.0
133,64,2.3707296E9,2.36952E9,108,2.0
115,94,2.3707296E9,2.36952E9,5,3.0
116,94,2.3707296E9,2.36952E9,72,3.0
116,159,2.3707296E9,2.36952E9,32,3.0
133,64,2.3707296E9,2.36952E9,32,3.0
133,94,2.3707296E9,2.36952E9,72,3.0
133,159,2.3707296E9,2.36952E9,99,3.0
116,94,2.3707296E9,2.36952E9,32,4.0
133,159,2.3707296E9,2.36952E9,111,4.0
115,94,2.3707296E9,2.36952E9,43,5.0
115,159,2.3707296E9,2.36952E9,5,5.0
116,159,2.3707296E9,2.36952E9,111,5.0
133,159,2.3707296E9,2.36952E9,32,5.0
115,64,2.3707296E9,2.36952E9,43,6.0
115,159,2.3707296E9,2.36952E9,43,6.0
133,94,2.3707296E9,2.36952E9,32,6.0
115,64,2.3707296E9,2.36952E9,5,7.0
133,94,2.3707296E9,2.36952E9,111,7.0
116,64,2.370816E9,2.36952E9,178,1.0
116,64,2.370816E9,2.36952E9,21,1.0
116,64,2.370816E9,2.36952E9,180,1.0
116,64,2.370816E9,2.36952E9,54,1.0
116,64,2.370816E9,2.36952E9,109,1.0
116,64,2.370816E9,2.36952E9,161,1.0
116,64,2.370816E9,2.36952E9,139,1.0
116,64,2.370816E9,2.36952E9,22,1.0
116,64,2.370816E9,2.36952E9,176,1.0
116,64,2.370816E9,2.36952E9,168,1.0
116,94,2.370816E9,2.36952E9,52,1.0
116,94,2.370816E9,2.36952E9,107,1.0
116,94,2.370816E9,2.36952E9,171,1.0
116,94,2.370816E9,2.36952E9,33,1.0
116,94,2.370816E9,2.36952E9,141,1.0
116,94,2.370816E9,2.36952E9,175,1.0
116,94,2.370816E9,2.36952E9,172,1.0
116,94,2.370816E9,2.36952E9,168,1.0
116,94,2.370816E9,2.36952E9,70,1.0
116,94,2.370816E9,2.36952E9,99,1.0
116,94,2.370816E9,2.36952E9,56,1.0
116,94,2.370816E9,2.36952E9,130,1.0
116,94,2.370816E9,2.36952E9,93,1.0
116,159,2.370816E9,2.36952E9,130,1.0
116,159,2.370816E9,2.36952E9,14,1.0
116,159,2.370816E9,2.36952E9,62,1.0
116,159,2.370816E9,2.36952E9,108,1.0
133,64,2.370816E9,2.36952E9,168,1.0
133,159,2.370816E9,2.36952E9,168,1.0
133,94,2.370816E9,2.36952E9,38,2.0
133,94,2.370816E9,2.36952E9,168,2.0
115,64,2.370816E9,2.36952E9,63,3.0
115,94,2.370816E9,2.36952E9,63,3.0
116,64,2.370816E9,2.36952E9,132,3.0
116,64,2.370816E9,2.36952E9,38,3.0
116,159,2.370816E9,2.36952E9,168,3.0
116,159,2.370816E9,2.36952E9,132,3.0
133,64,2.370816E9,2.36952E9,180,3.0
133,94,2.370816E9,2.36952E9,132,3.0
133,159,2.370816E9,2.36952E9,132,3.0
133,159,2.370816E9,2.36952E9,38,3.0
116,94,2.370816E9,2.36952E9,180,4.0
133,159,2.370816E9,2.36952E9,180,4.0
115,159,2.370816E9,2.36952E9,63,5.0
116,94,2.370816E9,2.36952E9,132,5.0
133,64,2.370816E9,2.36952E9,132,5.0
133,94,2.370816E9,2.36952E9,56,5.0
133,159,2.370816E9,2.36952E9,56,5.0
133,94,2.370816E9,2.36952E9,180,6.0
115,159,2.370816E9,2.36952E9,164,9.0
133,64,2.370816E9,2.36952E9,38,9.0
116,64,2.3709024E9,2.36952E9,26,1.0
116,64,2.3709024E9,2.36952E9,73,1.0
116,64,2.3709024E9,2.36952E9,56,1.0
116,64,2.3709024E9,2.36952E9,86,1.0
116,64,2.3709024E9,2.36952E9,181,1.0
116,64,2.3709024E9,2.36952E9,82,1.0
116,64,2.3709024E9,2.36952E9,6,1.0
116,64,2.3709024E9,2.36952E9,103,1.0
116,64,2.3709024E9,2.36952E9,37,1.0
116,64,2.3709024E9,2.36952E9,100,1.0
116,64,2.3709024E9,2.36952E9,162,1.0
116,94,2.3709024E9,2.36952E9,23,1.0
116,94,2.3709024E9,2.36952E9,92,1.0
116,94,2.3709024E9,2.36952E9,100,1.0
116,94,2.3709024E9,2.36952E9,117,1.0
116,94,2.3709024E9,2.36952E9,104,1.0
116,94,2.3709024E9,2.36952E9,165,1.0
116,94,2.3709024E9,2.36952E9,40,1.0
116,94,2.3709024E9,2.36952E9,22,1.0
116,159,2.3709024E9,2.36952E9,74,1.0
116,159,2.3709024E9,2.36952E9,13,1.0
133,64,2.3709024E9,2.36952E9,56,1.0
133,64,2.3709024E9,2.36952E9,10,1.0
133,159,2.3709024E9,2.36952E9,13,1.0
133,159,2.3709024E9,2.36952E9,100,1.0
116,94,2.3709024E9,2.36952E9,178,2.0
133,94,2.3709024E9,2.36952E9,10,2.0
133,94,2.3709024E9,2.36952E9,100,2.0
116,64,2.3709024E9,2.36952E9,10,3.0
133,94,2.3709024E9,2.36952E9,13,3.0
116,94,2.3709024E9,2.36952E9,13,4.0
133,64,2.3709024E9,2.36952E9,13,5.0
133,64,2.3709024E9,2.36952E9,100,5.0
116,64,2.3709024E9,2.36952E9,13,6.0
116,94,2.3709024E9,2.36952E9,10,6.0
115,64,2.3709024E9,2.36952E9,146,8.0
115,159,2.3709024E9,2.36952E9,146,8.0
115,94,2.3709024E9,2.36952E9,146,9.0
116,64,2.3709888E9,2.36952E9,126,1.0
116,64,2.3709888E9,2.36952E9,48,1.0
116,64,2.3709888E9,2.36952E9,60,1.0
116,94,2.3709888E9,2.36952E9,117,1.0
116,94,2.3709888E9,2.36952E9,68,1.0
116,94,2.3709888E9,2.36952E9,162,1.0
116,94,2.3709888E9,2.36952E9,28,1.0
116,94,2.3709888E9,2.36952E9,131,1.0
116,94,2.3709888E9,2.36952E9,102,1.0
116,94,2.3709888E9,2.36952E9,96,1.0
116,159,2.3709888E9,2.36952E9,101,1.0
116,159,2.3709888E9,2.36952E9,37,1.0
116,159,2.3709888E9,2.36952E9,68,1.0
116,159,2.3709888E9,2.36952E9,24,1.0
116,159,2.3709888E9,2.36952E9,7,1.0
116,159,2.3709888E9,2.36952E9,168,1.0
116,159,2.3709888E9,2.36952E9,150,1.0
116,159,2.3709888E9,2.36952E9,167,1.0
116,159,2.3709888E9,2.36952E9,130,1.0
116,159,2.3709888E9,2.36952E9,47,1.0
133,94,2.3709888E9,2.36952E9,136,1.0
133,159,2.3709888E9,2.36952E9,111,1.0
116,94,2.3709888E9,2.36952E9,111,3.0
133,94,2.3709888E9,2.36952E9,68,3.0
133,159,2.3709888E9,2.36952E9,136,3.0
133,159,2.3709888E9,2.36952E9,68,3.0
116,64,2.3709888E9,2.36952E9,68,4.0
116,159,2.3709888E9,2.36952E9,111,4.0
133,94,2.3709888E9,2.36952E9,111,4.0
116,94,2.3709888E9,2.36952E9,136,5.0
133,64,2.3709888E9,2.36952E9,68,5.0
133,159,2.3709888E9,2.36952E9,10,7.0
116,159,2.3709888E9,2.36952E9,10,9.0
116,64,2.3710752E9,2.36952E9,83,1.0
116,64,2.3710752E9,2.36952E9,84,1.0
116,64,2.3710752E9,2.36952E9,68,1.0
116,64,2.3710752E9,2.36952E9,32,1.0
116,64,2.3710752E9,2.36952E9,40,1.0
116,64,2.3710752E9,2.36952E9,50,1.0
116,64,2.3710752E9,2.36952E9,143,1.0
116,64,2.3710752E9,2.36952E9,124,1.0
116,64,2.3710752E9,2.36952E9,57,1.0
116,64,2.3710752E9,2.36952E9,99,1.0
116,64,2.3710752E9,2.36952E9,103,1.0
116,64,2.3710752E9,2.36952E9,179,1.0
116,64,2.3710752E9,2.36952E9,102,1.0
116,64,2.3710752E9,2.36952E9,109,1.0
116,64,2.3710752E9,2.36952E9,154,1.0
116,64,2.3710752E9,2.36952E9,101,1.0
116,94,2.3710752E9,2.36952E9,107,1.0
116,94,2.3710752E9,2.36952E9,22,1.0
116,94,2.3710752E9,2.36952E9,126,1.0
116,94,2.3710752E9,2.36952E9,145,1.0
116,94,2.3710752E9,2.36952E9,68,1.0
116,94,2.3710752E9,2.36952E9,141,1.0
116,94,2.3710752E9,2.36952E9,4,1.0
116,94,2.3710752E9,2.36952E9,85,1.0
116,94,2.3710752E9,2.36952E9,169,1.0
116,159,2.3710752E9,2.36952E9,31,1.0
116,159,2.3710752E9,2.36952E9,109,1.0
116,159,2.3710752E9,2.36952E9,103,1.0
116,159,2.3710752E9,2.36952E9,80,1.0
116,159,2.3710752E9,2.36952E9,104,1.0
116,159,2.3710752E9,2.36952E9,59,1.0
116,159,2.3710752E9,2.36952E9,178,1.0
116,159,2.3710752E9,2.36952E9,57,1.0
116,159,2.3710752E9,2.36952E9,89,1.0
116,159,2.3710752E9,2.36952E9,81,1.0
116,159,2.3710752E9,2.36952E9,99,1.0
116,159,2.3710752E9,2.36952E9,35,1.0
133,64,2.3710752E9,2.36952E9,4,1.0
116,64,2.3710752E9,2.36952E9,150,2.0
116,64,2.3710752E9,2.36952E9,107,2.0
116,94,2.3710752E9,2.36952E9,129,2.0
116,94,2.3710752E9,2.36952E9,10,2.0
116,159,2.3710752E9,2.36952E9,4,2.0
133,94,2.3710752E9,2.36952E9,27,2.0
133,94,2.3710752E9,2.36952E9,4,2.0
133,159,2.3710752E9,2.36952E9,22,2.0
133,159,2.3710752E9,2.36952E9,27,2.0
133,159,2.3710752E9,2.36952E9,4,2.0
115,64,2.3710752E9,2.36952E9,90,3.0
115,94,2.3710752E9,2.36952E9,90,3.0
115,159,2.3710752E9,2.36952E9,90,3.0
116,94,2.3710752E9,2.36952E9,80,3.0
133,64,2.3710752E9,2.36952E9,22,3.0
133,94,2.3710752E9,2.36952E9,80,3.0
133,159,2.3710752E9,2.36952E9,74,3.0
116,159,2.3710752E9,2.36952E9,22,4.0
116,159,2.3710752E9,2.36952E9,168,4.0
116,159,2.3710752E9,2.36952E9,27,4.0
133,64,2.3710752E9,2.36952E9,80,4.0
133,94,2.3710752E9,2.36952E9,22,4.0
116,64,2.3710752E9,2.36952E9,22,5.0
116,94,2.3710752E9,2.36952E9,168,5.0
133,64,2.3710752E9,2.36952E9,168,5.0
133,64,2.3710752E9,2.36952E9,27,5.0
133,94,2.3710752E9,2.36952E9,74,5.0
133,94,2.3710752E9,2.36952E9,168,5.0
133,159,2.3710752E9,2.36952E9,107,5.0
115,159,2.3710752E9,2.36952E9,8,6.0
116,64,2.3710752E9,2.36952E9,168,6.0
116,94,2.3710752E9,2.36952E9,27,6.0
115,94,2.3710752E9,2.36952E9,8,7.0
116,64,2.3710752E9,2.36952E9,80,7.0
133,64,2.3710752E9,2.36952E9,107,7.0
116,64,2.3710752E9,2.36952E9,27,8.0
133,94,2.3710752E9,2.36952E9,107,9.0
115,64,2.3710752E9,2.36952E9,8,10.0
116,64,2.3711616E9,2.36952E9,26,1.0
116,64,2.3711616E9,2.36952E9,96,1.0
116,64,2.3711616E9,2.36952E9,103,1.0
116,64,2.3711616E9,2.36952E9,61,1.0
116,64,2.3711616E9,2.36952E9,74,1.0
116,94,2.3711616E9,2.36952E9,74,1.0
116,94,2.3711616E9,2.36952E9,60,1.0
116,159,2.3711616E9,2.36952E9,173,1.0
116,159,2.3711616E9,2.36952E9,140,1.0
116,159,2.3711616E9,2.36952E9,49,1.0
116,94,2.3711616E9,2.36952E9,140,2.0
133,64,2.3711616E9,2.36952E9,74,2.0
116,94,2.3711616E9,2.36952E9,173,3.0
133,64,2.3711616E9,2.36952E9,173,4.0
133,64,2.3711616E9,2.36952E9,140,5.0
133,94,2.3711616E9,2.36952E9,173,5.0
116,64,2.3711616E9,2.36952E9,140,6.0
133,159,2.3711616E9,2.36952E9,173,6.0
133,94,2.3711616E9,2.36952E9,140,7.0
115,94,2.3711616E9,2.36952E9,138,8.0
133,159,2.3711616E9,2.36952E9,140,8.0
115,64,2.3711616E9,2.36952E9,138,9.0
115,159,2.3711616E9,2.36952E9,138,14.0
116,64,2.371248E9,2.36952E9,14,1.0
116,64,2.371248E9,2.36952E9,49,1.0
116,64,2.371248E9,2.36952E9,46,1.0
116,64,2.371248E9,2.36952E9,34,1.0
116,64,2.371248E9,2.36952E9,91,1.0
116,64,2.371248E9,2.36952E9,32,1.0
116,64,2.371248E9,2.36952E9,58,1.0
116,64,2.371248E9,2.36952E9,81,1.0
116,64,2.371248E9,2.36952E9,103,1.0
116,64,2.371248E9,2.36952E9,109,1.0
116,64,2.371248E9,2.36952E9,181,1.0
116,94,2.371248E9,2.36952E9,52,1.0
116,94,2.371248E9,2.36952E9,78,1.0
116,94,2.371248E9,2.36952E9,101,1.0
116,94,2.371248E9,2.36952E9,167,1.0
116,94,2.371248E9,2.36952E9,170,1.0
116,94,2.371248E9,2.36952E9,141,1.0
116,94,2.371248E9,2.36952E9,71,1.0
116,94,2.371248E9,2.36952E9,30,1.0
116,94,2.371248E9,2.36952E9,56,1.0
116,94,2.371248E9,2.36952E9,165,1.0
116,94,2.371248E9,2.36952E9,161,1.0
116,94,2.371248E9,2.36952E9,65,1.0
116,94,2.371248E9,2.36952E9,67,1.0
116,159,2.371248E9,2.36952E9,109,1.0
116,159,2.371248E9,2.36952E9,62,1.0
116,159,2.371248E9,2.36952E9,74,1.0
116,159,2.371248E9,2.36952E9,95,1.0
116,159,2.371248E9,2.36952E9,67,1.0
116,159,2.371248E9,2.36952E9,47,1.0
116,159,2.371248E9,2.36952E9,111,1.0
116,159,2.371248E9,2.36952E9,59,1.0
116,159,2.371248E9,2.36952E9,140,1.0
116,159,2.371248E9,2.36952E9,70,1.0
116,159,2.371248E9,2.36952E9,148,1.0
133,159,2.371248E9,2.36952E9,49,1.0
116,94,2.371248E9,2.36952E9,110,2.0
116,159,2.371248E9,2.36952E9,167,2.0
116,159,2.371248E9,2.36952E9,89,2.0
133,64,2.371248E9,2.36952E9,167,2.0
133,159,2.371248E9,2.36952E9,167,2.0
116,64,2.371248E9,2.36952E9,110,3.0
133,94,2.371248E9,2.36952E9,167,3.0
116,64,2.371248E9,2.36952E9,167,4.0
116,94,2.371248E9,2.36952E9,100,4.0
116,159,2.371248E9,2.36952E9,35,4.0
133,159,2.371248E9,2.36952E9,100,4.0
116,64,2.371248E9,2.36952E9,100,5.0
116,159,2.371248E9,2.36952E9,100,5.0
133,94,2.371248E9,2.36952E9,110,5.0
133,94,2.371248E9,2.36952E9,35,5.0
133,94,2.371248E9,2.36952E9,100,5.0
133,94,2.371248E9,2.36952E9,49,5.0
133,159,2.371248E9,2.36952E9,35,5.0
116,159,2.371248E9,2.36952E9,110,6.0
133,64,2.371248E9,2.36952E9,110,6.0
116,94,2.371248E9,2.36952E9,49,7.0
116,94,2.371248E9,2.36952E9,35,7.0
133,159,2.371248E9,2.36952E9,110,10.0
116,64,2.3713344E9,2.36952E9,67,1.0
116,64,2.3713344E9,2.36952E9,2,1.0
116,64,2.3713344E9,2.36952E9,97,1.0
116,64,2.3713344E9,2.36952E9,101,1.0
116,64,2.3713344E9,2.36952E9,161,1.0
116,64,2.3713344E9,2.36952E9,35,1.0
116,64,2.3713344E9,2.36952E9,46,1.0
116,64,2.3713344E9,2.36952E9,89,1.0
116,64,2.3713344E9,2.36952E9,70,1.0
116,64,2.3713344E9,2.36952E9,66,1.0
116,64,2.3713344E9,2.36952E9,62,1.0
116,94,2.3713344E9,2.36952E9,89,1.0
116,94,2.3713344E9,2.36952E9,180,1.0
116,94,2.3713344E9,2.36952E9,96,1.0
116,94,2.3713344E9,2.36952E9,158,1.0
116,94,2.3713344E9,2.36952E9,154,1.0
116,94,2.3713344E9,2.36952E9,107,1.0
116,94,2.3713344E9,2.36952E9,84,1.0
116,94,2.3713344E9,2.36952E9,132,1.0
116,94,2.3713344E9,2.36952E9,23,1.0
116,159,2.3713344E9,2.36952E9,12,1.0
116,159,2.3713344E9,2.36952E9,172,1.0
116,159,2.3713344E9,2.36952E9,31,1.0
116,159,2.3713344E9,2.36952E9,7,1.0
116,159,2.3713344E9,2.36952E9,132,1.0
116,159,2.3713344E9,2.36952E9,143,1.0
116,159,2.3713344E9,2.36952E9,162,1.0
116,159,2.3713344E9,2.36952E9,70,1.0
116,159,2.3713344E9,2.36952E9,61,1.0
116,159,2.3713344E9,2.36952E9,48,1.0
133,64,2.3713344E9,2.36952E9,122,1.0
133,94,2.3713344E9,2.36952E9,122,1.0
133,159,2.3713344E9,2.36952E9,111,1.0
116,64,2.3713344E9,2.36952E9,37,2.0
116,64,2.3713344E9,2.36952E9,122,2.0
116,94,2.3713344E9,2.36952E9,131,2.0
133,94,2.3713344E9,2.36952E9,131,2.0
116,94,2.3713344E9,2.36952E9,170,3.0
133,64,2.3713344E9,2.36952E9,35,3.0
116,64,2.3713344E9,2.36952E9,131,4.0
116,94,2.3713344E9,2.36952E9,111,4.0
116,94,2.3713344E9,2.36952E9,122,4.0
133,94,2.3713344E9,2.36952E9,170,5.0
116,64,2.3713344E9,2.36952E9,170,6.0
133,64,2.3713344E9,2.36952E9,170,6.0
133,64,2.3713344E9,2.36952E9,131,6.0
133,159,2.3713344E9,2.36952E9,122,7.0
116,159,2.3713344E9,2.36952E9,131,8.0
116,159,2.3713344E9,2.36952E9,122,8.0
133,94,2.3713344E9,2.36952E9,111,9.0
133,159,2.3713344E9,2.36952E9,131,12.0
116,64,2.3714208E9,2.36952E9,136,1.0
116,64,2.3714208E9,2.36952E9,74,1.0
116,64,2.3714208E9,2.36952E9,19,1.0
116,64,2.3714208E9,2.36952E9,48,1.0
116,64,2.3714208E9,2.36952E9,104,1.0
116,64,2.3714208E9,2.36952E9,38,1.0
116,64,2.3714208E9,2.36952E9,56,1.0
116,64,2.3714208E9,2.36952E9,176,1.0
116,64,2.3714208E9,2.36952E9,139,1.0
116,64,2.3714208E9,2.36952E9,101,1.0
116,64,2.3714208E9,2.36952E9,154,1.0
116,64,2.3714208E9,2.36952E9,70,1.0
116,64,2.3714208E9,2.36952E9,62,1.0
116,94,2.3714208E9,2.36952E9,58,1.0
116,94,2.3714208E9,2.36952E9,96,1.0
116,94,2.3714208E9,2.36952E9,51,1.0
116,94,2.3714208E9,2.36952E9,158,1.0
116,94,2.3714208E9,2.36952E9,141,1.0
116,94,2.3714208E9,2.36952E9,178,1.0
116,94,2.3714208E9,2.36952E9,29,1.0
116,94,2.3714208E9,2.36952E9,110,1.0
116,94,2.3714208E9,2.36952E9,67,1.0
116,159,2.3714208E9,2.36952E9,101,1.0
116,159,2.3714208E9,2.36952E9,96,1.0
116,159,2.3714208E9,2.36952E9,52,1.0
116,159,2.3714208E9,2.36952E9,181,1.0
116,159,2.3714208E9,2.36952E9,74,1.0
116,159,2.3714208E9,2.36952E9,40,1.0
116,159,2.3714208E9,2.36952E9,17,1.0
133,159,2.3714208E9,2.36952E9,35,1.0
133,159,2.3714208E9,2.36952E9,20,1.0
116,64,2.3714208E9,2.36952E9,35,2.0
116,94,2.3714208E9,2.36952E9,16,2.0
116,94,2.3714208E9,2.36952E9,35,2.0
116,94,2.3714208E9,2.36952E9,38,2.0
116,159,2.3714208E9,2.36952E9,131,2.0
116,159,2.3714208E9,2.36952E9,38,2.0
116,159,2.3714208E9,2.36952E9,85,2.0
116,159,2.3714208E9,2.36952E9,55,2.0
133,64,2.3714208E9,2.36952E9,131,2.0
133,94,2.3714208E9,2.36952E9,35,2.0
133,159,2.3714208E9,2.36952E9,131,2.0
133,159,2.3714208E9,2.36952E9,38,2.0
115,64,2.3714208E9,2.36952E9,76,3.0
115,94,2.3714208E9,2.36952E9,76,3.0
116,64,2.3714208E9,2.36952E9,96,3.0
116,94,2.3714208E9,2.36952E9,55,3.0
133,64,2.3714208E9,2.36952E9,38,3.0
133,94,2.3714208E9,2.36952E9,131,3.0
133,94,2.3714208E9,2.36952E9,38,3.0
133,94,2.3714208E9,2.36952E9,55,3.0
115,159,2.3714208E9,2.36952E9,76,4.0
116,64,2.3714208E9,2.36952E9,20,4.0
116,64,2.3714208E9,2.36952E9,55,4.0
116,159,2.3714208E9,2.36952E9,35,4.0
133,64,2.3714208E9,2.36952E9,35,4.0
133,94,2.3714208E9,2.36952E9,20,4.0
133,159,2.3714208E9,2.36952E9,55,4.0
116,64,2.3714208E9,2.36952E9,131,5.0
116,94,2.3714208E9,2.36952E9,131,5.0
133,64,2.3714208E9,2.36952E9,96,6.0
133,64,2.3714208E9,2.36952E9,55,7.0
133,64,2.3714208E9,2.36952E9,20,10.0
116,64,2.3715072E9,2.36952E9,62,1.0
116,64,2.3715072E9,2.36952E9,154,1.0
116,64,2.3715072E9,2.36952E9,97,1.0
116,64,2.3715072E9,2.36952E9,100,1.0
116,64,2.3715072E9,2.36952E9,111,1.0
116,94,2.3715072E9,2.36952E9,168,1.0
116,94,2.3715072E9,2.36952E9,61,1.0
116,94,2.3715072E9,2.36952E9,150,1.0
116,94,2.3715072E9,2.36952E9,11,1.0
116,94,2.3715072E9,2.36952E9,81,1.0
116,94,2.3715072E9,2.36952E9,62,1.0
116,159,2.3715072E9,2.36952E9,78,1.0
116,159,2.3715072E9,2.36952E9,89,1.0
116,64,2.3715072E9,2.36952E9,150,3.0
116,159,2.3715072E9,2.36952E9,150,3.0
133,94,2.3715072E9,2.36952E9,150,3.0
133,159,2.3715072E9,2.36952E9,150,3.0
115,64,2.3715072E9,2.36952E9,156,4.0
133,64,2.3715072E9,2.36952E9,150,4.0
115,94,2.3715072E9,2.36952E9,156,5.0
116,64,2.3715072E9,2.36952E9,22,5.0
116,94,2.3715072E9,2.36952E9,22,5.0
133,64,2.3715072E9,2.36952E9,22,6.0
115,159,2.3715072E9,2.36952E9,156,7.0
133,94,2.3715072E9,2.36952E9,22,7.0
116,64,2.3715936E9,2.36952E9,32,1.0
116,64,2.3715936E9,2.36952E9,7,1.0
116,64,2.3715936E9,2.36952E9,180,1.0
116,64,2.3715936E9,2.36952E9,40,1.0
116,94,2.3715936E9,2.36952E9,54,1.0
116,94,2.3715936E9,2.36952E9,128,1.0
116,94,2.3715936E9,2.36952E9,58,1.0
116,94,2.3715936E9,2.36952E9,23,1.0
116,94,2.3715936E9,2.36952E9,14,1.0
116,94,2.3715936E9,2.36952E9,172,1.0
116,94,2.3715936E9,2.36952E9,175,1.0
116,94,2.3715936E9,2.36952E9,83,1.0
116,94,2.3715936E9,2.36952E9,147,1.0
133,64,2.3715936E9,2.36952E9,4,1.0
116,64,2.3715936E9,2.36952E9,4,2.0
116,94,2.3715936E9,2.36952E9,4,4.0
116,94,2.3715936E9,2.36952E9,40,5.0
133,64,2.3715936E9,2.36952E9,40,5.0
133,94,2.3715936E9,2.36952E9,4,6.0
133,159,2.3715936E9,2.36952E9,40,6.0
115,94,2.3715936E9,2.36952E9,114,9.0
115,159,2.3715936E9,2.36952E9,114,9.0
133,94,2.3715936E9,2.36952E9,40,9.0
115,64,2.3715936E9,2.36952E9,114,10.0
116,64,2.37168E9,2.36952E9,136,1.0
116,64,2.37168E9,2.36952E9,89,1.0
116,64,2.37168E9,2.36952E9,35,1.0
116,64,2.37168E9,2.36952E9,10,1.0
116,64,2.37168E9,2.36952E9,40,1.0
116,64,2.37168E9,2.36952E9,38,1.0
116,64,2.37168E9,2.36952E9,100,1.0
116,64,2.37168E9,2.36952E9,78,1.0
116,64,2.37168E9,2.36952E9,81,1.0
116,64,2.37168E9,2.36952E9,181,1.0
116,64,2.37168E9,2.36952E9,179,1.0
116,64,2.37168E9,2.36952E9,167,1.0
116,64,2.37168E9,2.36952E9,58,1.0
116,64,2.37168E9,2.36952E9,135,1.0
116,64,2.37168E9,2.36952E9,98,1.0
116,64,2.37168E9,2.36952E9,34,1.0
116,64,2.37168E9,2.36952E9,28,1.0
116,94,2.37168E9,2.36952E9,100,1.0
116,94,2.37168E9,2.36952E9,143,1.0
116,94,2.37168E9,2.36952E9,170,1.0
116,94,2.37168E9,2.36952E9,173,1.0
116,94,2.37168E9,2.36952E9,74,1.0
116,94,2.37168E9,2.36952E9,44,1.0
116,94,2.37168E9,2.36952E9,68,1.0
116,94,2.37168E9,2.36952E9,179,1.0
116,94,2.37168E9,2.36952E9,41,1.0
116,159,2.37168E9,2.36952E9,47,1.0
116,159,2.37168E9,2.36952E9,14,1.0
116,159,2.37168E9,2.36952E9,171,1.0
116,159,2.37168E9,2.36952E9,81,1.0
116,159,2.37168E9,2.36952E9,112,1.0
116,159,2.37168E9,2.36952E9,136,1.0
116,159,2.37168E9,2.36952E9,161,1.0
116,159,2.37168E9,2.36952E9,122,1.0
116,159,2.37168E9,2.36952E9,95,1.0
116,159,2.37168E9,2.36952E9,54,1.0
116,159,2.37168E9,2.36952E9,15,1.0
116,159,2.37168E9,2.36952E9,56,1.0
116,64,2.37168E9,2.36952E9,173,2.0
116,64,2.37168E9,2.36952E9,143,2.0
116,159,2.37168E9,2.36952E9,160,2.0
116,159,2.37168E9,2.36952E9,22,2.0
133,94,2.37168E9,2.36952E9,143,2.0
133,94,2.37168E9,2.36952E9,66,2.0
133,159,2.37168E9,2.36952E9,35,2.0
133,159,2.37168E9,2.36952E9,66,2.0
133,159,2.37168E9,2.36952E9,22,2.0
116,159,2.37168E9,2.36952E9,66,3.0
116,159,2.37168E9,2.36952E9,4,3.0
133,64,2.37168E9,2.36952E9,173,3.0
133,64,2.37168E9,2.36952E9,37,3.0
133,64,2.37168E9,2.36952E9,35,3.0
133,94,2.37168E9,2.36952E9,173,3.0
133,159,2.37168E9,2.36952E9,37,3.0
116,159,2.37168E9,2.36952E9,173,4.0
116,159,2.37168E9,2.36952E9,35,4.0
133,64,2.37168E9,2.36952E9,143,4.0
133,159,2.37168E9,2.36952E9,91,4.0
133,159,2.37168E9,2.36952E9,143,4.0
116,64,2.37168E9,2.36952E9,22,5.0
116,64,2.37168E9,2.36952E9,37,5.0
116,94,2.37168E9,2.36952E9,37,5.0
133,64,2.37168E9,2.36952E9,22,6.0
133,94,2.37168E9,2.36952E9,37,6.0
116,64,2.37168E9,2.36952E9,91,7.0
116,94,2.37168E9,2.36952E9,22,7.0
116,159,2.37168E9,2.36952E9,143,7.0
133,159,2.37168E9,2.36952E9,173,7.0
133,94,2.37168E9,2.36952E9,22,8.0
133,64,2.37168E9,2.36952E9,91,11.0
116,64,2.3717664E9,2.36952E9,172,1.0
116,64,2.3717664E9,2.36952E9,142,1.0
116,64,2.3717664E9,2.36952E9,131,1.0
116,64,2.3717664E9,2.36952E9,111,1.0
116,64,2.3717664E9,2.36952E9,104,1.0
116,64,2.3717664E9,2.36952E9,96,1.0
116,64,2.3717664E9,2.36952E9,92,1.0
116,64,2.3717664E9,2.36952E9,38,1.0
116,64,2.3717664E9,2.36952E9,180,1.0
116,64,2.3717664E9,2.36952E9,10,1.0
116,64,2.3717664E9,2.36952E9,3,1.0
116,94,2.3717664E9,2.36952E9,74,1.0
116,94,2.3717664E9,2.36952E9,15,1.0
116,94,2.3717664E9,2.36952E9,78,1.0
116,94,2.3717664E9,2.36952E9,173,1.0
116,94,2.3717664E9,2.36952E9,179,1.0
116,94,2.3717664E9,2.36952E9,18,1.0
116,94,2.3717664E9,2.36952E9,31,1.0
116,94,2.3717664E9,2.36952E9,16,1.0
116,94,2.3717664E9,2.36952E9,163,1.0
116,94,2.3717664E9,2.36952E9,13,1.0
116,94,2.3717664E9,2.36952E9,11,1.0
116,94,2.3717664E9,2.36952E9,35,1.0
116,159,2.3717664E9,2.36952E9,52,1.0
116,159,2.3717664E9,2.36952E9,126,1.0
116,159,2.3717664E9,2.36952E9,168,1.0
116,159,2.3717664E9,2.36952E9,139,1.0
116,159,2.3717664E9,2.36952E9,19,1.0
116,159,2.3717664E9,2.36952E9,15,1.0
116,159,2.3717664E9,2.36952E9,18,1.0
116,159,2.3717664E9,2.36952E9,158,1.0
116,159,2.3717664E9,2.36952E9,140,1.0
116,159,2.3717664E9,2.36952E9,129,1.0
116,159,2.3717664E9,2.36952E9,123,1.0
116,159,2.3717664E9,2.36952E9,44,1.0
116,159,2.3717664E9,2.36952E9,27,1.0
116,159,2.3717664E9,2.36952E9,3,1.0
116,159,2.3717664E9,2.36952E9,91,1.0
133,94,2.3717664E9,2.36952E9,91,1.0
133,94,2.3717664E9,2.36952E9,11,1.0
133,94,2.3717664E9,2.36952E9,16,1.0
133,159,2.3717664E9,2.36952E9,20,1.0
116,64,2.3717664E9,2.36952E9,18,2.0
116,94,2.3717664E9,2.36952E9,20,2.0
116,94,2.3717664E9,2.36952E9,32,2.0
116,159,2.3717664E9,2.36952E9,181,2.0
116,159,2.3717664E9,2.36952E9,161,2.0
133,64,2.3717664E9,2.36952E9,161,2.0
133,64,2.3717664E9,2.36952E9,11,2.0
116,64,2.3717664E9,2.36952E9,11,3.0
116,94,2.3717664E9,2.36952E9,3,3.0
116,94,2.3717664E9,2.36952E9,91,3.0
133,94,2.3717664E9,2.36952E9,35,3.0
133,94,2.3717664E9,2.36952E9,18,3.0
133,159,2.3717664E9,2.36952E9,91,3.0
133,159,2.3717664E9,2.36952E9,18,3.0
133,159,2.3717664E9,2.36952E9,161,3.0
116,64,2.3717664E9,2.36952E9,161,4.0
116,159,2.3717664E9,2.36952E9,20,4.0
133,64,2.3717664E9,2.36952E9,20,4.0
133,64,2.3717664E9,2.36952E9,18,4.0
133,94,2.3717664E9,2.36952E9,3,4.0
133,94,2.3717664E9,2.36952E9,20,4.0
133,159,2.3717664E9,2.36952E9,16,4.0
133,159,2.3717664E9,2.36952E9,11,4.0
116,159,2.3717664E9,2.36952E9,11,5.0
133,64,2.3717664E9,2.36952E9,3,6.0
116,159,2.3717664E9,2.36952E9,16,8.0
133,159,2.3717664E9,2.36952E9,3,8.0
116,64,2.3718528E9,2.36952E9,161,1.0
116,64,2.3718528E9,2.36952E9,60,1.0
116,64,2.3718528E9,2.36952E9,40,1.0
116,64,2.3718528E9,2.36952E9,35,1.0
116,64,2.3718528E9,2.36952E9,16,1.0
116,64,2.3718528E9,2.36952E9,10,1.0
116,94,2.3718528E9,2.36952E9,11,1.0
116,94,2.3718528E9,2.36952E9,47,1.0
116,94,2.3718528E9,2.36952E9,82,1.0
116,94,2.3718528E9,2.36952E9,148,1.0
116,94,2.3718528E9,2.36952E9,173,1.0
116,94,2.3718528E9,2.36952E9,83,1.0
116,94,2.3718528E9,2.36952E9,168,1.0
116,94,2.3718528E9,2.36952E9,117,1.0
116,159,2.3718528E9,2.36952E9,50,1.0
116,159,2.3718528E9,2.36952E9,32,1.0
116,159,2.3718528E9,2.36952E9,161,1.0
116,159,2.3718528E9,2.36952E9,104,1.0
116,159,2.3718528E9,2.36952E9,95,1.0
116,159,2.3718528E9,2.36952E9,147,1.0
116,159,2.3718528E9,2.36952E9,82,1.0
116,159,2.3718528E9,2.36952E9,62,1.0
116,159,2.3718528E9,2.36952E9,46,1.0
116,159,2.3718528E9,2.36952E9,27,1.0
116,159,2.3718528E9,2.36952E9,22,1.0
133,159,2.3718528E9,2.36952E9,161,1.0
133,64,2.3718528E9,2.36952E9,161,2.0
133,64,2.3718528E9,2.36952E9,57,2.0
133,64,2.3718528E9,2.36952E9,35,2.0
133,94,2.3718528E9,2.36952E9,35,2.0
116,94,2.3718528E9,2.36952E9,57,4.0
133,94,2.3718528E9,2.36952E9,57,5.0
116,94,2.3718528E9,2.36952E9,161,6.0
133,64,2.3718528E9,2.36952E9,16,6.0
133,159,2.3718528E9,2.36952E9,57,6.0
116,159,2.3718528E9,2.36952E9,57,7.0
116,159,2.3718528E9,2.36952E9,35,7.0
133,159,2.3718528E9,2.36952E9,35,7.0
133,94,2.3718528E9,2.36952E9,161,11.0
116,64,2.3719392E9,2.3719392E9,14,1.0
116,64,2.3719392E9,2.3719392E9,16,1.0
116,64,2.3719392E9,2.3719392E9,175,1.0
116,64,2.3719392E9,2.3719392E9,54,1.0
116,64,2.3719392E9,2.3719392E9,93,1.0
116,64,2.3719392E9,2.3719392E9,80,1.0
116,64,2.3719392E9,2.3719392E9,28,1.0
116,64,2.3719392E9,2.3719392E9,74,1.0
116,94,2.3719392E9,2.3719392E9,80,1.0
116,94,2.3719392E9,2.3719392E9,12,1.0
116,94,2.3719392E9,2.3719392E9,122,1.0
116,94,2.3719392E9,2.3719392E9,74,1.0
116,94,2.3719392E9,2.3719392E9,145,1.0
116,94,2.3719392E9,2.3719392E9,61,1.0
116,94,2.3719392E9,2.3719392E9,23,1.0
116,94,2.3719392E9,2.3719392E9,21,1.0
116,159,2.3719392E9,2.3719392E9,129,1.0
116,159,2.3719392E9,2.3719392E9,97,1.0
116,159,2.3719392E9,2.3719392E9,91,1.0
116,159,2.3719392E9,2.3719392E9,142,1.0
116,159,2.3719392E9,2.3719392E9,74,1.0
116,159,2.3719392E9,2.3719392E9,148,1.0
116,159,2.3719392E9,2.3719392E9,108,1.0
116,159,2.3719392E9,2.3719392E9,28,1.0
133,64,2.3719392E9,2.3719392E9,74,1.0
133,64,2.3719392E9,2.3719392E9,80,1.0
133,94,2.3719392E9,2.3719392E9,80,1.0
116,64,2.3719392E9,2.3719392E9,35,2.0
116,159,2.3719392E9,2.3719392E9,100,2.0
116,64,2.3719392E9,2.3719392E9,18,3.0
116,94,2.3719392E9,2.3719392E9,35,3.0
133,64,2.3719392E9,2.3719392E9,35,3.0
133,94,2.3719392E9,2.3719392E9,35,3.0
133,94,2.3719392E9,2.3719392E9,74,3.0
133,159,2.3719392E9,2.3719392E9,35,3.0
115,159,2.3719392E9,2.3719392E9,69,4.0
116,159,2.3719392E9,2.3719392E9,80,4.0
133,159,2.3719392E9,2.3719392E9,74,4.0
133,159,2.3719392E9,2.3719392E9,18,4.0
115,64,2.3719392E9,2.3719392E9,5,5.0
115,159,2.3719392E9,2.3719392E9,5,5.0
133,94,2.3719392E9,2.3719392E9,18,5.0
133,159,2.3719392E9,2.3719392E9,80,5.0
115,94,2.3719392E9,2.3719392E9,5,6.0
116,94,2.3719392E9,2.3719392E9,18,6.0
133,64,2.3719392E9,2.3719392E9,18,6.0
115,94,2.3719392E9,2.3719392E9,69,7.0
116,159,2.3719392E9,2.3719392E9,18,7.0
115,64,2.3719392E9,2.3719392E9,69,10.0
116,64,2.3720256E9,2.3719392E9,179,1.0
116,64,2.3720256E9,2.3719392E9,103,1.0
116,64,2.3720256E9,2.3719392E9,145,1.0
116,64,2.3720256E9,2.3719392E9,35,1.0
116,94,2.3720256E9,2.3719392E9,13,1.0
116,94,2.3720256E9,2.3719392E9,82,1.0
116,94,2.3720256E9,2.3719392E9,86,1.0
116,94,2.3720256E9,2.3719392E9,62,1.0
116,159,2.3720256E9,2.3719392E9,89,1.0
116,159,2.3720256E9,2.3719392E9,150,1.0
116,159,2.3720256E9,2.3719392E9,168,1.0
116,159,2.3720256E9,2.3719392E9,107,1.0
133,64,2.3720256E9,2.3719392E9,150,1.0
133,94,2.3720256E9,2.3719392E9,18,1.0
133,94,2.3720256E9,2.3719392E9,150,1.0
116,94,2.3720256E9,2.3719392E9,99,2.0
116,94,2.3720256E9,2.3719392E9,18,2.0
116,94,2.3720256E9,2.3719392E9,11,2.0
116,159,2.3720256E9,2.3719392E9,99,2.0
116,159,2.3720256E9,2.3719392E9,18,2.0
133,159,2.3720256E9,2.3719392E9,99,2.0
116,94,2.3720256E9,2.3719392E9,150,4.0
133,159,2.3720256E9,2.3719392E9,150,4.0
133,94,2.3720256E9,2.3719392E9,99,5.0
133,159,2.3720256E9,2.3719392E9,18,5.0
116,64,2.3720256E9,2.3719392E9,18,6.0
133,64,2.3720256E9,2.3719392E9,18,6.0
116,64,2.372112E9,2.3719392E9,20,1.0
116,64,2.372112E9,2.3719392E9,35,1.0
116,64,2.372112E9,2.3719392E9,40,1.0
116,64,2.372112E9,2.3719392E9,158,1.0
116,64,2.372112E9,2.3719392E9,18,1.0
116,64,2.372112E9,2.3719392E9,71,1.0
116,64,2.372112E9,2.3719392E9,154,1.0
116,64,2.372112E9,2.3719392E9,61,1.0
116,94,2.372112E9,2.3719392E9,127,1.0
116,94,2.372112E9,2.3719392E9,99,1.0
116,94,2.372112E9,2.3719392E9,97,1.0
116,94,2.372112E9,2.3719392E9,75,1.0
116,94,2.372112E9,2.3719392E9,129,1.0
116,94,2.372112E9,2.3719392E9,150,1.0
116,94,2.372112E9,2.3719392E9,160,1.0
116,94,2.372112E9,2.3719392E9,123,1.0
116,94,2.372112E9,2.3719392E9,67,1.0
116,159,2.372112E9,2.3719392E9,96,1.0
116,159,2.372112E9,2.3719392E9,160,1.0
116,159,2.372112E9,2.3719392E9,127,1.0
116,159,2.372112E9,2.3719392E9,52,1.0
116,159,2.372112E9,2.3719392E9,16,1.0
116,159,2.372112E9,2.3719392E9,145,1.0
116,159,2.372112E9,2.3719392E9,129,1.0
116,159,2.372112E9,2.3719392E9,108,1.0
116,159,2.372112E9,2.3719392E9,91,1.0
116,159,2.372112E9,2.3719392E9,100,1.0
116,159,2.372112E9,2.3719392E9,74,1.0
116,159,2.372112E9,2.3719392E9,14,1.0
116,159,2.372112E9,2.3719392E9,4,1.0
133,64,2.372112E9,2.3719392E9,4,1.0
133,94,2.372112E9,2.3719392E9,72,1.0
133,94,2.372112E9,2.3719392E9,150,1.0
133,94,2.372112E9,2.3719392E9,175,1.0
116,64,2.372112E9,2.3719392E9,99,2.0
116,64,2.372112E9,2.3719392E9,150,2.0
116,159,2.372112E9,2.3719392E9,99,2.0
133,64,2.372112E9,2.3719392E9,91,2.0
133,94,2.372112E9,2.3719392E9,91,2.0
116,64,2.372112E9,2.3719392E9,91,3.0
116,94,2.372112E9,2.3719392E9,4,3.0
116,94,2.372112E9,2.3719392E9,91,3.0
116,94,2.372112E9,2.3719392E9,175,3.0
116,159,2.372112E9,2.3719392E9,150,3.0
133,94,2.372112E9,2.3719392E9,4,3.0
133,159,2.372112E9,2.3719392E9,150,3.0
133,159,2.372112E9,2.3719392E9,99,3.0
116,64,2.372112E9,2.3719392E9,72,4.0
116,159,2.372112E9,2.3719392E9,72,4.0
133,64,2.372112E9,2.3719392E9,99,4.0
133,94,2.372112E9,2.3719392E9,99,4.0
133,159,2.372112E9,2.3719392E9,91,4.0
133,64,2.372112E9,2.3719392E9,72,5.0
133,64,2.372112E9,2.3719392E9,150,5.0
115,64,2.372112E9,2.3719392E9,125,6.0
116,159,2.372112E9,2.3719392E9,175,6.0
115,159,2.372112E9,2.3719392E9,125,7.0
133,159,2.372112E9,2.3719392E9,4,7.0
133,159,2.372112E9,2.3719392E9,175,7.0
115,94,2.372112E9,2.3719392E9,125,8.0
133,159,2.372112E9,2.3719392E9,72,8.0
116,64,2.3721984E9,2.3719392E9,3,1.0
116,64,2.3721984E9,2.3719392E9,150,1.0
116,64,2.3721984E9,2.3719392E9,27,1.0
116,64,2.3721984E9,2.3719392E9,55,1.0
116,94,2.3721984E9,2.3719392E9,47,1.0
116,94,2.3721984E9,2.3719392E9,77,1.0
116,94,2.3721984E9,2.3719392E9,180,1.0
116,94,2.3721984E9,2.3719392E9,38,1.0
116,94,2.3721984E9,2.3719392E9,17,1.0
133,159,2.3721984E9,2.3719392E9,150,1.0
116,94,2.3721984E9,2.3719392E9,150,2.0
133,64,2.3721984E9,2.3719392E9,3,2.0
116,94,2.3721984E9,2.3719392E9,3,3.0
133,159,2.3721984E9,2.3719392E9,3,3.0
115,159,2.3721984E9,2.3719392E9,156,4.0
133,94,2.3721984E9,2.3719392E9,3,4.0
133,94,2.3721984E9,2.3719392E9,150,5.0
115,64,2.3721984E9,2.3719392E9,156,6.0
115,94,2.3721984E9,2.3719392E9,156,7.0
116,64,2.3722848E9,2.3719392E9,101,1.0
116,64,2.3722848E9,2.3719392E9,139,1.0
116,64,2.3722848E9,2.3719392E9,41,1.0
116,64,2.3722848E9,2.3719392E9,48,1.0
116,64,2.3722848E9,2.3719392E9,17,1.0
116,64,2.3722848E9,2.3719392E9,13,1.0
116,64,2.3722848E9,2.3719392E9,21,1.0
116,64,2.3722848E9,2.3719392E9,177,1.0
116,64,2.3722848E9,2.3719392E9,60,1.0
116,64,2.3722848E9,2.3719392E9,20,1.0
116,64,2.3722848E9,2.3719392E9,175,1.0
116,64,2.3722848E9,2.3719392E9,46,1.0
116,64,2.3722848E9,2.3719392E9,99,1.0
116,64,2.3722848E9,2.3719392E9,154,1.0
116,64,2.3722848E9,2.3719392E9,149,1.0
116,64,2.3722848E9,2.3719392E9,10,1.0
116,64,2.3722848E9,2.3719392E9,14,1.0
116,64,2.3722848E9,2.3719392E9,122,1.0
116,94,2.3722848E9,2.3719392E9,169,1.0
116,94,2.3722848E9,2.3719392E9,161,1.0
116,94,2.3722848E9,2.3719392E9,22,1.0
116,94,2.3722848E9,2.3719392E9,67,1.0
116,94,2.3722848E9,2.3719392E9,103,1.0
116,94,2.3722848E9,2.3719392E9,89,1.0
116,94,2.3722848E9,2.3719392E9,73,1.0
116,94,2.3722848E9,2.3719392E9,173,1.0
116,94,2.3722848E9,2.3719392E9,124,1.0
116,94,2.3722848E9,2.3719392E9,23,1.0
116,94,2.3722848E9,2.3719392E9,56,1.0
116,94,2.3722848E9,2.3719392E9,2,1.0
116,94,2.3722848E9,2.3719392E9,172,1.0
116,94,2.3722848E9,2.3719392E9,129,1.0
116,94,2.3722848E9,2.3719392E9,142,1.0
116,94,2.3722848E9,2.3719392E9,47,1.0
116,94,2.3722848E9,2.3719392E9,7,1.0
116,94,2.3722848E9,2.3719392E9,82,1.0
116,159,2.3722848E9,2.3719392E9,124,1.0
116,159,2.3722848E9,2.3719392E9,85,1.0
116,159,2.3722848E9,2.3719392E9,95,1.0
116,159,2.3722848E9,2.3719392E9,109,1.0
116,159,2.3722848E9,2.3719392E9,54,1.0
116,159,2.3722848E9,2.3719392E9,128,1.0
116,159,2.3722848E9,2.3719392E9,44,1.0
116,159,2.3722848E9,2.3719392E9,16,1.0
116,159,2.3722848E9,2.3719392E9,39,1.0
116,159,2.3722848E9,2.3719392E9,180,1.0
116,159,2.3722848E9,2.3719392E9,31,1.0
116,159,2.3722848E9,2.3719392E9,70,1.0
116,159,2.3722848E9,2.3719392E9,129,1.0
116,159,2.3722848E9,2.3719392E9,99,1.0
116,159,2.3722848E9,2.3719392E9,48,1.0
116,159,2.3722848E9,2.3719392E9,24,1.0
116,159,2.3722848E9,2.3719392E9,10,1.0
133,64,2.3722848E9,2.3719392E9,143,1.0
133,94,2.3722848E9,2.3719392E9,143,1.0
133,159,2.3722848E9,2.3719392E9,175,1.0
116,94,2.3722848E9,2.3719392E9,12,2.0
116,94,2.3722848E9,2.3719392E9,13,2.0
116,159,2.3722848E9,2.3719392E9,72,2.0
116,159,2.3722848E9,2.3719392E9,52,2.0
116,159,2.3722848E9,2.3719392E9,13,2.0
133,64,2.3722848E9,2.3719392E9,72,2.0
133,94,2.3722848E9,2.3719392E9,52,2.0
133,94,2.3722848E9,2.3719392E9,3,2.0
133,94,2.3722848E9,2.3719392E9,89,2.0
133,159,2.3722848E9,2.3719392E9,89,2.0
116,64,2.3722848E9,2.3719392E9,3,3.0
116,94,2.3722848E9,2.3719392E9,143,3.0
116,159,2.3722848E9,2.3719392E9,89,3.0
133,64,2.3722848E9,2.3719392E9,3,3.0
133,94,2.3722848E9,2.3719392E9,13,3.0
133,159,2.3722848E9,2.3719392E9,52,3.0
133,159,2.3722848E9,2.3719392E9,143,3.0
116,94,2.3722848E9,2.3719392E9,3,4.0
133,64,2.3722848E9,2.3719392E9,89,4.0
133,94,2.3722848E9,2.3719392E9,139,4.0
133,159,2.3722848E9,2.3719392E9,3,4.0
116,94,2.3722848E9,2.3719392E9,139,5.0
116,94,2.3722848E9,2.3719392E9,72,5.0
116,159,2.3722848E9,2.3719392E9,3,5.0
116,159,2.3722848E9,2.3719392E9,175,5.0
133,64,2.3722848E9,2.3719392E9,52,5.0
133,94,2.3722848E9,2.3719392E9,72,5.0
116,64,2.3722848E9,2.3719392E9,72,6.0
133,64,2.3722848E9,2.3719392E9,139,6.0
133,94,2.3722848E9,2.3719392E9,175,6.0
133,159,2.3722848E9,2.3719392E9,139,6.0
116,64,2.3722848E9,2.3719392E9,52,7.0
116,94,2.3722848E9,2.3719392E9,175,7.0
116,64,2.3722848E9,2.3719392E9,89,9.0
116,64,2.3723712E9,2.3719392E9,107,1.0
116,64,2.3723712E9,2.3719392E9,56,1.0
116,64,2.3723712E9,2.3719392E9,10,1.0
116,64,2.3723712E9,2.3719392E9,171,1.0
116,64,2.3723712E9,2.3719392E9,135,1.0
116,64,2.3723712E9,2.3719392E9,124,1.0
116,64,2.3723712E9,2.3719392E9,98,1.0
116,64,2.3723712E9,2.3719392E9,73,1.0
116,64,2.3723712E9,2.3719392E9,60,1.0
116,64,2.3723712E9,2.3719392E9,58,1.0
116,64,2.3723712E9,2.3719392E9,32,1.0
116,94,2.3723712E9,2.3719392E9,23,1.0
116,94,2.3723712E9,2.3719392E9,92,1.0
116,94,2.3723712E9,2.3719392E9,177,1.0
116,94,2.3723712E9,2.3719392E9,39,1.0
116,94,2.3723712E9,2.3719392E9,36,1.0
116,94,2.3723712E9,2.3719392E9,15,1.0
116,94,2.3723712E9,2.3719392E9,2,1.0
116,94,2.3723712E9,2.3719392E9,126,1.0
116,159,2.3723712E9,2.3719392E9,149,1.0
116,159,2.3723712E9,2.3719392E9,129,1.0
116,159,2.3723712E9,2.3719392E9,178,1.0
116,159,2.3723712E9,2.3719392E9,161,1.0
116,159,2.3723712E9,2.3719392E9,101,1.0
116,159,2.3723712E9,2.3719392E9,16,1.0
116,159,2.3723712E9,2.3719392E9,22,1.0
116,159,2.3723712E9,2.3719392E9,38,1.0
116,159,2.3723712E9,2.3719392E9,65,1.0
116,159,2.3723712E9,2.3719392E9,68,1.0
116,159,2.3723712E9,2.3719392E9,147,1.0
116,159,2.3723712E9,2.3719392E9,106,1.0
116,159,2.3723712E9,2.3719392E9,34,1.0
116,159,2.3723712E9,2.3719392E9,7,1.0
116,159,2.3723712E9,2.3719392E9,36,1.0
133,64,2.3723712E9,2.3719392E9,10,1.0
116,64,2.3723712E9,2.3719392E9,70,2.0
116,94,2.3723712E9,2.3719392E9,35,2.0
116,94,2.3723712E9,2.3719392E9,10,2.0
116,94,2.3723712E9,2.3719392E9,86,2.0
116,94,2.3723712E9,2.3719392E9,14,2.0
116,159,2.3723712E9,2.3719392E9,46,2.0
116,159,2.3723712E9,2.3719392E9,29,2.0
116,159,2.3723712E9,2.3719392E9,23,2.0
133,94,2.3723712E9,2.3719392E9,78,2.0
116,64,2.3723712E9,2.3719392E9,106,3.0
116,94,2.3723712E9,2.3719392E9,78,3.0
116,159,2.3723712E9,2.3719392E9,136,3.0
133,64,2.3723712E9,2.3719392E9,106,3.0
133,159,2.3723712E9,2.3719392E9,78,3.0
133,159,2.3723712E9,2.3719392E9,136,3.0
116,94,2.3723712E9,2.3719392E9,106,4.0
116,159,2.3723712E9,2.3719392E9,10,4.0
133,94,2.3723712E9,2.3719392E9,10,4.0
133,94,2.3723712E9,2.3719392E9,106,4.0
116,64,2.3723712E9,2.3719392E9,23,5.0
133,64,2.3723712E9,2.3719392E9,78,5.0
133,159,2.3723712E9,2.3719392E9,86,5.0
133,159,2.3723712E9,2.3719392E9,10,5.0
116,64,2.3723712E9,2.3719392E9,78,6.0
133,94,2.3723712E9,2.3719392E9,86,6.0
116,159,2.3723712E9,2.3719392E9,86,7.0
116,159,2.3723712E9,2.3719392E9,78,7.0
133,64,2.3723712E9,2.3719392E9,23,9.0
116,64,2.3724576E9,2.3719392E9,163,1.0
116,64,2.3724576E9,2.3719392E9,170,1.0
116,64,2.3724576E9,2.3719392E9,66,1.0
116,64,2.3724576E9,2.3719392E9,61,1.0
116,64,2.3724576E9,2.3719392E9,38,1.0
116,64,2.3724576E9,2.3719392E9,29,1.0
116,64,2.3724576E9,2.3719392E9,7,1.0
116,64,2.3724576E9,2.3719392E9,179,1.0
116,64,2.3724576E9,2.3719392E9,100,1.0
116,64,2.3724576E9,2.3719392E9,139,1.0
116,94,2.3724576E9,2.3719392E9,154,1.0
116,94,2.3724576E9,2.3719392E9,3,1.0
116,94,2.3724576E9,2.3719392E9,139,1.0
116,94,2.3724576E9,2.3719392E9,18,1.0
116,94,2.3724576E9,2.3719392E9,66,1.0
116,94,2.3724576E9,2.3719392E9,136,1.0
116,94,2.3724576E9,2.3719392E9,86,1.0
116,159,2.3724576E9,2.3719392E9,165,1.0
116,159,2.3724576E9,2.3719392E9,41,1.0
116,159,2.3724576E9,2.3719392E9,35,1.0
116,159,2.3724576E9,2.3719392E9,60,1.0
116,159,2.3724576E9,2.3719392E9,172,1.0
116,159,2.3724576E9,2.3719392E9,175,1.0
116,159,2.3724576E9,2.3719392E9,143,1.0
116,159,2.3724576E9,2.3719392E9,91,1.0
116,159,2.3724576E9,2.3719392E9,28,1.0
116,64,2.3724576E9,2.3719392E9,28,2.0
116,159,2.3724576E9,2.3719392E9,54,2.0
133,64,2.3724576E9,2.3719392E9,154,2.0
115,94,2.3724576E9,2.3719392E9,121,3.0
116,64,2.3724576E9,2.3719392E9,86,3.0
116,64,2.3724576E9,2.3719392E9,154,3.0
116,94,2.3724576E9,2.3719392E9,28,3.0
116,94,2.3724576E9,2.3719392E9,175,3.0
133,64,2.3724576E9,2.3719392E9,86,3.0
133,64,2.3724576E9,2.3719392E9,28,3.0
133,94,2.3724576E9,2.3719392E9,175,3.0
133,159,2.3724576E9,2.3719392E9,135,3.0
116,64,2.3724576E9,2.3719392E9,135,4.0
116,159,2.3724576E9,2.3719392E9,154,4.0
133,64,2.3724576E9,2.3719392E9,135,4.0
133,94,2.3724576E9,2.3719392E9,28,4.0
133,159,2.3724576E9,2.3719392E9,175,4.0
116,159,2.3724576E9,2.3719392E9,135,5.0
133,159,2.3724576E9,2.3719392E9,28,5.0
133,159,2.3724576E9,2.3719392E9,154,6.0
115,64,2.3724576E9,2.3719392E9,121,9.0
116,64,2.372544E9,2.3719392E9,38,1.0
116,94,2.372544E9,2.3719392E9,91,1.0
116,94,2.372544E9,2.3719392E9,70,1.0
116,159,2.372544E9,2.3719392E9,179,1.0
116,159,2.372544E9,2.3719392E9,55,1.0
116,64,2.372544E9,2.3719392E9,91,3.0
116,159,2.372544E9,2.3719392E9,91,3.0
133,94,2.372544E9,2.3719392E9,91,3.0
133,64,2.372544E9,2.3719392E9,91,4.0
133,159,2.372544E9,2.3719392E9,91,4.0
115,64,2.372544E9,2.3719392E9,164,5.0
115,64,2.372544E9,2.3719392E9,136,7.0
115,94,2.372544E9,2.3719392E9,164,8.0
116,159,2.3726304E9,2.3719392E9,34,1.0
116,159,2.3726304E9,2.3719392E9,77,1.0
133,159,2.3726304E9,2.3719392E9,77,2.0
133,94,2.3726304E9,2.3719392E9,77,3.0
133,64,2.3726304E9,2.3719392E9,77,4.0
116,64,2.3727168E9,2.3719392E9,21,1.0
116,64,2.3727168E9,2.3719392E9,122,1.0
116,64,2.3727168E9,2.3719392E9,12,1.0
116,64,2.3727168E9,2.3719392E9,109,1.0
116,64,2.3727168E9,2.3719392E9,57,1.0
116,64,2.3727168E9,2.3719392E9,39,1.0
116,64,2.3727168E9,2.3719392E9,160,1.0
116,64,2.3727168E9,2.3719392E9,20,1.0
116,64,2.3727168E9,2.3719392E9,128,1.0
116,64,2.3727168E9,2.3719392E9,37,1.0
116,64,2.3727168E9,2.3719392E9,102,1.0
116,64,2.3727168E9,2.3719392E9,33,1.0
116,94,2.3727168E9,2.3719392E9,3,1.0
116,94,2.3727168E9,2.3719392E9,54,1.0
116,94,2.3727168E9,2.3719392E9,91,1.0
116,94,2.3727168E9,2.3719392E9,49,1.0
116,94,2.3727168E9,2.3719392E9,172,1.0
116,94,2.3727168E9,2.3719392E9,57,1.0
116,94,2.3727168E9,2.3719392E9,22,1.0
116,94,2.3727168E9,2.3719392E9,10,1.0
116,94,2.3727168E9,2.3719392E9,150,1.0
116,159,2.3727168E9,2.3719392E9,34,1.0
116,159,2.3727168E9,2.3719392E9,177,1.0
116,159,2.3727168E9,2.3719392E9,148,1.0
116,159,2.3727168E9,2.3719392E9,136,1.0
116,159,2.3727168E9,2.3719392E9,59,1.0
116,159,2.3727168E9,2.3719392E9,52,1.0
116,159,2.3727168E9,2.3719392E9,35,1.0
116,159,2.3727168E9,2.3719392E9,112,1.0
116,159,2.3727168E9,2.3719392E9,83,1.0
116,159,2.3727168E9,2.3719392E9,171,1.0
116,159,2.3727168E9,2.3719392E9,180,1.0
116,159,2.3727168E9,2.3719392E9,143,1.0
116,159,2.3727168E9,2.3719392E9,132,1.0
116,159,2.3727168E9,2.3719392E9,168,1.0
116,159,2.3727168E9,2.3719392E9,65,1.0
116,159,2.3727168E9,2.3719392E9,40,1.0
116,159,2.3727168E9,2.3719392E9,141,1.0
116,159,2.3727168E9,2.3719392E9,130,1.0
116,159,2.3727168E9,2.3719392E9,54,1.0
116,159,2.3727168E9,2.3719392E9,50,1.0
116,159,2.3727168E9,2.3719392E9,44,1.0
116,159,2.3727168E9,2.3719392E9,18,1.0
116,159,2.3727168E9,2.3719392E9,16,1.0
116,159,2.3727168E9,2.3719392E9,10,1.0
133,64,2.3727168E9,2.3719392E9,10,1.0
133,94,2.3727168E9,2.3719392E9,131,1.0
133,159,2.3727168E9,2.3719392E9,10,1.0
133,159,2.3727168E9,2.3719392E9,49,1.0
115,64,2.3727168E9,2.3719392E9,5,2.0
116,64,2.3727168E9,2.3719392E9,49,2.0
116,64,2.3727168E9,2.3719392E9,10,2.0
116,64,2.3727168E9,2.3719392E9,145,2.0
116,94,2.3727168E9,2.3719392E9,143,2.0
116,94,2.3727168E9,2.3719392E9,107,2.0
116,159,2.3727168E9,2.3719392E9,75,2.0
133,64,2.3727168E9,2.3719392E9,140,2.0
133,94,2.3727168E9,2.3719392E9,10,2.0
133,159,2.3727168E9,2.3719392E9,107,2.0
133,159,2.3727168E9,2.3719392E9,173,2.0
115,94,2.3727168E9,2.3719392E9,5,3.0
115,159,2.3727168E9,2.3719392E9,113,3.0
116,64,2.3727168E9,2.3719392E9,131,3.0
116,64,2.3727168E9,2.3719392E9,140,3.0
116,159,2.3727168E9,2.3719392E9,173,3.0
116,159,2.3727168E9,2.3719392E9,131,3.0
116,159,2.3727168E9,2.3719392E9,49,3.0
133,64,2.3727168E9,2.3719392E9,131,3.0
133,159,2.3727168E9,2.3719392E9,131,3.0
133,159,2.3727168E9,2.3719392E9,140,3.0
116,64,2.3727168E9,2.3719392E9,60,4.0
116,64,2.3727168E9,2.3719392E9,107,4.0
116,94,2.3727168E9,2.3719392E9,131,4.0
116,159,2.3727168E9,2.3719392E9,140,4.0
133,64,2.3727168E9,2.3719392E9,107,4.0
133,94,2.3727168E9,2.3719392E9,140,4.0
133,94,2.3727168E9,2.3719392E9,107,4.0
133,159,2.3727168E9,2.3719392E9,136,4.0
116,64,2.3727168E9,2.3719392E9,173,5.0
116,94,2.3727168E9,2.3719392E9,140,5.0
133,64,2.3727168E9,2.3719392E9,49,5.0
133,94,2.3727168E9,2.3719392E9,49,5.0
116,159,2.3727168E9,2.3719392E9,60,6.0
133,64,2.3727168E9,2.3719392E9,60,6.0
133,64,2.3727168E9,2.3719392E9,173,7.0
133,159,2.3727168E9,2.3719392E9,60,7.0
116,159,2.3727168E9,2.3719392E9,107,8.0
115,159,2.3727168E9,2.3719392E9,5,11.0
116,64,2.3728032E9,2.3719392E9,35,1.0
116,64,2.3728032E9,2.3719392E9,74,1.0
116,64,2.3728032E9,2.3719392E9,124,1.0
116,64,2.3728032E9,2.3719392E9,27,1.0
116,64,2.3728032E9,2.3719392E9,168,1.0
116,94,2.3728032E9,2.3719392E9,60,1.0
116,94,2.3728032E9,2.3719392E9,37,1.0
116,94,2.3728032E9,2.3719392E9,29,1.0
116,94,2.3728032E9,2.3719392E9,34,1.0
116,94,2.3728032E9,2.3719392E9,84,1.0
116,94,2.3728032E9,2.3719392E9,167,1.0
116,94,2.3728032E9,2.3719392E9,145,1.0
116,94,2.3728032E9,2.3719392E9,142,1.0
116,94,2.3728032E9,2.3719392E9,62,1.0
116,94,2.3728032E9,2.3719392E9,61,1.0
116,94,2.3728032E9,2.3719392E9,44,1.0
116,94,2.3728032E9,2.3719392E9,81,1.0
116,159,2.3728032E9,2.3719392E9,154,1.0
116,159,2.3728032E9,2.3719392E9,35,1.0
116,159,2.3728032E9,2.3719392E9,34,1.0
116,159,2.3728032E9,2.3719392E9,109,1.0
116,159,2.3728032E9,2.3719392E9,47,1.0
116,159,2.3728032E9,2.3719392E9,20,1.0
116,94,2.3728032E9,2.3719392E9,20,2.0
133,94,2.3728032E9,2.3719392E9,173,2.0
133,94,2.3728032E9,2.3719392E9,60,2.0
133,159,2.3728032E9,2.3719392E9,20,2.0
116,64,2.3728032E9,2.3719392E9,173,3.0
116,94,2.3728032E9,2.3719392E9,173,3.0
133,94,2.3728032E9,2.3719392E9,20,3.0
133,159,2.3728032E9,2.3719392E9,173,3.0
116,64,2.3728032E9,2.3719392E9,20,4.0
133,64,2.3728032E9,2.3719392E9,173,5.0
133,94,2.3728032E9,2.3719392E9,136,5.0
116,159,2.3728032E9,2.3719392E9,173,6.0
116,94,2.3728032E9,2.3719392E9,136,9.0
116,64,2.3728896E9,2.3719392E9,181,1.0
116,64,2.3728896E9,2.3719392E9,176,1.0
116,64,2.3728896E9,2.3719392E9,13,1.0
116,64,2.3728896E9,2.3719392E9,167,1.0
116,64,2.3728896E9,2.3719392E9,81,1.0
116,64,2.3728896E9,2.3719392E9,145,1.0
116,94,2.3728896E9,2.3719392E9,177,1.0
116,94,2.3728896E9,2.3719392E9,149,1.0
116,94,2.3728896E9,2.3719392E9,129,1.0
116,94,2.3728896E9,2.3719392E9,61,1.0
116,94,2.3728896E9,2.3719392E9,110,1.0
116,159,2.3728896E9,2.3719392E9,30,1.0
116,159,2.3728896E9,2.3719392E9,171,1.0
116,159,2.3728896E9,2.3719392E9,150,1.0
116,159,2.3728896E9,2.3719392E9,71,1.0
116,159,2.3728896E9,2.3719392E9,124,1.0
116,159,2.3728896E9,2.3719392E9,145,1.0
116,159,2.3728896E9,2.3719392E9,132,1.0
116,159,2.3728896E9,2.3719392E9,50,1.0
116,159,2.3728896E9,2.3719392E9,27,1.0
116,159,2.3728896E9,2.3719392E9,10,1.0
116,159,2.3728896E9,2.3719392E9,140,1.0
133,159,2.3728896E9,2.3719392E9,158,1.0
116,64,2.3728896E9,2.3719392E9,135,2.0
116,94,2.3728896E9,2.3719392E9,140,2.0
133,64,2.3728896E9,2.3719392E9,140,2.0
133,94,2.3728896E9,2.3719392E9,140,2.0
116,159,2.3728896E9,2.3719392E9,13,3.0
133,64,2.3728896E9,2.3719392E9,13,3.0
133,94,2.3728896E9,2.3719392E9,13,3.0
133,159,2.3728896E9,2.3719392E9,13,3.0
116,64,2.3728896E9,2.3719392E9,158,4.0
116,94,2.3728896E9,2.3719392E9,158,4.0
116,159,2.3728896E9,2.3719392E9,167,4.0
133,64,2.3728896E9,2.3719392E9,167,4.0
133,159,2.3728896E9,2.3719392E9,167,4.0
133,159,2.3728896E9,2.3719392E9,140,4.0
116,159,2.3728896E9,2.3719392E9,158,5.0
133,64,2.3728896E9,2.3719392E9,158,5.0
133,94,2.3728896E9,2.3719392E9,158,5.0
116,64,2.372976E9,2.3719392E9,100,1.0
116,64,2.372976E9,2.3719392E9,54,1.0
116,64,2.372976E9,2.3719392E9,62,1.0
116,64,2.372976E9,2.3719392E9,37,1.0
116,64,2.372976E9,2.3719392E9,143,1.0
116,64,2.372976E9,2.3719392E9,65,1.0
116,94,2.372976E9,2.3719392E9,136,1.0
116,94,2.372976E9,2.3719392E9,22,1.0
116,94,2.372976E9,2.3719392E9,130,1.0
116,94,2.372976E9,2.3719392E9,93,1.0
116,159,2.372976E9,2.3719392E9,169,1.0
116,159,2.372976E9,2.3719392E9,122,1.0
116,159,2.372976E9,2.3719392E9,176,1.0
116,159,2.372976E9,2.3719392E9,124,1.0
116,159,2.372976E9,2.3719392E9,100,1.0
116,159,2.372976E9,2.3719392E9,78,1.0
116,159,2.372976E9,2.3719392E9,28,1.0
133,94,2.372976E9,2.3719392E9,131,1.0
116,94,2.372976E9,2.3719392E9,131,2.0
133,159,2.372976E9,2.3719392E9,145,2.0
116,64,2.372976E9,2.3719392E9,145,3.0
116,64,2.372976E9,2.3719392E9,131,3.0
116,159,2.372976E9,2.3719392E9,145,3.0
116,159,2.372976E9,2.3719392E9,131,3.0
133,159,2.372976E9,2.3719392E9,175,3.0
115,94,2.372976E9,2.3719392E9,146,4.0
116,94,2.372976E9,2.3719392E9,145,4.0
116,159,2.372976E9,2.3719392E9,175,4.0
133,94,2.372976E9,2.3719392E9,145,4.0
133,159,2.372976E9,2.3719392E9,131,5.0
115,64,2.372976E9,2.3719392E9,146,6.0
133,64,2.372976E9,2.3719392E9,131,6.0
115,159,2.372976E9,2.3719392E9,146,11.0
133,64,2.372976E9,2.3719392E9,145,11.0
116,94,2.3730624E9,2.3719392E9,72,1.0
116,94,2.3730624E9,2.3719392E9,117,1.0
116,94,2.3730624E9,2.3719392E9,180,1.0
116,94,2.3730624E9,2.3719392E9,128,1.0
133,94,2.3730624E9,2.3719392E9,175,5.0
116,94,2.3730624E9,2.3719392E9,175,6.0
116,64,2.3731488E9,2.3719392E9,18,1.0
116,64,2.3731488E9,2.3719392E9,32,1.0
116,94,2.3731488E9,2.3719392E9,28,1.0
116,94,2.3731488E9,2.3719392E9,56,1.0
116,94,2.3731488E9,2.3719392E9,85,1.0
116,94,2.3731488E9,2.3719392E9,179,1.0
116,159,2.3731488E9,2.3719392E9,23,1.0
116,159,2.3731488E9,2.3719392E9,83,1.0
116,159,2.3731488E9,2.3719392E9,65,1.0
133,64,2.3731488E9,2.3719392E9,10,1.0
133,94,2.3731488E9,2.3719392E9,10,1.0
133,159,2.3731488E9,2.3719392E9,15,1.0
116,159,2.3731488E9,2.3719392E9,10,3.0
116,64,2.3731488E9,2.3719392E9,15,5.0
116,94,2.3731488E9,2.3719392E9,15,5.0
133,159,2.3731488E9,2.3719392E9,10,5.0
115,64,2.3731488E9,2.3719392E9,105,7.0
115,159,2.3731488E9,2.3719392E9,105,7.0
115,94,2.3731488E9,2.3719392E9,105,8.0
133,64,2.3731488E9,2.3719392E9,15,8.0
133,94,2.3731488E9,2.3719392E9,15,11.0
116,64,2.3732352E9,2.3719392E9,22,1.0
116,64,2.3732352E9,2.3719392E9,126,1.0
116,64,2.3732352E9,2.3719392E9,12,1.0
116,64,2.3732352E9,2.3719392E9,98,1.0
116,94,2.3732352E9,2.3719392E9,107,1.0
116,94,2.3732352E9,2.3719392E9,23,1.0
116,94,2.3732352E9,2.3719392E9,132,1.0
116,94,2.3732352E9,2.3719392E9,14,1.0
116,159,2.3732352E9,2.3719392E9,171,1.0
116,159,2.3732352E9,2.3719392E9,68,1.0
116,159,2.3732352E9,2.3719392E9,131,1.0
133,64,2.3732352E9,2.3719392E9,23,1.0
133,94,2.3732352E9,2.3719392E9,14,2.0
133,159,2.3732352E9,2.3719392E9,23,2.0
116,159,2.3732352E9,2.3719392E9,23,3.0
133,159,2.3732352E9,2.3719392E9,14,3.0
116,64,2.3732352E9,2.3719392E9,23,4.0
133,94,2.3732352E9,2.3719392E9,23,4.0
115,64,2.3732352E9,2.3719392E9,138,5.0
115,64,2.3732352E9,2.3719392E9,105,6.0
115,94,2.3732352E9,2.3719392E9,138,6.0
115,159,2.3732352E9,2.3719392E9,105,6.0
115,159,2.3732352E9,2.3719392E9,138,7.0
115,94,2.3732352E9,2.3719392E9,105,8.0
116,64,2.3733216E9,2.3719392E9,27,1.0
116,64,2.3733216E9,2.3719392E9,30,1.0
116,64,2.3733216E9,2.3719392E9,167,1.0
116,64,2.3733216E9,2.3719392E9,148,1.0
116,64,2.3733216E9,2.3719392E9,86,1.0
116,64,2.3733216E9,2.3719392E9,67,1.0
116,64,2.3733216E9,2.3719392E9,92,1.0
116,64,2.3733216E9,2.3719392E9,109,1.0
116,64,2.3733216E9,2.3719392E9,34,1.0
116,94,2.3733216E9,2.3719392E9,179,1.0
116,94,2.3733216E9,2.3719392E9,68,1.0
116,159,2.3733216E9,2.3719392E9,126,1.0
116,159,2.3733216E9,2.3719392E9,162,1.0
116,159,2.3733216E9,2.3719392E9,178,1.0
116,159,2.3733216E9,2.3719392E9,140,1.0
116,159,2.3733216E9,2.3719392E9,78,1.0
116,159,2.3733216E9,2.3719392E9,6,1.0
133,159,2.3733216E9,2.3719392E9,27,1.0
116,64,2.3733216E9,2.3719392E9,180,2.0
116,94,2.3733216E9,2.3719392E9,27,2.0
116,94,2.3733216E9,2.3719392E9,180,2.0
133,94,2.3733216E9,2.3719392E9,27,2.0
133,159,2.3733216E9,2.3719392E9,55,2.0
116,64,2.3733216E9,2.3719392E9,14,3.0
116,159,2.3733216E9,2.3719392E9,180,3.0
133,64,2.3733216E9,2.3719392E9,14,3.0
133,159,2.3733216E9,2.3719392E9,180,3.0
116,159,2.3733216E9,2.3719392E9,136,4.0
116,159,2.3733216E9,2.3719392E9,27,4.0
133,64,2.3733216E9,2.3719392E9,55,4.0
115,64,2.3733216E9,2.3719392E9,111,5.0
133,64,2.3733216E9,2.3719392E9,180,5.0
133,64,2.3733216E9,2.3719392E9,27,5.0
133,94,2.3733216E9,2.3719392E9,180,5.0
133,159,2.3733216E9,2.3719392E9,136,5.0
116,64,2.3733216E9,2.3719392E9,55,6.0
116,64,2.373408E9,2.3719392E9,177,1.0
116,64,2.373408E9,2.3719392E9,161,1.0
116,64,2.373408E9,2.3719392E9,101,1.0
116,64,2.373408E9,2.3719392E9,52,1.0
116,64,2.373408E9,2.3719392E9,38,1.0
116,94,2.373408E9,2.3719392E9,103,1.0
116,94,2.373408E9,2.3719392E9,169,1.0
116,94,2.373408E9,2.3719392E9,93,1.0
116,94,2.373408E9,2.3719392E9,38,1.0
116,94,2.373408E9,2.3719392E9,29,1.0
116,94,2.373408E9,2.3719392E9,2,1.0
116,94,2.373408E9,2.3719392E9,3,1.0
116,94,2.373408E9,2.3719392E9,177,1.0
116,159,2.373408E9,2.3719392E9,143,1.0
116,159,2.373408E9,2.3719392E9,99,1.0
116,159,2.373408E9,2.3719392E9,27,1.0
116,159,2.373408E9,2.3719392E9,104,1.0
116,159,2.373408E9,2.3719392E9,96,1.0
116,159,2.373408E9,2.3719392E9,12,1.0
133,64,2.373408E9,2.3719392E9,143,1.0
133,159,2.373408E9,2.3719392E9,143,1.0
116,94,2.373408E9,2.3719392E9,55,2.0
116,94,2.373408E9,2.3719392E9,7,2.0
133,94,2.373408E9,2.3719392E9,55,2.0
133,159,2.373408E9,2.3719392E9,7,2.0
116,64,2.373408E9,2.3719392E9,143,3.0
116,64,2.373408E9,2.3719392E9,7,3.0
116,94,2.373408E9,2.3719392E9,143,4.0
116,159,2.373408E9,2.3719392E9,7,4.0
133,64,2.373408E9,2.3719392E9,7,4.0
133,94,2.373408E9,2.3719392E9,143,4.0
133,94,2.373408E9,2.3719392E9,7,5.0
116,64,2.3734944E9,2.3719392E9,161,1.0
116,64,2.3734944E9,2.3719392E9,49,1.0
116,94,2.3734944E9,2.3719392E9,179,1.0
116,94,2.3734944E9,2.3719392E9,173,1.0
116,94,2.3734944E9,2.3719392E9,81,1.0
116,94,2.3734944E9,2.3719392E9,21,1.0
133,64,2.3734944E9,2.3719392E9,145,1.0
116,94,2.3734944E9,2.3719392E9,74,2.0
116,94,2.3734944E9,2.3719392E9,49,3.0
133,64,2.3734944E9,2.3719392E9,49,3.0
133,94,2.3734944E9,2.3719392E9,145,3.0
133,159,2.3734944E9,2.3719392E9,49,4.0
133,159,2.3734944E9,2.3719392E9,145,4.0
133,94,2.3734944E9,2.3719392E9,49,5.0
116,94,2.3734944E9,2.3719392E9,145,6.0
116,64,2.3735808E9,2.3719392E9,170,1.0
116,64,2.3735808E9,2.3719392E9,111,1.0
116,64,2.3735808E9,2.3719392E9,52,1.0
116,64,2.3735808E9,2.3719392E9,3,1.0
116,94,2.3735808E9,2.3719392E9,109,1.0
116,94,2.3735808E9,2.3719392E9,38,1.0
116,94,2.3735808E9,2.3719392E9,175,1.0
116,94,2.3735808E9,2.3719392E9,68,1.0
116,94,2.3735808E9,2.3719392E9,39,1.0
116,94,2.3735808E9,2.3719392E9,6,1.0
116,94,2.3735808E9,2.3719392E9,100,1.0
116,159,2.3735808E9,2.3719392E9,149,1.0
116,159,2.3735808E9,2.3719392E9,52,1.0
133,64,2.3735808E9,2.3719392E9,100,1.0
133,159,2.3735808E9,2.3719392E9,96,1.0
133,159,2.3735808E9,2.3719392E9,100,1.0
116,64,2.3735808E9,2.3719392E9,35,2.0
116,94,2.3735808E9,2.3719392E9,35,2.0
116,94,2.3735808E9,2.3719392E9,96,2.0
116,159,2.3735808E9,2.3719392E9,96,2.0
133,159,2.3735808E9,2.3719392E9,35,2.0
115,64,2.3735808E9,2.3719392E9,76,3.0
133,64,2.3735808E9,2.3719392E9,35,3.0
133,64,2.3735808E9,2.3719392E9,52,3.0
133,94,2.3735808E9,2.3719392E9,35,3.0
115,64,2.3735808E9,2.3719392E9,105,4.0
115,159,2.3735808E9,2.3719392E9,76,4.0
116,64,2.3735808E9,2.3719392E9,96,4.0
133,64,2.3735808E9,2.3719392E9,96,4.0
133,94,2.3735808E9,2.3719392E9,96,4.0
133,94,2.3735808E9,2.3719392E9,52,4.0
133,159,2.3735808E9,2.3719392E9,52,4.0
115,159,2.3735808E9,2.3719392E9,105,5.0
116,94,2.3735808E9,2.3719392E9,52,6.0
115,94,2.3735808E9,2.3719392E9,105,8.0
116,64,2.3736672E9,2.3719392E9,173,1.0
116,64,2.3736672E9,2.3719392E9,96,1.0
116,64,2.3736672E9,2.3719392E9,107,1.0
116,64,2.3736672E9,2.3719392E9,13,1.0
116,64,2.3736672E9,2.3719392E9,128,1.0
116,64,2.3736672E9,2.3719392E9,106,1.0
116,64,2.3736672E9,2.3719392E9,40,1.0
116,64,2.3736672E9,2.3719392E9,86,1.0
116,64,2.3736672E9,2.3719392E9,145,1.0
116,94,2.3736672E9,2.3719392E9,39,1.0
116,94,2.3736672E9,2.3719392E9,132,1.0
116,94,2.3736672E9,2.3719392E9,170,1.0
116,94,2.3736672E9,2.3719392E9,86,1.0
116,94,2.3736672E9,2.3719392E9,141,1.0
116,94,2.3736672E9,2.3719392E9,100,1.0
116,94,2.3736672E9,2.3719392E9,71,1.0
116,94,2.3736672E9,2.3719392E9,67,1.0
116,94,2.3736672E9,2.3719392E9,38,1.0
116,94,2.3736672E9,2.3719392E9,27,1.0
116,94,2.3736672E9,2.3719392E9,176,1.0
116,94,2.3736672E9,2.3719392E9,107,1.0
116,159,2.3736672E9,2.3719392E9,142,1.0
116,159,2.3736672E9,2.3719392E9,50,1.0
116,159,2.3736672E9,2.3719392E9,97,1.0
116,159,2.3736672E9,2.3719392E9,181,1.0
116,159,2.3736672E9,2.3719392E9,171,1.0
116,159,2.3736672E9,2.3719392E9,177,1.0
116,159,2.3736672E9,2.3719392E9,175,1.0
116,159,2.3736672E9,2.3719392E9,98,1.0
116,159,2.3736672E9,2.3719392E9,82,1.0
116,159,2.3736672E9,2.3719392E9,80,1.0
116,159,2.3736672E9,2.3719392E9,34,1.0
116,159,2.3736672E9,2.3719392E9,145,1.0
133,64,2.3736672E9,2.3719392E9,173,1.0
133,64,2.3736672E9,2.3719392E9,40,1.0
133,94,2.3736672E9,2.3719392E9,67,1.0
133,94,2.3736672E9,2.3719392E9,7,1.0
116,64,2.3736672E9,2.3719392E9,26,2.0
116,94,2.3736672E9,2.3719392E9,26,2.0
116,159,2.3736672E9,2.3719392E9,73,2.0
133,64,2.3736672E9,2.3719392E9,4,2.0
115,94,2.3736672E9,2.3719392E9,76,3.0
116,64,2.3736672E9,2.3719392E9,67,3.0
116,159,2.3736672E9,2.3719392E9,40,3.0
116,159,2.3736672E9,2.3719392E9,7,3.0
133,64,2.3736672E9,2.3719392E9,67,3.0
133,94,2.3736672E9,2.3719392E9,26,3.0
133,94,2.3736672E9,2.3719392E9,40,3.0
133,159,2.3736672E9,2.3719392E9,67,3.0
116,159,2.3736672E9,2.3719392E9,173,4.0
116,159,2.3736672E9,2.3719392E9,4,4.0
133,64,2.3736672E9,2.3719392E9,26,4.0
133,159,2.3736672E9,2.3719392E9,26,4.0
133,159,2.3736672E9,2.3719392E9,7,4.0
116,94,2.3736672E9,2.3719392E9,40,5.0
116,94,2.3736672E9,2.3719392E9,7,5.0
116,94,2.3736672E9,2.3719392E9,4,5.0
133,94,2.3736672E9,2.3719392E9,4,5.0
133,159,2.3736672E9,2.3719392E9,4,5.0
133,159,2.3736672E9,2.3719392E9,173,5.0
115,64,2.3736672E9,2.3719392E9,134,7.0
115,159,2.3736672E9,2.3719392E9,43,7.0
115,159,2.3736672E9,2.3719392E9,134,7.0
115,64,2.3736672E9,2.3719392E9,43,8.0
115,94,2.3736672E9,2.3719392E9,43,8.0
115,94,2.3736672E9,2.3719392E9,134,9.0
116,64,2.3737536E9,2.3719392E9,100,1.0
116,64,2.3737536E9,2.3719392E9,66,1.0
116,64,2.3737536E9,2.3719392E9,46,1.0
116,64,2.3737536E9,2.3719392E9,161,1.0
116,64,2.3737536E9,2.3719392E9,167,1.0
116,64,2.3737536E9,2.3719392E9,117,1.0
116,64,2.3737536E9,2.3719392E9,38,1.0
116,64,2.3737536E9,2.3719392E9,10,1.0
116,64,2.3737536E9,2.3719392E9,83,1.0
116,94,2.3737536E9,2.3719392E9,39,1.0
116,94,2.3737536E9,2.3719392E9,27,1.0
116,94,2.3737536E9,2.3719392E9,150,1.0
116,94,2.3737536E9,2.3719392E9,96,1.0
116,94,2.3737536E9,2.3719392E9,65,1.0
116,94,2.3737536E9,2.3719392E9,55,1.0
116,94,2.3737536E9,2.3719392E9,34,1.0
116,94,2.3737536E9,2.3719392E9,16,1.0
116,94,2.3737536E9,2.3719392E9,7,1.0
116,94,2.3737536E9,2.3719392E9,17,1.0
116,94,2.3737536E9,2.3719392E9,170,1.0
116,94,2.3737536E9,2.3719392E9,67,1.0
116,159,2.3737536E9,2.3719392E9,150,1.0
116,159,2.3737536E9,2.3719392E9,110,1.0
116,159,2.3737536E9,2.3719392E9,66,1.0
116,159,2.3737536E9,2.3719392E9,112,1.0
116,159,2.3737536E9,2.3719392E9,107,1.0
116,159,2.3737536E9,2.3719392E9,95,1.0
116,159,2.3737536E9,2.3719392E9,73,1.0
116,159,2.3737536E9,2.3719392E9,37,1.0
133,64,2.3737536E9,2.3719392E9,37,1.0
133,94,2.3737536E9,2.3719392E9,16,1.0
133,159,2.3737536E9,2.3719392E9,37,1.0
133,159,2.3737536E9,2.3719392E9,68,1.0
116,64,2.3737536E9,2.3719392E9,68,2.0
116,64,2.3737536E9,2.3719392E9,37,2.0
133,64,2.3737536E9,2.3719392E9,68,2.0
133,94,2.3737536E9,2.3719392E9,55,2.0
133,159,2.3737536E9,2.3719392E9,55,2.0
116,64,2.3737536E9,2.3719392E9,16,3.0
116,64,2.3737536E9,2.3719392E9,55,3.0
116,94,2.3737536E9,2.3719392E9,68,3.0
116,159,2.3737536E9,2.3719392E9,68,3.0
116,94,2.3737536E9,2.3719392E9,37,4.0
116,159,2.3737536E9,2.3719392E9,55,4.0
133,94,2.3737536E9,2.3719392E9,37,4.0
133,64,2.3737536E9,2.3719392E9,16,5.0
133,94,2.3737536E9,2.3719392E9,173,6.0
133,94,2.3737536E9,2.3719392E9,68,6.0
116,94,2.3737536E9,2.3719392E9,173,7.0
116,64,2.37384E9,2.3719392E9,175,1.0
116,64,2.37384E9,2.3719392E9,80,1.0
116,64,2.37384E9,2.3719392E9,97,1.0
116,64,2.37384E9,2.3719392E9,39,1.0
116,64,2.37384E9,2.3719392E9,161,1.0
116,64,2.37384E9,2.3719392E9,95,1.0
116,64,2.37384E9,2.3719392E9,37,1.0
116,64,2.37384E9,2.3719392E9,52,1.0
116,64,2.37384E9,2.3719392E9,93,1.0
116,64,2.37384E9,2.3719392E9,83,1.0
116,64,2.37384E9,2.3719392E9,48,1.0
116,64,2.37384E9,2.3719392E9,126,1.0
116,64,2.37384E9,2.3719392E9,74,1.0
116,94,2.37384E9,2.3719392E9,28,1.0
116,94,2.37384E9,2.3719392E9,129,1.0
116,94,2.37384E9,2.3719392E9,175,1.0
116,94,2.37384E9,2.3719392E9,154,1.0
116,94,2.37384E9,2.3719392E9,149,1.0
116,94,2.37384E9,2.3719392E9,122,1.0
116,94,2.37384E9,2.3719392E9,109,1.0
116,94,2.37384E9,2.3719392E9,75,1.0
116,94,2.37384E9,2.3719392E9,55,1.0
116,94,2.37384E9,2.3719392E9,47,1.0
116,94,2.37384E9,2.3719392E9,180,1.0
116,159,2.37384E9,2.3719392E9,41,1.0
116,159,2.37384E9,2.3719392E9,39,1.0
116,159,2.37384E9,2.3719392E9,101,1.0
116,159,2.37384E9,2.3719392E9,141,1.0
116,159,2.37384E9,2.3719392E9,172,1.0
116,159,2.37384E9,2.3719392E9,178,1.0
116,159,2.37384E9,2.3719392E9,140,1.0
116,159,2.37384E9,2.3719392E9,84,1.0
116,159,2.37384E9,2.3719392E9,80,1.0
116,159,2.37384E9,2.3719392E9,62,1.0
116,159,2.37384E9,2.3719392E9,40,1.0
116,159,2.37384E9,2.3719392E9,36,1.0
116,159,2.37384E9,2.3719392E9,33,1.0
116,159,2.37384E9,2.3719392E9,32,1.0
116,159,2.37384E9,2.3719392E9,2,1.0
133,64,2.37384E9,2.3719392E9,57,1.0
133,159,2.37384E9,2.3719392E9,49,1.0
133,159,2.37384E9,2.3719392E9,154,1.0
116,159,2.37384E9,2.3719392E9,163,2.0
116,159,2.37384E9,2.3719392E9,131,2.0
116,159,2.37384E9,2.3719392E9,129,2.0
116,159,2.37384E9,2.3719392E9,70,2.0
133,64,2.37384E9,2.3719392E9,68,2.0
133,64,2.37384E9,2.3719392E9,70,2.0
133,94,2.37384E9,2.3719392E9,154,2.0
116,94,2.37384E9,2.3719392E9,70,3.0
116,94,2.37384E9,2.3719392E9,68,3.0
116,94,2.37384E9,2.3719392E9,49,3.0
133,94,2.37384E9,2.3719392E9,49,3.0
133,94,2.37384E9,2.3719392E9,70,3.0
133,159,2.37384E9,2.3719392E9,28,3.0
133,159,2.37384E9,2.3719392E9,70,3.0
116,64,2.37384E9,2.3719392E9,28,4.0
116,64,2.37384E9,2.3719392E9,70,4.0
116,159,2.37384E9,2.3719392E9,57,4.0
133,64,2.37384E9,2.3719392E9,154,4.0
133,64,2.37384E9,2.3719392E9,28,4.0
133,94,2.37384E9,2.3719392E9,28,4.0
133,159,2.37384E9,2.3719392E9,57,4.0
116,64,2.37384E9,2.3719392E9,49,5.0
116,94,2.37384E9,2.3719392E9,57,5.0
116,159,2.37384E9,2.3719392E9,173,5.0
116,159,2.37384E9,2.3719392E9,154,5.0
133,64,2.37384E9,2.3719392E9,173,5.0
133,159,2.37384E9,2.3719392E9,173,5.0
116,159,2.37384E9,2.3719392E9,68,6.0
133,94,2.37384E9,2.3719392E9,57,6.0
116,64,2.37384E9,2.3719392E9,154,7.0
133,159,2.37384E9,2.3719392E9,68,7.0
116,159,2.37384E9,2.3719392E9,49,8.0
116,159,2.37384E9,2.3719392E9,28,8.0
133,64,2.37384E9,2.3719392E9,49,8.0
115,64,2.37384E9,2.3719392E9,175,9.0
116,64,2.3739264E9,2.3719392E9,127,1.0
116,64,2.3739264E9,2.3719392E9,16,1.0
116,64,2.3739264E9,2.3719392E9,33,1.0
116,64,2.3739264E9,2.3719392E9,109,1.0
116,64,2.3739264E9,2.3719392E9,117,1.0
116,64,2.3739264E9,2.3719392E9,97,1.0
116,64,2.3739264E9,2.3719392E9,93,1.0
116,64,2.3739264E9,2.3719392E9,149,1.0
116,64,2.3739264E9,2.3719392E9,36,1.0
116,64,2.3739264E9,2.3719392E9,84,1.0
116,64,2.3739264E9,2.3719392E9,162,1.0
116,64,2.3739264E9,2.3719392E9,72,1.0
116,64,2.3739264E9,2.3719392E9,11,1.0
116,94,2.3739264E9,2.3719392E9,73,1.0
116,94,2.3739264E9,2.3719392E9,55,1.0
116,94,2.3739264E9,2.3719392E9,98,1.0
116,94,2.3739264E9,2.3719392E9,162,1.0
116,94,2.3739264E9,2.3719392E9,169,1.0
116,94,2.3739264E9,2.3719392E9,51,1.0
116,94,2.3739264E9,2.3719392E9,86,1.0
116,94,2.3739264E9,2.3719392E9,123,1.0
116,94,2.3739264E9,2.3719392E9,106,1.0
116,94,2.3739264E9,2.3719392E9,68,1.0
116,94,2.3739264E9,2.3719392E9,65,1.0
116,94,2.3739264E9,2.3719392E9,49,1.0
116,94,2.3739264E9,2.3719392E9,40,1.0
116,94,2.3739264E9,2.3719392E9,28,1.0
116,94,2.3739264E9,2.3719392E9,18,1.0
116,94,2.3739264E9,2.3719392E9,12,1.0
116,94,2.3739264E9,2.3719392E9,10,1.0
116,94,2.3739264E9,2.3719392E9,109,1.0
116,159,2.3739264E9,2.3719392E9,107,1.0
116,159,2.3739264E9,2.3719392E9,56,1.0
116,159,2.3739264E9,2.3719392E9,27,1.0
116,159,2.3739264E9,2.3719392E9,47,1.0
116,159,2.3739264E9,2.3719392E9,167,1.0
116,159,2.3739264E9,2.3719392E9,97,1.0
116,159,2.3739264E9,2.3719392E9,122,1.0
116,159,2.3739264E9,2.3719392E9,38,1.0
116,159,2.3739264E9,2.3719392E9,33,1.0
116,159,2.3739264E9,2.3719392E9,31,1.0
116,159,2.3739264E9,2.3719392E9,26,1.0
116,159,2.3739264E9,2.3719392E9,15,1.0
133,64,2.3739264E9,2.3719392E9,91,1.0
133,64,2.3739264E9,2.3719392E9,68,1.0
133,94,2.3739264E9,2.3719392E9,158,1.0
116,64,2.3739264E9,2.3719392E9,106,2.0
116,64,2.3739264E9,2.3719392E9,78,2.0
116,159,2.3739264E9,2.3719392E9,158,2.0
116,159,2.3739264E9,2.3719392E9,68,2.0
116,159,2.3739264E9,2.3719392E9,58,2.0
116,159,2.3739264E9,2.3719392E9,3,2.0
133,64,2.3739264E9,2.3719392E9,27,2.0
133,64,2.3739264E9,2.3719392E9,106,2.0
133,159,2.3739264E9,2.3719392E9,18,2.0
133,159,2.3739264E9,2.3719392E9,106,2.0
133,159,2.3739264E9,2.3719392E9,158,2.0
133,159,2.3739264E9,2.3719392E9,68,2.0
116,64,2.3739264E9,2.3719392E9,60,3.0
116,94,2.3739264E9,2.3719392E9,60,3.0
116,94,2.3739264E9,2.3719392E9,27,3.0
116,94,2.3739264E9,2.3719392E9,91,3.0
116,159,2.3739264E9,2.3719392E9,60,3.0
133,94,2.3739264E9,2.3719392E9,18,3.0
133,94,2.3739264E9,2.3719392E9,60,3.0
133,159,2.3739264E9,2.3719392E9,27,3.0
133,159,2.3739264E9,2.3719392E9,91,3.0
115,64,2.3739264E9,2.3719392E9,42,4.0
116,94,2.3739264E9,2.3719392E9,158,4.0
116,159,2.3739264E9,2.3719392E9,136,4.0
116,159,2.3739264E9,2.3719392E9,91,4.0
116,159,2.3739264E9,2.3719392E9,18,4.0
133,94,2.3739264E9,2.3719392E9,106,4.0
133,94,2.3739264E9,2.3719392E9,27,4.0
133,94,2.3739264E9,2.3719392E9,68,4.0
133,159,2.3739264E9,2.3719392E9,136,4.0
115,64,2.3739264E9,2.3719392E9,120,5.0
115,94,2.3739264E9,2.3719392E9,8,5.0
116,159,2.3739264E9,2.3719392E9,106,5.0
133,64,2.3739264E9,2.3719392E9,158,5.0
133,64,2.3739264E9,2.3719392E9,18,5.0
133,159,2.3739264E9,2.3719392E9,60,5.0
115,159,2.3739264E9,2.3719392E9,8,6.0
115,159,2.3739264E9,2.3719392E9,120,6.0
115,159,2.3739264E9,2.3719392E9,42,6.0
116,64,2.3739264E9,2.3719392E9,18,6.0
116,94,2.3739264E9,2.3719392E9,136,6.0
133,94,2.3739264E9,2.3719392E9,91,6.0
116,64,2.3739264E9,2.3719392E9,158,7.0
115,94,2.3739264E9,2.3719392E9,120,8.0
133,64,2.3739264E9,2.3719392E9,60,8.0
133,94,2.3739264E9,2.3719392E9,136,8.0
115,94,2.3739264E9,2.3719392E9,42,10.0
116,64,2.3740128E9,2.3719392E9,12,1.0
116,64,2.3740128E9,2.3719392E9,22,1.0
116,64,2.3740128E9,2.3719392E9,102,1.0
116,64,2.3740128E9,2.3719392E9,26,1.0
116,64,2.3740128E9,2.3719392E9,101,1.0
116,94,2.3740128E9,2.3719392E9,72,1.0
116,94,2.3740128E9,2.3719392E9,16,1.0
116,94,2.3740128E9,2.3719392E9,30,1.0
116,94,2.3740128E9,2.3719392E9,28,1.0
116,94,2.3740128E9,2.3719392E9,46,1.0
116,94,2.3740128E9,2.3719392E9,18,1.0
116,94,2.3740128E9,2.3719392E9,11,1.0
116,94,2.3740128E9,2.3719392E9,141,1.0
116,94,2.3740128E9,2.3719392E9,172,1.0
116,94,2.3740128E9,2.3719392E9,177,1.0
116,94,2.3740128E9,2.3719392E9,104,1.0
116,94,2.3740128E9,2.3719392E9,100,1.0
116,159,2.3740128E9,2.3719392E9,2,1.0
116,159,2.3740128E9,2.3719392E9,83,1.0
116,159,2.3740128E9,2.3719392E9,68,1.0
116,159,2.3740128E9,2.3719392E9,145,1.0
116,159,2.3740128E9,2.3719392E9,179,1.0
116,159,2.3740128E9,2.3719392E9,158,1.0
116,159,2.3740128E9,2.3719392E9,132,1.0
116,159,2.3740128E9,2.3719392E9,71,1.0
116,159,2.3740128E9,2.3719392E9,61,1.0
116,159,2.3740128E9,2.3719392E9,20,1.0
116,159,2.3740128E9,2.3719392E9,21,1.0
133,94,2.3740128E9,2.3719392E9,15,1.0
116,64,2.3740128E9,2.3719392E9,99,2.0
116,64,2.3740128E9,2.3719392E9,52,2.0
116,94,2.3740128E9,2.3719392E9,50,2.0
116,94,2.3740128E9,2.3719392E9,15,2.0
116,94,2.3740128E9,2.3719392E9,173,2.0
116,94,2.3740128E9,2.3719392E9,99,2.0
116,159,2.3740128E9,2.3719392E9,103,2.0
116,159,2.3740128E9,2.3719392E9,22,2.0
133,64,2.3740128E9,2.3719392E9,99,2.0
133,64,2.3740128E9,2.3719392E9,110,2.0
133,94,2.3740128E9,2.3719392E9,173,2.0
133,94,2.3740128E9,2.3719392E9,99,2.0
133,159,2.3740128E9,2.3719392E9,110,2.0
116,64,2.3740128E9,2.3719392E9,173,3.0
116,159,2.3740128E9,2.3719392E9,173,3.0
116,159,2.3740128E9,2.3719392E9,15,3.0
133,64,2.3740128E9,2.3719392E9,173,3.0
133,94,2.3740128E9,2.3719392E9,110,3.0
133,159,2.3740128E9,2.3719392E9,15,3.0
116,64,2.3740128E9,2.3719392E9,110,4.0
116,94,2.3740128E9,2.3719392E9,22,4.0
116,94,2.3740128E9,2.3719392E9,52,4.0
133,159,2.3740128E9,2.3719392E9,52,4.0
116,159,2.3740128E9,2.3719392E9,99,5.0
116,159,2.3740128E9,2.3719392E9,52,5.0
133,64,2.3740128E9,2.3719392E9,52,5.0
133,64,2.3740128E9,2.3719392E9,22,5.0
133,94,2.3740128E9,2.3719392E9,52,5.0
133,94,2.3740128E9,2.3719392E9,22,5.0
133,159,2.3740128E9,2.3719392E9,173,5.0
116,94,2.3740128E9,2.3719392E9,110,6.0
133,159,2.3740128E9,2.3719392E9,22,6.0
133,159,2.3740128E9,2.3719392E9,99,7.0
115,64,2.3740128E9,2.3719392E9,8,8.0
116,64,2.3740992E9,2.3719392E9,162,1.0
116,64,2.3740992E9,2.3719392E9,150,1.0
116,64,2.3740992E9,2.3719392E9,142,1.0
116,64,2.3740992E9,2.3719392E9,124,1.0
116,64,2.3740992E9,2.3719392E9,123,1.0
116,64,2.3740992E9,2.3719392E9,60,1.0
116,64,2.3740992E9,2.3719392E9,91,1.0
116,64,2.3740992E9,2.3719392E9,50,1.0
116,64,2.3740992E9,2.3719392E9,177,1.0
116,64,2.3740992E9,2.3719392E9,176,1.0
116,64,2.3740992E9,2.3719392E9,170,1.0
116,94,2.3740992E9,2.3719392E9,58,1.0
116,94,2.3740992E9,2.3719392E9,29,1.0
116,94,2.3740992E9,2.3719392E9,52,1.0
116,94,2.3740992E9,2.3719392E9,21,1.0
116,94,2.3740992E9,2.3719392E9,93,1.0
116,94,2.3740992E9,2.3719392E9,91,1.0
116,94,2.3740992E9,2.3719392E9,73,1.0
116,94,2.3740992E9,2.3719392E9,31,1.0
116,159,2.3740992E9,2.3719392E9,75,1.0
116,159,2.3740992E9,2.3719392E9,84,1.0
116,159,2.3740992E9,2.3719392E9,136,1.0
116,159,2.3740992E9,2.3719392E9,92,1.0
116,159,2.3740992E9,2.3719392E9,32,1.0
116,159,2.3740992E9,2.3719392E9,178,1.0
116,159,2.3740992E9,2.3719392E9,128,1.0
116,159,2.3740992E9,2.3719392E9,111,1.0
116,159,2.3740992E9,2.3719392E9,106,1.0
116,159,2.3740992E9,2.3719392E9,35,1.0
116,159,2.3740992E9,2.3719392E9,25,1.0
116,159,2.3740992E9,2.3719392E9,22,1.0
133,64,2.3740992E9,2.3719392E9,89,1.0
133,94,2.3740992E9,2.3719392E9,91,1.0
116,64,2.3740992E9,2.3719392E9,110,2.0
116,64,2.3740992E9,2.3719392E9,106,2.0
116,94,2.3740992E9,2.3719392E9,136,2.0
116,94,2.3740992E9,2.3719392E9,167,2.0
116,159,2.3740992E9,2.3719392E9,147,2.0
116,159,2.3740992E9,2.3719392E9,78,2.0
133,94,2.3740992E9,2.3719392E9,78,2.0
133,94,2.3740992E9,2.3719392E9,106,2.0
133,159,2.3740992E9,2.3719392E9,74,2.0
133,159,2.3740992E9,2.3719392E9,106,2.0
116,64,2.3740992E9,2.3719392E9,74,3.0
116,94,2.3740992E9,2.3719392E9,89,3.0
116,94,2.3740992E9,2.3719392E9,78,3.0
116,94,2.3740992E9,2.3719392E9,34,3.0
116,159,2.3740992E9,2.3719392E9,167,3.0
116,159,2.3740992E9,2.3719392E9,89,3.0
133,64,2.3740992E9,2.3719392E9,34,3.0
133,64,2.3740992E9,2.3719392E9,78,3.0
133,64,2.3740992E9,2.3719392E9,106,3.0
133,94,2.3740992E9,2.3719392E9,89,3.0
133,94,2.3740992E9,2.3719392E9,167,3.0
116,64,2.3740992E9,2.3719392E9,34,4.0
116,64,2.3740992E9,2.3719392E9,167,4.0
116,94,2.3740992E9,2.3719392E9,74,4.0
116,159,2.3740992E9,2.3719392E9,74,4.0
133,94,2.3740992E9,2.3719392E9,74,4.0
133,64,2.3740992E9,2.3719392E9,74,5.0
133,64,2.3740992E9,2.3719392E9,167,5.0
133,159,2.3740992E9,2.3719392E9,78,5.0
133,159,2.3740992E9,2.3719392E9,167,5.0
133,159,2.3740992E9,2.3719392E9,89,5.0
133,159,2.3740992E9,2.3719392E9,91,5.0
116,64,2.3740992E9,2.3719392E9,89,6.0
116,159,2.3740992E9,2.3719392E9,91,6.0
115,64,2.3740992E9,2.3719392E9,111,10.0
116,64,2.3741856E9,2.3719392E9,84,1.0
116,64,2.3741856E9,2.3719392E9,70,1.0
116,159,2.3741856E9,2.3719392E9,70,1.0
116,159,2.3741856E9,2.3719392E9,111,1.0
116,159,2.3741856E9,2.3719392E9,107,1.0
116,159,2.3741856E9,2.3719392E9,68,1.0
116,64,2.3741856E9,2.3719392E9,80,2.0
116,159,2.3741856E9,2.3719392E9,80,2.0
133,159,2.3741856E9,2.3719392E9,80,2.0
116,159,2.3741856E9,2.3719392E9,34,4.0
133,64,2.3741856E9,2.3719392E9,80,4.0
133,159,2.3741856E9,2.3719392E9,34,4.0
116,64,2.374272E9,2.3719392E9,181,1.0
116,64,2.374272E9,2.3719392E9,168,1.0
116,64,2.374272E9,2.3719392E9,145,1.0
116,64,2.374272E9,2.3719392E9,123,1.0
116,64,2.374272E9,2.3719392E9,66,1.0
116,64,2.374272E9,2.3719392E9,16,1.0
116,64,2.374272E9,2.3719392E9,6,1.0
116,94,2.374272E9,2.3719392E9,46,1.0
116,94,2.374272E9,2.3719392E9,109,1.0
116,94,2.374272E9,2.3719392E9,168,1.0
116,94,2.374272E9,2.3719392E9,150,1.0
116,94,2.374272E9,2.3719392E9,136,1.0
116,94,2.374272E9,2.3719392E9,126,1.0
116,94,2.374272E9,2.3719392E9,98,1.0
116,94,2.374272E9,2.3719392E9,84,1.0
116,94,2.374272E9,2.3719392E9,75,1.0
116,94,2.374272E9,2.3719392E9,28,1.0
116,94,2.374272E9,2.3719392E9,20,1.0
116,94,2.374272E9,2.3719392E9,17,1.0
116,94,2.374272E9,2.3719392E9,16,1.0
116,94,2.374272E9,2.3719392E9,10,1.0
116,94,2.374272E9,2.3719392E9,4,1.0
116,94,2.374272E9,2.3719392E9,175,1.0
116,159,2.374272E9,2.3719392E9,142,1.0
116,159,2.374272E9,2.3719392E9,26,1.0
116,159,2.374272E9,2.3719392E9,60,1.0
116,159,2.374272E9,2.3719392E9,40,1.0
116,159,2.374272E9,2.3719392E9,16,1.0
116,159,2.374272E9,2.3719392E9,13,1.0
133,64,2.374272E9,2.3719392E9,18,1.0
133,94,2.374272E9,2.3719392E9,80,1.0
133,94,2.374272E9,2.3719392E9,72,1.0
133,159,2.374272E9,2.3719392E9,66,1.0
116,64,2.374272E9,2.3719392E9,142,2.0
116,64,2.374272E9,2.3719392E9,55,2.0
116,94,2.374272E9,2.3719392E9,117,2.0
116,94,2.374272E9,2.3719392E9,80,2.0
116,94,2.374272E9,2.3719392E9,72,2.0
116,94,2.374272E9,2.3719392E9,40,2.0
116,159,2.374272E9,2.3719392E9,18,2.0
133,159,2.374272E9,2.3719392E9,67,2.0
116,64,2.374272E9,2.3719392E9,67,3.0
116,64,2.374272E9,2.3719392E9,18,3.0
116,94,2.374272E9,2.3719392E9,18,3.0
116,159,2.374272E9,2.3719392E9,20,3.0
133,64,2.374272E9,2.3719392E9,66,3.0
133,64,2.374272E9,2.3719392E9,35,3.0
133,94,2.374272E9,2.3719392E9,20,3.0
133,94,2.374272E9,2.3719392E9,66,3.0
133,159,2.374272E9,2.3719392E9,35,3.0
133,159,2.374272E9,2.3719392E9,60,3.0
133,159,2.374272E9,2.3719392E9,18,3.0
116,94,2.374272E9,2.3719392E9,66,4.0
116,94,2.374272E9,2.3719392E9,60,4.0
116,159,2.374272E9,2.3719392E9,35,4.0
133,94,2.374272E9,2.3719392E9,18,4.0
133,159,2.374272E9,2.3719392E9,20,4.0
116,64,2.374272E9,2.3719392E9,60,5.0
133,64,2.374272E9,2.3719392E9,60,5.0
133,94,2.374272E9,2.3719392E9,60,5.0
133,64,2.374272E9,2.3719392E9,67,6.0
133,94,2.374272E9,2.3719392E9,67,6.0
116,94,2.374272E9,2.3719392E9,67,7.0
116,64,2.3743584E9,2.3719392E9,163,1.0
116,64,2.3743584E9,2.3719392E9,135,1.0
116,64,2.3743584E9,2.3719392E9,96,1.0
116,64,2.3743584E9,2.3719392E9,38,1.0
116,64,2.3743584E9,2.3719392E9,10,1.0
116,94,2.3743584E9,2.3719392E9,126,1.0
116,94,2.3743584E9,2.3719392E9,178,1.0
116,94,2.3743584E9,2.3719392E9,150,1.0
116,94,2.3743584E9,2.3719392E9,60,1.0
116,94,2.3743584E9,2.3719392E9,48,1.0
116,94,2.3743584E9,2.3719392E9,44,1.0
116,94,2.3743584E9,2.3719392E9,32,1.0
116,94,2.3743584E9,2.3719392E9,14,1.0
116,94,2.3743584E9,2.3719392E9,3,1.0
116,159,2.3743584E9,2.3719392E9,175,1.0
116,159,2.3743584E9,2.3719392E9,173,1.0
116,159,2.3743584E9,2.3719392E9,107,1.0
116,159,2.3743584E9,2.3719392E9,52,1.0
116,159,2.3743584E9,2.3719392E9,46,1.0
116,159,2.3743584E9,2.3719392E9,26,1.0
116,159,2.3743584E9,2.3719392E9,72,1.0
133,64,2.3743584E9,2.3719392E9,35,1.0
133,64,2.3743584E9,2.3719392E9,135,1.0
133,94,2.3743584E9,2.3719392E9,107,1.0
133,94,2.3743584E9,2.3719392E9,49,1.0
116,64,2.3743584E9,2.3719392E9,107,2.0
116,94,2.3743584E9,2.3719392E9,135,2.0
133,64,2.3743584E9,2.3719392E9,158,2.0
133,94,2.3743584E9,2.3719392E9,135,2.0
133,94,2.3743584E9,2.3719392E9,158,2.0
133,94,2.3743584E9,2.3719392E9,35,2.0
133,159,2.3743584E9,2.3719392E9,135,2.0
115,94,2.3743584E9,2.3719392E9,174,3.0
116,64,2.3743584E9,2.3719392E9,158,3.0
116,159,2.3743584E9,2.3719392E9,158,3.0
116,159,2.3743584E9,2.3719392E9,135,3.0
133,64,2.3743584E9,2.3719392E9,107,3.0
133,159,2.3743584E9,2.3719392E9,158,3.0
133,159,2.3743584E9,2.3719392E9,107,3.0
133,159,2.3743584E9,2.3719392E9,72,4.0
116,94,2.3743584E9,2.3719392E9,35,5.0
133,64,2.3743584E9,2.3719392E9,49,5.0
133,159,2.3743584E9,2.3719392E9,35,5.0
116,94,2.3743584E9,2.3719392E9,158,6.0
115,94,2.3743584E9,2.3719392E9,69,7.0
115,159,2.3743584E9,2.3719392E9,174,7.0
115,64,2.3743584E9,2.3719392E9,69,8.0
115,159,2.3743584E9,2.3719392E9,69,8.0
115,64,2.3743584E9,2.3719392E9,174,9.0
116,64,2.3744448E9,2.3719392E9,179,1.0
116,64,2.3744448E9,2.3719392E9,168,1.0
116,64,2.3744448E9,2.3719392E9,148,1.0
116,64,2.3744448E9,2.3719392E9,107,1.0
116,64,2.3744448E9,2.3719392E9,22,1.0
116,94,2.3744448E9,2.3719392E9,10,1.0
116,94,2.3744448E9,2.3719392E9,160,1.0
116,94,2.3744448E9,2.3719392E9,6,1.0
116,94,2.3744448E9,2.3719392E9,74,1.0
116,94,2.3744448E9,2.3719392E9,129,1.0
116,94,2.3744448E9,2.3719392E9,83,1.0
116,94,2.3744448E9,2.3719392E9,150,1.0
116,159,2.3744448E9,2.3719392E9,130,1.0
116,159,2.3744448E9,2.3719392E9,178,1.0
116,159,2.3744448E9,2.3719392E9,20,1.0
116,159,2.3744448E9,2.3719392E9,160,1.0
116,159,2.3744448E9,2.3719392E9,148,1.0
116,159,2.3744448E9,2.3719392E9,117,1.0
116,159,2.3744448E9,2.3719392E9,72,1.0
116,159,2.3744448E9,2.3719392E9,60,1.0
116,159,2.3744448E9,2.3719392E9,24,1.0
116,159,2.3744448E9,2.3719392E9,16,1.0
116,159,2.3744448E9,2.3719392E9,107,1.0
133,64,2.3744448E9,2.3719392E9,150,1.0
133,159,2.3744448E9,2.3719392E9,150,1.0
116,64,2.3744448E9,2.3719392E9,150,2.0
116,94,2.3744448E9,2.3719392E9,169,2.0
116,94,2.3744448E9,2.3719392E9,22,2.0
116,159,2.3744448E9,2.3719392E9,150,2.0
133,64,2.3744448E9,2.3719392E9,22,2.0
133,94,2.3744448E9,2.3719392E9,150,2.0
116,159,2.3744448E9,2.3719392E9,49,3.0
133,64,2.3744448E9,2.3719392E9,15,3.0
133,94,2.3744448E9,2.3719392E9,15,3.0
133,159,2.3744448E9,2.3719392E9,22,3.0
116,64,2.3744448E9,2.3719392E9,15,4.0
116,159,2.3744448E9,2.3719392E9,22,4.0
133,94,2.3744448E9,2.3719392E9,22,4.0
133,159,2.3744448E9,2.3719392E9,15,4.0
115,159,2.3744448E9,2.3719392E9,43,5.0
116,159,2.3744448E9,2.3719392E9,15,5.0
133,159,2.3744448E9,2.3719392E9,49,5.0
115,64,2.3744448E9,2.3719392E9,43,7.0
116,94,2.3744448E9,2.3719392E9,15,8.0
115,94,2.3744448E9,2.3719392E9,43,9.0
116,64,2.3745312E9,2.3719392E9,127,1.0
116,64,2.3745312E9,2.3719392E9,55,1.0
116,64,2.3745312E9,2.3719392E9,20,1.0
116,64,2.3745312E9,2.3719392E9,18,1.0
116,94,2.3745312E9,2.3719392E9,7,1.0
116,94,2.3745312E9,2.3719392E9,123,1.0
116,94,2.3745312E9,2.3719392E9,20,1.0
116,94,2.3745312E9,2.3719392E9,97,1.0
116,94,2.3745312E9,2.3719392E9,110,1.0
116,94,2.3745312E9,2.3719392E9,89,1.0
116,94,2.3745312E9,2.3719392E9,37,1.0
116,94,2.3745312E9,2.3719392E9,62,1.0
116,94,2.3745312E9,2.3719392E9,44,1.0
116,94,2.3745312E9,2.3719392E9,22,1.0
116,159,2.3745312E9,2.3719392E9,149,1.0
116,159,2.3745312E9,2.3719392E9,127,1.0
116,159,2.3745312E9,2.3719392E9,74,1.0
116,159,2.3745312E9,2.3719392E9,40,1.0
133,64,2.3745312E9,2.3719392E9,20,1.0
133,94,2.3745312E9,2.3719392E9,37,2.0
133,159,2.3745312E9,2.3719392E9,70,2.0
116,64,2.3745312E9,2.3719392E9,68,3.0
133,64,2.3745312E9,2.3719392E9,68,3.0
133,159,2.3745312E9,2.3719392E9,37,3.0
116,94,2.3745312E9,2.3719392E9,68,4.0
116,159,2.3745312E9,2.3719392E9,68,4.0
116,159,2.3745312E9,2.3719392E9,20,4.0
133,159,2.3745312E9,2.3719392E9,20,4.0
133,159,2.3745312E9,2.3719392E9,68,4.0
133,64,2.3745312E9,2.3719392E9,70,5.0
133,94,2.3745312E9,2.3719392E9,70,5.0
133,94,2.3745312E9,2.3719392E9,68,5.0
116,94,2.3745312E9,2.3719392E9,70,6.0
116,64,2.3746176E9,2.3746176E9,177,1.0
116,64,2.3746176E9,2.3746176E9,147,1.0
116,64,2.3746176E9,2.3746176E9,86,1.0
116,64,2.3746176E9,2.3746176E9,71,1.0
116,64,2.3746176E9,2.3746176E9,68,1.0
116,64,2.3746176E9,2.3746176E9,24,1.0
116,94,2.3746176E9,2.3746176E9,2,1.0
116,94,2.3746176E9,2.3746176E9,18,1.0
116,94,2.3746176E9,2.3746176E9,107,1.0
116,94,2.3746176E9,2.3746176E9,97,1.0
116,94,2.3746176E9,2.3746176E9,83,1.0
116,94,2.3746176E9,2.3746176E9,38,1.0
116,94,2.3746176E9,2.3746176E9,27,1.0
116,94,2.3746176E9,2.3746176E9,160,1.0
116,94,2.3746176E9,2.3746176E9,128,1.0
116,94,2.3746176E9,2.3746176E9,106,1.0
116,159,2.3746176E9,2.3746176E9,173,1.0
116,159,2.3746176E9,2.3746176E9,46,1.0
116,159,2.3746176E9,2.3746176E9,112,1.0
116,159,2.3746176E9,2.3746176E9,107,1.0
116,159,2.3746176E9,2.3746176E9,92,1.0
116,159,2.3746176E9,2.3746176E9,56,1.0
133,64,2.3746176E9,2.3746176E9,49,1.0
133,64,2.3746176E9,2.3746176E9,107,1.0
116,64,2.3746176E9,2.3746176E9,180,2.0
116,159,2.3746176E9,2.3746176E9,49,2.0
133,94,2.3746176E9,2.3746176E9,180,2.0
133,159,2.3746176E9,2.3746176E9,49,2.0
116,159,2.3746176E9,2.3746176E9,74,3.0
133,94,2.3746176E9,2.3746176E9,74,3.0
133,94,2.3746176E9,2.3746176E9,107,3.0
133,159,2.3746176E9,2.3746176E9,107,3.0
133,159,2.3746176E9,2.3746176E9,180,3.0
116,94,2.3746176E9,2.3746176E9,74,4.0
116,94,2.3746176E9,2.3746176E9,180,4.0
133,64,2.3746176E9,2.3746176E9,180,4.0
133,64,2.3746176E9,2.3746176E9,74,4.0
133,159,2.3746176E9,2.3746176E9,74,4.0
116,64,2.3746176E9,2.3746176E9,74,6.0
116,159,2.3746176E9,2.3746176E9,180,6.0
115,94,2.374704E9,2.3746176E9,76,1.0
115,159,2.374704E9,2.3746176E9,76,1.0
116,64,2.374704E9,2.3746176E9,175,1.0
116,64,2.374704E9,2.3746176E9,162,1.0
116,64,2.374704E9,2.3746176E9,160,1.0
116,64,2.374704E9,2.3746176E9,128,1.0
116,64,2.374704E9,2.3746176E9,103,1.0
116,64,2.374704E9,2.3746176E9,81,1.0
116,64,2.374704E9,2.3746176E9,75,1.0
116,64,2.374704E9,2.3746176E9,73,1.0
116,64,2.374704E9,2.3746176E9,67,1.0
116,64,2.374704E9,2.3746176E9,28,1.0
116,64,2.374704E9,2.3746176E9,27,1.0
116,64,2.374704E9,2.3746176E9,22,1.0
116,64,2.374704E9,2.3746176E9,20,1.0
116,94,2.374704E9,2.3746176E9,109,1.0
116,94,2.374704E9,2.3746176E9,158,1.0
116,94,2.374704E9,2.3746176E9,91,1.0
116,94,2.374704E9,2.3746176E9,154,1.0
116,94,2.374704E9,2.3746176E9,128,1.0
116,94,2.374704E9,2.3746176E9,101,1.0
116,94,2.374704E9,2.3746176E9,98,1.0
116,94,2.374704E9,2.3746176E9,30,1.0
116,94,2.374704E9,2.3746176E9,38,1.0
116,94,2.374704E9,2.3746176E9,11,1.0
116,159,2.374704E9,2.3746176E9,95,1.0
116,159,2.374704E9,2.3746176E9,170,1.0
116,159,2.374704E9,2.3746176E9,131,1.0
116,159,2.374704E9,2.3746176E9,50,1.0
116,159,2.374704E9,2.3746176E9,158,1.0
116,159,2.374704E9,2.3746176E9,106,1.0
116,159,2.374704E9,2.3746176E9,89,1.0
116,159,2.374704E9,2.3746176E9,38,1.0
116,159,2.374704E9,2.3746176E9,26,1.0
133,94,2.374704E9,2.3746176E9,158,1.0
133,159,2.374704E9,2.3746176E9,106,1.0
133,159,2.374704E9,2.3746176E9,91,1.0
133,159,2.374704E9,2.3746176E9,158,1.0
116,94,2.374704E9,2.3746176E9,68,2.0
116,159,2.374704E9,2.3746176E9,150,2.0
133,94,2.374704E9,2.3746176E9,100,2.0
133,159,2.374704E9,2.3746176E9,100,2.0
115,64,2.374704E9,2.3746176E9,76,3.0
115,94,2.374704E9,2.3746176E9,90,3.0
115,159,2.374704E9,2.3746176E9,90,3.0
116,64,2.374704E9,2.3746176E9,150,3.0
116,64,2.374704E9,2.3746176E9,106,3.0
116,94,2.374704E9,2.3746176E9,106,3.0
116,94,2.374704E9,2.3746176E9,67,3.0
116,159,2.374704E9,2.3746176E9,100,3.0
116,159,2.374704E9,2.3746176E9,67,3.0
133,94,2.374704E9,2.3746176E9,91,3.0
115,64,2.374704E9,2.3746176E9,90,4.0
116,94,2.374704E9,2.3746176E9,175,4.0
133,94,2.374704E9,2.3746176E9,106,4.0
133,94,2.374704E9,2.3746176E9,175,4.0
133,94,2.374704E9,2.3746176E9,67,4.0
133,159,2.374704E9,2.3746176E9,175,4.0
133,159,2.374704E9,2.3746176E9,150,4.0
116,159,2.374704E9,2.3746176E9,175,5.0
133,64,2.374704E9,2.3746176E9,106,5.0
133,64,2.374704E9,2.3746176E9,67,5.0
133,159,2.374704E9,2.3746176E9,67,5.0
116,64,2.374704E9,2.3746176E9,158,6.0
133,64,2.374704E9,2.3746176E9,158,6.0
116,64,2.374704E9,2.3746176E9,100,7.0
133,64,2.374704E9,2.3746176E9,100,7.0
116,64,2.3747904E9,2.3746176E9,141,1.0
116,64,2.3747904E9,2.3746176E9,130,1.0
116,64,2.3747904E9,2.3746176E9,129,1.0
116,64,2.3747904E9,2.3746176E9,124,1.0
116,64,2.3747904E9,2.3746176E9,117,1.0
116,64,2.3747904E9,2.3746176E9,109,1.0
116,64,2.3747904E9,2.3746176E9,96,1.0
116,64,2.3747904E9,2.3746176E9,77,1.0
116,64,2.3747904E9,2.3746176E9,75,1.0
116,64,2.3747904E9,2.3746176E9,74,1.0
116,64,2.3747904E9,2.3746176E9,71,1.0
116,64,2.3747904E9,2.3746176E9,67,1.0
116,64,2.3747904E9,2.3746176E9,60,1.0
116,64,2.3747904E9,2.3746176E9,30,1.0
116,64,2.3747904E9,2.3746176E9,7,1.0
116,64,2.3747904E9,2.3746176E9,2,1.0
116,94,2.3747904E9,2.3746176E9,41,1.0
116,94,2.3747904E9,2.3746176E9,154,1.0
116,94,2.3747904E9,2.3746176E9,139,1.0
116,94,2.3747904E9,2.3746176E9,136,1.0
116,94,2.3747904E9,2.3746176E9,124,1.0
116,94,2.3747904E9,2.3746176E9,111,1.0
116,94,2.3747904E9,2.3746176E9,89,1.0
116,94,2.3747904E9,2.3746176E9,80,1.0
116,94,2.3747904E9,2.3746176E9,74,1.0
116,94,2.3747904E9,2.3746176E9,72,1.0
116,94,2.3747904E9,2.3746176E9,73,1.0
116,94,2.3747904E9,2.3746176E9,68,1.0
116,94,2.3747904E9,2.3746176E9,65,1.0
116,94,2.3747904E9,2.3746176E9,33,1.0
116,94,2.3747904E9,2.3746176E9,7,1.0
116,159,2.3747904E9,2.3746176E9,31,1.0
116,159,2.3747904E9,2.3746176E9,122,1.0
116,159,2.3747904E9,2.3746176E9,179,1.0
116,159,2.3747904E9,2.3746176E9,173,1.0
116,159,2.3747904E9,2.3746176E9,92,1.0
116,159,2.3747904E9,2.3746176E9,167,1.0
116,159,2.3747904E9,2.3746176E9,150,1.0
116,159,2.3747904E9,2.3746176E9,126,1.0
116,159,2.3747904E9,2.3746176E9,117,1.0
116,159,2.3747904E9,2.3746176E9,100,1.0
116,159,2.3747904E9,2.3746176E9,25,1.0
116,159,2.3747904E9,2.3746176E9,21,1.0
116,159,2.3747904E9,2.3746176E9,18,1.0
116,159,2.3747904E9,2.3746176E9,10,1.0
116,159,2.3747904E9,2.3746176E9,4,1.0
116,64,2.3747904E9,2.3746176E9,135,2.0
116,64,2.3747904E9,2.3746176E9,93,2.0
116,64,2.3747904E9,2.3746176E9,12,2.0
116,64,2.3747904E9,2.3746176E9,4,2.0
116,94,2.3747904E9,2.3746176E9,150,2.0
116,94,2.3747904E9,2.3746176E9,54,2.0
116,159,2.3747904E9,2.3746176E9,67,2.0
133,64,2.3747904E9,2.3746176E9,181,2.0
133,64,2.3747904E9,2.3746176E9,27,2.0
133,94,2.3747904E9,2.3746176E9,122,2.0
133,159,2.3747904E9,2.3746176E9,4,2.0
116,64,2.3747904E9,2.3746176E9,102,3.0
116,94,2.3747904E9,2.3746176E9,181,3.0
116,94,2.3747904E9,2.3746176E9,67,3.0
116,94,2.3747904E9,2.3746176E9,17,3.0
133,64,2.3747904E9,2.3746176E9,167,3.0
133,94,2.3747904E9,2.3746176E9,111,3.0
133,94,2.3747904E9,2.3746176E9,181,3.0
133,94,2.3747904E9,2.3746176E9,150,3.0
133,159,2.3747904E9,2.3746176E9,122,3.0
115,64,2.3747904E9,2.3746176E9,43,4.0
116,64,2.3747904E9,2.3746176E9,110,4.0
116,64,2.3747904E9,2.3746176E9,91,4.0
116,94,2.3747904E9,2.3746176E9,110,4.0
116,94,2.3747904E9,2.3746176E9,4,4.0
116,159,2.3747904E9,2.3746176E9,181,4.0
133,94,2.3747904E9,2.3746176E9,4,4.0
133,159,2.3747904E9,2.3746176E9,111,4.0
133,159,2.3747904E9,2.3746176E9,110,4.0
116,94,2.3747904E9,2.3746176E9,122,5.0
116,159,2.3747904E9,2.3746176E9,111,5.0
116,159,2.3747904E9,2.3746176E9,110,5.0
116,159,2.3747904E9,2.3746176E9,102,5.0
133,64,2.3747904E9,2.3746176E9,102,5.0
133,64,2.3747904E9,2.3746176E9,110,5.0
133,64,2.3747904E9,2.3746176E9,91,5.0
133,94,2.3747904E9,2.3746176E9,67,5.0
133,94,2.3747904E9,2.3746176E9,110,5.0
133,159,2.3747904E9,2.3746176E9,167,5.0
115,94,2.3747904E9,2.3746176E9,43,6.0
116,64,2.3747904E9,2.3746176E9,181,6.0
116,64,2.3747904E9,2.3746176E9,167,6.0
116,64,2.3747904E9,2.3746176E9,27,6.0
116,94,2.3747904E9,2.3746176E9,102,6.0
133,64,2.3747904E9,2.3746176E9,122,6.0
133,94,2.3747904E9,2.3746176E9,102,6.0
133,94,2.3747904E9,2.3746176E9,27,6.0
133,159,2.3747904E9,2.3746176E9,67,6.0
133,64,2.3747904E9,2.3746176E9,4,7.0
133,159,2.3747904E9,2.3746176E9,181,10.0
116,64,2.3748768E9,2.3746176E9,180,1.0
116,64,2.3748768E9,2.3746176E9,179,1.0
116,64,2.3748768E9,2.3746176E9,129,1.0
116,64,2.3748768E9,2.3746176E9,109,1.0
116,64,2.3748768E9,2.3746176E9,103,1.0
116,64,2.3748768E9,2.3746176E9,78,1.0
116,64,2.3748768E9,2.3746176E9,75,1.0
116,64,2.3748768E9,2.3746176E9,70,1.0
116,64,2.3748768E9,2.3746176E9,51,1.0
116,64,2.3748768E9,2.3746176E9,38,1.0
116,64,2.3748768E9,2.3746176E9,36,1.0
116,64,2.3748768E9,2.3746176E9,31,1.0
116,64,2.3748768E9,2.3746176E9,20,1.0
116,64,2.3748768E9,2.3746176E9,2,1.0
116,94,2.3748768E9,2.3746176E9,127,1.0
116,94,2.3748768E9,2.3746176E9,123,1.0
116,94,2.3748768E9,2.3746176E9,108,1.0
116,94,2.3748768E9,2.3746176E9,89,1.0
116,94,2.3748768E9,2.3746176E9,82,1.0
116,94,2.3748768E9,2.3746176E9,68,1.0
116,94,2.3748768E9,2.3746176E9,34,1.0
116,94,2.3748768E9,2.3746176E9,29,1.0
116,159,2.3748768E9,2.3746176E9,23,1.0
116,159,2.3748768E9,2.3746176E9,165,1.0
116,159,2.3748768E9,2.3746176E9,108,1.0
116,159,2.3748768E9,2.3746176E9,66,1.0
116,159,2.3748768E9,2.3746176E9,16,1.0
116,159,2.3748768E9,2.3746176E9,4,1.0
116,159,2.3748768E9,2.3746176E9,2,1.0
133,64,2.3748768E9,2.3746176E9,132,1.0
133,64,2.3748768E9,2.3746176E9,89,1.0
133,64,2.3748768E9,2.3746176E9,66,1.0
133,64,2.3748768E9,2.3746176E9,68,1.0
133,94,2.3748768E9,2.3746176E9,89,1.0
116,64,2.3748768E9,2.3746176E9,132,2.0
116,159,2.3748768E9,2.3746176E9,68,2.0
133,159,2.3748768E9,2.3746176E9,68,2.0
133,159,2.3748768E9,2.3746176E9,173,2.0
133,159,2.3748768E9,2.3746176E9,66,2.0
116,64,2.3748768E9,2.3746176E9,89,3.0
116,64,2.3748768E9,2.3746176E9,68,3.0
116,64,2.3748768E9,2.3746176E9,67,3.0
116,159,2.3748768E9,2.3746176E9,173,3.0
116,159,2.3748768E9,2.3746176E9,132,3.0
133,94,2.3748768E9,2.3746176E9,173,3.0
116,94,2.3748768E9,2.3746176E9,173,4.0
133,64,2.3748768E9,2.3746176E9,173,4.0
133,64,2.3748768E9,2.3746176E9,67,4.0
133,159,2.3748768E9,2.3746176E9,132,4.0
115,64,2.3748768E9,2.3746176E9,114,6.0
115,159,2.3748768E9,2.3746176E9,114,6.0
115,159,2.3748768E9,2.3746176E9,43,7.0
133,159,2.3748768E9,2.3746176E9,89,7.0
116,64,2.3748768E9,2.3746176E9,173,9.0
115,94,2.3748768E9,2.3746176E9,114,11.0
116,64,2.3749632E9,2.3746176E9,175,1.0
116,64,2.3749632E9,2.3746176E9,111,1.0
116,64,2.3749632E9,2.3746176E9,84,1.0
116,64,2.3749632E9,2.3746176E9,31,1.0
116,64,2.3749632E9,2.3746176E9,19,1.0
116,94,2.3749632E9,2.3746176E9,135,1.0
116,94,2.3749632E9,2.3746176E9,128,1.0
116,94,2.3749632E9,2.3746176E9,102,1.0
116,94,2.3749632E9,2.3746176E9,98,1.0
116,94,2.3749632E9,2.3746176E9,83,1.0
116,94,2.3749632E9,2.3746176E9,17,1.0
116,94,2.3749632E9,2.3746176E9,13,1.0
116,159,2.3749632E9,2.3746176E9,148,1.0
116,159,2.3749632E9,2.3746176E9,136,1.0
116,159,2.3749632E9,2.3746176E9,177,1.0
116,159,2.3749632E9,2.3746176E9,95,1.0
116,159,2.3749632E9,2.3746176E9,85,1.0
116,159,2.3749632E9,2.3746176E9,36,1.0
116,64,2.3749632E9,2.3746176E9,70,2.0
116,94,2.3749632E9,2.3746176E9,21,2.0
116,159,2.3749632E9,2.3746176E9,140,2.0
116,64,2.3749632E9,2.3746176E9,161,3.0
116,94,2.3749632E9,2.3746176E9,140,3.0
116,94,2.3749632E9,2.3746176E9,163,3.0
116,159,2.3749632E9,2.3746176E9,163,3.0
116,159,2.3749632E9,2.3746176E9,161,3.0
133,64,2.3749632E9,2.3746176E9,140,3.0
115,64,2.3749632E9,2.3746176E9,138,4.0
115,94,2.3749632E9,2.3746176E9,138,4.0
115,159,2.3749632E9,2.3746176E9,138,4.0
133,159,2.3749632E9,2.3746176E9,161,4.0
116,64,2.3749632E9,2.3746176E9,140,5.0
133,64,2.3749632E9,2.3746176E9,161,5.0
133,159,2.3749632E9,2.3746176E9,163,5.0
133,159,2.3749632E9,2.3746176E9,140,5.0
133,94,2.3749632E9,2.3746176E9,140,6.0
133,94,2.3749632E9,2.3746176E9,161,6.0
116,94,2.3749632E9,2.3746176E9,161,7.0
116,64,2.3750496E9,2.3746176E9,179,1.0
116,64,2.3750496E9,2.3746176E9,150,1.0
116,64,2.3750496E9,2.3746176E9,140,1.0
116,64,2.3750496E9,2.3746176E9,56,1.0
116,64,2.3750496E9,2.3746176E9,37,1.0
116,64,2.3750496E9,2.3746176E9,16,1.0
116,94,2.3750496E9,2.3746176E9,168,1.0
116,94,2.3750496E9,2.3746176E9,175,1.0
116,94,2.3750496E9,2.3746176E9,140,1.0
116,94,2.3750496E9,2.3746176E9,129,1.0
116,94,2.3750496E9,2.3746176E9,56,1.0
116,159,2.3750496E9,2.3746176E9,93,1.0
116,159,2.3750496E9,2.3746176E9,168,1.0
116,159,2.3750496E9,2.3746176E9,80,1.0
116,159,2.3750496E9,2.3746176E9,29,1.0
116,159,2.3750496E9,2.3746176E9,15,1.0
116,159,2.3750496E9,2.3746176E9,6,1.0
133,64,2.3750496E9,2.3746176E9,107,1.0
116,64,2.3750496E9,2.3746176E9,107,2.0
116,159,2.3750496E9,2.3746176E9,56,2.0
133,64,2.3750496E9,2.3746176E9,56,2.0
133,94,2.3750496E9,2.3746176E9,16,2.0
133,159,2.3750496E9,2.3746176E9,16,2.0
116,159,2.3750496E9,2.3746176E9,107,3.0
116,159,2.3750496E9,2.3746176E9,16,3.0
133,159,2.3750496E9,2.3746176E9,107,3.0
133,159,2.3750496E9,2.3746176E9,56,3.0
116,94,2.3750496E9,2.3746176E9,16,5.0
133,64,2.3750496E9,2.3746176E9,16,6.0
115,64,2.3750496E9,2.3746176E9,111,7.0
115,94,2.3750496E9,2.3746176E9,138,9.0
115,159,2.3750496E9,2.3746176E9,138,9.0
116,64,2.375136E9,2.3746176E9,37,1.0
116,64,2.375136E9,2.3746176E9,29,1.0
116,64,2.375136E9,2.3746176E9,4,1.0
116,94,2.375136E9,2.3746176E9,175,1.0
116,94,2.375136E9,2.3746176E9,26,1.0
116,94,2.375136E9,2.3746176E9,33,1.0
116,94,2.375136E9,2.3746176E9,70,1.0
116,159,2.375136E9,2.3746176E9,167,1.0
116,159,2.375136E9,2.3746176E9,142,1.0
116,159,2.375136E9,2.3746176E9,169,1.0
116,159,2.375136E9,2.3746176E9,165,1.0
116,159,2.375136E9,2.3746176E9,163,1.0
116,159,2.375136E9,2.3746176E9,150,1.0
116,159,2.375136E9,2.3746176E9,17,1.0
133,64,2.375136E9,2.3746176E9,21,1.0
133,94,2.375136E9,2.3746176E9,107,1.0
116,64,2.375136E9,2.3746176E9,68,2.0
116,64,2.375136E9,2.3746176E9,21,2.0
116,94,2.375136E9,2.3746176E9,107,2.0
116,94,2.375136E9,2.3746176E9,68,2.0
116,159,2.375136E9,2.3746176E9,68,2.0
116,159,2.375136E9,2.3746176E9,70,2.0
116,159,2.375136E9,2.3746176E9,37,2.0
133,64,2.375136E9,2.3746176E9,68,2.0
115,64,2.375136E9,2.3746176E9,113,3.0
115,94,2.375136E9,2.3746176E9,113,3.0
133,94,2.375136E9,2.3746176E9,68,3.0
133,159,2.375136E9,2.3746176E9,70,3.0
115,159,2.375136E9,2.3746176E9,120,4.0
133,94,2.375136E9,2.3746176E9,21,4.0
133,159,2.375136E9,2.3746176E9,21,4.0
115,64,2.375136E9,2.3746176E9,138,5.0
115,94,2.375136E9,2.3746176E9,120,5.0
116,159,2.375136E9,2.3746176E9,21,5.0
133,94,2.375136E9,2.3746176E9,70,5.0
115,64,2.375136E9,2.3746176E9,175,6.0
133,159,2.375136E9,2.3746176E9,68,6.0
115,159,2.375136E9,2.3746176E9,121,7.0
115,64,2.375136E9,2.3746176E9,120,9.0
116,64,2.3752224E9,2.3746176E9,140,1.0
116,64,2.3752224E9,2.3746176E9,130,1.0
116,64,2.3752224E9,2.3746176E9,107,1.0
116,64,2.3752224E9,2.3746176E9,104,1.0
116,64,2.3752224E9,2.3746176E9,99,1.0
116,64,2.3752224E9,2.3746176E9,93,1.0
116,64,2.3752224E9,2.3746176E9,91,1.0
116,64,2.3752224E9,2.3746176E9,56,1.0
116,64,2.3752224E9,2.3746176E9,41,1.0
116,64,2.3752224E9,2.3746176E9,15,1.0
116,94,2.3752224E9,2.3746176E9,75,1.0
116,94,2.3752224E9,2.3746176E9,66,1.0
116,94,2.3752224E9,2.3746176E9,3,1.0
116,94,2.3752224E9,2.3746176E9,104,1.0
116,159,2.3752224E9,2.3746176E9,181,1.0
116,159,2.3752224E9,2.3746176E9,99,1.0
116,159,2.3752224E9,2.3746176E9,131,1.0
116,159,2.3752224E9,2.3746176E9,80,1.0
133,159,2.3752224E9,2.3746176E9,99,1.0
116,94,2.3752224E9,2.3746176E9,4,2.0
133,94,2.3752224E9,2.3746176E9,99,2.0
133,159,2.3752224E9,2.3746176E9,80,2.0
116,64,2.3752224E9,2.3746176E9,4,3.0
116,94,2.3752224E9,2.3746176E9,80,3.0
116,159,2.3752224E9,2.3746176E9,4,3.0
133,64,2.3752224E9,2.3746176E9,67,3.0
133,64,2.3752224E9,2.3746176E9,99,3.0
133,94,2.3752224E9,2.3746176E9,80,3.0
133,159,2.3752224E9,2.3746176E9,4,3.0
115,64,2.3752224E9,2.3746176E9,113,4.0
115,94,2.3752224E9,2.3746176E9,113,4.0
116,64,2.3752224E9,2.3746176E9,80,4.0
116,64,2.3752224E9,2.3746176E9,70,4.0
116,64,2.3752224E9,2.3746176E9,67,4.0
116,94,2.3752224E9,2.3746176E9,99,4.0
133,159,2.3752224E9,2.3746176E9,67,4.0
133,64,2.3752224E9,2.3746176E9,4,5.0
133,64,2.3752224E9,2.3746176E9,70,5.0
115,64,2.3752224E9,2.3746176E9,111,6.0
133,94,2.3752224E9,2.3746176E9,4,6.0
133,64,2.3752224E9,2.3746176E9,80,7.0
115,159,2.3753088E9,2.3746176E9,155,4.0
115,64,2.3753088E9,2.3746176E9,155,5.0
115,64,2.3753088E9,2.3746176E9,105,7.0
115,94,2.3753088E9,2.3746176E9,105,7.0
115,94,2.3753088E9,2.3746176E9,155,8.0
115,159,2.3753088E9,2.3746176E9,105,10.0
116,64,2.3753952E9,2.3746176E9,162,1.0
116,64,2.3753952E9,2.3746176E9,131,1.0
116,64,2.3753952E9,2.3746176E9,111,1.0
116,64,2.3753952E9,2.3746176E9,110,1.0
116,64,2.3753952E9,2.3746176E9,109,1.0
116,64,2.3753952E9,2.3746176E9,49,1.0
116,64,2.3753952E9,2.3746176E9,18,1.0
116,64,2.3753952E9,2.3746176E9,6,1.0
116,94,2.3753952E9,2.3746176E9,106,1.0
116,94,2.3753952E9,2.3746176E9,73,1.0
116,94,2.3753952E9,2.3746176E9,92,1.0
116,94,2.3753952E9,2.3746176E9,49,1.0
116,94,2.3753952E9,2.3746176E9,25,1.0
116,94,2.3753952E9,2.3746176E9,143,1.0
116,94,2.3753952E9,2.3746176E9,51,1.0
116,94,2.3753952E9,2.3746176E9,89,1.0
116,94,2.3753952E9,2.3746176E9,35,1.0
116,159,2.3753952E9,2.3746176E9,99,1.0
116,159,2.3753952E9,2.3746176E9,179,1.0
116,159,2.3753952E9,2.3746176E9,38,1.0
116,159,2.3753952E9,2.3746176E9,36,1.0
133,159,2.3753952E9,2.3746176E9,21,1.0
133,159,2.3753952E9,2.3746176E9,145,1.0
116,94,2.3753952E9,2.3746176E9,140,2.0
116,94,2.3753952E9,2.3746176E9,21,2.0
116,159,2.3753952E9,2.3746176E9,60,2.0
133,94,2.3753952E9,2.3746176E9,110,2.0
133,159,2.3753952E9,2.3746176E9,140,2.0
133,159,2.3753952E9,2.3746176E9,110,2.0
116,94,2.3753952E9,2.3746176E9,110,3.0
116,159,2.3753952E9,2.3746176E9,140,3.0
116,159,2.3753952E9,2.3746176E9,49,3.0
133,64,2.3753952E9,2.3746176E9,140,3.0
133,94,2.3753952E9,2.3746176E9,145,3.0
133,159,2.3753952E9,2.3746176E9,49,3.0
116,64,2.3753952E9,2.3746176E9,145,4.0
116,159,2.3753952E9,2.3746176E9,145,4.0
133,94,2.3753952E9,2.3746176E9,49,4.0
133,94,2.3753952E9,2.3746176E9,140,4.0
133,94,2.3753952E9,2.3746176E9,21,4.0
115,159,2.3753952E9,2.3746176E9,174,6.0
116,94,2.3753952E9,2.3746176E9,145,6.0
133,64,2.3753952E9,2.3746176E9,110,7.0
133,64,2.3753952E9,2.3746176E9,145,8.0
115,64,2.3753952E9,2.3746176E9,174,9.0
115,94,2.3753952E9,2.3746176E9,174,11.0
116,94,2.3754816E9,2.3746176E9,111,1.0
116,94,2.3754816E9,2.3746176E9,161,1.0
116,159,2.3754816E9,2.3746176E9,111,1.0
116,159,2.3754816E9,2.3746176E9,23,1.0
133,94,2.3754816E9,2.3746176E9,111,1.0
133,159,2.3754816E9,2.3746176E9,111,3.0
115,159,2.3754816E9,2.3746176E9,119,9.0
116,64,2.375568E9,2.3746176E9,175,1.0
116,64,2.375568E9,2.3746176E9,154,1.0
116,64,2.375568E9,2.3746176E9,127,1.0
116,64,2.375568E9,2.3746176E9,77,1.0
116,64,2.375568E9,2.3746176E9,72,1.0
116,64,2.375568E9,2.3746176E9,61,1.0
116,64,2.375568E9,2.3746176E9,57,1.0
116,64,2.375568E9,2.3746176E9,51,1.0
116,64,2.375568E9,2.3746176E9,44,1.0
116,64,2.375568E9,2.3746176E9,31,1.0
116,64,2.375568E9,2.3746176E9,27,1.0
116,64,2.375568E9,2.3746176E9,26,1.0
116,64,2.375568E9,2.3746176E9,12,1.0
116,64,2.375568E9,2.3746176E9,4,1.0
116,94,2.375568E9,2.3746176E9,165,1.0
116,94,2.375568E9,2.3746176E9,163,1.0
116,94,2.375568E9,2.3746176E9,154,1.0
116,94,2.375568E9,2.3746176E9,83,1.0
116,94,2.375568E9,2.3746176E9,82,1.0
116,94,2.375568E9,2.3746176E9,70,1.0
116,94,2.375568E9,2.3746176E9,66,1.0
116,94,2.375568E9,2.3746176E9,38,1.0
116,94,2.375568E9,2.3746176E9,14,1.0
116,159,2.375568E9,2.3746176E9,44,1.0
116,159,2.375568E9,2.3746176E9,32,1.0
116,159,2.375568E9,2.3746176E9,95,1.0
116,159,2.375568E9,2.3746176E9,154,1.0
116,159,2.375568E9,2.3746176E9,179,1.0
116,159,2.375568E9,2.3746176E9,71,1.0
116,159,2.375568E9,2.3746176E9,47,1.0
116,159,2.375568E9,2.3746176E9,36,1.0
116,159,2.375568E9,2.3746176E9,14,1.0
133,64,2.375568E9,2.3746176E9,26,1.0
116,64,2.375568E9,2.3746176E9,56,2.0
116,94,2.375568E9,2.3746176E9,84,2.0
116,94,2.375568E9,2.3746176E9,143,2.0
116,94,2.375568E9,2.3746176E9,103,2.0
133,64,2.375568E9,2.3746176E9,140,2.0
133,64,2.375568E9,2.3746176E9,67,2.0
133,94,2.375568E9,2.3746176E9,143,2.0
133,159,2.375568E9,2.3746176E9,140,2.0
133,159,2.375568E9,2.3746176E9,26,2.0
116,64,2.375568E9,2.3746176E9,143,3.0
116,64,2.375568E9,2.3746176E9,67,3.0
133,64,2.375568E9,2.3746176E9,143,3.0
133,94,2.375568E9,2.3746176E9,140,3.0
133,159,2.375568E9,2.3746176E9,86,3.0
133,159,2.375568E9,2.3746176E9,67,3.0
115,64,2.375568E9,2.3746176E9,175,4.0
116,159,2.375568E9,2.3746176E9,67,4.0
133,64,2.375568E9,2.3746176E9,86,4.0
133,94,2.375568E9,2.3746176E9,26,4.0
116,64,2.375568E9,2.3746176E9,140,5.0
116,94,2.375568E9,2.3746176E9,140,5.0
116,94,2.375568E9,2.3746176E9,26,5.0
116,159,2.375568E9,2.3746176E9,143,5.0
133,94,2.375568E9,2.3746176E9,86,5.0
133,159,2.375568E9,2.3746176E9,143,5.0
115,64,2.375568E9,2.3746176E9,136,6.0
116,64,2.375568E9,2.3746176E9,86,6.0
116,94,2.375568E9,2.3746176E9,86,9.0
116,64,2.3756544E9,2.3746176E9,170,1.0
116,64,2.3756544E9,2.3746176E9,165,1.0
116,64,2.3756544E9,2.3746176E9,154,1.0
116,64,2.3756544E9,2.3746176E9,35,1.0
116,94,2.3756544E9,2.3746176E9,149,1.0
116,94,2.3756544E9,2.3746176E9,136,1.0
116,94,2.3756544E9,2.3746176E9,99,1.0
116,94,2.3756544E9,2.3746176E9,70,1.0
116,159,2.3756544E9,2.3746176E9,169,1.0
116,159,2.3756544E9,2.3746176E9,60,1.0
116,159,2.3756544E9,2.3746176E9,50,1.0
116,159,2.3756544E9,2.3746176E9,24,1.0
116,159,2.3756544E9,2.3746176E9,7,1.0
133,94,2.3756544E9,2.3746176E9,66,1.0
133,94,2.3756544E9,2.3746176E9,15,1.0
133,159,2.3756544E9,2.3746176E9,60,1.0
116,64,2.3756544E9,2.3746176E9,60,2.0
116,94,2.3756544E9,2.3746176E9,67,2.0
116,94,2.3756544E9,2.3746176E9,15,2.0
116,159,2.3756544E9,2.3746176E9,15,2.0
133,64,2.3756544E9,2.3746176E9,66,3.0
133,64,2.3756544E9,2.3746176E9,15,3.0
133,94,2.3756544E9,2.3746176E9,67,3.0
116,159,2.3756544E9,2.3746176E9,66,4.0
133,159,2.3756544E9,2.3746176E9,66,4.0
115,64,2.3756544E9,2.3746176E9,33,5.0
116,64,2.3756544E9,2.3746176E9,15,5.0
115,159,2.3756544E9,2.3746176E9,33,6.0
133,159,2.3756544E9,2.3746176E9,15,6.0
115,94,2.3756544E9,2.3746176E9,33,7.0
116,64,2.3757408E9,2.3746176E9,110,1.0
116,64,2.3757408E9,2.3746176E9,176,1.0
116,64,2.3757408E9,2.3746176E9,140,1.0
116,64,2.3757408E9,2.3746176E9,180,1.0
116,64,2.3757408E9,2.3746176E9,168,1.0
116,64,2.3757408E9,2.3746176E9,95,1.0
116,64,2.3757408E9,2.3746176E9,91,1.0
116,64,2.3757408E9,2.3746176E9,72,1.0
116,64,2.3757408E9,2.3746176E9,65,1.0
116,64,2.3757408E9,2.3746176E9,49,1.0
116,64,2.3757408E9,2.3746176E9,33,1.0
116,64,2.3757408E9,2.3746176E9,17,1.0
116,64,2.3757408E9,2.3746176E9,16,1.0
116,64,2.3757408E9,2.3746176E9,13,1.0
116,64,2.3757408E9,2.3746176E9,12,1.0
116,94,2.3757408E9,2.3746176E9,36,1.0
116,94,2.3757408E9,2.3746176E9,3,1.0
116,94,2.3757408E9,2.3746176E9,181,1.0
116,94,2.3757408E9,2.3746176E9,173,1.0
116,94,2.3757408E9,2.3746176E9,171,1.0
116,94,2.3757408E9,2.3746176E9,158,1.0
116,94,2.3757408E9,2.3746176E9,145,1.0
116,94,2.3757408E9,2.3746176E9,143,1.0
116,94,2.3757408E9,2.3746176E9,96,1.0
116,94,2.3757408E9,2.3746176E9,81,1.0
116,94,2.3757408E9,2.3746176E9,72,1.0
116,94,2.3757408E9,2.3746176E9,65,1.0
116,94,2.3757408E9,2.3746176E9,40,1.0
116,94,2.3757408E9,2.3746176E9,17,1.0
116,94,2.3757408E9,2.3746176E9,11,1.0
116,159,2.3757408E9,2.3746176E9,66,1.0
116,159,2.3757408E9,2.3746176E9,147,1.0
116,159,2.3757408E9,2.3746176E9,124,1.0
116,159,2.3757408E9,2.3746176E9,172,1.0
116,159,2.3757408E9,2.3746176E9,154,1.0
116,159,2.3757408E9,2.3746176E9,142,1.0
116,159,2.3757408E9,2.3746176E9,100,1.0
116,159,2.3757408E9,2.3746176E9,89,1.0
116,159,2.3757408E9,2.3746176E9,80,1.0
116,159,2.3757408E9,2.3746176E9,65,1.0
116,159,2.3757408E9,2.3746176E9,61,1.0
116,159,2.3757408E9,2.3746176E9,59,1.0
116,159,2.3757408E9,2.3746176E9,57,1.0
116,159,2.3757408E9,2.3746176E9,28,1.0
116,159,2.3757408E9,2.3746176E9,16,1.0
133,159,2.3757408E9,2.3746176E9,89,1.0
133,159,2.3757408E9,2.3746176E9,49,1.0
116,64,2.3757408E9,2.3746176E9,7,2.0
116,94,2.3757408E9,2.3746176E9,106,2.0
116,94,2.3757408E9,2.3746176E9,104,2.0
116,94,2.3757408E9,2.3746176E9,49,2.0
116,94,2.3757408E9,2.3746176E9,34,2.0
116,94,2.3757408E9,2.3746176E9,7,2.0
116,159,2.3757408E9,2.3746176E9,49,2.0
133,64,2.3757408E9,2.3746176E9,7,2.0
133,64,2.3757408E9,2.3746176E9,66,2.0
133,64,2.3757408E9,2.3746176E9,106,2.0
133,94,2.3757408E9,2.3746176E9,7,2.0
133,94,2.3757408E9,2.3746176E9,66,2.0
133,94,2.3757408E9,2.3746176E9,106,2.0
133,159,2.3757408E9,2.3746176E9,57,2.0
115,64,2.3757408E9,2.3746176E9,151,3.0
115,159,2.3757408E9,2.3746176E9,151,3.0
116,64,2.3757408E9,2.3746176E9,89,3.0
116,94,2.3757408E9,2.3746176E9,141,3.0
116,94,2.3757408E9,2.3746176E9,66,3.0
116,94,2.3757408E9,2.3746176E9,60,3.0
133,64,2.3757408E9,2.3746176E9,34,3.0
133,159,2.3757408E9,2.3746176E9,7,3.0
115,94,2.3757408E9,2.3746176E9,151,4.0
116,64,2.3757408E9,2.3746176E9,57,4.0
116,159,2.3757408E9,2.3746176E9,7,4.0
133,94,2.3757408E9,2.3746176E9,34,4.0
133,159,2.3757408E9,2.3746176E9,136,4.0
133,159,2.3757408E9,2.3746176E9,34,4.0
116,64,2.3757408E9,2.3746176E9,66,5.0
116,64,2.3757408E9,2.3746176E9,34,5.0
116,94,2.3757408E9,2.3746176E9,57,5.0
116,159,2.3757408E9,2.3746176E9,34,5.0
133,64,2.3757408E9,2.3746176E9,57,5.0
133,94,2.3757408E9,2.3746176E9,60,5.0
133,94,2.3757408E9,2.3746176E9,57,5.0
133,159,2.3757408E9,2.3746176E9,66,5.0
133,64,2.3757408E9,2.3746176E9,89,6.0
116,159,2.3757408E9,2.3746176E9,141,7.0
116,159,2.3757408E9,2.3746176E9,136,7.0
133,64,2.3757408E9,2.3746176E9,141,7.0
133,94,2.3757408E9,2.3746176E9,141,10.0
133,159,2.3757408E9,2.3746176E9,141,10.0
116,64,2.3758272E9,2.3746176E9,66,1.0
116,64,2.3758272E9,2.3746176E9,106,1.0
116,64,2.3758272E9,2.3746176E9,101,1.0
116,64,2.3758272E9,2.3746176E9,96,1.0
116,64,2.3758272E9,2.3746176E9,47,1.0
116,94,2.3758272E9,2.3746176E9,147,1.0
116,94,2.3758272E9,2.3746176E9,140,1.0
116,94,2.3758272E9,2.3746176E9,108,1.0
116,94,2.3758272E9,2.3746176E9,100,1.0
116,94,2.3758272E9,2.3746176E9,89,1.0
116,94,2.3758272E9,2.3746176E9,74,1.0
116,94,2.3758272E9,2.3746176E9,65,1.0
116,94,2.3758272E9,2.3746176E9,58,1.0
116,94,2.3758272E9,2.3746176E9,48,1.0
116,94,2.3758272E9,2.3746176E9,21,1.0
116,94,2.3758272E9,2.3746176E9,10,1.0
116,159,2.3758272E9,2.3746176E9,172,1.0
116,159,2.3758272E9,2.3746176E9,127,1.0
116,159,2.3758272E9,2.3746176E9,67,1.0
133,159,2.3758272E9,2.3746176E9,96,1.0
133,159,2.3758272E9,2.3746176E9,106,1.0
116,64,2.3758272E9,2.3746176E9,16,2.0
116,94,2.3758272E9,2.3746176E9,129,2.0
116,94,2.3758272E9,2.3746176E9,96,2.0
116,94,2.3758272E9,2.3746176E9,66,2.0
133,64,2.3758272E9,2.3746176E9,66,2.0
133,94,2.3758272E9,2.3746176E9,106,2.0
116,64,2.3758272E9,2.3746176E9,22,3.0
116,159,2.3758272E9,2.3746176E9,106,3.0
133,94,2.3758272E9,2.3746176E9,66,3.0
133,64,2.3758272E9,2.3746176E9,22,4.0
133,64,2.3758272E9,2.3746176E9,96,4.0
133,94,2.3758272E9,2.3746176E9,89,4.0
133,94,2.3758272E9,2.3746176E9,96,4.0
116,94,2.3758272E9,2.3746176E9,22,5.0
133,94,2.3758272E9,2.3746176E9,22,5.0
116,94,2.3758272E9,2.3746176E9,106,6.0
116,64,2.3759136E9,2.3746176E9,55,1.0
116,64,2.3759136E9,2.3746176E9,30,1.0
116,64,2.3759136E9,2.3746176E9,46,1.0
116,64,2.3759136E9,2.3746176E9,22,1.0
116,64,2.3759136E9,2.3746176E9,130,1.0
116,64,2.3759136E9,2.3746176E9,111,1.0
116,64,2.3759136E9,2.3746176E9,50,1.0
116,64,2.3759136E9,2.3746176E9,100,1.0
116,64,2.3759136E9,2.3746176E9,158,1.0
116,64,2.3759136E9,2.3746176E9,132,1.0
116,64,2.3759136E9,2.3746176E9,101,1.0
116,64,2.3759136E9,2.3746176E9,60,1.0
116,64,2.3759136E9,2.3746176E9,44,1.0
116,64,2.3759136E9,2.3746176E9,2,1.0
116,94,2.3759136E9,2.3746176E9,163,1.0
116,94,2.3759136E9,2.3746176E9,160,1.0
116,94,2.3759136E9,2.3746176E9,135,1.0
116,94,2.3759136E9,2.3746176E9,110,1.0
116,94,2.3759136E9,2.3746176E9,70,1.0
116,94,2.3759136E9,2.3746176E9,60,1.0
116,94,2.3759136E9,2.3746176E9,59,1.0
116,94,2.3759136E9,2.3746176E9,57,1.0
116,94,2.3759136E9,2.3746176E9,51,1.0
116,94,2.3759136E9,2.3746176E9,44,1.0
116,94,2.3759136E9,2.3746176E9,36,1.0
116,94,2.3759136E9,2.3746176E9,17,1.0
116,159,2.3759136E9,2.3746176E9,66,1.0
116,159,2.3759136E9,2.3746176E9,56,1.0
116,159,2.3759136E9,2.3746176E9,142,1.0
116,159,2.3759136E9,2.3746176E9,145,1.0
116,159,2.3759136E9,2.3746176E9,136,1.0
116,159,2.3759136E9,2.3746176E9,110,1.0
116,159,2.3759136E9,2.3746176E9,104,1.0
116,159,2.3759136E9,2.3746176E9,93,1.0
116,159,2.3759136E9,2.3746176E9,80,1.0
116,159,2.3759136E9,2.3746176E9,71,1.0
116,159,2.3759136E9,2.3746176E9,61,1.0
116,159,2.3759136E9,2.3746176E9,60,1.0
116,159,2.3759136E9,2.3746176E9,58,1.0
116,159,2.3759136E9,2.3746176E9,48,1.0
116,159,2.3759136E9,2.3746176E9,37,1.0
116,159,2.3759136E9,2.3746176E9,36,1.0
116,159,2.3759136E9,2.3746176E9,3,1.0
133,64,2.3759136E9,2.3746176E9,70,1.0
133,64,2.3759136E9,2.3746176E9,106,1.0
133,159,2.3759136E9,2.3746176E9,66,1.0
116,94,2.3759136E9,2.3746176E9,161,2.0
116,94,2.3759136E9,2.3746176E9,99,2.0
116,94,2.3759136E9,2.3746176E9,15,2.0
116,159,2.3759136E9,2.3746176E9,108,2.0
116,159,2.3759136E9,2.3746176E9,15,2.0
133,64,2.3759136E9,2.3746176E9,180,2.0
133,94,2.3759136E9,2.3746176E9,180,2.0
133,94,2.3759136E9,2.3746176E9,70,2.0
133,159,2.3759136E9,2.3746176E9,15,2.0
116,94,2.3759136E9,2.3746176E9,68,3.0
133,64,2.3759136E9,2.3746176E9,15,3.0
133,94,2.3759136E9,2.3746176E9,15,3.0
116,64,2.3759136E9,2.3746176E9,15,4.0
133,159,2.3759136E9,2.3746176E9,68,4.0
133,159,2.3759136E9,2.3746176E9,70,4.0
116,64,2.3759136E9,2.3746176E9,99,5.0
116,64,2.3759136E9,2.3746176E9,180,5.0
116,94,2.3759136E9,2.3746176E9,180,5.0
116,159,2.3759136E9,2.3746176E9,68,5.0
133,64,2.3759136E9,2.3746176E9,99,5.0
133,94,2.3759136E9,2.3746176E9,68,5.0
133,159,2.3759136E9,2.3746176E9,99,5.0
116,94,2.3759136E9,2.3746176E9,111,6.0
116,159,2.3759136E9,2.3746176E9,99,6.0
116,159,2.3759136E9,2.3746176E9,70,6.0
133,94,2.3759136E9,2.3746176E9,111,6.0
133,94,2.3759136E9,2.3746176E9,99,6.0
133,159,2.3759136E9,2.3746176E9,111,9.0
116,159,2.3759136E9,2.3746176E9,111,10.0
116,159,2.376E9,2.3746176E9,140,1.0
116,159,2.376E9,2.3746176E9,162,1.0
116,159,2.376E9,2.3746176E9,96,1.0
116,159,2.376E9,2.3746176E9,55,1.0
116,159,2.376E9,2.3746176E9,50,1.0
133,64,2.376E9,2.3746176E9,4,1.0
116,64,2.376E9,2.3746176E9,52,2.0
133,94,2.376E9,2.3746176E9,4,2.0
115,159,2.376E9,2.3746176E9,113,3.0
116,64,2.376E9,2.3746176E9,68,3.0
116,94,2.376E9,2.3746176E9,52,3.0
116,159,2.376E9,2.3746176E9,52,3.0
133,64,2.376E9,2.3746176E9,52,3.0
133,159,2.376E9,2.3746176E9,52,4.0
116,159,2.376E9,2.3746176E9,180,5.0
133,159,2.376E9,2.3746176E9,180,5.0
115,159,2.376E9,2.3746176E9,125,7.0
115,94,2.376E9,2.3746176E9,125,9.0
115,159,2.376E9,2.3746176E9,119,10.0
116,64,2.3760864E9,2.3746176E9,102,1.0
116,64,2.3760864E9,2.3746176E9,158,1.0
116,64,2.3760864E9,2.3746176E9,82,1.0
116,64,2.3760864E9,2.3746176E9,86,1.0
116,64,2.3760864E9,2.3746176E9,78,1.0
116,64,2.3760864E9,2.3746176E9,2,1.0
116,94,2.3760864E9,2.3746176E9,171,1.0
116,94,2.3760864E9,2.3746176E9,160,1.0
116,94,2.3760864E9,2.3746176E9,108,1.0
116,94,2.3760864E9,2.3746176E9,93,1.0
116,94,2.3760864E9,2.3746176E9,65,1.0
116,94,2.3760864E9,2.3746176E9,47,1.0
116,94,2.3760864E9,2.3746176E9,34,1.0
116,94,2.3760864E9,2.3746176E9,18,1.0
116,159,2.3760864E9,2.3746176E9,135,1.0
116,159,2.3760864E9,2.3746176E9,165,1.0
116,159,2.3760864E9,2.3746176E9,107,1.0
116,159,2.3760864E9,2.3746176E9,181,1.0
116,159,2.3760864E9,2.3746176E9,131,1.0
116,159,2.3760864E9,2.3746176E9,127,1.0
116,159,2.3760864E9,2.3746176E9,126,1.0
116,159,2.3760864E9,2.3746176E9,97,1.0
116,159,2.3760864E9,2.3746176E9,73,1.0
116,159,2.3760864E9,2.3746176E9,21,1.0
116,159,2.3760864E9,2.3746176E9,11,1.0
133,64,2.3760864E9,2.3746176E9,170,1.0
133,94,2.3760864E9,2.3746176E9,170,1.0
116,64,2.3760864E9,2.3746176E9,35,2.0
116,64,2.3760864E9,2.3746176E9,11,2.0
116,94,2.3760864E9,2.3746176E9,11,2.0
116,159,2.3760864E9,2.3746176E9,35,2.0
116,159,2.3760864E9,2.3746176E9,4,2.0
133,64,2.3760864E9,2.3746176E9,11,2.0
133,159,2.3760864E9,2.3746176E9,11,2.0
133,94,2.3760864E9,2.3746176E9,67,3.0
133,159,2.3760864E9,2.3746176E9,35,3.0
133,159,2.3760864E9,2.3746176E9,4,3.0
116,94,2.3760864E9,2.3746176E9,67,4.0
116,94,2.3760864E9,2.3746176E9,35,4.0
116,159,2.3760864E9,2.3746176E9,158,4.0
116,159,2.3760864E9,2.3746176E9,67,4.0
133,159,2.3760864E9,2.3746176E9,67,4.0
133,159,2.3760864E9,2.3746176E9,158,4.0
133,94,2.3760864E9,2.3746176E9,11,5.0
133,64,2.3760864E9,2.3746176E9,158,6.0
133,94,2.3760864E9,2.3746176E9,158,6.0
116,94,2.3760864E9,2.3746176E9,158,7.0
116,159,2.3760864E9,2.3746176E9,170,7.0
133,94,2.3760864E9,2.3746176E9,35,7.0
133,159,2.3760864E9,2.3746176E9,170,7.0
133,64,2.3760864E9,2.3746176E9,35,8.0
115,64,2.3760864E9,2.3746176E9,125,9.0
116,64,2.3761728E9,2.3746176E9,46,1.0
116,64,2.3761728E9,2.3746176E9,108,1.0
116,64,2.3761728E9,2.3746176E9,101,1.0
116,64,2.3761728E9,2.3746176E9,172,1.0
116,64,2.3761728E9,2.3746176E9,129,1.0
116,64,2.3761728E9,2.3746176E9,2,1.0
116,64,2.3761728E9,2.3746176E9,122,1.0
116,64,2.3761728E9,2.3746176E9,16,1.0
116,64,2.3761728E9,2.3746176E9,6,1.0
116,64,2.3761728E9,2.3746176E9,29,1.0
116,94,2.3761728E9,2.3746176E9,169,1.0
116,94,2.3761728E9,2.3746176E9,160,1.0
116,94,2.3761728E9,2.3746176E9,158,1.0
116,94,2.3761728E9,2.3746176E9,150,1.0
116,94,2.3761728E9,2.3746176E9,148,1.0
116,94,2.3761728E9,2.3746176E9,47,1.0
116,94,2.3761728E9,2.3746176E9,22,1.0
116,94,2.3761728E9,2.3746176E9,7,1.0
116,159,2.3761728E9,2.3746176E9,80,1.0
116,159,2.3761728E9,2.3746176E9,176,1.0
116,159,2.3761728E9,2.3746176E9,181,1.0
116,159,2.3761728E9,2.3746176E9,173,1.0
116,159,2.3761728E9,2.3746176E9,154,1.0
116,159,2.3761728E9,2.3746176E9,148,1.0
116,159,2.3761728E9,2.3746176E9,123,1.0
116,159,2.3761728E9,2.3746176E9,112,1.0
116,159,2.3761728E9,2.3746176E9,111,1.0
116,159,2.3761728E9,2.3746176E9,93,1.0
116,159,2.3761728E9,2.3746176E9,81,1.0
116,159,2.3761728E9,2.3746176E9,50,1.0
116,159,2.3761728E9,2.3746176E9,48,1.0
116,159,2.3761728E9,2.3746176E9,39,1.0
116,159,2.3761728E9,2.3746176E9,20,1.0
116,159,2.3761728E9,2.3746176E9,14,1.0
133,64,2.3761728E9,2.3746176E9,7,1.0
133,94,2.3761728E9,2.3746176E9,3,1.0
133,94,2.3761728E9,2.3746176E9,14,1.0
133,159,2.3761728E9,2.3746176E9,14,1.0
116,64,2.3761728E9,2.3746176E9,154,2.0
116,64,2.3761728E9,2.3746176E9,14,2.0
116,94,2.3761728E9,2.3746176E9,111,2.0
116,94,2.3761728E9,2.3746176E9,14,2.0
116,159,2.3761728E9,2.3746176E9,109,2.0
133,64,2.3761728E9,2.3746176E9,161,2.0
133,64,2.3761728E9,2.3746176E9,14,2.0
133,64,2.3761728E9,2.3746176E9,3,2.0
133,94,2.3761728E9,2.3746176E9,111,2.0
133,94,2.3761728E9,2.3746176E9,109,2.0
116,64,2.3761728E9,2.3746176E9,109,3.0
116,159,2.3761728E9,2.3746176E9,136,3.0
133,94,2.3761728E9,2.3746176E9,7,3.0
133,94,2.3761728E9,2.3746176E9,136,3.0
133,159,2.3761728E9,2.3746176E9,3,3.0
116,94,2.3761728E9,2.3746176E9,109,4.0
116,159,2.3761728E9,2.3746176E9,3,4.0
133,159,2.3761728E9,2.3746176E9,136,4.0
133,159,2.3761728E9,2.3746176E9,161,4.0
133,159,2.3761728E9,2.3746176E9,109,4.0
116,64,2.3761728E9,2.3746176E9,67,5.0
133,159,2.3761728E9,2.3746176E9,111,5.0
116,64,2.3761728E9,2.3746176E9,161,6.0
116,159,2.3761728E9,2.3746176E9,7,6.0
133,159,2.3761728E9,2.3746176E9,7,6.0
116,159,2.3761728E9,2.3746176E9,161,7.0
133,64,2.3761728E9,2.3746176E9,109,9.0
116,64,2.3762592E9,2.3746176E9,72,1.0
116,64,2.3762592E9,2.3746176E9,78,1.0
116,64,2.3762592E9,2.3746176E9,49,1.0
116,64,2.3762592E9,2.3746176E9,46,1.0
116,64,2.3762592E9,2.3746176E9,140,1.0
116,64,2.3762592E9,2.3746176E9,136,1.0
116,64,2.3762592E9,2.3746176E9,165,1.0
116,64,2.3762592E9,2.3746176E9,67,1.0
116,64,2.3762592E9,2.3746176E9,12,1.0
116,94,2.3762592E9,2.3746176E9,179,1.0
116,94,2.3762592E9,2.3746176E9,161,1.0
116,94,2.3762592E9,2.3746176E9,158,1.0
116,94,2.3762592E9,2.3746176E9,154,1.0
116,94,2.3762592E9,2.3746176E9,148,1.0
116,94,2.3762592E9,2.3746176E9,140,1.0
116,94,2.3762592E9,2.3746176E9,123,1.0
116,94,2.3762592E9,2.3746176E9,112,1.0
116,94,2.3762592E9,2.3746176E9,108,1.0
116,94,2.3762592E9,2.3746176E9,78,1.0
116,94,2.3762592E9,2.3746176E9,70,1.0
116,94,2.3762592E9,2.3746176E9,62,1.0
116,94,2.3762592E9,2.3746176E9,61,1.0
116,94,2.3762592E9,2.3746176E9,58,1.0
116,94,2.3762592E9,2.3746176E9,50,1.0
116,94,2.3762592E9,2.3746176E9,46,1.0
116,94,2.3762592E9,2.3746176E9,20,1.0
116,94,2.3762592E9,2.3746176E9,17,1.0
116,94,2.3762592E9,2.3746176E9,18,1.0
116,94,2.3762592E9,2.3746176E9,15,1.0
116,94,2.3762592E9,2.3746176E9,7,1.0
116,94,2.3762592E9,2.3746176E9,4,1.0
116,159,2.3762592E9,2.3746176E9,52,1.0
116,159,2.3762592E9,2.3746176E9,136,1.0
116,159,2.3762592E9,2.3746176E9,142,1.0
116,159,2.3762592E9,2.3746176E9,178,1.0
116,159,2.3762592E9,2.3746176E9,117,1.0
116,159,2.3762592E9,2.3746176E9,112,1.0
116,159,2.3762592E9,2.3746176E9,89,1.0
116,159,2.3762592E9,2.3746176E9,85,1.0
116,159,2.3762592E9,2.3746176E9,81,1.0
116,159,2.3762592E9,2.3746176E9,49,1.0
116,159,2.3762592E9,2.3746176E9,44,1.0
116,159,2.3762592E9,2.3746176E9,38,1.0
116,159,2.3762592E9,2.3746176E9,36,1.0
116,159,2.3762592E9,2.3746176E9,34,1.0
116,159,2.3762592E9,2.3746176E9,2,1.0
133,94,2.3762592E9,2.3746176E9,108,1.0
133,159,2.3762592E9,2.3746176E9,72,1.0
133,159,2.3762592E9,2.3746176E9,10,1.0
116,64,2.3762592E9,2.3746176E9,108,2.0
133,94,2.3762592E9,2.3746176E9,49,2.0
133,159,2.3762592E9,2.3746176E9,108,2.0
116,94,2.3762592E9,2.3746176E9,66,3.0
116,159,2.3762592E9,2.3746176E9,66,3.0
133,64,2.3762592E9,2.3746176E9,140,3.0
133,64,2.3762592E9,2.3746176E9,72,3.0
133,64,2.3762592E9,2.3746176E9,161,3.0
133,94,2.3762592E9,2.3746176E9,150,3.0
133,159,2.3762592E9,2.3746176E9,49,3.0
133,159,2.3762592E9,2.3746176E9,161,3.0
116,64,2.3762592E9,2.3746176E9,161,4.0
116,94,2.3762592E9,2.3746176E9,150,4.0
116,94,2.3762592E9,2.3746176E9,49,4.0
133,64,2.3762592E9,2.3746176E9,66,4.0
133,64,2.3762592E9,2.3746176E9,108,4.0
133,94,2.3762592E9,2.3746176E9,66,4.0
133,159,2.3762592E9,2.3746176E9,66,4.0
116,64,2.3762592E9,2.3746176E9,10,5.0
116,94,2.3762592E9,2.3746176E9,10,5.0
116,159,2.3762592E9,2.3746176E9,140,5.0
116,159,2.3762592E9,2.3746176E9,72,5.0
133,64,2.3762592E9,2.3746176E9,10,5.0
133,94,2.3762592E9,2.3746176E9,10,5.0
133,94,2.3762592E9,2.3746176E9,72,5.0
133,94,2.3762592E9,2.3746176E9,140,5.0
116,159,2.3762592E9,2.3746176E9,150,6.0
116,94,2.3762592E9,2.3746176E9,72,7.0
133,64,2.3762592E9,2.3746176E9,49,7.0
133,159,2.3762592E9,2.3746176E9,140,7.0
133,159,2.3762592E9,2.3746176E9,150,8.0
115,64,2.3762592E9,2.3746176E9,111,12.0
116,64,2.3763456E9,2.3746176E9,35,1.0
116,64,2.3763456E9,2.3746176E9,131,1.0
116,64,2.3763456E9,2.3746176E9,150,1.0
116,64,2.3763456E9,2.3746176E9,44,1.0
116,64,2.3763456E9,2.3746176E9,3,1.0
116,64,2.3763456E9,2.3746176E9,181,1.0
116,64,2.3763456E9,2.3746176E9,169,1.0
116,64,2.3763456E9,2.3746176E9,176,1.0
116,64,2.3763456E9,2.3746176E9,54,1.0
116,94,2.3763456E9,2.3746176E9,168,1.0
116,94,2.3763456E9,2.3746176E9,72,1.0
116,159,2.3763456E9,2.3746176E9,26,1.0
116,159,2.3763456E9,2.3746176E9,107,1.0
116,159,2.3763456E9,2.3746176E9,148,1.0
116,159,2.3763456E9,2.3746176E9,96,1.0
116,159,2.3763456E9,2.3746176E9,40,1.0
116,159,2.3763456E9,2.3746176E9,22,1.0
116,159,2.3763456E9,2.3746176E9,21,1.0
116,159,2.3763456E9,2.3746176E9,19,1.0
115,94,2.3763456E9,2.3746176E9,113,2.0
116,64,2.3763456E9,2.3746176E9,21,2.0
116,159,2.3763456E9,2.3746176E9,168,2.0
133,64,2.3763456E9,2.3746176E9,147,2.0
133,159,2.3763456E9,2.3746176E9,35,2.0
133,159,2.3763456E9,2.3746176E9,147,2.0
115,64,2.3763456E9,2.3746176E9,113,3.0
116,64,2.3763456E9,2.3746176E9,168,3.0
116,94,2.3763456E9,2.3746176E9,148,3.0
116,159,2.3763456E9,2.3746176E9,35,3.0
133,64,2.3763456E9,2.3746176E9,150,3.0
133,94,2.3763456E9,2.3746176E9,35,3.0
133,159,2.3763456E9,2.3746176E9,148,3.0
116,64,2.3763456E9,2.3746176E9,147,4.0
116,159,2.3763456E9,2.3746176E9,147,4.0
115,64,2.3763456E9,2.3746176E9,134,5.0
115,94,2.3763456E9,2.3746176E9,33,5.0
133,64,2.3763456E9,2.3746176E9,35,5.0
133,159,2.3763456E9,2.3746176E9,168,6.0
115,94,2.3763456E9,2.3746176E9,134,7.0
115,64,2.3763456E9,2.3746176E9,33,8.0
133,94,2.3763456E9,2.3746176E9,148,9.0
116,64,2.376432E9,2.3746176E9,30,1.0
116,64,2.376432E9,2.3746176E9,148,1.0
116,64,2.376432E9,2.3746176E9,41,1.0
116,64,2.376432E9,2.3746176E9,14,1.0
116,64,2.376432E9,2.3746176E9,139,1.0
116,64,2.376432E9,2.3746176E9,111,1.0
116,64,2.376432E9,2.3746176E9,4,1.0
116,64,2.376432E9,2.3746176E9,179,1.0
116,64,2.376432E9,2.3746176E9,131,1.0
116,64,2.376432E9,2.3746176E9,106,1.0
116,64,2.376432E9,2.3746176E9,59,1.0
116,64,2.376432E9,2.3746176E9,33,1.0
116,64,2.376432E9,2.3746176E9,21,1.0
116,94,2.376432E9,2.3746176E9,165,1.0
116,94,2.376432E9,2.3746176E9,147,1.0
116,94,2.376432E9,2.3746176E9,110,1.0
116,94,2.376432E9,2.3746176E9,99,1.0
116,94,2.376432E9,2.3746176E9,40,1.0
116,94,2.376432E9,2.3746176E9,34,1.0
116,94,2.376432E9,2.3746176E9,19,1.0
116,159,2.376432E9,2.3746176E9,141,1.0
116,159,2.376432E9,2.3746176E9,37,1.0
116,159,2.376432E9,2.3746176E9,96,1.0
116,159,2.376432E9,2.3746176E9,176,1.0
116,159,2.376432E9,2.3746176E9,61,1.0
116,159,2.376432E9,2.3746176E9,49,1.0
116,159,2.376432E9,2.3746176E9,26,1.0
116,159,2.376432E9,2.3746176E9,16,1.0
116,159,2.376432E9,2.3746176E9,12,1.0
116,159,2.376432E9,2.3746176E9,7,1.0
133,159,2.376432E9,2.3746176E9,37,1.0
116,64,2.376432E9,2.3746176E9,171,2.0
116,64,2.376432E9,2.3746176E9,32,2.0
116,94,2.376432E9,2.3746176E9,37,2.0
116,159,2.376432E9,2.3746176E9,108,2.0
116,159,2.376432E9,2.3746176E9,106,2.0
133,64,2.376432E9,2.3746176E9,99,2.0
133,94,2.376432E9,2.3746176E9,106,2.0
133,94,2.376432E9,2.3746176E9,147,2.0
133,94,2.376432E9,2.3746176E9,37,2.0
133,159,2.376432E9,2.3746176E9,7,2.0
116,64,2.376432E9,2.3746176E9,99,3.0
116,64,2.376432E9,2.3746176E9,40,3.0
116,94,2.376432E9,2.3746176E9,7,3.0
116,159,2.376432E9,2.3746176E9,40,3.0
133,64,2.376432E9,2.3746176E9,40,3.0
133,64,2.376432E9,2.3746176E9,106,3.0
133,64,2.376432E9,2.3746176E9,148,3.0
133,94,2.376432E9,2.3746176E9,40,3.0
133,159,2.376432E9,2.3746176E9,106,3.0
116,159,2.376432E9,2.3746176E9,99,4.0
133,64,2.376432E9,2.3746176E9,37,4.0
133,94,2.376432E9,2.3746176E9,99,4.0
133,159,2.376432E9,2.3746176E9,40,4.0
116,64,2.376432E9,2.3746176E9,37,5.0
116,64,2.376432E9,2.3746176E9,7,5.0
133,94,2.376432E9,2.3746176E9,7,5.0
133,64,2.376432E9,2.3746176E9,7,6.0
115,159,2.376432E9,2.3746176E9,33,8.0
116,64,2.3765184E9,2.3746176E9,2,1.0
116,64,2.3765184E9,2.3746176E9,141,1.0
116,64,2.3765184E9,2.3746176E9,86,1.0
116,64,2.3765184E9,2.3746176E9,132,1.0
116,64,2.3765184E9,2.3746176E9,47,1.0
116,94,2.3765184E9,2.3746176E9,179,1.0
116,94,2.3765184E9,2.3746176E9,172,1.0
116,94,2.3765184E9,2.3746176E9,103,1.0
116,94,2.3765184E9,2.3746176E9,62,1.0
116,159,2.3765184E9,2.3746176E9,107,1.0
116,159,2.3765184E9,2.3746176E9,102,1.0
116,159,2.3765184E9,2.3746176E9,11,1.0
133,94,2.3765184E9,2.3746176E9,68,1.0
133,94,2.3765184E9,2.3746176E9,107,1.0
116,159,2.3765184E9,2.3746176E9,68,2.0
116,64,2.3765184E9,2.3746176E9,68,3.0
133,159,2.3765184E9,2.3746176E9,107,3.0
116,64,2.3765184E9,2.3746176E9,107,4.0
116,94,2.3765184E9,2.3746176E9,107,4.0
133,64,2.3765184E9,2.3746176E9,107,4.0
133,159,2.3765184E9,2.3746176E9,68,4.0
133,64,2.3765184E9,2.3746176E9,68,5.0
115,64,2.3765184E9,2.3746176E9,69,6.0
115,94,2.3765184E9,2.3746176E9,69,9.0
115,159,2.3765184E9,2.3746176E9,69,9.0
116,64,2.3766048E9,2.3746176E9,173,1.0
116,64,2.3766048E9,2.3746176E9,10,1.0
116,94,2.3766048E9,2.3746176E9,179,1.0
116,94,2.3766048E9,2.3746176E9,154,1.0
116,94,2.3766048E9,2.3746176E9,124,1.0
116,94,2.3766048E9,2.3746176E9,59,1.0
116,94,2.3766048E9,2.3746176E9,26,1.0
116,159,2.3766048E9,2.3746176E9,46,1.0
116,159,2.3766048E9,2.3746176E9,158,1.0
116,159,2.3766048E9,2.3746176E9,140,1.0
116,159,2.3766048E9,2.3746176E9,110,1.0
116,159,2.3766048E9,2.3746176E9,44,1.0
116,159,2.3766048E9,2.3746176E9,40,1.0
133,64,2.3766048E9,2.3746176E9,70,1.0
116,94,2.3766048E9,2.3746176E9,123,2.0
133,64,2.3766048E9,2.3746176E9,40,2.0
133,94,2.3766048E9,2.3746176E9,40,2.0
116,64,2.3766048E9,2.3746176E9,70,3.0
133,159,2.3766048E9,2.3746176E9,40,3.0
116,94,2.3766048E9,2.3746176E9,70,4.0
116,94,2.3766048E9,2.3746176E9,40,4.0
133,94,2.3766048E9,2.3746176E9,70,4.0
116,159,2.3766048E9,2.3746176E9,70,5.0
133,159,2.3766048E9,2.3746176E9,70,5.0
115,94,2.3766048E9,2.3746176E9,119,6.0
115,64,2.3766048E9,2.3746176E9,119,7.0
115,94,2.3766048E9,2.3746176E9,121,7.0
115,64,2.3766048E9,2.3746176E9,121,9.0
116,64,2.3766912E9,2.3746176E9,38,1.0
116,64,2.3766912E9,2.3746176E9,23,1.0
116,64,2.3766912E9,2.3746176E9,73,1.0
116,64,2.3766912E9,2.3746176E9,161,1.0
116,64,2.3766912E9,2.3746176E9,168,1.0
116,64,2.3766912E9,2.3746176E9,142,1.0
116,64,2.3766912E9,2.3746176E9,89,1.0
116,64,2.3766912E9,2.3746176E9,74,1.0
116,64,2.3766912E9,2.3746176E9,72,1.0
116,94,2.3766912E9,2.3746176E9,127,1.0
116,94,2.3766912E9,2.3746176E9,126,1.0
116,94,2.3766912E9,2.3746176E9,106,1.0
116,94,2.3766912E9,2.3746176E9,97,1.0
116,94,2.3766912E9,2.3746176E9,72,1.0
116,94,2.3766912E9,2.3746176E9,23,1.0
116,94,2.3766912E9,2.3746176E9,17,1.0
116,159,2.3766912E9,2.3746176E9,23,1.0
116,159,2.3766912E9,2.3746176E9,169,1.0
116,159,2.3766912E9,2.3746176E9,44,1.0
116,159,2.3766912E9,2.3746176E9,20,1.0
133,64,2.3766912E9,2.3746176E9,23,1.0
133,64,2.3766912E9,2.3746176E9,72,1.0
116,64,2.3766912E9,2.3746176E9,3,2.0
116,94,2.3766912E9,2.3746176E9,89,2.0
116,159,2.3766912E9,2.3746176E9,149,2.0
133,94,2.3766912E9,2.3746176E9,23,2.0
133,159,2.3766912E9,2.3746176E9,72,2.0
133,94,2.3766912E9,2.3746176E9,72,3.0
133,159,2.3766912E9,2.3746176E9,3,3.0
133,159,2.3766912E9,2.3746176E9,23,3.0
116,159,2.3766912E9,2.3746176E9,173,4.0
133,64,2.3766912E9,2.3746176E9,3,4.0
133,94,2.3766912E9,2.3746176E9,173,4.0
116,64,2.3766912E9,2.3746176E9,173,5.0
116,94,2.3766912E9,2.3746176E9,173,5.0
133,159,2.3766912E9,2.3746176E9,173,5.0
133,64,2.3766912E9,2.3746176E9,173,8.0
116,64,2.3767776E9,2.3746176E9,24,1.0
116,64,2.3767776E9,2.3746176E9,168,1.0
116,64,2.3767776E9,2.3746176E9,160,1.0
116,64,2.3767776E9,2.3746176E9,124,1.0
116,64,2.3767776E9,2.3746176E9,117,1.0
116,64,2.3767776E9,2.3746176E9,107,1.0
116,64,2.3767776E9,2.3746176E9,102,1.0
116,64,2.3767776E9,2.3746176E9,95,1.0
116,64,2.3767776E9,2.3746176E9,75,1.0
116,64,2.3767776E9,2.3746176E9,56,1.0
116,64,2.3767776E9,2.3746176E9,35,1.0
116,64,2.3767776E9,2.3746176E9,32,1.0
116,64,2.3767776E9,2.3746176E9,25,1.0
116,94,2.3767776E9,2.3746176E9,179,1.0
116,94,2.3767776E9,2.3746176E9,167,1.0
116,94,2.3767776E9,2.3746176E9,165,1.0
116,94,2.3767776E9,2.3746176E9,160,1.0
116,94,2.3767776E9,2.3746176E9,148,1.0
116,94,2.3767776E9,2.3746176E9,111,1.0
116,94,2.3767776E9,2.3746176E9,108,1.0
116,94,2.3767776E9,2.3746176E9,102,1.0
116,94,2.3767776E9,2.3746176E9,97,1.0
116,94,2.3767776E9,2.3746176E9,48,1.0
116,94,2.3767776E9,2.3746176E9,34,1.0
116,94,2.3767776E9,2.3746176E9,13,1.0
116,94,2.3767776E9,2.3746176E9,2,1.0
116,159,2.3767776E9,2.3746176E9,128,1.0
116,159,2.3767776E9,2.3746176E9,130,1.0
116,159,2.3767776E9,2.3746176E9,102,1.0
116,159,2.3767776E9,2.3746176E9,100,1.0
116,159,2.3767776E9,2.3746176E9,80,1.0
116,159,2.3767776E9,2.3746176E9,67,1.0
116,159,2.3767776E9,2.3746176E9,22,1.0
116,159,2.3767776E9,2.3746176E9,20,1.0
133,94,2.3767776E9,2.3746176E9,77,1.0
116,64,2.3767776E9,2.3746176E9,73,2.0
116,64,2.3767776E9,2.3746176E9,67,2.0
116,64,2.3767776E9,2.3746176E9,26,2.0
116,64,2.3767776E9,2.3746176E9,10,2.0
116,94,2.3767776E9,2.3746176E9,77,2.0
116,94,2.3767776E9,2.3746176E9,67,2.0
116,94,2.3767776E9,2.3746176E9,10,2.0
133,64,2.3767776E9,2.3746176E9,10,2.0
133,64,2.3767776E9,2.3746176E9,26,2.0
133,159,2.3767776E9,2.3746176E9,80,2.0
116,64,2.3767776E9,2.3746176E9,80,3.0
116,94,2.3767776E9,2.3746176E9,80,3.0
116,94,2.3767776E9,2.3746176E9,26,3.0
116,159,2.3767776E9,2.3746176E9,77,3.0
116,159,2.3767776E9,2.3746176E9,15,3.0
116,159,2.3767776E9,2.3746176E9,10,3.0
133,64,2.3767776E9,2.3746176E9,67,3.0
133,94,2.3767776E9,2.3746176E9,67,3.0
133,159,2.3767776E9,2.3746176E9,26,3.0
116,94,2.3767776E9,2.3746176E9,15,4.0
133,159,2.3767776E9,2.3746176E9,77,4.0
133,159,2.3767776E9,2.3746176E9,67,4.0
115,64,2.3767776E9,2.3746176E9,175,5.0
133,159,2.3767776E9,2.3746176E9,10,5.0
116,64,2.3767776E9,2.3746176E9,77,6.0
133,64,2.3767776E9,2.3746176E9,77,6.0
133,94,2.3767776E9,2.3746176E9,10,6.0
133,94,2.3767776E9,2.3746176E9,26,7.0
133,94,2.3767776E9,2.3746176E9,80,7.0
133,159,2.3767776E9,2.3746176E9,15,7.0
116,64,2.3767776E9,2.3746176E9,15,8.0
133,64,2.3767776E9,2.3746176E9,15,8.0
133,64,2.3767776E9,2.3746176E9,80,8.0
133,94,2.3767776E9,2.3746176E9,15,8.0
116,94,2.376864E9,2.3746176E9,135,1.0
116,94,2.376864E9,2.3746176E9,99,1.0
116,94,2.376864E9,2.3746176E9,84,1.0
116,159,2.376864E9,2.3746176E9,38,1.0
116,159,2.376864E9,2.3746176E9,23,1.0
116,159,2.376864E9,2.3746176E9,21,1.0
116,64,2.376864E9,2.3746176E9,140,2.0
133,159,2.376864E9,2.3746176E9,140,2.0
116,94,2.376864E9,2.3746176E9,140,3.0
116,159,2.376864E9,2.3746176E9,140,3.0
115,64,2.376864E9,2.3746176E9,136,5.0
115,94,2.376864E9,2.3746176E9,5,5.0
133,94,2.376864E9,2.3746176E9,140,5.0
115,64,2.376864E9,2.3746176E9,111,6.0
133,64,2.376864E9,2.3746176E9,140,7.0
115,64,2.376864E9,2.3746176E9,5,8.0
115,159,2.376864E9,2.3746176E9,5,10.0
116,64,2.3769504E9,2.3746176E9,130,1.0
116,64,2.3769504E9,2.3746176E9,109,1.0
116,64,2.3769504E9,2.3746176E9,96,1.0
116,64,2.3769504E9,2.3746176E9,83,1.0
116,64,2.3769504E9,2.3746176E9,78,1.0
116,64,2.3769504E9,2.3746176E9,72,1.0
116,64,2.3769504E9,2.3746176E9,7,1.0
116,94,2.3769504E9,2.3746176E9,154,1.0
116,94,2.3769504E9,2.3746176E9,89,1.0
116,94,2.3769504E9,2.3746176E9,78,1.0
116,94,2.3769504E9,2.3746176E9,62,1.0
116,94,2.3769504E9,2.3746176E9,24,1.0
116,94,2.3769504E9,2.3746176E9,21,1.0
116,159,2.3769504E9,2.3746176E9,175,1.0
116,159,2.3769504E9,2.3746176E9,147,1.0
116,159,2.3769504E9,2.3746176E9,123,1.0
116,159,2.3769504E9,2.3746176E9,98,1.0
116,159,2.3769504E9,2.3746176E9,83,1.0
116,159,2.3769504E9,2.3746176E9,48,1.0
116,159,2.3769504E9,2.3746176E9,31,1.0
116,159,2.3769504E9,2.3746176E9,24,1.0
133,159,2.3769504E9,2.3746176E9,89,1.0
116,64,2.3769504E9,2.3746176E9,89,2.0
116,94,2.3769504E9,2.3746176E9,132,2.0
116,159,2.3769504E9,2.3746176E9,132,3.0
116,159,2.3769504E9,2.3746176E9,78,3.0
133,64,2.3769504E9,2.3746176E9,132,3.0
133,64,2.3769504E9,2.3746176E9,78,3.0
133,94,2.3769504E9,2.3746176E9,132,3.0
116,64,2.3769504E9,2.3746176E9,132,4.0
116,159,2.3769504E9,2.3746176E9,89,4.0
133,159,2.3769504E9,2.3746176E9,132,4.0
133,64,2.3769504E9,2.3746176E9,89,5.0
133,159,2.3769504E9,2.3746176E9,78,6.0
116,64,2.3770368E9,2.3746176E9,178,1.0
116,64,2.3770368E9,2.3746176E9,147,1.0
116,64,2.3770368E9,2.3746176E9,68,1.0
116,64,2.3770368E9,2.3746176E9,65,1.0
116,64,2.3770368E9,2.3746176E9,51,1.0
116,64,2.3770368E9,2.3746176E9,38,1.0
116,94,2.3770368E9,2.3746176E9,176,1.0
116,94,2.3770368E9,2.3746176E9,177,1.0
116,94,2.3770368E9,2.3746176E9,169,1.0
116,94,2.3770368E9,2.3746176E9,160,1.0
116,94,2.3770368E9,2.3746176E9,139,1.0
116,94,2.3770368E9,2.3746176E9,68,1.0
116,94,2.3770368E9,2.3746176E9,66,1.0
116,159,2.3770368E9,2.3746176E9,40,1.0
116,159,2.3770368E9,2.3746176E9,165,1.0
116,159,2.3770368E9,2.3746176E9,162,1.0
116,159,2.3770368E9,2.3746176E9,112,1.0
116,159,2.3770368E9,2.3746176E9,35,1.0
116,159,2.3770368E9,2.3746176E9,6,1.0
133,94,2.3770368E9,2.3746176E9,175,1.0
133,159,2.3770368E9,2.3746176E9,175,1.0
116,159,2.3770368E9,2.3746176E9,38,2.0
116,94,2.3770368E9,2.3746176E9,15,3.0
116,159,2.3770368E9,2.3746176E9,139,3.0
116,159,2.3770368E9,2.3746176E9,15,3.0
133,64,2.3770368E9,2.3746176E9,22,3.0
133,64,2.3770368E9,2.3746176E9,15,3.0
133,94,2.3770368E9,2.3746176E9,38,3.0
133,94,2.3770368E9,2.3746176E9,15,3.0
133,94,2.3770368E9,2.3746176E9,139,3.0
133,159,2.3770368E9,2.3746176E9,139,3.0
116,64,2.3770368E9,2.3746176E9,22,4.0
116,94,2.3770368E9,2.3746176E9,38,4.0
116,159,2.3770368E9,2.3746176E9,22,4.0
133,64,2.3770368E9,2.3746176E9,38,4.0
133,159,2.3770368E9,2.3746176E9,22,4.0
116,64,2.3770368E9,2.3746176E9,15,5.0
133,159,2.3770368E9,2.3746176E9,15,5.0
133,94,2.3770368E9,2.3746176E9,22,6.0
133,159,2.3770368E9,2.3746176E9,38,6.0
115,64,2.3770368E9,2.3746176E9,111,7.0
116,64,2.3771232E9,2.3746176E9,139,1.0
116,64,2.3771232E9,2.3746176E9,126,1.0
116,64,2.3771232E9,2.3746176E9,106,1.0
116,64,2.3771232E9,2.3746176E9,91,1.0
116,64,2.3771232E9,2.3746176E9,85,1.0
116,64,2.3771232E9,2.3746176E9,84,1.0
116,64,2.3771232E9,2.3746176E9,81,1.0
116,64,2.3771232E9,2.3746176E9,57,1.0
116,64,2.3771232E9,2.3746176E9,34,1.0
116,64,2.3771232E9,2.3746176E9,12,1.0
116,64,2.3771232E9,2.3746176E9,2,1.0
116,94,2.3771232E9,2.3746176E9,180,1.0
116,94,2.3771232E9,2.3746176E9,37,1.0
116,94,2.3771232E9,2.3746176E9,173,1.0
116,94,2.3771232E9,2.3746176E9,35,1.0
116,159,2.3771232E9,2.3746176E9,84,1.0
116,159,2.3771232E9,2.3746176E9,177,1.0
116,159,2.3771232E9,2.3746176E9,167,1.0
116,159,2.3771232E9,2.3746176E9,81,1.0
116,159,2.3771232E9,2.3746176E9,77,1.0
116,159,2.3771232E9,2.3746176E9,57,1.0
116,159,2.3771232E9,2.3746176E9,36,1.0
116,159,2.3771232E9,2.3746176E9,35,1.0
116,159,2.3771232E9,2.3746176E9,25,1.0
133,64,2.3771232E9,2.3746176E9,70,1.0
116,159,2.3771232E9,2.3746176E9,78,2.0
133,64,2.3771232E9,2.3746176E9,173,2.0
133,94,2.3771232E9,2.3746176E9,57,2.0
133,159,2.3771232E9,2.3746176E9,173,2.0
116,64,2.3771232E9,2.3746176E9,173,3.0
116,94,2.3771232E9,2.3746176E9,57,3.0
116,159,2.3771232E9,2.3746176E9,173,3.0
116,159,2.3771232E9,2.3746176E9,37,3.0
133,94,2.3771232E9,2.3746176E9,37,3.0
133,94,2.3771232E9,2.3746176E9,173,3.0
133,159,2.3771232E9,2.3746176E9,37,3.0
116,159,2.3771232E9,2.3746176E9,70,4.0
133,64,2.3771232E9,2.3746176E9,57,4.0
133,94,2.3771232E9,2.3746176E9,70,4.0
133,159,2.3771232E9,2.3746176E9,70,4.0
115,64,2.3771232E9,2.3746176E9,136,5.0
116,64,2.3771232E9,2.3746176E9,37,5.0
115,94,2.3771232E9,2.3746176E9,87,6.0
133,64,2.3771232E9,2.3746176E9,37,6.0
133,159,2.3771232E9,2.3746176E9,57,7.0
115,159,2.3771232E9,2.3746176E9,87,9.0
116,64,2.3772096E9,2.3772096E9,147,1.0
116,64,2.3772096E9,2.3772096E9,111,1.0
116,64,2.3772096E9,2.3772096E9,103,1.0
116,64,2.3772096E9,2.3772096E9,50,1.0
116,94,2.3772096E9,2.3772096E9,56,1.0
116,94,2.3772096E9,2.3772096E9,33,1.0
116,94,2.3772096E9,2.3772096E9,4,1.0
116,94,2.3772096E9,2.3772096E9,162,1.0
116,94,2.3772096E9,2.3772096E9,112,1.0
116,159,2.3772096E9,2.3772096E9,47,1.0
116,159,2.3772096E9,2.3772096E9,154,1.0
116,159,2.3772096E9,2.3772096E9,126,1.0
116,159,2.3772096E9,2.3772096E9,26,1.0
116,159,2.3772096E9,2.3772096E9,2,1.0
133,64,2.3772096E9,2.3772096E9,108,2.0
116,94,2.3772096E9,2.3772096E9,108,3.0
116,64,2.3772096E9,2.3772096E9,62,4.0
116,94,2.3772096E9,2.3772096E9,62,4.0
133,64,2.3772096E9,2.3772096E9,62,4.0
133,94,2.3772096E9,2.3772096E9,108,5.0
116,159,2.3772096E9,2.3772096E9,62,7.0
115,64,2.3772096E9,2.3772096E9,87,8.0
133,159,2.3772096E9,2.3772096E9,62,8.0
133,94,2.3772096E9,2.3772096E9,62,10.0
116,64,2.377296E9,2.3772096E9,165,1.0
116,64,2.377296E9,2.3772096E9,147,1.0
116,64,2.377296E9,2.3772096E9,82,1.0
116,64,2.377296E9,2.3772096E9,74,1.0
116,64,2.377296E9,2.3772096E9,59,1.0
116,64,2.377296E9,2.3772096E9,58,1.0
116,64,2.377296E9,2.3772096E9,39,1.0
116,64,2.377296E9,2.3772096E9,22,1.0
116,64,2.377296E9,2.3772096E9,6,1.0
116,94,2.377296E9,2.3772096E9,52,1.0
116,94,2.377296E9,2.3772096E9,180,1.0
116,94,2.377296E9,2.3772096E9,7,1.0
116,159,2.377296E9,2.3772096E9,102,1.0
116,159,2.377296E9,2.3772096E9,109,1.0
116,159,2.377296E9,2.3772096E9,179,1.0
116,159,2.377296E9,2.3772096E9,86,1.0
116,159,2.377296E9,2.3772096E9,82,1.0
116,159,2.377296E9,2.3772096E9,80,1.0
116,159,2.377296E9,2.3772096E9,65,1.0
116,159,2.377296E9,2.3772096E9,50,1.0
116,159,2.377296E9,2.3772096E9,46,1.0
116,159,2.377296E9,2.3772096E9,32,1.0
116,159,2.377296E9,2.3772096E9,28,1.0
116,159,2.377296E9,2.3772096E9,25,1.0
116,64,2.377296E9,2.3772096E9,66,3.0
116,94,2.377296E9,2.3772096E9,72,3.0
116,159,2.377296E9,2.3772096E9,72,3.0
116,64,2.377296E9,2.3772096E9,180,4.0
116,159,2.377296E9,2.3772096E9,108,4.0
133,64,2.377296E9,2.3772096E9,72,4.0
133,94,2.377296E9,2.3772096E9,180,4.0
133,159,2.377296E9,2.3772096E9,72,4.0
133,159,2.377296E9,2.3772096E9,66,4.0
133,159,2.377296E9,2.3772096E9,180,4.0
115,159,2.377296E9,2.3772096E9,138,5.0
116,64,2.377296E9,2.3772096E9,72,5.0
133,64,2.377296E9,2.3772096E9,180,5.0
133,159,2.377296E9,2.3772096E9,108,5.0
115,64,2.377296E9,2.3772096E9,138,7.0
115,94,2.377296E9,2.3772096E9,138,7.0
116,159,2.377296E9,2.3772096E9,180,7.0
115,64,2.3773824E9,2.3772096E9,137,3.0
115,94,2.3773824E9,2.3772096E9,137,3.0
115,159,2.3773824E9,2.3772096E9,137,3.0
116,64,2.3774688E9,2.3772096E9,177,1.0
116,64,2.3774688E9,2.3772096E9,96,1.0
116,64,2.3774688E9,2.3772096E9,92,1.0
116,64,2.3774688E9,2.3772096E9,91,1.0
116,64,2.3774688E9,2.3772096E9,85,1.0
116,64,2.3774688E9,2.3772096E9,74,1.0
116,64,2.3774688E9,2.3772096E9,71,1.0
116,64,2.3774688E9,2.3772096E9,35,1.0
116,94,2.3774688E9,2.3772096E9,21,1.0
116,94,2.3774688E9,2.3772096E9,130,1.0
116,94,2.3774688E9,2.3772096E9,111,1.0
116,94,2.3774688E9,2.3772096E9,104,1.0
116,94,2.3774688E9,2.3772096E9,127,1.0
116,94,2.3774688E9,2.3772096E9,58,1.0
116,94,2.3774688E9,2.3772096E9,16,1.0
116,94,2.3774688E9,2.3772096E9,65,1.0
116,94,2.3774688E9,2.3772096E9,34,1.0
116,94,2.3774688E9,2.3772096E9,11,1.0
116,159,2.3774688E9,2.3772096E9,129,1.0
116,159,2.3774688E9,2.3772096E9,181,1.0
116,159,2.3774688E9,2.3772096E9,95,1.0
116,159,2.3774688E9,2.3772096E9,172,1.0
116,159,2.3774688E9,2.3772096E9,127,1.0
116,159,2.3774688E9,2.3772096E9,110,1.0
116,159,2.3774688E9,2.3772096E9,91,1.0
116,159,2.3774688E9,2.3772096E9,58,1.0
116,159,2.3774688E9,2.3772096E9,46,1.0
116,159,2.3774688E9,2.3772096E9,41,1.0
116,159,2.3774688E9,2.3772096E9,23,1.0
116,159,2.3774688E9,2.3772096E9,21,1.0
133,94,2.3774688E9,2.3772096E9,86,1.0
133,94,2.3774688E9,2.3772096E9,60,1.0
116,64,2.3774688E9,2.3772096E9,109,2.0
116,64,2.3774688E9,2.3772096E9,14,2.0
116,94,2.3774688E9,2.3772096E9,175,2.0
116,94,2.3774688E9,2.3772096E9,6,2.0
116,159,2.3774688E9,2.3772096E9,140,2.0
116,159,2.3774688E9,2.3772096E9,109,2.0
116,159,2.3774688E9,2.3772096E9,86,2.0
133,64,2.3774688E9,2.3772096E9,109,2.0
133,64,2.3774688E9,2.3772096E9,14,2.0
133,159,2.3774688E9,2.3772096E9,60,2.0
133,159,2.3774688E9,2.3772096E9,175,2.0
115,64,2.3774688E9,2.3772096E9,111,3.0
115,64,2.3774688E9,2.3772096E9,120,3.0
116,94,2.3774688E9,2.3772096E9,109,3.0
133,64,2.3774688E9,2.3772096E9,60,3.0
133,159,2.3774688E9,2.3772096E9,109,3.0
116,94,2.3774688E9,2.3772096E9,86,4.0
116,159,2.3774688E9,2.3772096E9,60,4.0
133,94,2.3774688E9,2.3772096E9,175,4.0
133,94,2.3774688E9,2.3772096E9,14,4.0
116,94,2.3774688E9,2.3772096E9,14,5.0
116,159,2.3774688E9,2.3772096E9,175,5.0
116,159,2.3774688E9,2.3772096E9,14,5.0
133,94,2.3774688E9,2.3772096E9,109,5.0
133,159,2.3774688E9,2.3772096E9,14,5.0
115,94,2.3774688E9,2.3772096E9,120,6.0
115,94,2.3774688E9,2.3772096E9,156,6.0
133,64,2.3774688E9,2.3772096E9,86,6.0
115,159,2.3774688E9,2.3772096E9,156,7.0
116,64,2.3774688E9,2.3772096E9,86,7.0
115,64,2.3774688E9,2.3772096E9,156,8.0
115,159,2.3774688E9,2.3772096E9,120,9.0
116,64,2.3775552E9,2.3772096E9,180,1.0
116,64,2.3775552E9,2.3772096E9,162,1.0
116,64,2.3775552E9,2.3772096E9,136,1.0
116,64,2.3775552E9,2.3772096E9,104,1.0
116,64,2.3775552E9,2.3772096E9,97,1.0
116,64,2.3775552E9,2.3772096E9,95,1.0
116,64,2.3775552E9,2.3772096E9,86,1.0
116,64,2.3775552E9,2.3772096E9,60,1.0
116,64,2.3775552E9,2.3772096E9,59,1.0
116,64,2.3775552E9,2.3772096E9,37,1.0
116,64,2.3775552E9,2.3772096E9,19,1.0
116,64,2.3775552E9,2.3772096E9,11,1.0
116,94,2.3775552E9,2.3772096E9,147,1.0
116,94,2.3775552E9,2.3772096E9,165,1.0
116,94,2.3775552E9,2.3772096E9,172,1.0
116,159,2.3775552E9,2.3772096E9,168,1.0
116,159,2.3775552E9,2.3772096E9,173,1.0
116,159,2.3775552E9,2.3772096E9,73,1.0
116,159,2.3775552E9,2.3772096E9,60,1.0
116,159,2.3775552E9,2.3772096E9,37,1.0
116,159,2.3775552E9,2.3772096E9,20,1.0
116,64,2.3775552E9,2.3772096E9,132,2.0
116,94,2.3775552E9,2.3772096E9,132,2.0
133,64,2.3775552E9,2.3772096E9,132,2.0
133,64,2.3775552E9,2.3772096E9,27,2.0
116,94,2.3775552E9,2.3772096E9,27,3.0
133,159,2.3775552E9,2.3772096E9,168,3.0
115,94,2.3775552E9,2.3772096E9,156,4.0
133,64,2.3775552E9,2.3772096E9,168,4.0
133,94,2.3775552E9,2.3772096E9,132,4.0
116,64,2.3775552E9,2.3772096E9,168,5.0
116,159,2.3775552E9,2.3772096E9,27,5.0
115,159,2.3775552E9,2.3772096E9,156,6.0
116,64,2.3775552E9,2.3772096E9,27,6.0
133,94,2.3775552E9,2.3772096E9,27,6.0
133,159,2.3775552E9,2.3772096E9,27,6.0
115,64,2.3775552E9,2.3772096E9,156,7.0
116,64,2.3776416E9,2.3772096E9,145,1.0
116,64,2.3776416E9,2.3772096E9,54,1.0
116,64,2.3776416E9,2.3772096E9,31,1.0
116,64,2.3776416E9,2.3772096E9,28,1.0
116,94,2.3776416E9,2.3772096E9,171,1.0
116,94,2.3776416E9,2.3772096E9,173,1.0
116,94,2.3776416E9,2.3772096E9,85,1.0
116,94,2.3776416E9,2.3772096E9,93,1.0
116,94,2.3776416E9,2.3772096E9,149,1.0
116,94,2.3776416E9,2.3772096E9,141,1.0
116,94,2.3776416E9,2.3772096E9,38,1.0
116,94,2.3776416E9,2.3772096E9,52,1.0
116,94,2.3776416E9,2.3772096E9,60,1.0
116,94,2.3776416E9,2.3772096E9,75,1.0
116,94,2.3776416E9,2.3772096E9,179,1.0
116,94,2.3776416E9,2.3772096E9,15,1.0
116,94,2.3776416E9,2.3772096E9,4,1.0
116,159,2.3776416E9,2.3772096E9,172,1.0
116,159,2.3776416E9,2.3772096E9,131,1.0
116,159,2.3776416E9,2.3772096E9,181,1.0
116,159,2.3776416E9,2.3772096E9,171,1.0
116,159,2.3776416E9,2.3772096E9,163,1.0
116,159,2.3776416E9,2.3772096E9,140,1.0
116,159,2.3776416E9,2.3772096E9,136,1.0
116,159,2.3776416E9,2.3772096E9,103,1.0
116,159,2.3776416E9,2.3772096E9,66,1.0
116,159,2.3776416E9,2.3772096E9,58,1.0
116,159,2.3776416E9,2.3772096E9,51,1.0
116,159,2.3776416E9,2.3772096E9,26,1.0
133,64,2.3776416E9,2.3772096E9,145,1.0
133,64,2.3776416E9,2.3772096E9,131,1.0
133,159,2.3776416E9,2.3772096E9,145,1.0
116,64,2.3776416E9,2.3772096E9,180,2.0
116,94,2.3776416E9,2.3772096E9,68,2.0
116,94,2.3776416E9,2.3772096E9,177,2.0
116,159,2.3776416E9,2.3772096E9,160,2.0
133,159,2.3776416E9,2.3772096E9,132,2.0
133,159,2.3776416E9,2.3772096E9,131,2.0
116,64,2.3776416E9,2.3772096E9,160,3.0
116,159,2.3776416E9,2.3772096E9,180,3.0
116,159,2.3776416E9,2.3772096E9,132,3.0
133,94,2.3776416E9,2.3772096E9,160,3.0
133,94,2.3776416E9,2.3772096E9,68,3.0
133,159,2.3776416E9,2.3772096E9,180,3.0
116,94,2.3776416E9,2.3772096E9,131,4.0
116,94,2.3776416E9,2.3772096E9,160,4.0
116,159,2.3776416E9,2.3772096E9,145,4.0
133,64,2.3776416E9,2.3772096E9,180,4.0
133,64,2.3776416E9,2.3772096E9,68,4.0
133,94,2.3776416E9,2.3772096E9,180,4.0
133,159,2.3776416E9,2.3772096E9,68,4.0
116,94,2.3776416E9,2.3772096E9,145,5.0
116,94,2.3776416E9,2.3772096E9,180,5.0
116,159,2.3776416E9,2.3772096E9,68,5.0
115,64,2.3776416E9,2.3772096E9,111,6.0
133,94,2.3776416E9,2.3772096E9,145,6.0
133,94,2.3776416E9,2.3772096E9,131,6.0
133,64,2.3776416E9,2.3772096E9,160,7.0
133,159,2.3776416E9,2.3772096E9,160,8.0
116,64,2.377728E9,2.3772096E9,100,1.0
116,64,2.377728E9,2.3772096E9,98,1.0
116,64,2.377728E9,2.3772096E9,92,1.0
116,64,2.377728E9,2.3772096E9,52,1.0
116,64,2.377728E9,2.3772096E9,48,1.0
116,64,2.377728E9,2.3772096E9,34,1.0
116,64,2.377728E9,2.3772096E9,20,1.0
116,64,2.377728E9,2.3772096E9,13,1.0
116,94,2.377728E9,2.3772096E9,27,1.0
116,94,2.377728E9,2.3772096E9,54,1.0
116,94,2.377728E9,2.3772096E9,48,1.0
116,94,2.377728E9,2.3772096E9,38,1.0
116,94,2.377728E9,2.3772096E9,22,1.0
116,94,2.377728E9,2.3772096E9,131,1.0
116,94,2.377728E9,2.3772096E9,122,1.0
116,94,2.377728E9,2.3772096E9,169,1.0
116,94,2.377728E9,2.3772096E9,13,1.0
116,94,2.377728E9,2.3772096E9,61,1.0
116,94,2.377728E9,2.3772096E9,171,1.0
116,94,2.377728E9,2.3772096E9,142,1.0
116,94,2.377728E9,2.3772096E9,172,1.0
116,94,2.377728E9,2.3772096E9,132,1.0
116,159,2.377728E9,2.3772096E9,95,1.0
116,159,2.377728E9,2.3772096E9,170,1.0
116,159,2.377728E9,2.3772096E9,68,1.0
116,159,2.377728E9,2.3772096E9,48,1.0
116,159,2.377728E9,2.3772096E9,126,1.0
116,159,2.377728E9,2.3772096E9,175,1.0
116,159,2.377728E9,2.3772096E9,168,1.0
116,159,2.377728E9,2.3772096E9,160,1.0
116,159,2.377728E9,2.3772096E9,101,1.0
116,159,2.377728E9,2.3772096E9,84,1.0
116,159,2.377728E9,2.3772096E9,77,1.0
116,159,2.377728E9,2.3772096E9,73,1.0
116,159,2.377728E9,2.3772096E9,66,1.0
116,159,2.377728E9,2.3772096E9,54,1.0
116,159,2.377728E9,2.3772096E9,51,1.0
116,159,2.377728E9,2.3772096E9,36,1.0
116,159,2.377728E9,2.3772096E9,31,1.0
116,159,2.377728E9,2.3772096E9,25,1.0
116,159,2.377728E9,2.3772096E9,23,1.0
116,159,2.377728E9,2.3772096E9,15,1.0
116,159,2.377728E9,2.3772096E9,11,1.0
133,64,2.377728E9,2.3772096E9,13,1.0
133,94,2.377728E9,2.3772096E9,158,1.0
133,94,2.377728E9,2.3772096E9,20,1.0
133,159,2.377728E9,2.3772096E9,7,1.0
116,94,2.377728E9,2.3772096E9,135,2.0
116,159,2.377728E9,2.3772096E9,158,2.0
116,159,2.377728E9,2.3772096E9,7,2.0
133,64,2.377728E9,2.3772096E9,158,2.0
133,64,2.377728E9,2.3772096E9,11,2.0
133,64,2.377728E9,2.3772096E9,20,2.0
133,159,2.377728E9,2.3772096E9,161,2.0
133,159,2.377728E9,2.3772096E9,11,2.0
116,94,2.377728E9,2.3772096E9,158,3.0
133,94,2.377728E9,2.3772096E9,99,3.0
133,94,2.377728E9,2.3772096E9,7,3.0
133,94,2.377728E9,2.3772096E9,13,3.0
133,159,2.377728E9,2.3772096E9,20,3.0
115,159,2.377728E9,2.3772096E9,146,4.0
116,64,2.377728E9,2.3772096E9,7,4.0
116,94,2.377728E9,2.3772096E9,99,4.0
116,94,2.377728E9,2.3772096E9,11,4.0
116,159,2.377728E9,2.3772096E9,20,4.0
133,64,2.377728E9,2.3772096E9,7,4.0
133,94,2.377728E9,2.3772096E9,161,4.0
133,94,2.377728E9,2.3772096E9,11,4.0
133,159,2.377728E9,2.3772096E9,158,4.0
116,64,2.377728E9,2.3772096E9,99,5.0
116,94,2.377728E9,2.3772096E9,7,5.0
133,64,2.377728E9,2.3772096E9,99,5.0
133,159,2.377728E9,2.3772096E9,99,5.0
133,159,2.377728E9,2.3772096E9,13,5.0
115,94,2.377728E9,2.3772096E9,146,6.0
116,94,2.377728E9,2.3772096E9,161,6.0
116,159,2.377728E9,2.3772096E9,13,6.0
116,159,2.377728E9,2.3772096E9,99,7.0
116,159,2.377728E9,2.3772096E9,161,8.0
115,64,2.377728E9,2.3772096E9,146,10.0
116,64,2.3778144E9,2.3772096E9,167,1.0
116,64,2.3778144E9,2.3772096E9,165,1.0
116,64,2.3778144E9,2.3772096E9,150,1.0
116,64,2.3778144E9,2.3772096E9,148,1.0
116,64,2.3778144E9,2.3772096E9,101,1.0
116,64,2.3778144E9,2.3772096E9,97,1.0
116,64,2.3778144E9,2.3772096E9,93,1.0
116,64,2.3778144E9,2.3772096E9,65,1.0
116,64,2.3778144E9,2.3772096E9,34,1.0
116,94,2.3778144E9,2.3772096E9,60,1.0
116,94,2.3778144E9,2.3772096E9,48,1.0
116,94,2.3778144E9,2.3772096E9,83,1.0
116,94,2.3778144E9,2.3772096E9,21,1.0
116,94,2.3778144E9,2.3772096E9,107,1.0
116,159,2.3778144E9,2.3772096E9,110,1.0
116,159,2.3778144E9,2.3772096E9,168,1.0
116,159,2.3778144E9,2.3772096E9,172,1.0
116,159,2.3778144E9,2.3772096E9,167,1.0
116,159,2.3778144E9,2.3772096E9,124,1.0
116,159,2.3778144E9,2.3772096E9,99,1.0
116,159,2.3778144E9,2.3772096E9,65,1.0
116,159,2.3778144E9,2.3772096E9,46,1.0
116,159,2.3778144E9,2.3772096E9,38,1.0
116,159,2.3778144E9,2.3772096E9,28,1.0
116,159,2.3778144E9,2.3772096E9,11,1.0
116,159,2.3778144E9,2.3772096E9,3,1.0
133,94,2.3778144E9,2.3772096E9,86,1.0
133,94,2.3778144E9,2.3772096E9,26,1.0
133,159,2.3778144E9,2.3772096E9,86,1.0
133,159,2.3778144E9,2.3772096E9,28,1.0
133,159,2.3778144E9,2.3772096E9,80,1.0
116,64,2.3778144E9,2.3772096E9,173,2.0
116,64,2.3778144E9,2.3772096E9,161,2.0
116,64,2.3778144E9,2.3772096E9,26,2.0
116,159,2.3778144E9,2.3772096E9,32,2.0
133,64,2.3778144E9,2.3772096E9,80,2.0
133,94,2.3778144E9,2.3772096E9,28,2.0
116,94,2.3778144E9,2.3772096E9,28,3.0
116,94,2.3778144E9,2.3772096E9,160,3.0
116,94,2.3778144E9,2.3772096E9,29,3.0
116,159,2.3778144E9,2.3772096E9,26,3.0
133,64,2.3778144E9,2.3772096E9,161,3.0
133,94,2.3778144E9,2.3772096E9,80,3.0
133,159,2.3778144E9,2.3772096E9,26,3.0
116,64,2.3778144E9,2.3772096E9,86,4.0
116,64,2.3778144E9,2.3772096E9,80,4.0
116,64,2.3778144E9,2.3772096E9,28,4.0
133,64,2.3778144E9,2.3772096E9,26,4.0
133,94,2.3778144E9,2.3772096E9,160,4.0
116,94,2.3778144E9,2.3772096E9,80,5.0
133,64,2.3778144E9,2.3772096E9,28,5.0
133,159,2.3778144E9,2.3772096E9,160,5.0
115,64,2.3778144E9,2.3772096E9,43,6.0
116,159,2.3778144E9,2.3772096E9,29,6.0
115,94,2.3778144E9,2.3772096E9,88,7.0
115,159,2.3778144E9,2.3772096E9,88,7.0
116,159,2.3778144E9,2.3772096E9,160,7.0
133,64,2.3778144E9,2.3772096E9,86,8.0
115,64,2.3778144E9,2.3772096E9,88,9.0
115,159,2.3778144E9,2.3772096E9,43,9.0
133,94,2.3778144E9,2.3772096E9,29,9.0
133,159,2.3778144E9,2.3772096E9,29,9.0
115,94,2.3778144E9,2.3772096E9,43,10.0
116,64,2.3779008E9,2.3772096E9,163,1.0
116,64,2.3779008E9,2.3772096E9,160,1.0
116,64,2.3779008E9,2.3772096E9,135,1.0
116,64,2.3779008E9,2.3772096E9,97,1.0
116,64,2.3779008E9,2.3772096E9,66,1.0
116,64,2.3779008E9,2.3772096E9,58,1.0
116,64,2.3779008E9,2.3772096E9,48,1.0
116,64,2.3779008E9,2.3772096E9,31,1.0
116,64,2.3779008E9,2.3772096E9,26,1.0
116,64,2.3779008E9,2.3772096E9,15,1.0
116,94,2.3779008E9,2.3772096E9,141,1.0
116,94,2.3779008E9,2.3772096E9,102,1.0
116,94,2.3779008E9,2.3772096E9,173,1.0
116,94,2.3779008E9,2.3772096E9,54,1.0
116,94,2.3779008E9,2.3772096E9,177,1.0
116,94,2.3779008E9,2.3772096E9,167,1.0
116,94,2.3779008E9,2.3772096E9,10,1.0
116,159,2.3779008E9,2.3772096E9,131,1.0
116,159,2.3779008E9,2.3772096E9,49,1.0
116,159,2.3779008E9,2.3772096E9,173,1.0
116,159,2.3779008E9,2.3772096E9,149,1.0
116,159,2.3779008E9,2.3772096E9,147,1.0
116,159,2.3779008E9,2.3772096E9,112,1.0
116,159,2.3779008E9,2.3772096E9,103,1.0
116,159,2.3779008E9,2.3772096E9,93,1.0
116,159,2.3779008E9,2.3772096E9,92,1.0
116,159,2.3779008E9,2.3772096E9,67,1.0
116,159,2.3779008E9,2.3772096E9,55,1.0
116,159,2.3779008E9,2.3772096E9,29,1.0
116,159,2.3779008E9,2.3772096E9,13,1.0
116,159,2.3779008E9,2.3772096E9,11,1.0
116,159,2.3779008E9,2.3772096E9,3,1.0
133,94,2.3779008E9,2.3772096E9,167,1.0
133,159,2.3779008E9,2.3772096E9,164,1.0
133,159,2.3779008E9,2.3772096E9,141,1.0
116,64,2.3779008E9,2.3772096E9,173,2.0
116,64,2.3779008E9,2.3772096E9,143,2.0
116,64,2.3779008E9,2.3772096E9,141,2.0
116,159,2.3779008E9,2.3772096E9,84,2.0
116,159,2.3779008E9,2.3772096E9,18,2.0
116,159,2.3779008E9,2.3772096E9,12,2.0
133,94,2.3779008E9,2.3772096E9,18,2.0
133,159,2.3779008E9,2.3772096E9,143,2.0
133,159,2.3779008E9,2.3772096E9,74,2.0
115,94,2.3779008E9,2.3772096E9,137,3.0
116,64,2.3779008E9,2.3772096E9,18,3.0
133,64,2.3779008E9,2.3772096E9,141,3.0
133,64,2.3779008E9,2.3772096E9,143,3.0
133,94,2.3779008E9,2.3772096E9,141,3.0
133,159,2.3779008E9,2.3772096E9,18,3.0
116,159,2.3779008E9,2.3772096E9,167,4.0
116,159,2.3779008E9,2.3772096E9,141,4.0
116,159,2.3779008E9,2.3772096E9,134,4.0
133,94,2.3779008E9,2.3772096E9,143,4.0
133,94,2.3779008E9,2.3772096E9,173,4.0
133,159,2.3779008E9,2.3772096E9,134,4.0
115,159,2.3779008E9,2.3772096E9,137,5.0
116,64,2.3779008E9,2.3772096E9,167,5.0
116,159,2.3779008E9,2.3772096E9,164,5.0
133,64,2.3779008E9,2.3772096E9,173,5.0
133,64,2.3779008E9,2.3772096E9,18,5.0
115,64,2.3779008E9,2.3772096E9,137,6.0
116,94,2.3779008E9,2.3772096E9,143,6.0
133,64,2.3779008E9,2.3772096E9,167,6.0
133,159,2.3779008E9,2.3772096E9,173,6.0
116,64,2.3779872E9,2.3772096E9,181,1.0
116,64,2.3779872E9,2.3772096E9,173,1.0
116,64,2.3779872E9,2.3772096E9,171,1.0
116,64,2.3779872E9,2.3772096E9,124,1.0
116,64,2.3779872E9,2.3772096E9,117,1.0
116,64,2.3779872E9,2.3772096E9,91,1.0
116,64,2.3779872E9,2.3772096E9,44,1.0
116,64,2.3779872E9,2.3772096E9,33,1.0
116,64,2.3779872E9,2.3772096E9,32,1.0
116,64,2.3779872E9,2.3772096E9,25,1.0
116,94,2.3779872E9,2.3772096E9,117,1.0
116,94,2.3779872E9,2.3772096E9,140,1.0
116,94,2.3779872E9,2.3772096E9,142,1.0
116,94,2.3779872E9,2.3772096E9,180,1.0
116,94,2.3779872E9,2.3772096E9,158,1.0
116,94,2.3779872E9,2.3772096E9,108,1.0
116,94,2.3779872E9,2.3772096E9,96,1.0
116,94,2.3779872E9,2.3772096E9,80,1.0
116,94,2.3779872E9,2.3772096E9,71,1.0
116,94,2.3779872E9,2.3772096E9,68,1.0
116,94,2.3779872E9,2.3772096E9,54,1.0
116,94,2.3779872E9,2.3772096E9,49,1.0
116,94,2.3779872E9,2.3772096E9,30,1.0
116,94,2.3779872E9,2.3772096E9,17,1.0
116,94,2.3779872E9,2.3772096E9,16,1.0
116,94,2.3779872E9,2.3772096E9,160,1.0
116,94,2.3779872E9,2.3772096E9,167,1.0
116,159,2.3779872E9,2.3772096E9,129,1.0
116,159,2.3779872E9,2.3772096E9,68,1.0
116,159,2.3779872E9,2.3772096E9,170,1.0
116,159,2.3779872E9,2.3772096E9,106,1.0
116,159,2.3779872E9,2.3772096E9,100,1.0
116,159,2.3779872E9,2.3772096E9,72,1.0
116,159,2.3779872E9,2.3772096E9,3,1.0
133,94,2.3779872E9,2.3772096E9,16,1.0
116,64,2.3779872E9,2.3772096E9,66,2.0
116,64,2.3779872E9,2.3772096E9,60,2.0
116,94,2.3779872E9,2.3772096E9,74,2.0
116,94,2.3779872E9,2.3772096E9,22,2.0
133,94,2.3779872E9,2.3772096E9,22,2.0
133,94,2.3779872E9,2.3772096E9,66,2.0
115,64,2.3779872E9,2.3772096E9,90,3.0
115,94,2.3779872E9,2.3772096E9,90,3.0
115,159,2.3779872E9,2.3772096E9,90,3.0
133,64,2.3779872E9,2.3772096E9,66,3.0
133,64,2.3779872E9,2.3772096E9,68,3.0
133,94,2.3779872E9,2.3772096E9,74,3.0
133,94,2.3779872E9,2.3772096E9,18,3.0
133,159,2.3779872E9,2.3772096E9,16,3.0
116,94,2.3779872E9,2.3772096E9,66,4.0
116,159,2.3779872E9,2.3772096E9,60,4.0
116,159,2.3779872E9,2.3772096E9,16,4.0
133,94,2.3779872E9,2.3772096E9,68,4.0
133,159,2.3779872E9,2.3772096E9,68,4.0
133,159,2.3779872E9,2.3772096E9,22,4.0
115,159,2.3779872E9,2.3772096E9,156,5.0
116,159,2.3779872E9,2.3772096E9,18,5.0
133,64,2.3779872E9,2.3772096E9,74,5.0
133,64,2.3779872E9,2.3772096E9,22,5.0
133,159,2.3779872E9,2.3772096E9,18,5.0
116,64,2.3779872E9,2.3772096E9,16,6.0
116,94,2.3779872E9,2.3772096E9,18,6.0
133,64,2.3779872E9,2.3772096E9,16,6.0
133,94,2.3779872E9,2.3772096E9,60,6.0
133,159,2.3779872E9,2.3772096E9,60,6.0
115,64,2.3779872E9,2.3772096E9,156,8.0
116,94,2.3779872E9,2.3772096E9,60,8.0
115,94,2.3779872E9,2.3772096E9,156,10.0
116,64,2.3780736E9,2.3772096E9,131,1.0
116,64,2.3780736E9,2.3772096E9,92,1.0
116,64,2.3780736E9,2.3772096E9,74,1.0
116,94,2.3780736E9,2.3772096E9,40,1.0
116,94,2.3780736E9,2.3772096E9,111,1.0
116,94,2.3780736E9,2.3772096E9,67,1.0
116,94,2.3780736E9,2.3772096E9,34,1.0
116,159,2.3780736E9,2.3772096E9,108,1.0
116,159,2.3780736E9,2.3772096E9,164,1.0
116,159,2.3780736E9,2.3772096E9,147,1.0
116,159,2.3780736E9,2.3772096E9,106,1.0
116,64,2.3780736E9,2.3772096E9,40,2.0
116,94,2.3780736E9,2.3772096E9,37,2.0
116,159,2.3780736E9,2.3772096E9,40,2.0
133,94,2.3780736E9,2.3772096E9,37,2.0
133,94,2.3780736E9,2.3772096E9,40,2.0
133,159,2.3780736E9,2.3772096E9,37,2.0
133,159,2.3780736E9,2.3772096E9,40,2.0
133,159,2.3780736E9,2.3772096E9,164,2.0
115,64,2.3780736E9,2.3772096E9,146,3.0
133,64,2.3780736E9,2.3772096E9,40,3.0
133,159,2.3780736E9,2.3772096E9,66,3.0
133,64,2.3780736E9,2.3772096E9,18,4.0
115,64,2.3780736E9,2.3772096E9,114,5.0
116,64,2.3780736E9,2.3772096E9,18,5.0
115,159,2.3780736E9,2.3772096E9,114,6.0
115,94,2.3780736E9,2.3772096E9,146,7.0
115,94,2.3780736E9,2.3772096E9,114,8.0
115,159,2.3780736E9,2.3772096E9,146,8.0
115,64,2.3780736E9,2.3772096E9,111,10.0
116,64,2.37816E9,2.3772096E9,92,1.0
116,64,2.37816E9,2.3772096E9,106,1.0
116,64,2.37816E9,2.3772096E9,102,1.0
116,64,2.37816E9,2.3772096E9,26,1.0
116,94,2.37816E9,2.3772096E9,168,1.0
116,94,2.37816E9,2.3772096E9,139,1.0
116,94,2.37816E9,2.3772096E9,111,1.0
116,94,2.37816E9,2.3772096E9,106,1.0
116,94,2.37816E9,2.3772096E9,91,1.0
116,94,2.37816E9,2.3772096E9,82,1.0
116,94,2.37816E9,2.3772096E9,7,1.0
116,94,2.37816E9,2.3772096E9,2,1.0
116,159,2.37816E9,2.3772096E9,65,1.0
116,159,2.37816E9,2.3772096E9,181,1.0
116,159,2.37816E9,2.3772096E9,81,1.0
116,159,2.37816E9,2.3772096E9,60,1.0
116,159,2.37816E9,2.3772096E9,55,1.0
116,159,2.37816E9,2.3772096E9,31,1.0
116,159,2.37816E9,2.3772096E9,3,1.0
116,159,2.37816E9,2.3772096E9,2,1.0
133,64,2.37816E9,2.3772096E9,37,1.0
116,159,2.37816E9,2.3772096E9,168,2.0
133,64,2.37816E9,2.3772096E9,106,2.0
115,64,2.37816E9,2.3772096E9,153,3.0
116,159,2.37816E9,2.3772096E9,106,3.0
133,159,2.37816E9,2.3772096E9,180,3.0
133,159,2.37816E9,2.3772096E9,106,3.0
133,159,2.37816E9,2.3772096E9,168,3.0
116,64,2.37816E9,2.3772096E9,180,4.0
116,159,2.37816E9,2.3772096E9,180,4.0
133,94,2.37816E9,2.3772096E9,106,4.0
133,64,2.37816E9,2.3772096E9,180,5.0
133,94,2.37816E9,2.3772096E9,168,5.0
133,94,2.37816E9,2.3772096E9,180,5.0
116,94,2.37816E9,2.3772096E9,180,6.0
115,64,2.37816E9,2.3772096E9,119,7.0
115,94,2.37816E9,2.3772096E9,119,7.0
115,94,2.37816E9,2.3772096E9,9,7.0
115,159,2.37816E9,2.3772096E9,153,7.0
115,64,2.37816E9,2.3772096E9,9,9.0
115,159,2.37816E9,2.3772096E9,9,9.0
115,94,2.37816E9,2.3772096E9,153,10.0
116,64,2.3782464E9,2.3772096E9,178,1.0
116,64,2.3782464E9,2.3772096E9,176,1.0
116,64,2.3782464E9,2.3772096E9,169,1.0
116,64,2.3782464E9,2.3772096E9,161,1.0
116,64,2.3782464E9,2.3772096E9,149,1.0
116,64,2.3782464E9,2.3772096E9,127,1.0
116,64,2.3782464E9,2.3772096E9,124,1.0
116,64,2.3782464E9,2.3772096E9,106,1.0
116,64,2.3782464E9,2.3772096E9,95,1.0
116,64,2.3782464E9,2.3772096E9,80,1.0
116,64,2.3782464E9,2.3772096E9,74,1.0
116,64,2.3782464E9,2.3772096E9,51,1.0
116,64,2.3782464E9,2.3772096E9,49,1.0
116,64,2.3782464E9,2.3772096E9,36,1.0
116,64,2.3782464E9,2.3772096E9,34,1.0
116,64,2.3782464E9,2.3772096E9,21,1.0
116,94,2.3782464E9,2.3772096E9,139,1.0
116,94,2.3782464E9,2.3772096E9,173,1.0
116,94,2.3782464E9,2.3772096E9,171,1.0
116,94,2.3782464E9,2.3772096E9,81,1.0
116,94,2.3782464E9,2.3772096E9,26,1.0
116,94,2.3782464E9,2.3772096E9,22,1.0
116,94,2.3782464E9,2.3772096E9,20,1.0
116,94,2.3782464E9,2.3772096E9,6,1.0
116,94,2.3782464E9,2.3772096E9,135,1.0
116,94,2.3782464E9,2.3772096E9,129,1.0
116,94,2.3782464E9,2.3772096E9,122,1.0
116,159,2.3782464E9,2.3772096E9,77,1.0
116,159,2.3782464E9,2.3772096E9,161,1.0
116,159,2.3782464E9,2.3772096E9,92,1.0
116,159,2.3782464E9,2.3772096E9,135,1.0
116,159,2.3782464E9,2.3772096E9,91,1.0
116,159,2.3782464E9,2.3772096E9,81,1.0
116,159,2.3782464E9,2.3772096E9,54,1.0
116,159,2.3782464E9,2.3772096E9,46,1.0
116,159,2.3782464E9,2.3772096E9,23,1.0
116,159,2.3782464E9,2.3772096E9,20,1.0
116,159,2.3782464E9,2.3772096E9,19,1.0
133,94,2.3782464E9,2.3772096E9,23,1.0
116,64,2.3782464E9,2.3772096E9,135,2.0
116,64,2.3782464E9,2.3772096E9,86,2.0
116,94,2.3782464E9,2.3772096E9,23,2.0
116,94,2.3782464E9,2.3772096E9,107,2.0
133,64,2.3782464E9,2.3772096E9,135,2.0
133,64,2.3782464E9,2.3772096E9,107,2.0
133,94,2.3782464E9,2.3772096E9,135,2.0
133,94,2.3782464E9,2.3772096E9,86,2.0
133,94,2.3782464E9,2.3772096E9,37,2.0
133,159,2.3782464E9,2.3772096E9,23,2.0
133,159,2.3782464E9,2.3772096E9,107,2.0
116,64,2.3782464E9,2.3772096E9,23,3.0
133,159,2.3782464E9,2.3772096E9,135,3.0
116,64,2.3782464E9,2.3772096E9,168,4.0
116,64,2.3782464E9,2.3772096E9,107,4.0
116,94,2.3782464E9,2.3772096E9,86,4.0
116,159,2.3782464E9,2.3772096E9,86,4.0
116,94,2.3782464E9,2.3772096E9,37,5.0
133,64,2.3782464E9,2.3772096E9,168,5.0
133,64,2.3782464E9,2.3772096E9,23,5.0
133,94,2.3782464E9,2.3772096E9,107,5.0
116,64,2.3782464E9,2.3772096E9,37,6.0
116,159,2.3782464E9,2.3772096E9,37,6.0
133,159,2.3782464E9,2.3772096E9,86,7.0
133,64,2.3782464E9,2.3772096E9,37,8.0
115,159,2.3782464E9,2.3772096E9,134,11.0
133,159,2.3782464E9,2.3772096E9,37,12.0
116,64,2.3783328E9,2.3772096E9,150,1.0
116,64,2.3783328E9,2.3772096E9,148,1.0
116,64,2.3783328E9,2.3772096E9,139,1.0
116,64,2.3783328E9,2.3772096E9,107,1.0
116,64,2.3783328E9,2.3772096E9,40,1.0
116,64,2.3783328E9,2.3772096E9,30,1.0
116,64,2.3783328E9,2.3772096E9,28,1.0
116,64,2.3783328E9,2.3772096E9,7,1.0
116,94,2.3783328E9,2.3772096E9,163,1.0
116,94,2.3783328E9,2.3772096E9,167,1.0
116,94,2.3783328E9,2.3772096E9,102,1.0
116,94,2.3783328E9,2.3772096E9,100,1.0
116,94,2.3783328E9,2.3772096E9,84,1.0
116,94,2.3783328E9,2.3772096E9,77,1.0
116,94,2.3783328E9,2.3772096E9,55,1.0
116,94,2.3783328E9,2.3772096E9,31,1.0
116,94,2.3783328E9,2.3772096E9,26,1.0
116,159,2.3783328E9,2.3772096E9,99,1.0
116,159,2.3783328E9,2.3772096E9,163,1.0
116,159,2.3783328E9,2.3772096E9,154,1.0
116,159,2.3783328E9,2.3772096E9,77,1.0
116,159,2.3783328E9,2.3772096E9,40,1.0
133,94,2.3783328E9,2.3772096E9,38,1.0
133,159,2.3783328E9,2.3772096E9,107,1.0
116,64,2.3783328E9,2.3772096E9,67,2.0
116,64,2.3783328E9,2.3772096E9,38,2.0
116,94,2.3783328E9,2.3772096E9,38,2.0
116,159,2.3783328E9,2.3772096E9,26,2.0
115,64,2.3783328E9,2.3772096E9,157,3.0
115,159,2.3783328E9,2.3772096E9,157,3.0
116,64,2.3783328E9,2.3772096E9,26,3.0
116,94,2.3783328E9,2.3772096E9,107,3.0
116,159,2.3783328E9,2.3772096E9,38,3.0
133,64,2.3783328E9,2.3772096E9,26,3.0
133,94,2.3783328E9,2.3772096E9,107,3.0
116,94,2.3783328E9,2.3772096E9,67,4.0
116,159,2.3783328E9,2.3772096E9,67,4.0
133,64,2.3783328E9,2.3772096E9,67,4.0
133,64,2.3783328E9,2.3772096E9,38,4.0
133,94,2.3783328E9,2.3772096E9,26,4.0
133,159,2.3783328E9,2.3772096E9,26,4.0
133,159,2.3783328E9,2.3772096E9,67,4.0
133,159,2.3783328E9,2.3772096E9,38,5.0
133,94,2.3783328E9,2.3772096E9,67,7.0
116,64,2.3784192E9,2.3772096E9,181,1.0
116,64,2.3784192E9,2.3772096E9,178,1.0
116,64,2.3784192E9,2.3772096E9,128,1.0
116,64,2.3784192E9,2.3772096E9,108,1.0
116,64,2.3784192E9,2.3772096E9,97,1.0
116,64,2.3784192E9,2.3772096E9,39,1.0
116,64,2.3784192E9,2.3772096E9,29,1.0
116,94,2.3784192E9,2.3772096E9,149,1.0
116,94,2.3784192E9,2.3772096E9,141,1.0
116,94,2.3784192E9,2.3772096E9,92,1.0
116,94,2.3784192E9,2.3772096E9,26,1.0
116,159,2.3784192E9,2.3772096E9,60,1.0
116,159,2.3784192E9,2.3772096E9,37,1.0
116,159,2.3784192E9,2.3772096E9,33,1.0
116,159,2.3784192E9,2.3772096E9,26,1.0
116,159,2.3784192E9,2.3772096E9,24,1.0
116,159,2.3784192E9,2.3772096E9,17,1.0
133,64,2.3784192E9,2.3772096E9,26,1.0
133,94,2.3784192E9,2.3772096E9,91,1.0
116,94,2.3784192E9,2.3772096E9,150,3.0
133,94,2.3784192E9,2.3772096E9,26,3.0
133,159,2.3784192E9,2.3772096E9,164,3.0
133,159,2.3784192E9,2.3772096E9,141,3.0
115,94,2.3784192E9,2.3772096E9,153,4.0
115,94,2.3784192E9,2.3772096E9,157,5.0
116,64,2.3784192E9,2.3772096E9,150,5.0
116,64,2.3784192E9,2.3772096E9,91,5.0
116,159,2.3784192E9,2.3772096E9,141,5.0
133,64,2.3784192E9,2.3772096E9,150,5.0
133,94,2.3784192E9,2.3772096E9,150,5.0
133,159,2.3784192E9,2.3772096E9,26,5.0
115,64,2.3784192E9,2.3772096E9,153,6.0
133,64,2.3784192E9,2.3772096E9,91,6.0
115,159,2.3784192E9,2.3772096E9,153,7.0
116,64,2.3785056E9,2.3772096E9,170,1.0
116,64,2.3785056E9,2.3772096E9,149,1.0
116,64,2.3785056E9,2.3772096E9,141,1.0
116,64,2.3785056E9,2.3772096E9,109,1.0
116,64,2.3785056E9,2.3772096E9,81,1.0
116,64,2.3785056E9,2.3772096E9,48,1.0
116,64,2.3785056E9,2.3772096E9,36,1.0
116,64,2.3785056E9,2.3772096E9,32,1.0
116,64,2.3785056E9,2.3772096E9,11,1.0
116,64,2.3785056E9,2.3772096E9,10,1.0
116,94,2.3785056E9,2.3772096E9,163,1.0
116,94,2.3785056E9,2.3772096E9,28,1.0
116,94,2.3785056E9,2.3772096E9,4,1.0
116,159,2.3785056E9,2.3772096E9,169,1.0
116,159,2.3785056E9,2.3772096E9,145,1.0
116,159,2.3785056E9,2.3772096E9,112,1.0
116,159,2.3785056E9,2.3772096E9,80,1.0
116,159,2.3785056E9,2.3772096E9,30,1.0
116,159,2.3785056E9,2.3772096E9,24,1.0
133,159,2.3785056E9,2.3772096E9,29,1.0
133,64,2.3785056E9,2.3772096E9,141,2.0
133,64,2.3785056E9,2.3772096E9,29,2.0
133,94,2.3785056E9,2.3772096E9,29,2.0
133,94,2.3785056E9,2.3772096E9,22,2.0
133,159,2.3785056E9,2.3772096E9,22,2.0
116,64,2.3785056E9,2.3772096E9,29,3.0
116,94,2.3785056E9,2.3772096E9,29,3.0
133,94,2.3785056E9,2.3772096E9,10,3.0
133,159,2.3785056E9,2.3772096E9,10,3.0
116,159,2.3785056E9,2.3772096E9,113,4.0
116,159,2.3785056E9,2.3772096E9,10,4.0
133,64,2.3785056E9,2.3772096E9,22,4.0
133,159,2.3785056E9,2.3772096E9,113,4.0
116,64,2.3785056E9,2.3772096E9,22,6.0
115,159,2.3785056E9,2.3772096E9,138,7.0
115,64,2.3785056E9,2.3772096E9,138,8.0
115,94,2.3785056E9,2.3772096E9,138,9.0
116,159,2.378592E9,2.3772096E9,108,1.0
116,159,2.378592E9,2.3772096E9,22,1.0
116,159,2.378592E9,2.3772096E9,19,1.0
116,159,2.378592E9,2.3772096E9,3,1.0
116,64,2.378592E9,2.3772096E9,27,3.0
133,64,2.378592E9,2.3772096E9,27,3.0
116,159,2.378592E9,2.3772096E9,119,4.0
116,159,2.378592E9,2.3772096E9,27,4.0
133,94,2.378592E9,2.3772096E9,27,4.0
133,159,2.378592E9,2.3772096E9,27,5.0
133,159,2.378592E9,2.3772096E9,119,6.0
115,159,2.378592E9,2.3772096E9,164,7.0
116,64,2.3786784E9,2.3772096E9,148,1.0
116,64,2.3786784E9,2.3772096E9,139,1.0
116,64,2.3786784E9,2.3772096E9,132,1.0
116,64,2.3786784E9,2.3772096E9,127,1.0
116,64,2.3786784E9,2.3772096E9,110,1.0
116,64,2.3786784E9,2.3772096E9,101,1.0
116,64,2.3786784E9,2.3772096E9,71,1.0
116,64,2.3786784E9,2.3772096E9,54,1.0
116,64,2.3786784E9,2.3772096E9,39,1.0
116,64,2.3786784E9,2.3772096E9,33,1.0
116,64,2.3786784E9,2.3772096E9,2,1.0
116,94,2.3786784E9,2.3772096E9,169,1.0
116,94,2.3786784E9,2.3772096E9,136,1.0
116,94,2.3786784E9,2.3772096E9,132,1.0
116,94,2.3786784E9,2.3772096E9,82,1.0
116,94,2.3786784E9,2.3772096E9,49,1.0
116,94,2.3786784E9,2.3772096E9,38,1.0
116,94,2.3786784E9,2.3772096E9,23,1.0
116,159,2.3786784E9,2.3772096E9,92,1.0
116,159,2.3786784E9,2.3772096E9,78,1.0
116,159,2.3786784E9,2.3772096E9,143,1.0
116,159,2.3786784E9,2.3772096E9,61,1.0
116,159,2.3786784E9,2.3772096E9,41,1.0
116,159,2.3786784E9,2.3772096E9,13,1.0
133,94,2.3786784E9,2.3772096E9,23,1.0
133,94,2.3786784E9,2.3772096E9,37,1.0
133,94,2.3786784E9,2.3772096E9,136,1.0
133,159,2.3786784E9,2.3772096E9,78,1.0
133,159,2.3786784E9,2.3772096E9,37,1.0
133,159,2.3786784E9,2.3772096E9,13,1.0
116,159,2.3786784E9,2.3772096E9,95,2.0
133,159,2.3786784E9,2.3772096E9,136,2.0
116,64,2.3786784E9,2.3772096E9,78,3.0
116,94,2.3786784E9,2.3772096E9,78,3.0
116,159,2.3786784E9,2.3772096E9,136,3.0
133,64,2.3786784E9,2.3772096E9,13,3.0
133,94,2.3786784E9,2.3772096E9,78,3.0
116,159,2.3786784E9,2.3772096E9,37,4.0
133,64,2.3786784E9,2.3772096E9,37,4.0
133,64,2.3786784E9,2.3772096E9,78,4.0
116,64,2.3786784E9,2.3772096E9,37,5.0
116,64,2.3786784E9,2.3772096E9,13,5.0
133,159,2.3786784E9,2.3772096E9,23,5.0
116,64,2.3787648E9,2.3772096E9,154,1.0
116,64,2.3787648E9,2.3772096E9,78,1.0
116,64,2.3787648E9,2.3772096E9,68,1.0
116,64,2.3787648E9,2.3772096E9,58,1.0
116,64,2.3787648E9,2.3772096E9,6,1.0
116,159,2.3787648E9,2.3772096E9,143,1.0
116,159,2.3787648E9,2.3772096E9,128,1.0
116,159,2.3787648E9,2.3772096E9,82,1.0
116,159,2.3787648E9,2.3772096E9,81,1.0
116,159,2.3787648E9,2.3772096E9,31,1.0
116,159,2.3787648E9,2.3772096E9,14,1.0
116,159,2.3787648E9,2.3772096E9,12,1.0
116,64,2.3787648E9,2.3772096E9,23,2.0
133,94,2.3787648E9,2.3772096E9,173,2.0
133,159,2.3787648E9,2.3772096E9,68,2.0
116,159,2.3787648E9,2.3772096E9,173,3.0
133,64,2.3787648E9,2.3772096E9,23,3.0
115,64,2.3787648E9,2.3772096E9,69,5.0
115,94,2.3787648E9,2.3772096E9,69,5.0
115,159,2.3787648E9,2.3772096E9,69,5.0
116,64,2.3787648E9,2.3772096E9,173,5.0
133,94,2.3787648E9,2.3772096E9,175,5.0
116,159,2.3787648E9,2.3772096E9,68,6.0
133,64,2.3787648E9,2.3772096E9,173,6.0
133,64,2.3787648E9,2.3772096E9,68,6.0
116,64,2.3788512E9,2.3772096E9,169,1.0
116,64,2.3788512E9,2.3772096E9,160,1.0
116,64,2.3788512E9,2.3772096E9,131,1.0
116,64,2.3788512E9,2.3772096E9,117,1.0
116,64,2.3788512E9,2.3772096E9,109,1.0
116,64,2.3788512E9,2.3772096E9,104,1.0
116,64,2.3788512E9,2.3772096E9,97,1.0
116,64,2.3788512E9,2.3772096E9,84,1.0
116,64,2.3788512E9,2.3772096E9,61,1.0
116,64,2.3788512E9,2.3772096E9,59,1.0
116,64,2.3788512E9,2.3772096E9,44,1.0
116,64,2.3788512E9,2.3772096E9,35,1.0
116,64,2.3788512E9,2.3772096E9,33,1.0
116,64,2.3788512E9,2.3772096E9,30,1.0
116,94,2.3788512E9,2.3772096E9,172,1.0
116,94,2.3788512E9,2.3772096E9,160,1.0
116,94,2.3788512E9,2.3772096E9,150,1.0
116,94,2.3788512E9,2.3772096E9,122,1.0
116,94,2.3788512E9,2.3772096E9,117,1.0
116,94,2.3788512E9,2.3772096E9,111,1.0
116,94,2.3788512E9,2.3772096E9,102,1.0
116,94,2.3788512E9,2.3772096E9,95,1.0
116,94,2.3788512E9,2.3772096E9,93,1.0
116,94,2.3788512E9,2.3772096E9,85,1.0
116,94,2.3788512E9,2.3772096E9,84,1.0
116,94,2.3788512E9,2.3772096E9,82,1.0
116,94,2.3788512E9,2.3772096E9,68,1.0
116,94,2.3788512E9,2.3772096E9,66,1.0
116,94,2.3788512E9,2.3772096E9,62,1.0
116,94,2.3788512E9,2.3772096E9,48,1.0
116,94,2.3788512E9,2.3772096E9,47,1.0
116,94,2.3788512E9,2.3772096E9,40,1.0
116,94,2.3788512E9,2.3772096E9,28,1.0
116,94,2.3788512E9,2.3772096E9,25,1.0
116,94,2.3788512E9,2.3772096E9,23,1.0
116,159,2.3788512E9,2.3772096E9,181,1.0
116,159,2.3788512E9,2.3772096E9,167,1.0
116,159,2.3788512E9,2.3772096E9,91,1.0
116,159,2.3788512E9,2.3772096E9,89,1.0
116,159,2.3788512E9,2.3772096E9,37,1.0
133,64,2.3788512E9,2.3772096E9,18,1.0
133,94,2.3788512E9,2.3772096E9,89,1.0
133,159,2.3788512E9,2.3772096E9,154,1.0
133,159,2.3788512E9,2.3772096E9,108,1.0
116,64,2.3788512E9,2.3772096E9,83,2.0
116,64,2.3788512E9,2.3772096E9,60,2.0
116,64,2.3788512E9,2.3772096E9,55,2.0
116,94,2.3788512E9,2.3772096E9,154,2.0
133,64,2.3788512E9,2.3772096E9,70,2.0
133,94,2.3788512E9,2.3772096E9,108,2.0
133,159,2.3788512E9,2.3772096E9,18,2.0
116,64,2.3788512E9,2.3772096E9,89,3.0
116,64,2.3788512E9,2.3772096E9,70,3.0
116,94,2.3788512E9,2.3772096E9,18,3.0
116,159,2.3788512E9,2.3772096E9,108,3.0
133,64,2.3788512E9,2.3772096E9,60,3.0
133,94,2.3788512E9,2.3772096E9,154,3.0
133,94,2.3788512E9,2.3772096E9,70,3.0
133,94,2.3788512E9,2.3772096E9,18,3.0
133,159,2.3788512E9,2.3772096E9,70,3.0
133,159,2.3788512E9,2.3772096E9,60,3.0
116,64,2.3788512E9,2.3772096E9,154,4.0
116,64,2.3788512E9,2.3772096E9,18,4.0
116,94,2.3788512E9,2.3772096E9,108,4.0
133,64,2.3788512E9,2.3772096E9,108,4.0
133,94,2.3788512E9,2.3772096E9,60,4.0
116,64,2.3788512E9,2.3772096E9,108,5.0
116,94,2.3788512E9,2.3772096E9,60,5.0
115,64,2.3788512E9,2.3772096E9,136,6.0
116,94,2.3788512E9,2.3772096E9,70,6.0
133,64,2.3788512E9,2.3772096E9,154,6.0
133,159,2.3788512E9,2.3772096E9,89,6.0
115,159,2.3788512E9,2.3772096E9,164,9.0
116,64,2.3789376E9,2.3772096E9,147,1.0
116,64,2.3789376E9,2.3772096E9,72,1.0
116,64,2.3789376E9,2.3772096E9,19,1.0
116,94,2.3789376E9,2.3772096E9,168,1.0
116,94,2.3789376E9,2.3772096E9,126,1.0
116,94,2.3789376E9,2.3772096E9,107,1.0
116,94,2.3789376E9,2.3772096E9,89,1.0
116,94,2.3789376E9,2.3772096E9,65,1.0
116,94,2.3789376E9,2.3772096E9,34,1.0
116,94,2.3789376E9,2.3772096E9,19,1.0
116,94,2.3789376E9,2.3772096E9,3,1.0
116,159,2.3789376E9,2.3772096E9,73,1.0
116,159,2.3789376E9,2.3772096E9,178,1.0
116,159,2.3789376E9,2.3772096E9,171,1.0
116,159,2.3789376E9,2.3772096E9,163,1.0
116,159,2.3789376E9,2.3772096E9,145,1.0
116,159,2.3789376E9,2.3772096E9,109,1.0
116,159,2.3789376E9,2.3772096E9,108,1.0
116,159,2.3789376E9,2.3772096E9,95,1.0
116,159,2.3789376E9,2.3772096E9,62,1.0
116,159,2.3789376E9,2.3772096E9,59,1.0
116,159,2.3789376E9,2.3772096E9,51,1.0
116,159,2.3789376E9,2.3772096E9,41,1.0
116,159,2.3789376E9,2.3772096E9,27,1.0
116,159,2.3789376E9,2.3772096E9,24,1.0
116,159,2.3789376E9,2.3772096E9,15,1.0
133,64,2.3789376E9,2.3772096E9,150,1.0
133,159,2.3789376E9,2.3772096E9,141,1.0
133,159,2.3789376E9,2.3772096E9,113,1.0
116,64,2.3789376E9,2.3772096E9,148,2.0
116,64,2.3789376E9,2.3772096E9,140,2.0
116,94,2.3789376E9,2.3772096E9,150,2.0
116,94,2.3789376E9,2.3772096E9,140,2.0
116,94,2.3789376E9,2.3772096E9,67,2.0
116,159,2.3789376E9,2.3772096E9,134,2.0
133,94,2.3789376E9,2.3772096E9,140,2.0
133,94,2.3789376E9,2.3772096E9,150,2.0
133,159,2.3789376E9,2.3772096E9,140,2.0
133,159,2.3789376E9,2.3772096E9,134,2.0
115,94,2.3789376E9,2.3772096E9,157,3.0
116,64,2.3789376E9,2.3772096E9,141,3.0
116,159,2.3789376E9,2.3772096E9,140,3.0
133,159,2.3789376E9,2.3772096E9,18,3.0
115,64,2.3789376E9,2.3772096E9,157,4.0
116,94,2.3789376E9,2.3772096E9,141,4.0
116,159,2.3789376E9,2.3772096E9,113,4.0
116,159,2.3789376E9,2.3772096E9,18,4.0
115,159,2.3789376E9,2.3772096E9,157,5.0
116,94,2.3789376E9,2.3772096E9,18,5.0
133,64,2.3789376E9,2.3772096E9,141,5.0
133,94,2.3789376E9,2.3772096E9,67,5.0
133,64,2.3789376E9,2.3772096E9,140,6.0
133,94,2.3789376E9,2.3772096E9,141,6.0
133,159,2.3789376E9,2.3772096E9,67,6.0
133,159,2.3789376E9,2.3772096E9,150,6.0
116,159,2.3789376E9,2.3772096E9,150,7.0
133,94,2.3789376E9,2.3772096E9,18,8.0
116,64,2.379024E9,2.3772096E9,170,1.0
116,64,2.379024E9,2.3772096E9,165,1.0
116,64,2.379024E9,2.3772096E9,109,1.0
116,64,2.379024E9,2.3772096E9,89,1.0
116,64,2.379024E9,2.3772096E9,32,1.0
116,94,2.379024E9,2.3772096E9,167,1.0
116,159,2.379024E9,2.3772096E9,96,1.0
116,159,2.379024E9,2.3772096E9,178,1.0
116,159,2.379024E9,2.3772096E9,150,1.0
116,159,2.379024E9,2.3772096E9,85,1.0
116,159,2.379024E9,2.3772096E9,71,1.0
116,159,2.379024E9,2.3772096E9,18,1.0
133,159,2.379024E9,2.3772096E9,158,1.0
133,159,2.379024E9,2.3772096E9,132,1.0
116,64,2.379024E9,2.3772096E9,132,2.0
116,94,2.379024E9,2.3772096E9,78,2.0
133,64,2.379024E9,2.3772096E9,168,2.0
133,94,2.379024E9,2.3772096E9,78,2.0
133,94,2.379024E9,2.3772096E9,132,2.0
133,159,2.379024E9,2.3772096E9,168,2.0
116,64,2.379024E9,2.3772096E9,158,3.0
133,64,2.379024E9,2.3772096E9,78,3.0
133,94,2.379024E9,2.3772096E9,168,3.0
116,64,2.379024E9,2.3772096E9,78,4.0
116,94,2.379024E9,2.3772096E9,168,4.0
116,159,2.379024E9,2.3772096E9,158,4.0
133,64,2.379024E9,2.3772096E9,158,4.0
133,64,2.379024E9,2.3772096E9,132,4.0
133,94,2.379024E9,2.3772096E9,158,4.0
116,159,2.379024E9,2.3772096E9,78,5.0
116,159,2.379024E9,2.3772096E9,168,6.0
133,159,2.379024E9,2.3772096E9,78,6.0
115,64,2.379024E9,2.3772096E9,136,10.0
116,64,2.3791104E9,2.3772096E9,173,1.0
116,64,2.3791104E9,2.3772096E9,85,1.0
116,64,2.3791104E9,2.3772096E9,82,1.0
116,64,2.3791104E9,2.3772096E9,59,1.0
116,64,2.3791104E9,2.3772096E9,41,1.0
116,64,2.3791104E9,2.3772096E9,28,1.0
116,64,2.3791104E9,2.3772096E9,11,1.0
116,64,2.3791104E9,2.3772096E9,4,1.0
116,64,2.3791104E9,2.3772096E9,2,1.0
116,94,2.3791104E9,2.3772096E9,179,1.0
116,94,2.3791104E9,2.3772096E9,139,1.0
116,94,2.3791104E9,2.3772096E9,136,1.0
116,94,2.3791104E9,2.3772096E9,128,1.0
116,94,2.3791104E9,2.3772096E9,83,1.0
116,94,2.3791104E9,2.3772096E9,81,1.0
116,94,2.3791104E9,2.3772096E9,50,1.0
116,159,2.3791104E9,2.3772096E9,141,1.0
116,159,2.3791104E9,2.3772096E9,180,1.0
116,159,2.3791104E9,2.3772096E9,150,1.0
116,159,2.3791104E9,2.3772096E9,145,1.0
116,159,2.3791104E9,2.3772096E9,136,1.0
116,159,2.3791104E9,2.3772096E9,131,1.0
116,159,2.3791104E9,2.3772096E9,117,1.0
116,159,2.3791104E9,2.3772096E9,98,1.0
116,159,2.3791104E9,2.3772096E9,75,1.0
116,159,2.3791104E9,2.3772096E9,62,1.0
116,159,2.3791104E9,2.3772096E9,57,1.0
116,159,2.3791104E9,2.3772096E9,49,1.0
116,159,2.3791104E9,2.3772096E9,41,1.0
116,159,2.3791104E9,2.3772096E9,39,1.0
116,159,2.3791104E9,2.3772096E9,37,1.0
116,159,2.3791104E9,2.3772096E9,27,1.0
116,159,2.3791104E9,2.3772096E9,24,1.0
133,64,2.3791104E9,2.3772096E9,23,1.0
133,64,2.3791104E9,2.3772096E9,150,1.0
133,94,2.3791104E9,2.3772096E9,150,1.0
133,159,2.3791104E9,2.3772096E9,113,1.0
116,94,2.3791104E9,2.3772096E9,180,2.0
116,94,2.3791104E9,2.3772096E9,165,2.0
116,159,2.3791104E9,2.3772096E9,165,2.0
116,64,2.3791104E9,2.3772096E9,180,3.0
133,94,2.3791104E9,2.3772096E9,145,3.0
133,94,2.3791104E9,2.3772096E9,23,3.0
133,159,2.3791104E9,2.3772096E9,150,3.0
133,159,2.3791104E9,2.3772096E9,145,3.0
116,64,2.3791104E9,2.3772096E9,165,4.0
116,94,2.3791104E9,2.3772096E9,23,4.0
116,159,2.3791104E9,2.3772096E9,134,4.0
133,64,2.3791104E9,2.3772096E9,180,4.0
133,64,2.3791104E9,2.3772096E9,145,4.0
133,159,2.3791104E9,2.3772096E9,165,4.0
133,159,2.3791104E9,2.3772096E9,180,4.0
133,159,2.3791104E9,2.3772096E9,134,4.0
116,64,2.3791104E9,2.3772096E9,150,5.0
116,159,2.3791104E9,2.3772096E9,113,5.0
133,94,2.3791104E9,2.3772096E9,136,5.0
133,64,2.3791104E9,2.3772096E9,165,6.0
133,94,2.3791104E9,2.3772096E9,180,7.0
133,159,2.3791104E9,2.3772096E9,136,7.0
116,64,2.3791968E9,2.3772096E9,106,1.0
116,64,2.3791968E9,2.3772096E9,123,1.0
116,64,2.3791968E9,2.3772096E9,129,1.0
116,64,2.3791968E9,2.3772096E9,80,1.0
116,64,2.3791968E9,2.3772096E9,142,1.0
116,64,2.3791968E9,2.3772096E9,111,1.0
116,64,2.3791968E9,2.3772096E9,49,1.0
116,64,2.3791968E9,2.3772096E9,11,1.0
116,94,2.3791968E9,2.3772096E9,181,1.0
116,94,2.3791968E9,2.3772096E9,177,1.0
116,94,2.3791968E9,2.3772096E9,163,1.0
116,94,2.3791968E9,2.3772096E9,161,1.0
116,94,2.3791968E9,2.3772096E9,158,1.0
116,94,2.3791968E9,2.3772096E9,127,1.0
116,94,2.3791968E9,2.3772096E9,91,1.0
116,94,2.3791968E9,2.3772096E9,24,1.0
116,94,2.3791968E9,2.3772096E9,14,1.0
116,94,2.3791968E9,2.3772096E9,3,1.0
116,159,2.3791968E9,2.3772096E9,169,1.0
116,159,2.3791968E9,2.3772096E9,167,1.0
116,159,2.3791968E9,2.3772096E9,148,1.0
116,159,2.3791968E9,2.3772096E9,139,1.0
116,159,2.3791968E9,2.3772096E9,101,1.0
116,159,2.3791968E9,2.3772096E9,98,1.0
116,159,2.3791968E9,2.3772096E9,97,1.0
116,159,2.3791968E9,2.3772096E9,72,1.0
116,159,2.3791968E9,2.3772096E9,70,1.0
116,159,2.3791968E9,2.3772096E9,68,1.0
116,159,2.3791968E9,2.3772096E9,52,1.0
116,159,2.3791968E9,2.3772096E9,41,1.0
116,159,2.3791968E9,2.3772096E9,37,1.0
116,159,2.3791968E9,2.3772096E9,36,1.0
116,159,2.3791968E9,2.3772096E9,16,1.0
116,159,2.3791968E9,2.3772096E9,10,1.0
116,159,2.3791968E9,2.3772096E9,162,1.0
116,159,2.3791968E9,2.3772096E9,81,1.0
133,64,2.3791968E9,2.3772096E9,10,1.0
133,94,2.3791968E9,2.3772096E9,20,1.0
133,94,2.3791968E9,2.3772096E9,10,1.0
133,159,2.3791968E9,2.3772096E9,23,1.0
133,159,2.3791968E9,2.3772096E9,91,1.0
133,159,2.3791968E9,2.3772096E9,170,1.0
116,64,2.3791968E9,2.3772096E9,170,2.0
116,94,2.3791968E9,2.3772096E9,165,2.0
116,94,2.3791968E9,2.3772096E9,106,2.0
116,159,2.3791968E9,2.3772096E9,84,2.0
133,64,2.3791968E9,2.3772096E9,106,2.0
133,159,2.3791968E9,2.3772096E9,10,2.0
116,64,2.3791968E9,2.3772096E9,10,3.0
116,159,2.3791968E9,2.3772096E9,170,3.0
116,159,2.3791968E9,2.3772096E9,91,3.0
133,94,2.3791968E9,2.3772096E9,170,3.0
133,94,2.3791968E9,2.3772096E9,106,3.0
133,94,2.3791968E9,2.3772096E9,165,3.0
133,159,2.3791968E9,2.3772096E9,106,3.0
116,64,2.3791968E9,2.3772096E9,20,4.0
116,94,2.3791968E9,2.3772096E9,170,4.0
116,94,2.3791968E9,2.3772096E9,10,4.0
116,159,2.3791968E9,2.3772096E9,165,4.0
133,64,2.3791968E9,2.3772096E9,170,4.0
133,64,2.3791968E9,2.3772096E9,20,4.0
116,159,2.3791968E9,2.3772096E9,23,5.0
116,159,2.3791968E9,2.3772096E9,20,5.0
133,159,2.3791968E9,2.3772096E9,20,5.0
133,159,2.3791968E9,2.3772096E9,165,5.0
133,94,2.3791968E9,2.3772096E9,91,7.0
115,64,2.3791968E9,2.3772096E9,111,9.0
116,64,2.3792832E9,2.3772096E9,135,1.0
116,64,2.3792832E9,2.3772096E9,67,1.0
116,64,2.3792832E9,2.3772096E9,106,1.0
116,64,2.3792832E9,2.3772096E9,82,1.0
116,64,2.3792832E9,2.3772096E9,59,1.0
116,64,2.3792832E9,2.3772096E9,70,1.0
116,64,2.3792832E9,2.3772096E9,66,1.0
116,94,2.3792832E9,2.3772096E9,123,1.0
116,94,2.3792832E9,2.3772096E9,80,1.0
116,94,2.3792832E9,2.3772096E9,60,1.0
116,94,2.3792832E9,2.3772096E9,50,1.0
116,159,2.3792832E9,2.3772096E9,149,1.0
116,159,2.3792832E9,2.3772096E9,65,1.0
116,159,2.3792832E9,2.3772096E9,62,1.0
116,159,2.3792832E9,2.3772096E9,61,1.0
116,159,2.3792832E9,2.3772096E9,39,1.0
116,159,2.3792832E9,2.3772096E9,14,1.0
116,64,2.3792832E9,2.3772096E9,102,2.0
116,64,2.3792832E9,2.3772096E9,91,2.0
116,94,2.3792832E9,2.3772096E9,70,2.0
116,94,2.3792832E9,2.3772096E9,56,2.0
116,159,2.3792832E9,2.3772096E9,85,2.0
133,64,2.3792832E9,2.3772096E9,67,2.0
116,159,2.3792832E9,2.3772096E9,67,3.0
133,94,2.3792832E9,2.3772096E9,85,3.0
133,159,2.3792832E9,2.3772096E9,67,3.0
133,159,2.3792832E9,2.3772096E9,85,3.0
116,94,2.3792832E9,2.3772096E9,85,4.0
116,159,2.3792832E9,2.3772096E9,70,5.0
133,94,2.3792832E9,2.3772096E9,70,5.0
133,94,2.3792832E9,2.3772096E9,67,5.0
116,64,2.3792832E9,2.3772096E9,85,7.0
133,159,2.3792832E9,2.3772096E9,70,7.0
133,64,2.3792832E9,2.3772096E9,85,10.0
116,64,2.3793696E9,2.3772096E9,35,1.0
116,64,2.3793696E9,2.3772096E9,173,1.0
116,64,2.3793696E9,2.3772096E9,89,1.0
116,94,2.3793696E9,2.3772096E9,178,1.0
116,94,2.3793696E9,2.3772096E9,161,1.0
116,159,2.3793696E9,2.3772096E9,173,1.0
116,159,2.3793696E9,2.3772096E9,158,1.0
116,159,2.3793696E9,2.3772096E9,54,1.0
133,64,2.3793696E9,2.3772096E9,158,1.0
133,159,2.3793696E9,2.3772096E9,173,1.0
116,94,2.3793696E9,2.3772096E9,173,2.0
116,94,2.3793696E9,2.3772096E9,158,2.0
116,94,2.3793696E9,2.3772096E9,145,2.0
116,94,2.3793696E9,2.3772096E9,89,2.0
133,94,2.3793696E9,2.3772096E9,173,2.0
133,94,2.3793696E9,2.3772096E9,89,3.0
133,159,2.3793696E9,2.3772096E9,158,3.0
133,64,2.3793696E9,2.3772096E9,173,4.0
133,94,2.3793696E9,2.3772096E9,158,4.0
115,159,2.3793696E9,2.3772096E9,120,5.0
116,159,2.3793696E9,2.3772096E9,89,5.0
133,64,2.3793696E9,2.3772096E9,89,5.0
133,94,2.3793696E9,2.3772096E9,145,5.0
133,159,2.3793696E9,2.3772096E9,89,5.0
115,64,2.3793696E9,2.3772096E9,120,8.0
115,94,2.3793696E9,2.3772096E9,120,12.0
116,64,2.379456E9,2.3772096E9,171,1.0
116,64,2.379456E9,2.3772096E9,170,1.0
116,64,2.379456E9,2.3772096E9,168,1.0
116,64,2.379456E9,2.3772096E9,154,1.0
116,64,2.379456E9,2.3772096E9,128,1.0
116,64,2.379456E9,2.3772096E9,127,1.0
116,64,2.379456E9,2.3772096E9,95,1.0
116,64,2.379456E9,2.3772096E9,85,1.0
116,64,2.379456E9,2.3772096E9,83,1.0
116,64,2.379456E9,2.3772096E9,70,1.0
116,64,2.379456E9,2.3772096E9,66,1.0
116,64,2.379456E9,2.3772096E9,46,1.0
116,64,2.379456E9,2.3772096E9,15,1.0
116,64,2.379456E9,2.3772096E9,2,1.0
116,94,2.379456E9,2.3772096E9,154,1.0
116,94,2.379456E9,2.3772096E9,130,1.0
116,94,2.379456E9,2.3772096E9,24,1.0
116,94,2.379456E9,2.3772096E9,18,1.0
116,159,2.379456E9,2.3772096E9,180,1.0
116,159,2.379456E9,2.3772096E9,89,1.0
116,159,2.379456E9,2.3772096E9,86,1.0
116,159,2.379456E9,2.3772096E9,65,1.0
116,159,2.379456E9,2.3772096E9,17,1.0
116,159,2.379456E9,2.3772096E9,6,1.0
116,159,2.379456E9,2.3772096E9,4,1.0
133,64,2.379456E9,2.3772096E9,145,1.0
133,94,2.379456E9,2.3772096E9,10,1.0
133,159,2.379456E9,2.3772096E9,10,1.0
133,159,2.379456E9,2.3772096E9,18,1.0
116,64,2.379456E9,2.3772096E9,18,2.0
116,159,2.379456E9,2.3772096E9,119,2.0
133,94,2.379456E9,2.3772096E9,18,2.0
133,159,2.379456E9,2.3772096E9,119,2.0
116,64,2.379456E9,2.3772096E9,145,3.0
116,94,2.379456E9,2.3772096E9,35,3.0
133,64,2.379456E9,2.3772096E9,154,3.0
133,94,2.379456E9,2.3772096E9,35,3.0
133,159,2.379456E9,2.3772096E9,145,3.0
116,64,2.379456E9,2.3772096E9,10,4.0
116,159,2.379456E9,2.3772096E9,154,4.0
116,159,2.379456E9,2.3772096E9,145,4.0
133,64,2.379456E9,2.3772096E9,35,4.0
133,94,2.379456E9,2.3772096E9,154,4.0
133,159,2.379456E9,2.3772096E9,154,4.0
133,64,2.379456E9,2.3772096E9,18,5.0
116,64,2.379456E9,2.3772096E9,35,6.0
133,64,2.379456E9,2.3772096E9,10,6.0
116,64,2.3795424E9,2.3772096E9,168,1.0
116,64,2.3795424E9,2.3772096E9,96,1.0
116,64,2.3795424E9,2.3772096E9,85,1.0
116,64,2.3795424E9,2.3772096E9,7,1.0
116,94,2.3795424E9,2.3772096E9,163,1.0
116,94,2.3795424E9,2.3772096E9,136,1.0
116,94,2.3795424E9,2.3772096E9,109,1.0
116,94,2.3795424E9,2.3772096E9,107,1.0
116,94,2.3795424E9,2.3772096E9,55,1.0
116,94,2.3795424E9,2.3772096E9,50,1.0
116,94,2.3795424E9,2.3772096E9,32,1.0
116,94,2.3795424E9,2.3772096E9,13,1.0
116,94,2.3795424E9,2.3772096E9,2,1.0
116,159,2.3795424E9,2.3772096E9,168,1.0
116,159,2.3795424E9,2.3772096E9,161,1.0
116,159,2.3795424E9,2.3772096E9,147,1.0
116,159,2.3795424E9,2.3772096E9,73,1.0
116,159,2.3795424E9,2.3772096E9,60,1.0
116,159,2.3795424E9,2.3772096E9,37,1.0
116,159,2.3795424E9,2.3772096E9,15,1.0
133,64,2.3795424E9,2.3772096E9,7,1.0
133,94,2.3795424E9,2.3772096E9,168,1.0
133,159,2.3795424E9,2.3772096E9,168,1.0
116,64,2.3795424E9,2.3772096E9,15,2.0
116,94,2.3795424E9,2.3772096E9,175,2.0
116,94,2.3795424E9,2.3772096E9,168,2.0
116,94,2.3795424E9,2.3772096E9,161,2.0
133,64,2.3795424E9,2.3772096E9,168,2.0
133,94,2.3795424E9,2.3772096E9,161,2.0
133,159,2.3795424E9,2.3772096E9,141,2.0
133,159,2.3795424E9,2.3772096E9,161,2.0
133,159,2.3795424E9,2.3772096E9,15,2.0
116,94,2.3795424E9,2.3772096E9,141,3.0
116,94,2.3795424E9,2.3772096E9,7,3.0
116,159,2.3795424E9,2.3772096E9,175,3.0
116,159,2.3795424E9,2.3772096E9,7,3.0
133,94,2.3795424E9,2.3772096E9,7,3.0
133,94,2.3795424E9,2.3772096E9,15,3.0
133,94,2.3795424E9,2.3772096E9,175,3.0
116,159,2.3795424E9,2.3772096E9,141,4.0
133,159,2.3795424E9,2.3772096E9,7,4.0
133,64,2.3795424E9,2.3772096E9,15,5.0
133,94,2.3795424E9,2.3772096E9,141,5.0
133,159,2.3795424E9,2.3772096E9,175,5.0
116,64,2.3796288E9,2.3772096E9,170,1.0
116,64,2.3796288E9,2.3772096E9,168,1.0
116,64,2.3796288E9,2.3772096E9,107,1.0
116,64,2.3796288E9,2.3772096E9,85,1.0
116,64,2.3796288E9,2.3772096E9,74,1.0
116,94,2.3796288E9,2.3772096E9,176,1.0
116,94,2.3796288E9,2.3772096E9,168,1.0
116,94,2.3796288E9,2.3772096E9,161,1.0
116,94,2.3796288E9,2.3772096E9,141,1.0
116,94,2.3796288E9,2.3772096E9,139,1.0
116,94,2.3796288E9,2.3772096E9,70,1.0
116,94,2.3796288E9,2.3772096E9,29,1.0
116,159,2.3796288E9,2.3772096E9,176,1.0
116,159,2.3796288E9,2.3772096E9,124,1.0
116,159,2.3796288E9,2.3772096E9,93,1.0
116,159,2.3796288E9,2.3772096E9,72,1.0
116,159,2.3796288E9,2.3772096E9,52,1.0
116,159,2.3796288E9,2.3772096E9,50,1.0
116,159,2.3796288E9,2.3772096E9,36,1.0
116,159,2.3796288E9,2.3772096E9,22,1.0
116,159,2.3796288E9,2.3772096E9,12,1.0
133,64,2.3796288E9,2.3772096E9,107,1.0
133,94,2.3796288E9,2.3772096E9,29,1.0
116,64,2.3796288E9,2.3772096E9,141,2.0
116,64,2.3796288E9,2.3772096E9,100,2.0
116,159,2.3796288E9,2.3772096E9,29,2.0
133,64,2.3796288E9,2.3772096E9,170,2.0
133,94,2.3796288E9,2.3772096E9,100,2.0
133,94,2.3796288E9,2.3772096E9,107,2.0
133,159,2.3796288E9,2.3772096E9,107,2.0
133,159,2.3796288E9,2.3772096E9,100,2.0
116,94,2.3796288E9,2.3772096E9,170,3.0
116,94,2.3796288E9,2.3772096E9,89,3.0
133,159,2.3796288E9,2.3772096E9,89,3.0
115,94,2.3796288E9,2.3772096E9,125,4.0
133,64,2.3796288E9,2.3772096E9,141,4.0
133,64,2.3796288E9,2.3772096E9,100,4.0
115,64,2.3796288E9,2.3772096E9,111,5.0
116,159,2.3796288E9,2.3772096E9,100,5.0
116,159,2.3796288E9,2.3772096E9,89,5.0
133,94,2.3796288E9,2.3772096E9,170,5.0
133,159,2.3796288E9,2.3772096E9,170,5.0
115,64,2.3796288E9,2.3772096E9,125,6.0
133,94,2.3796288E9,2.3772096E9,89,6.0
115,159,2.3796288E9,2.3772096E9,125,7.0
116,159,2.3796288E9,2.3772096E9,170,7.0
116,64,2.3797152E9,2.3772096E9,173,1.0
116,64,2.3797152E9,2.3772096E9,110,1.0
116,64,2.3797152E9,2.3772096E9,106,1.0
116,64,2.3797152E9,2.3772096E9,29,1.0
116,64,2.3797152E9,2.3772096E9,16,1.0
116,64,2.3797152E9,2.3772096E9,7,1.0
116,94,2.3797152E9,2.3772096E9,141,1.0
116,94,2.3797152E9,2.3772096E9,135,1.0
116,94,2.3797152E9,2.3772096E9,82,1.0
116,94,2.3797152E9,2.3772096E9,28,1.0
116,94,2.3797152E9,2.3772096E9,16,1.0
116,159,2.3797152E9,2.3772096E9,111,1.0
116,159,2.3797152E9,2.3772096E9,98,1.0
116,159,2.3797152E9,2.3772096E9,93,1.0
116,159,2.3797152E9,2.3772096E9,61,1.0
133,64,2.3797152E9,2.3772096E9,29,1.0
133,159,2.3797152E9,2.3772096E9,49,1.0
133,159,2.3797152E9,2.3772096E9,67,1.0
116,94,2.3797152E9,2.3772096E9,106,2.0
116,94,2.3797152E9,2.3772096E9,67,2.0
116,159,2.3797152E9,2.3772096E9,49,2.0
133,94,2.3797152E9,2.3772096E9,106,2.0
116,64,2.3797152E9,2.3772096E9,49,3.0
116,159,2.3797152E9,2.3772096E9,67,3.0
116,64,2.3797152E9,2.3772096E9,67,4.0
116,94,2.3797152E9,2.3772096E9,49,4.0
133,64,2.3797152E9,2.3772096E9,67,4.0
133,94,2.3797152E9,2.3772096E9,67,4.0
133,64,2.3797152E9,2.3772096E9,106,5.0
133,64,2.3797152E9,2.3772096E9,49,5.0
133,94,2.3797152E9,2.3772096E9,49,5.0
116,64,2.3798016E9,2.3772096E9,181,1.0
116,64,2.3798016E9,2.3772096E9,161,1.0
116,64,2.3798016E9,2.3772096E9,150,1.0
116,64,2.3798016E9,2.3772096E9,139,1.0
116,64,2.3798016E9,2.3772096E9,128,1.0
116,64,2.3798016E9,2.3772096E9,89,1.0
116,64,2.3798016E9,2.3772096E9,86,1.0
116,64,2.3798016E9,2.3772096E9,57,1.0
116,64,2.3798016E9,2.3772096E9,55,1.0
116,64,2.3798016E9,2.3772096E9,33,1.0
116,64,2.3798016E9,2.3772096E9,30,1.0
116,64,2.3798016E9,2.3772096E9,25,1.0
116,64,2.3798016E9,2.3772096E9,16,1.0
116,64,2.3798016E9,2.3772096E9,2,1.0
116,94,2.3798016E9,2.3772096E9,181,1.0
116,94,2.3798016E9,2.3772096E9,136,1.0
116,94,2.3798016E9,2.3772096E9,66,1.0
116,94,2.3798016E9,2.3772096E9,65,1.0
116,94,2.3798016E9,2.3772096E9,62,1.0
116,94,2.3798016E9,2.3772096E9,59,1.0
116,94,2.3798016E9,2.3772096E9,55,1.0
116,94,2.3798016E9,2.3772096E9,36,1.0
116,159,2.3798016E9,2.3772096E9,168,1.0
116,159,2.3798016E9,2.3772096E9,162,1.0
116,159,2.3798016E9,2.3772096E9,145,1.0
116,159,2.3798016E9,2.3772096E9,131,1.0
116,159,2.3798016E9,2.3772096E9,110,1.0
116,159,2.3798016E9,2.3772096E9,98,1.0
116,159,2.3798016E9,2.3772096E9,81,1.0
116,159,2.3798016E9,2.3772096E9,70,1.0
116,159,2.3798016E9,2.3772096E9,66,1.0
116,159,2.3798016E9,2.3772096E9,65,1.0
116,159,2.3798016E9,2.3772096E9,51,1.0
116,159,2.3798016E9,2.3772096E9,47,1.0
116,159,2.3798016E9,2.3772096E9,46,1.0
116,159,2.3798016E9,2.3772096E9,24,1.0
116,159,2.3798016E9,2.3772096E9,12,1.0
133,64,2.3798016E9,2.3772096E9,11,1.0
133,94,2.3798016E9,2.3772096E9,3,1.0
133,159,2.3798016E9,2.3772096E9,136,1.0
116,64,2.3798016E9,2.3772096E9,78,2.0
116,64,2.3798016E9,2.3772096E9,3,2.0
116,94,2.3798016E9,2.3772096E9,78,2.0
116,159,2.3798016E9,2.3772096E9,106,2.0
116,159,2.3798016E9,2.3772096E9,59,2.0
116,159,2.3798016E9,2.3772096E9,55,2.0
133,64,2.3798016E9,2.3772096E9,78,2.0
133,94,2.3798016E9,2.3772096E9,136,2.0
133,94,2.3798016E9,2.3772096E9,4,2.0
116,94,2.3798016E9,2.3772096E9,4,3.0
116,159,2.3798016E9,2.3772096E9,136,3.0
116,159,2.3798016E9,2.3772096E9,11,3.0
133,64,2.3798016E9,2.3772096E9,55,3.0
133,64,2.3798016E9,2.3772096E9,3,3.0
133,159,2.3798016E9,2.3772096E9,55,3.0
133,159,2.3798016E9,2.3772096E9,78,3.0
133,159,2.3798016E9,2.3772096E9,106,3.0
116,64,2.3798016E9,2.3772096E9,11,4.0
116,64,2.3798016E9,2.3772096E9,4,4.0
116,159,2.3798016E9,2.3772096E9,78,4.0
116,159,2.3798016E9,2.3772096E9,3,4.0
133,64,2.3798016E9,2.3772096E9,4,4.0
115,64,2.3798016E9,2.3772096E9,43,5.0
133,159,2.3798016E9,2.3772096E9,11,5.0
133,159,2.3798016E9,2.3772096E9,3,5.0
133,159,2.3798016E9,2.3772096E9,4,5.0
133,94,2.3798016E9,2.3772096E9,55,6.0
133,94,2.3798016E9,2.3772096E9,78,6.0
115,159,2.3798016E9,2.3772096E9,43,7.0
115,94,2.3798016E9,2.3772096E9,43,8.0
116,64,2.379888E9,2.379888E9,130,1.0
116,64,2.379888E9,2.379888E9,60,1.0
116,94,2.379888E9,2.379888E9,103,1.0
116,94,2.379888E9,2.379888E9,6,1.0
116,159,2.379888E9,2.379888E9,126,1.0
116,159,2.379888E9,2.379888E9,73,1.0
116,94,2.379888E9,2.379888E9,161,2.0
116,159,2.379888E9,2.379888E9,10,2.0
133,64,2.379888E9,2.379888E9,161,3.0
116,159,2.379888E9,2.379888E9,161,4.0
116,64,2.379888E9,2.379888E9,161,5.0
133,94,2.379888E9,2.379888E9,161,5.0
133,159,2.379888E9,2.379888E9,161,5.0
116,64,2.3799744E9,2.379888E9,180,1.0
116,64,2.3799744E9,2.379888E9,145,1.0
116,64,2.3799744E9,2.379888E9,70,1.0
116,94,2.3799744E9,2.379888E9,167,1.0
116,94,2.3799744E9,2.379888E9,135,1.0
116,94,2.3799744E9,2.379888E9,132,1.0
116,94,2.3799744E9,2.379888E9,81,1.0
116,94,2.3799744E9,2.379888E9,75,1.0
116,94,2.3799744E9,2.379888E9,48,1.0
116,159,2.3799744E9,2.379888E9,147,1.0
116,159,2.3799744E9,2.379888E9,28,1.0
116,159,2.3799744E9,2.379888E9,4,1.0
116,159,2.3799744E9,2.379888E9,145,2.0
116,159,2.3799744E9,2.379888E9,119,2.0
133,64,2.3799744E9,2.379888E9,180,2.0
133,94,2.3799744E9,2.379888E9,145,2.0
116,94,2.3799744E9,2.379888E9,180,3.0
133,159,2.3799744E9,2.379888E9,180,3.0
133,159,2.3799744E9,2.379888E9,119,3.0
116,159,2.3799744E9,2.379888E9,180,4.0
133,159,2.3799744E9,2.379888E9,145,4.0
133,94,2.3799744E9,2.379888E9,180,5.0
115,64,2.3799744E9,2.379888E9,136,7.0
116,94,2.3799744E9,2.379888E9,145,7.0
116,64,2.3800608E9,2.379888E9,180,1.0
116,64,2.3800608E9,2.379888E9,147,1.0
116,64,2.3800608E9,2.379888E9,131,1.0
116,94,2.3800608E9,2.379888E9,179,1.0
116,94,2.3800608E9,2.379888E9,168,1.0
116,94,2.3800608E9,2.379888E9,131,1.0
116,94,2.3800608E9,2.379888E9,123,1.0
116,94,2.3800608E9,2.379888E9,93,1.0
116,94,2.3800608E9,2.379888E9,74,1.0
116,94,2.3800608E9,2.379888E9,70,1.0
116,94,2.3800608E9,2.379888E9,37,1.0
116,94,2.3800608E9,2.379888E9,32,1.0
116,94,2.3800608E9,2.379888E9,16,1.0
116,94,2.3800608E9,2.379888E9,6,1.0
116,159,2.3800608E9,2.379888E9,131,1.0
116,159,2.3800608E9,2.379888E9,100,1.0
116,159,2.3800608E9,2.379888E9,61,1.0
133,64,2.3800608E9,2.379888E9,131,1.0
133,94,2.3800608E9,2.379888E9,168,1.0
133,94,2.3800608E9,2.379888E9,131,1.0
133,159,2.3800608E9,2.379888E9,20,1.0
116,159,2.3800608E9,2.379888E9,136,2.0
133,64,2.3800608E9,2.379888E9,168,2.0
133,64,2.3800608E9,2.379888E9,20,2.0
133,159,2.3800608E9,2.379888E9,136,2.0
116,64,2.3800608E9,2.379888E9,20,3.0
116,94,2.3800608E9,2.379888E9,20,3.0
115,94,2.3800608E9,2.379888E9,1,4.0
116,64,2.3800608E9,2.379888E9,168,4.0
116,94,2.3800608E9,2.379888E9,136,4.0
133,159,2.3800608E9,2.379888E9,168,4.0
115,64,2.3800608E9,2.379888E9,111,5.0
115,64,2.3800608E9,2.379888E9,1,5.0
133,94,2.3800608E9,2.379888E9,20,5.0
133,159,2.3800608E9,2.379888E9,131,5.0
115,159,2.3800608E9,2.379888E9,1,6.0
133,94,2.3800608E9,2.379888E9,136,6.0
116,64,2.3801472E9,2.379888E9,173,1.0
116,64,2.3801472E9,2.379888E9,141,1.0
116,64,2.3801472E9,2.379888E9,130,1.0
116,64,2.3801472E9,2.379888E9,17,1.0
116,64,2.3801472E9,2.379888E9,18,1.0
116,94,2.3801472E9,2.379888E9,150,1.0
116,94,2.3801472E9,2.379888E9,104,1.0
116,94,2.3801472E9,2.379888E9,80,1.0
116,159,2.3801472E9,2.379888E9,38,1.0
116,159,2.3801472E9,2.379888E9,22,1.0
133,94,2.3801472E9,2.379888E9,91,1.0
116,159,2.3801472E9,2.379888E9,91,2.0
116,159,2.3801472E9,2.379888E9,13,2.0
133,64,2.3801472E9,2.379888E9,91,2.0
133,159,2.3801472E9,2.379888E9,91,2.0
133,64,2.3801472E9,2.379888E9,13,3.0
133,94,2.3801472E9,2.379888E9,13,3.0
133,159,2.3801472E9,2.379888E9,13,3.0
116,94,2.3801472E9,2.379888E9,13,4.0
115,159,2.3801472E9,2.379888E9,120,5.0
115,64,2.3801472E9,2.379888E9,120,6.0
116,64,2.3801472E9,2.379888E9,13,6.0
115,94,2.3801472E9,2.379888E9,120,8.0
116,64,2.3802336E9,2.379888E9,180,1.0
116,64,2.3802336E9,2.379888E9,173,1.0
116,64,2.3802336E9,2.379888E9,147,1.0
116,64,2.3802336E9,2.379888E9,126,1.0
116,64,2.3802336E9,2.379888E9,112,1.0
116,64,2.3802336E9,2.379888E9,83,1.0
116,64,2.3802336E9,2.379888E9,82,1.0
116,64,2.3802336E9,2.379888E9,56,1.0
116,64,2.3802336E9,2.379888E9,24,1.0
116,94,2.3802336E9,2.379888E9,177,1.0
116,94,2.3802336E9,2.379888E9,172,1.0
116,94,2.3802336E9,2.379888E9,169,1.0
116,94,2.3802336E9,2.379888E9,161,1.0
116,94,2.3802336E9,2.379888E9,160,1.0
116,94,2.3802336E9,2.379888E9,143,1.0
116,94,2.3802336E9,2.379888E9,130,1.0
116,94,2.3802336E9,2.379888E9,124,1.0
116,94,2.3802336E9,2.379888E9,95,1.0
116,94,2.3802336E9,2.379888E9,84,1.0
116,94,2.3802336E9,2.379888E9,78,1.0
116,94,2.3802336E9,2.379888E9,74,1.0
116,94,2.3802336E9,2.379888E9,72,1.0
116,94,2.3802336E9,2.379888E9,66,1.0
116,94,2.3802336E9,2.379888E9,61,1.0
116,94,2.3802336E9,2.379888E9,51,1.0
116,94,2.3802336E9,2.379888E9,32,1.0
116,94,2.3802336E9,2.379888E9,16,1.0
116,159,2.3802336E9,2.379888E9,167,1.0
116,159,2.3802336E9,2.379888E9,154,1.0
116,159,2.3802336E9,2.379888E9,150,1.0
116,159,2.3802336E9,2.379888E9,132,1.0
116,159,2.3802336E9,2.379888E9,123,1.0
116,159,2.3802336E9,2.379888E9,104,1.0
116,159,2.3802336E9,2.379888E9,100,1.0
116,159,2.3802336E9,2.379888E9,96,1.0
116,159,2.3802336E9,2.379888E9,77,1.0
116,159,2.3802336E9,2.379888E9,71,1.0
116,159,2.3802336E9,2.379888E9,59,1.0
116,159,2.3802336E9,2.379888E9,54,1.0
116,159,2.3802336E9,2.379888E9,51,1.0
116,159,2.3802336E9,2.379888E9,47,1.0
116,159,2.3802336E9,2.379888E9,44,1.0
116,159,2.3802336E9,2.379888E9,19,1.0
116,159,2.3802336E9,2.379888E9,14,1.0
116,159,2.3802336E9,2.379888E9,2,1.0
133,64,2.3802336E9,2.379888E9,173,1.0
133,64,2.3802336E9,2.379888E9,86,1.0
133,94,2.3802336E9,2.379888E9,99,1.0
133,159,2.3802336E9,2.379888E9,175,1.0
116,64,2.3802336E9,2.379888E9,13,2.0
116,94,2.3802336E9,2.379888E9,140,2.0
116,94,2.3802336E9,2.379888E9,29,2.0
116,159,2.3802336E9,2.379888E9,173,2.0
116,159,2.3802336E9,2.379888E9,140,2.0
133,64,2.3802336E9,2.379888E9,29,2.0
133,94,2.3802336E9,2.379888E9,173,2.0
133,94,2.3802336E9,2.379888E9,140,2.0
116,94,2.3802336E9,2.379888E9,60,3.0
133,64,2.3802336E9,2.379888E9,140,3.0
133,64,2.3802336E9,2.379888E9,99,3.0
133,94,2.3802336E9,2.379888E9,60,3.0
133,94,2.3802336E9,2.379888E9,29,3.0
115,159,2.3802336E9,2.379888E9,118,4.0
116,64,2.3802336E9,2.379888E9,99,4.0
116,64,2.3802336E9,2.379888E9,60,4.0
116,94,2.3802336E9,2.379888E9,86,4.0
133,94,2.3802336E9,2.379888E9,86,4.0
133,94,2.3802336E9,2.379888E9,175,4.0
133,159,2.3802336E9,2.379888E9,140,4.0
133,159,2.3802336E9,2.379888E9,99,4.0
133,159,2.3802336E9,2.379888E9,173,4.0
133,159,2.3802336E9,2.379888E9,60,4.0
116,94,2.3802336E9,2.379888E9,175,5.0
116,159,2.3802336E9,2.379888E9,99,5.0
116,159,2.3802336E9,2.379888E9,60,5.0
133,64,2.3802336E9,2.379888E9,60,5.0
133,159,2.3802336E9,2.379888E9,29,5.0
116,64,2.3802336E9,2.379888E9,140,6.0
116,159,2.3802336E9,2.379888E9,29,6.0
115,64,2.3802336E9,2.379888E9,118,7.0
115,94,2.3802336E9,2.379888E9,118,7.0
115,94,2.3802336E9,2.379888E9,155,8.0
115,159,2.3802336E9,2.379888E9,155,8.0
115,64,2.3802336E9,2.379888E9,155,9.0
116,94,2.3802336E9,2.379888E9,173,9.0
116,64,2.38032E9,2.379888E9,149,1.0
116,64,2.38032E9,2.379888E9,126,1.0
116,64,2.38032E9,2.379888E9,55,1.0
116,94,2.38032E9,2.379888E9,91,1.0
116,159,2.38032E9,2.379888E9,167,1.0
116,159,2.38032E9,2.379888E9,149,1.0
116,159,2.38032E9,2.379888E9,147,1.0
116,159,2.38032E9,2.379888E9,119,1.0
116,159,2.38032E9,2.379888E9,109,1.0
116,159,2.38032E9,2.379888E9,108,1.0
116,159,2.38032E9,2.379888E9,83,1.0
116,159,2.38032E9,2.379888E9,66,1.0
116,159,2.38032E9,2.379888E9,12,1.0
116,159,2.38032E9,2.379888E9,11,1.0
116,159,2.38032E9,2.379888E9,2,1.0
133,159,2.38032E9,2.379888E9,119,1.0
116,94,2.38032E9,2.379888E9,7,2.0
133,64,2.38032E9,2.379888E9,170,2.0
116,64,2.38032E9,2.379888E9,170,3.0
133,159,2.38032E9,2.379888E9,170,3.0
116,159,2.38032E9,2.379888E9,7,4.0
116,159,2.38032E9,2.379888E9,170,5.0
133,159,2.38032E9,2.379888E9,7,5.0
133,159,2.38032E9,2.379888E9,86,6.0
116,159,2.38032E9,2.379888E9,86,7.0
133,94,2.38032E9,2.379888E9,7,7.0
116,64,2.3804064E9,2.379888E9,172,1.0
116,64,2.3804064E9,2.379888E9,171,1.0
116,64,2.3804064E9,2.379888E9,158,1.0
116,64,2.3804064E9,2.379888E9,150,1.0
116,64,2.3804064E9,2.379888E9,93,1.0
116,64,2.3804064E9,2.379888E9,89,1.0
116,64,2.3804064E9,2.379888E9,77,1.0
116,64,2.3804064E9,2.379888E9,75,1.0
116,64,2.3804064E9,2.379888E9,71,1.0
116,64,2.3804064E9,2.379888E9,73,1.0
116,64,2.3804064E9,2.379888E9,68,1.0
116,64,2.3804064E9,2.379888E9,47,1.0
116,64,2.3804064E9,2.379888E9,41,1.0
116,64,2.3804064E9,2.379888E9,33,1.0
116,64,2.3804064E9,2.379888E9,20,1.0
116,64,2.3804064E9,2.379888E9,18,1.0
116,64,2.3804064E9,2.379888E9,15,1.0
116,94,2.3804064E9,2.379888E9,175,1.0
116,94,2.3804064E9,2.379888E9,158,1.0
116,94,2.3804064E9,2.379888E9,141,1.0
116,94,2.3804064E9,2.379888E9,136,1.0
116,94,2.3804064E9,2.379888E9,110,1.0
116,94,2.3804064E9,2.379888E9,81,1.0
116,94,2.3804064E9,2.379888E9,23,1.0
116,94,2.3804064E9,2.379888E9,22,1.0
116,159,2.3804064E9,2.379888E9,177,1.0
116,159,2.3804064E9,2.379888E9,176,1.0
116,159,2.3804064E9,2.379888E9,113,1.0
116,159,2.3804064E9,2.379888E9,106,1.0
116,159,2.3804064E9,2.379888E9,103,1.0
116,159,2.3804064E9,2.379888E9,95,1.0
116,159,2.3804064E9,2.379888E9,92,1.0
116,159,2.3804064E9,2.379888E9,44,1.0
116,159,2.3804064E9,2.379888E9,39,1.0
116,159,2.3804064E9,2.379888E9,38,1.0
116,159,2.3804064E9,2.379888E9,37,1.0
116,159,2.3804064E9,2.379888E9,24,1.0
116,159,2.3804064E9,2.379888E9,22,1.0
116,159,2.3804064E9,2.379888E9,15,1.0
133,64,2.3804064E9,2.379888E9,18,1.0
133,94,2.3804064E9,2.379888E9,18,1.0
133,94,2.3804064E9,2.379888E9,7,1.0
133,159,2.3804064E9,2.379888E9,113,1.0
116,64,2.3804064E9,2.379888E9,55,2.0
116,94,2.3804064E9,2.379888E9,18,2.0
116,94,2.3804064E9,2.379888E9,7,2.0
133,94,2.3804064E9,2.379888E9,22,2.0
133,94,2.3804064E9,2.379888E9,13,2.0
133,159,2.3804064E9,2.379888E9,7,2.0
133,159,2.3804064E9,2.379888E9,13,2.0
133,159,2.3804064E9,2.379888E9,18,2.0
116,159,2.3804064E9,2.379888E9,13,3.0
116,159,2.3804064E9,2.379888E9,7,3.0
133,64,2.3804064E9,2.379888E9,22,3.0
116,94,2.3804064E9,2.379888E9,13,4.0
116,159,2.3804064E9,2.379888E9,18,5.0
133,64,2.3804064E9,2.379888E9,152,5.0
133,64,2.3804064E9,2.379888E9,7,5.0
116,64,2.3804064E9,2.379888E9,22,6.0
116,159,2.3804064E9,2.379888E9,141,6.0
133,94,2.3804064E9,2.379888E9,141,6.0
133,159,2.3804064E9,2.379888E9,22,6.0
133,159,2.3804064E9,2.379888E9,141,6.0
133,94,2.3804064E9,2.379888E9,152,7.0
133,159,2.3804064E9,2.379888E9,152,7.0
116,64,2.3804064E9,2.379888E9,7,8.0
133,64,2.3804064E9,2.379888E9,13,8.0
116,64,2.3804064E9,2.379888E9,13,12.0
116,64,2.3804928E9,2.379888E9,158,1.0
116,64,2.3804928E9,2.379888E9,135,1.0
116,64,2.3804928E9,2.379888E9,97,1.0
116,64,2.3804928E9,2.379888E9,35,1.0
116,94,2.3804928E9,2.379888E9,158,1.0
116,94,2.3804928E9,2.379888E9,135,1.0
116,94,2.3804928E9,2.379888E9,52,1.0
116,94,2.3804928E9,2.379888E9,49,1.0
116,94,2.3804928E9,2.379888E9,36,1.0
116,94,2.3804928E9,2.379888E9,34,1.0
116,94,2.3804928E9,2.379888E9,22,1.0
116,94,2.3804928E9,2.379888E9,21,1.0
116,159,2.3804928E9,2.379888E9,143,1.0
116,159,2.3804928E9,2.379888E9,139,1.0
116,159,2.3804928E9,2.379888E9,23,1.0
133,159,2.3804928E9,2.379888E9,158,1.0
116,64,2.3804928E9,2.379888E9,23,2.0
116,159,2.3804928E9,2.379888E9,164,2.0
116,159,2.3804928E9,2.379888E9,52,2.0
133,64,2.3804928E9,2.379888E9,158,2.0
133,159,2.3804928E9,2.379888E9,52,2.0
133,64,2.3804928E9,2.379888E9,23,3.0
133,94,2.3804928E9,2.379888E9,158,3.0
133,159,2.3804928E9,2.379888E9,164,3.0
116,94,2.3804928E9,2.379888E9,23,4.0
115,159,2.3804928E9,2.379888E9,45,5.0
133,94,2.3804928E9,2.379888E9,52,5.0
115,94,2.3804928E9,2.379888E9,45,6.0
133,159,2.3804928E9,2.379888E9,23,6.0
115,64,2.3804928E9,2.379888E9,45,8.0
133,94,2.3804928E9,2.379888E9,23,8.0
116,64,2.3805792E9,2.379888E9,130,1.0
116,64,2.3805792E9,2.379888E9,126,1.0
116,64,2.3805792E9,2.379888E9,111,1.0
116,64,2.3805792E9,2.379888E9,70,1.0
116,64,2.3805792E9,2.379888E9,67,1.0
116,64,2.3805792E9,2.379888E9,60,1.0
116,64,2.3805792E9,2.379888E9,51,1.0
116,64,2.3805792E9,2.379888E9,31,1.0
116,64,2.3805792E9,2.379888E9,16,1.0
116,64,2.3805792E9,2.379888E9,6,1.0
116,159,2.3805792E9,2.379888E9,131,1.0
116,159,2.3805792E9,2.379888E9,60,1.0
116,159,2.3805792E9,2.379888E9,52,1.0
116,159,2.3805792E9,2.379888E9,49,1.0
133,159,2.3805792E9,2.379888E9,52,1.0
116,159,2.3805792E9,2.379888E9,77,3.0
133,64,2.3805792E9,2.379888E9,52,5.0
133,64,2.3805792E9,2.379888E9,77,5.0
133,94,2.3805792E9,2.379888E9,52,5.0
133,159,2.3805792E9,2.379888E9,77,5.0
116,64,2.3805792E9,2.379888E9,77,7.0
116,64,2.3805792E9,2.379888E9,52,7.0
115,64,2.3805792E9,2.379888E9,144,8.0
115,94,2.3805792E9,2.379888E9,144,10.0
115,159,2.3805792E9,2.379888E9,144,10.0
116,64,2.3806656E9,2.379888E9,161,1.0
116,64,2.3806656E9,2.379888E9,145,1.0
116,94,2.3806656E9,2.379888E9,160,1.0
116,94,2.3806656E9,2.379888E9,132,1.0
116,94,2.3806656E9,2.379888E9,117,1.0
116,94,2.3806656E9,2.379888E9,98,1.0
116,94,2.3806656E9,2.379888E9,93,1.0
116,94,2.3806656E9,2.379888E9,75,1.0
116,94,2.3806656E9,2.379888E9,68,1.0
116,94,2.3806656E9,2.379888E9,67,1.0
116,94,2.3806656E9,2.379888E9,46,1.0
116,94,2.3806656E9,2.379888E9,40,1.0
116,94,2.3806656E9,2.379888E9,11,1.0
116,159,2.3806656E9,2.379888E9,126,1.0
116,159,2.3806656E9,2.379888E9,112,1.0
116,159,2.3806656E9,2.379888E9,83,1.0
116,159,2.3806656E9,2.379888E9,82,1.0
116,159,2.3806656E9,2.379888E9,78,1.0
116,159,2.3806656E9,2.379888E9,65,1.0
116,159,2.3806656E9,2.379888E9,60,1.0
133,94,2.3806656E9,2.379888E9,7,1.0
133,159,2.3806656E9,2.379888E9,143,1.0
133,159,2.3806656E9,2.379888E9,145,1.0
116,94,2.3806656E9,2.379888E9,143,2.0
116,159,2.3806656E9,2.379888E9,143,2.0
133,64,2.3806656E9,2.379888E9,145,2.0
133,64,2.3806656E9,2.379888E9,21,2.0
133,64,2.3806656E9,2.379888E9,7,2.0
133,94,2.3806656E9,2.379888E9,143,2.0
115,64,2.3806656E9,2.379888E9,43,3.0
116,94,2.3806656E9,2.379888E9,145,3.0
116,94,2.3806656E9,2.379888E9,77,3.0
116,94,2.3806656E9,2.379888E9,7,3.0
116,159,2.3806656E9,2.379888E9,21,3.0
133,64,2.3806656E9,2.379888E9,143,3.0
133,94,2.3806656E9,2.379888E9,77,3.0
116,159,2.3806656E9,2.379888E9,7,5.0
133,94,2.3806656E9,2.379888E9,145,5.0
133,159,2.3806656E9,2.379888E9,7,5.0
115,94,2.3806656E9,2.379888E9,43,7.0
116,94,2.3806656E9,2.379888E9,21,7.0
133,94,2.3806656E9,2.379888E9,21,8.0
115,159,2.3806656E9,2.379888E9,43,10.0
116,64,2.380752E9,2.379888E9,175,1.0
116,64,2.380752E9,2.379888E9,107,1.0
116,94,2.380752E9,2.379888E9,123,1.0
116,94,2.380752E9,2.379888E9,40,1.0
116,94,2.380752E9,2.379888E9,28,1.0
116,159,2.380752E9,2.379888E9,168,1.0
116,159,2.380752E9,2.379888E9,142,1.0
116,159,2.380752E9,2.379888E9,98,1.0
116,159,2.380752E9,2.379888E9,65,1.0
116,159,2.380752E9,2.379888E9,62,1.0
116,159,2.380752E9,2.379888E9,55,1.0
116,159,2.380752E9,2.379888E9,52,1.0
116,159,2.380752E9,2.379888E9,41,1.0
116,159,2.380752E9,2.379888E9,37,1.0
116,159,2.380752E9,2.379888E9,28,1.0
116,159,2.380752E9,2.379888E9,19,1.0
133,64,2.380752E9,2.379888E9,29,1.0
116,64,2.380752E9,2.379888E9,28,2.0
133,94,2.380752E9,2.379888E9,29,2.0
133,159,2.380752E9,2.379888E9,28,2.0
133,64,2.380752E9,2.379888E9,28,4.0
133,94,2.380752E9,2.379888E9,28,4.0
133,159,2.380752E9,2.379888E9,29,4.0
116,94,2.380752E9,2.379888E9,29,5.0
116,159,2.380752E9,2.379888E9,29,5.0
133,159,2.380752E9,2.379888E9,164,6.0
116,159,2.380752E9,2.379888E9,164,8.0
116,64,2.3808384E9,2.379888E9,172,1.0
116,64,2.3808384E9,2.379888E9,111,1.0
116,64,2.3808384E9,2.379888E9,82,1.0
116,64,2.3808384E9,2.379888E9,70,1.0
116,64,2.3808384E9,2.379888E9,35,1.0
116,64,2.3808384E9,2.379888E9,25,1.0
116,64,2.3808384E9,2.379888E9,22,1.0
116,64,2.3808384E9,2.379888E9,20,1.0
116,64,2.3808384E9,2.379888E9,11,1.0
116,94,2.3808384E9,2.379888E9,61,1.0
116,94,2.3808384E9,2.379888E9,47,1.0
116,94,2.3808384E9,2.379888E9,22,1.0
116,159,2.3808384E9,2.379888E9,165,1.0
116,159,2.3808384E9,2.379888E9,139,1.0
116,159,2.3808384E9,2.379888E9,74,1.0
116,159,2.3808384E9,2.379888E9,70,1.0
116,159,2.3808384E9,2.379888E9,30,1.0
116,159,2.3808384E9,2.379888E9,20,1.0
133,64,2.3808384E9,2.379888E9,22,1.0
133,94,2.3808384E9,2.379888E9,22,1.0
133,159,2.3808384E9,2.379888E9,74,1.0
116,64,2.3808384E9,2.379888E9,55,2.0
116,94,2.3808384E9,2.379888E9,74,2.0
116,159,2.3808384E9,2.379888E9,22,2.0
133,94,2.3808384E9,2.379888E9,11,2.0
115,64,2.3808384E9,2.379888E9,151,3.0
116,94,2.3808384E9,2.379888E9,37,3.0
116,94,2.3808384E9,2.379888E9,20,3.0
116,159,2.3808384E9,2.379888E9,11,3.0
133,94,2.3808384E9,2.379888E9,20,3.0
133,159,2.3808384E9,2.379888E9,20,3.0
133,159,2.3808384E9,2.379888E9,11,3.0
115,159,2.3808384E9,2.379888E9,151,4.0
133,94,2.3808384E9,2.379888E9,74,4.0
133,159,2.3808384E9,2.379888E9,22,4.0
115,94,2.3808384E9,2.379888E9,151,5.0
133,64,2.3808384E9,2.379888E9,37,5.0
133,64,2.3808384E9,2.379888E9,11,5.0
133,94,2.3808384E9,2.379888E9,37,5.0
116,64,2.3808384E9,2.379888E9,74,6.0
133,64,2.3808384E9,2.379888E9,74,6.0
133,64,2.3808384E9,2.379888E9,20,6.0
116,64,2.3809248E9,2.379888E9,107,1.0
116,64,2.3809248E9,2.379888E9,96,1.0
116,64,2.3809248E9,2.379888E9,70,1.0
116,64,2.3809248E9,2.379888E9,55,1.0
116,64,2.3809248E9,2.379888E9,33,1.0
116,94,2.3809248E9,2.379888E9,177,1.0
116,94,2.3809248E9,2.379888E9,162,1.0
116,94,2.3809248E9,2.379888E9,161,1.0
116,94,2.3809248E9,2.379888E9,106,1.0
116,94,2.3809248E9,2.379888E9,92,1.0
116,94,2.3809248E9,2.379888E9,65,1.0
116,94,2.3809248E9,2.379888E9,51,1.0
116,94,2.3809248E9,2.379888E9,46,1.0
116,94,2.3809248E9,2.379888E9,7,1.0
116,159,2.3809248E9,2.379888E9,179,1.0
116,159,2.3809248E9,2.379888E9,172,1.0
116,159,2.3809248E9,2.379888E9,168,1.0
116,159,2.3809248E9,2.379888E9,162,1.0
116,159,2.3809248E9,2.379888E9,148,1.0
116,159,2.3809248E9,2.379888E9,131,1.0
116,159,2.3809248E9,2.379888E9,129,1.0
116,159,2.3809248E9,2.379888E9,117,1.0
116,159,2.3809248E9,2.379888E9,101,1.0
116,159,2.3809248E9,2.379888E9,100,1.0
116,159,2.3809248E9,2.379888E9,96,1.0
116,159,2.3809248E9,2.379888E9,55,1.0
116,159,2.3809248E9,2.379888E9,33,1.0
116,159,2.3809248E9,2.379888E9,30,1.0
116,159,2.3809248E9,2.379888E9,25,1.0
116,159,2.3809248E9,2.379888E9,22,1.0
116,159,2.3809248E9,2.379888E9,3,1.0
133,64,2.3809248E9,2.379888E9,168,1.0
133,64,2.3809248E9,2.379888E9,70,1.0
133,94,2.3809248E9,2.379888E9,7,1.0
133,159,2.3809248E9,2.379888E9,96,1.0
116,64,2.3809248E9,2.379888E9,100,2.0
116,159,2.3809248E9,2.379888E9,70,2.0
133,94,2.3809248E9,2.379888E9,107,2.0
133,159,2.3809248E9,2.379888E9,100,2.0
133,159,2.3809248E9,2.379888E9,70,2.0
133,159,2.3809248E9,2.379888E9,168,2.0
116,64,2.3809248E9,2.379888E9,7,3.0
116,94,2.3809248E9,2.379888E9,107,3.0
116,159,2.3809248E9,2.379888E9,107,3.0
133,64,2.3809248E9,2.379888E9,107,3.0
133,64,2.3809248E9,2.379888E9,96,3.0
133,94,2.3809248E9,2.379888E9,168,3.0
133,159,2.3809248E9,2.379888E9,107,3.0
133,159,2.3809248E9,2.379888E9,7,3.0
133,159,2.3809248E9,2.379888E9,134,3.0
116,64,2.3809248E9,2.379888E9,168,4.0
116,159,2.3809248E9,2.379888E9,7,4.0
116,159,2.3809248E9,2.379888E9,134,5.0
133,64,2.3809248E9,2.379888E9,7,5.0
133,94,2.3809248E9,2.379888E9,96,5.0
116,94,2.3809248E9,2.379888E9,96,6.0
133,64,2.3809248E9,2.379888E9,100,6.0
116,64,2.3810112E9,2.379888E9,72,1.0
116,64,2.3810112E9,2.379888E9,71,1.0
116,64,2.3810112E9,2.379888E9,51,1.0
116,64,2.3810112E9,2.379888E9,46,1.0
116,64,2.3810112E9,2.379888E9,29,1.0
116,64,2.3810112E9,2.379888E9,10,1.0
116,64,2.3810112E9,2.379888E9,148,1.0
116,94,2.3810112E9,2.379888E9,142,1.0
116,94,2.3810112E9,2.379888E9,158,1.0
116,94,2.3810112E9,2.379888E9,84,1.0
116,94,2.3810112E9,2.379888E9,68,1.0
116,94,2.3810112E9,2.379888E9,59,1.0
116,94,2.3810112E9,2.379888E9,160,1.0
116,94,2.3810112E9,2.379888E9,123,1.0
116,159,2.3810112E9,2.379888E9,80,1.0
116,159,2.3810112E9,2.379888E9,67,1.0
116,159,2.3810112E9,2.379888E9,62,1.0
116,159,2.3810112E9,2.379888E9,10,1.0
133,64,2.3810112E9,2.379888E9,72,1.0
133,94,2.3810112E9,2.379888E9,72,1.0
116,94,2.3810112E9,2.379888E9,100,2.0
116,159,2.3810112E9,2.379888E9,158,2.0
116,159,2.3810112E9,2.379888E9,72,2.0
116,159,2.3810112E9,2.379888E9,68,2.0
133,64,2.3810112E9,2.379888E9,158,2.0
133,94,2.3810112E9,2.379888E9,100,2.0
133,94,2.3810112E9,2.379888E9,67,2.0
133,94,2.3810112E9,2.379888E9,10,2.0
116,64,2.3810112E9,2.379888E9,158,3.0
116,94,2.3810112E9,2.379888E9,67,3.0
133,94,2.3810112E9,2.379888E9,158,3.0
133,159,2.3810112E9,2.379888E9,158,3.0
116,64,2.3810112E9,2.379888E9,67,4.0
133,64,2.3810112E9,2.379888E9,67,4.0
133,159,2.3810112E9,2.379888E9,67,4.0
133,159,2.3810112E9,2.379888E9,72,6.0
133,159,2.3810112E9,2.379888E9,10,7.0
116,64,2.3810976E9,2.379888E9,12,1.0
116,64,2.3810976E9,2.379888E9,14,1.0
116,64,2.3810976E9,2.379888E9,26,1.0
116,64,2.3810976E9,2.379888E9,85,1.0
116,64,2.3810976E9,2.379888E9,44,1.0
116,64,2.3810976E9,2.379888E9,58,1.0
116,64,2.3810976E9,2.379888E9,84,1.0
116,64,2.3810976E9,2.379888E9,172,1.0
116,64,2.3810976E9,2.379888E9,167,1.0
116,64,2.3810976E9,2.379888E9,123,1.0
116,64,2.3810976E9,2.379888E9,129,1.0
116,64,2.3810976E9,2.379888E9,147,1.0
116,64,2.3810976E9,2.379888E9,37,1.0
116,64,2.3810976E9,2.379888E9,104,1.0
116,94,2.3810976E9,2.379888E9,141,1.0
116,94,2.3810976E9,2.379888E9,167,1.0
116,94,2.3810976E9,2.379888E9,140,1.0
116,94,2.3810976E9,2.379888E9,74,1.0
116,94,2.3810976E9,2.379888E9,48,1.0
116,94,2.3810976E9,2.379888E9,19,1.0
116,94,2.3810976E9,2.379888E9,51,1.0
116,94,2.3810976E9,2.379888E9,107,1.0
116,159,2.3810976E9,2.379888E9,119,1.0
116,159,2.3810976E9,2.379888E9,108,1.0
116,159,2.3810976E9,2.379888E9,107,1.0
116,159,2.3810976E9,2.379888E9,92,1.0
116,159,2.3810976E9,2.379888E9,85,1.0
116,159,2.3810976E9,2.379888E9,78,1.0
116,159,2.3810976E9,2.379888E9,73,1.0
116,159,2.3810976E9,2.379888E9,55,1.0
116,159,2.3810976E9,2.379888E9,52,1.0
116,159,2.3810976E9,2.379888E9,51,1.0
116,159,2.3810976E9,2.379888E9,49,1.0
116,159,2.3810976E9,2.379888E9,44,1.0
116,159,2.3810976E9,2.379888E9,33,1.0
116,159,2.3810976E9,2.379888E9,32,1.0
116,159,2.3810976E9,2.379888E9,23,1.0
116,159,2.3810976E9,2.379888E9,21,1.0
116,159,2.3810976E9,2.379888E9,6,1.0
133,64,2.3810976E9,2.379888E9,102,1.0
133,94,2.3810976E9,2.379888E9,147,1.0
133,94,2.3810976E9,2.379888E9,158,1.0
133,159,2.3810976E9,2.379888E9,113,1.0
116,64,2.3810976E9,2.379888E9,81,2.0
116,64,2.3810976E9,2.379888E9,2,2.0
116,64,2.3810976E9,2.379888E9,128,2.0
116,64,2.3810976E9,2.379888E9,62,2.0
116,64,2.3810976E9,2.379888E9,49,2.0
116,64,2.3810976E9,2.379888E9,4,2.0
116,94,2.3810976E9,2.379888E9,139,2.0
116,94,2.3810976E9,2.379888E9,108,2.0
116,94,2.3810976E9,2.379888E9,147,2.0
116,159,2.3810976E9,2.379888E9,147,2.0
116,159,2.3810976E9,2.379888E9,142,2.0
116,159,2.3810976E9,2.379888E9,98,2.0
116,159,2.3810976E9,2.379888E9,22,2.0
133,64,2.3810976E9,2.379888E9,160,2.0
133,94,2.3810976E9,2.379888E9,160,2.0
115,64,2.3810976E9,2.379888E9,53,3.0
115,94,2.3810976E9,2.379888E9,53,3.0
133,64,2.3810976E9,2.379888E9,139,3.0
133,94,2.3810976E9,2.379888E9,139,3.0
133,159,2.3810976E9,2.379888E9,10,3.0
133,159,2.3810976E9,2.379888E9,102,3.0
133,159,2.3810976E9,2.379888E9,49,3.0
133,159,2.3810976E9,2.379888E9,147,3.0
115,159,2.3810976E9,2.379888E9,174,4.0
116,64,2.3810976E9,2.379888E9,10,4.0
116,64,2.3810976E9,2.379888E9,158,4.0
116,94,2.3810976E9,2.379888E9,10,4.0
116,159,2.3810976E9,2.379888E9,160,4.0
116,159,2.3810976E9,2.379888E9,158,4.0
116,159,2.3810976E9,2.379888E9,86,4.0
116,159,2.3810976E9,2.379888E9,10,4.0
133,64,2.3810976E9,2.379888E9,158,4.0
133,64,2.3810976E9,2.379888E9,86,4.0
133,64,2.3810976E9,2.379888E9,29,4.0
133,159,2.3810976E9,2.379888E9,86,4.0
115,64,2.3810976E9,2.379888E9,144,5.0
116,64,2.3810976E9,2.379888E9,86,5.0
116,64,2.3810976E9,2.379888E9,139,5.0
116,64,2.3810976E9,2.379888E9,102,5.0
116,159,2.3810976E9,2.379888E9,102,5.0
133,64,2.3810976E9,2.379888E9,49,5.0
133,94,2.3810976E9,2.379888E9,102,5.0
133,94,2.3810976E9,2.379888E9,86,5.0
133,94,2.3810976E9,2.379888E9,10,5.0
133,159,2.3810976E9,2.379888E9,160,5.0
133,159,2.3810976E9,2.379888E9,158,5.0
115,159,2.3810976E9,2.379888E9,144,6.0
115,159,2.3810976E9,2.379888E9,53,6.0
116,94,2.3810976E9,2.379888E9,102,6.0
133,64,2.3810976E9,2.379888E9,10,6.0
115,64,2.3810976E9,2.379888E9,174,7.0
116,64,2.3810976E9,2.379888E9,160,7.0
133,159,2.3810976E9,2.379888E9,119,7.0
115,94,2.3810976E9,2.379888E9,144,8.0
115,94,2.3810976E9,2.379888E9,174,9.0
116,64,2.3810976E9,2.379888E9,29,9.0
116,94,2.381184E9,2.379888E9,141,1.0
116,94,2.381184E9,2.379888E9,127,1.0
116,94,2.381184E9,2.379888E9,111,1.0
116,94,2.381184E9,2.379888E9,110,1.0
116,94,2.381184E9,2.379888E9,26,1.0
116,94,2.381184E9,2.379888E9,107,1.0
116,94,2.381184E9,2.379888E9,160,1.0
116,94,2.381184E9,2.379888E9,62,1.0
116,94,2.381184E9,2.379888E9,49,1.0
116,94,2.381184E9,2.379888E9,97,1.0
116,159,2.381184E9,2.379888E9,142,1.0
116,159,2.381184E9,2.379888E9,70,1.0
116,159,2.381184E9,2.379888E9,65,1.0
116,159,2.381184E9,2.379888E9,50,1.0
116,159,2.381184E9,2.379888E9,44,1.0
116,159,2.381184E9,2.379888E9,35,1.0
116,159,2.381184E9,2.379888E9,11,1.0
133,64,2.381184E9,2.379888E9,85,1.0
133,94,2.381184E9,2.379888E9,49,1.0
116,159,2.381184E9,2.379888E9,177,2.0
116,159,2.381184E9,2.379888E9,20,2.0
133,159,2.381184E9,2.379888E9,132,2.0
116,94,2.381184E9,2.379888E9,85,3.0
116,94,2.381184E9,2.379888E9,29,3.0
133,94,2.381184E9,2.379888E9,132,3.0
133,94,2.381184E9,2.379888E9,85,3.0
133,159,2.381184E9,2.379888E9,85,3.0
133,159,2.381184E9,2.379888E9,139,3.0
115,159,2.381184E9,2.379888E9,153,4.0
116,159,2.381184E9,2.379888E9,132,4.0
133,94,2.381184E9,2.379888E9,29,4.0
116,94,2.381184E9,2.379888E9,132,5.0
116,159,2.381184E9,2.379888E9,85,5.0
115,94,2.381184E9,2.379888E9,146,7.0
116,159,2.381184E9,2.379888E9,139,7.0
115,94,2.381184E9,2.379888E9,153,8.0
115,64,2.381184E9,2.379888E9,153,9.0
115,64,2.381184E9,2.379888E9,146,9.0
115,159,2.381184E9,2.379888E9,146,10.0
116,64,2.3812704E9,2.379888E9,180,1.0
116,64,2.3812704E9,2.379888E9,165,1.0
116,64,2.3812704E9,2.379888E9,86,1.0
116,64,2.3812704E9,2.379888E9,72,1.0
116,64,2.3812704E9,2.379888E9,52,1.0
116,64,2.3812704E9,2.379888E9,48,1.0
116,64,2.3812704E9,2.379888E9,29,1.0
116,64,2.3812704E9,2.379888E9,14,1.0
116,94,2.3812704E9,2.379888E9,81,1.0
116,94,2.3812704E9,2.379888E9,173,1.0
116,94,2.3812704E9,2.379888E9,100,1.0
116,94,2.3812704E9,2.379888E9,72,1.0
116,94,2.3812704E9,2.379888E9,62,1.0
116,94,2.3812704E9,2.379888E9,154,1.0
116,94,2.3812704E9,2.379888E9,30,1.0
116,94,2.3812704E9,2.379888E9,33,1.0
116,159,2.3812704E9,2.379888E9,180,1.0
116,159,2.3812704E9,2.379888E9,86,1.0
116,159,2.3812704E9,2.379888E9,82,1.0
116,159,2.3812704E9,2.379888E9,50,1.0
116,159,2.3812704E9,2.379888E9,39,1.0
116,159,2.3812704E9,2.379888E9,32,1.0
116,159,2.3812704E9,2.379888E9,26,1.0
116,159,2.3812704E9,2.379888E9,23,1.0
116,159,2.3812704E9,2.379888E9,11,1.0
133,64,2.3812704E9,2.379888E9,99,1.0
133,94,2.3812704E9,2.379888E9,26,1.0
116,159,2.3812704E9,2.379888E9,162,2.0
116,159,2.3812704E9,2.379888E9,37,2.0
133,64,2.3812704E9,2.379888E9,132,2.0
133,159,2.3812704E9,2.379888E9,86,2.0
133,159,2.3812704E9,2.379888E9,162,2.0
116,64,2.3812704E9,2.379888E9,89,3.0
116,94,2.3812704E9,2.379888E9,89,3.0
116,159,2.3812704E9,2.379888E9,20,3.0
133,64,2.3812704E9,2.379888E9,162,3.0
133,64,2.3812704E9,2.379888E9,86,3.0
133,64,2.3812704E9,2.379888E9,20,3.0
133,94,2.3812704E9,2.379888E9,99,3.0
133,159,2.3812704E9,2.379888E9,26,3.0
133,159,2.3812704E9,2.379888E9,89,3.0
116,64,2.3812704E9,2.379888E9,26,4.0
116,64,2.3812704E9,2.379888E9,20,4.0
116,159,2.3812704E9,2.379888E9,99,4.0
116,159,2.3812704E9,2.379888E9,89,4.0
133,94,2.3812704E9,2.379888E9,89,4.0
133,159,2.3812704E9,2.379888E9,20,4.0
116,94,2.3812704E9,2.379888E9,99,5.0
133,64,2.3812704E9,2.379888E9,89,5.0
133,159,2.3812704E9,2.379888E9,99,5.0
116,94,2.3812704E9,2.379888E9,162,6.0
133,64,2.3812704E9,2.379888E9,26,8.0
133,94,2.3812704E9,2.379888E9,162,10.0
116,64,2.3813568E9,2.379888E9,3,1.0
116,64,2.3813568E9,2.379888E9,173,1.0
116,64,2.3813568E9,2.379888E9,170,1.0
116,64,2.3813568E9,2.379888E9,165,1.0
116,64,2.3813568E9,2.379888E9,140,1.0
116,64,2.3813568E9,2.379888E9,57,1.0
116,64,2.3813568E9,2.379888E9,49,1.0
116,64,2.3813568E9,2.379888E9,27,1.0
116,64,2.3813568E9,2.379888E9,77,1.0
116,94,2.3813568E9,2.379888E9,84,1.0
116,94,2.3813568E9,2.379888E9,139,1.0
116,94,2.3813568E9,2.379888E9,82,1.0
116,94,2.3813568E9,2.379888E9,41,1.0
116,94,2.3813568E9,2.379888E9,78,1.0
116,94,2.3813568E9,2.379888E9,75,1.0
116,159,2.3813568E9,2.379888E9,145,1.0
116,159,2.3813568E9,2.379888E9,131,1.0
116,159,2.3813568E9,2.379888E9,130,1.0
116,159,2.3813568E9,2.379888E9,123,1.0
116,159,2.3813568E9,2.379888E9,110,1.0
116,159,2.3813568E9,2.379888E9,97,1.0
116,159,2.3813568E9,2.379888E9,70,1.0
116,159,2.3813568E9,2.379888E9,67,1.0
116,159,2.3813568E9,2.379888E9,27,1.0
116,159,2.3813568E9,2.379888E9,21,1.0
133,64,2.3813568E9,2.379888E9,49,1.0
133,94,2.3813568E9,2.379888E9,27,1.0
133,159,2.3813568E9,2.379888E9,21,1.0
116,94,2.3813568E9,2.379888E9,21,2.0
116,94,2.3813568E9,2.379888E9,10,2.0
116,94,2.3813568E9,2.379888E9,49,2.0
116,94,2.3813568E9,2.379888E9,27,2.0
116,159,2.3813568E9,2.379888E9,140,2.0
115,64,2.3813568E9,2.379888E9,63,3.0
116,159,2.3813568E9,2.379888E9,170,3.0
116,159,2.3813568E9,2.379888E9,49,3.0
115,94,2.3813568E9,2.379888E9,63,4.0
116,94,2.3813568E9,2.379888E9,170,4.0
133,64,2.3813568E9,2.379888E9,170,4.0
133,64,2.3813568E9,2.379888E9,140,4.0
133,94,2.3813568E9,2.379888E9,49,4.0
133,159,2.3813568E9,2.379888E9,140,4.0
115,159,2.3813568E9,2.379888E9,63,5.0
116,64,2.3813568E9,2.379888E9,21,5.0
116,94,2.3813568E9,2.379888E9,140,5.0
133,64,2.3813568E9,2.379888E9,27,5.0
133,94,2.3813568E9,2.379888E9,170,5.0
133,94,2.3813568E9,2.379888E9,140,5.0
133,159,2.3813568E9,2.379888E9,49,5.0
133,64,2.3813568E9,2.379888E9,21,6.0
133,159,2.3813568E9,2.379888E9,27,6.0
116,94,2.3814432E9,2.379888E9,179,1.0
116,94,2.3814432E9,2.379888E9,143,1.0
116,94,2.3814432E9,2.379888E9,103,1.0
116,94,2.3814432E9,2.379888E9,62,1.0
116,94,2.3814432E9,2.379888E9,38,1.0
116,94,2.3814432E9,2.379888E9,14,1.0
116,159,2.3814432E9,2.379888E9,175,1.0
116,159,2.3814432E9,2.379888E9,169,1.0
116,159,2.3814432E9,2.379888E9,148,1.0
116,159,2.3814432E9,2.379888E9,56,1.0
116,159,2.3814432E9,2.379888E9,30,1.0
116,159,2.3814432E9,2.379888E9,29,1.0
116,159,2.3814432E9,2.379888E9,15,1.0
133,64,2.3814432E9,2.379888E9,68,1.0
116,64,2.3814432E9,2.379888E9,68,2.0
116,94,2.3814432E9,2.379888E9,68,2.0
133,94,2.3814432E9,2.379888E9,143,2.0
116,94,2.3814432E9,2.379888E9,106,3.0
116,159,2.3814432E9,2.379888E9,106,3.0
133,159,2.3814432E9,2.379888E9,106,3.0
116,159,2.3814432E9,2.379888E9,143,4.0
116,159,2.3814432E9,2.379888E9,68,4.0
133,94,2.3814432E9,2.379888E9,106,4.0
133,94,2.3814432E9,2.379888E9,68,5.0
133,159,2.3814432E9,2.379888E9,68,6.0
115,159,2.3814432E9,2.379888E9,120,7.0
133,159,2.3814432E9,2.379888E9,143,7.0
115,64,2.3814432E9,2.379888E9,120,11.0
116,64,2.3815296E9,2.379888E9,73,1.0
116,64,2.3815296E9,2.379888E9,39,1.0
116,64,2.3815296E9,2.379888E9,38,1.0
116,64,2.3815296E9,2.379888E9,23,1.0
116,94,2.3815296E9,2.379888E9,180,1.0
116,94,2.3815296E9,2.379888E9,140,1.0
116,94,2.3815296E9,2.379888E9,99,1.0
116,94,2.3815296E9,2.379888E9,93,1.0
116,94,2.3815296E9,2.379888E9,67,1.0
116,94,2.3815296E9,2.379888E9,56,1.0
116,94,2.3815296E9,2.379888E9,55,1.0
116,94,2.3815296E9,2.379888E9,38,1.0
116,94,2.3815296E9,2.379888E9,37,1.0
116,94,2.3815296E9,2.379888E9,2,1.0
116,159,2.3815296E9,2.379888E9,89,1.0
133,159,2.3815296E9,2.379888E9,38,1.0
133,159,2.3815296E9,2.379888E9,89,1.0
116,64,2.3815296E9,2.379888E9,60,2.0
116,94,2.3815296E9,2.379888E9,89,2.0
133,94,2.3815296E9,2.379888E9,89,2.0
116,64,2.3815296E9,2.379888E9,106,3.0
116,159,2.3815296E9,2.379888E9,140,3.0
133,94,2.3815296E9,2.379888E9,38,3.0
115,94,2.3815296E9,2.379888E9,120,4.0
133,64,2.3815296E9,2.379888E9,140,4.0
133,94,2.3815296E9,2.379888E9,60,4.0
116,94,2.3815296E9,2.379888E9,60,5.0
133,64,2.3815296E9,2.379888E9,106,5.0
133,94,2.3815296E9,2.379888E9,140,5.0
133,159,2.3815296E9,2.379888E9,140,5.0
133,64,2.3815296E9,2.379888E9,60,6.0
116,64,2.381616E9,2.379888E9,124,1.0
116,64,2.381616E9,2.379888E9,112,1.0
116,64,2.381616E9,2.379888E9,97,1.0
116,64,2.381616E9,2.379888E9,83,1.0
116,64,2.381616E9,2.379888E9,81,1.0
116,64,2.381616E9,2.379888E9,72,1.0
116,64,2.381616E9,2.379888E9,54,1.0
116,64,2.381616E9,2.379888E9,41,1.0
116,64,2.381616E9,2.379888E9,38,1.0
116,64,2.381616E9,2.379888E9,15,1.0
116,64,2.381616E9,2.379888E9,3,1.0
116,94,2.381616E9,2.379888E9,170,1.0
116,94,2.381616E9,2.379888E9,160,1.0
116,94,2.381616E9,2.379888E9,124,1.0
116,94,2.381616E9,2.379888E9,84,1.0
116,94,2.381616E9,2.379888E9,83,1.0
116,94,2.381616E9,2.379888E9,82,1.0
116,94,2.381616E9,2.379888E9,78,1.0
116,94,2.381616E9,2.379888E9,44,1.0
116,94,2.381616E9,2.379888E9,19,1.0
116,94,2.381616E9,2.379888E9,10,1.0
116,159,2.381616E9,2.379888E9,173,1.0
116,159,2.381616E9,2.379888E9,158,1.0
116,159,2.381616E9,2.379888E9,150,1.0
116,159,2.381616E9,2.379888E9,91,1.0
116,159,2.381616E9,2.379888E9,36,1.0
133,64,2.381616E9,2.379888E9,173,1.0
133,64,2.381616E9,2.379888E9,154,1.0
133,94,2.381616E9,2.379888E9,7,1.0
133,159,2.381616E9,2.379888E9,154,1.0
116,94,2.381616E9,2.379888E9,154,2.0
116,159,2.381616E9,2.379888E9,154,2.0
133,64,2.381616E9,2.379888E9,143,2.0
133,64,2.381616E9,2.379888E9,7,2.0
116,64,2.381616E9,2.379888E9,80,3.0
116,64,2.381616E9,2.379888E9,10,3.0
116,159,2.381616E9,2.379888E9,143,3.0
133,94,2.381616E9,2.379888E9,154,3.0
133,159,2.381616E9,2.379888E9,80,3.0
133,159,2.381616E9,2.379888E9,173,3.0
116,64,2.381616E9,2.379888E9,154,4.0
116,64,2.381616E9,2.379888E9,7,4.0
116,94,2.381616E9,2.379888E9,7,4.0
133,64,2.381616E9,2.379888E9,80,4.0
133,94,2.381616E9,2.379888E9,143,4.0
133,159,2.381616E9,2.379888E9,143,4.0
115,64,2.381616E9,2.379888E9,45,5.0
115,94,2.381616E9,2.379888E9,45,5.0
116,64,2.381616E9,2.379888E9,143,5.0
133,94,2.381616E9,2.379888E9,173,5.0
115,94,2.381616E9,2.379888E9,118,6.0
115,159,2.381616E9,2.379888E9,45,6.0
116,94,2.381616E9,2.379888E9,173,6.0
133,94,2.381616E9,2.379888E9,10,6.0
115,159,2.381616E9,2.379888E9,118,7.0
115,64,2.381616E9,2.379888E9,118,8.0
116,64,2.3817024E9,2.379888E9,128,1.0
116,64,2.3817024E9,2.379888E9,123,1.0
116,64,2.3817024E9,2.379888E9,102,1.0
116,64,2.3817024E9,2.379888E9,37,1.0
116,94,2.3817024E9,2.379888E9,172,1.0
116,94,2.3817024E9,2.379888E9,147,1.0
116,94,2.3817024E9,2.379888E9,101,1.0
116,94,2.3817024E9,2.379888E9,89,1.0
116,94,2.3817024E9,2.379888E9,86,1.0
116,94,2.3817024E9,2.379888E9,75,1.0
116,94,2.3817024E9,2.379888E9,52,1.0
116,94,2.3817024E9,2.379888E9,51,1.0
116,94,2.3817024E9,2.379888E9,49,1.0
116,94,2.3817024E9,2.379888E9,48,1.0
116,94,2.3817024E9,2.379888E9,31,1.0
116,159,2.3817024E9,2.379888E9,145,1.0
116,159,2.3817024E9,2.379888E9,7,1.0
133,94,2.3817024E9,2.379888E9,7,1.0
133,159,2.3817024E9,2.379888E9,68,2.0
116,64,2.3817024E9,2.379888E9,7,3.0
116,94,2.3817024E9,2.379888E9,80,3.0
116,94,2.3817024E9,2.379888E9,68,3.0
133,64,2.3817024E9,2.379888E9,68,3.0
133,94,2.3817024E9,2.379888E9,80,3.0
116,64,2.3817024E9,2.379888E9,68,4.0
133,94,2.3817024E9,2.379888E9,167,4.0
116,94,2.3817024E9,2.379888E9,7,5.0
133,64,2.3817024E9,2.379888E9,167,5.0
133,94,2.3817024E9,2.379888E9,68,5.0
133,159,2.3817024E9,2.379888E9,167,5.0
116,94,2.3817024E9,2.379888E9,167,6.0
133,159,2.3817024E9,2.379888E9,7,6.0
133,64,2.3817024E9,2.379888E9,7,7.0
116,64,2.3817888E9,2.379888E9,150,1.0
116,64,2.3817888E9,2.379888E9,149,1.0
116,64,2.3817888E9,2.379888E9,130,1.0
116,64,2.3817888E9,2.379888E9,104,1.0
116,64,2.3817888E9,2.379888E9,98,1.0
116,64,2.3817888E9,2.379888E9,95,1.0
116,64,2.3817888E9,2.379888E9,84,1.0
116,64,2.3817888E9,2.379888E9,72,1.0
116,64,2.3817888E9,2.379888E9,65,1.0
116,64,2.3817888E9,2.379888E9,10,1.0
116,94,2.3817888E9,2.379888E9,175,1.0
116,94,2.3817888E9,2.379888E9,171,1.0
116,94,2.3817888E9,2.379888E9,150,1.0
116,94,2.3817888E9,2.379888E9,101,1.0
116,94,2.3817888E9,2.379888E9,95,1.0
116,94,2.3817888E9,2.379888E9,93,1.0
116,94,2.3817888E9,2.379888E9,61,1.0
116,94,2.3817888E9,2.379888E9,32,1.0
116,94,2.3817888E9,2.379888E9,6,1.0
116,159,2.3817888E9,2.379888E9,112,1.0
116,159,2.3817888E9,2.379888E9,108,1.0
116,159,2.3817888E9,2.379888E9,62,1.0
116,159,2.3817888E9,2.379888E9,61,1.0
116,159,2.3817888E9,2.379888E9,55,1.0
116,159,2.3817888E9,2.379888E9,10,1.0
133,94,2.3817888E9,2.379888E9,111,1.0
133,159,2.3817888E9,2.379888E9,111,1.0
116,94,2.3817888E9,2.379888E9,3,2.0
116,159,2.3817888E9,2.379888E9,70,2.0
133,94,2.3817888E9,2.379888E9,29,2.0
133,159,2.3817888E9,2.379888E9,3,2.0
116,64,2.3817888E9,2.379888E9,70,3.0
116,64,2.3817888E9,2.379888E9,3,3.0
116,159,2.3817888E9,2.379888E9,29,3.0
116,159,2.3817888E9,2.379888E9,3,3.0
133,64,2.3817888E9,2.379888E9,70,3.0
133,64,2.3817888E9,2.379888E9,3,3.0
133,159,2.3817888E9,2.379888E9,29,3.0
116,64,2.3817888E9,2.379888E9,29,4.0
116,159,2.3817888E9,2.379888E9,111,4.0
133,94,2.3817888E9,2.379888E9,3,4.0
115,94,2.3817888E9,2.379888E9,120,5.0
115,159,2.3817888E9,2.379888E9,120,5.0
116,94,2.3817888E9,2.379888E9,70,5.0
115,159,2.3817888E9,2.379888E9,138,6.0
116,94,2.3817888E9,2.379888E9,111,6.0
133,94,2.3817888E9,2.379888E9,70,6.0
133,159,2.3817888E9,2.379888E9,70,6.0
115,94,2.3817888E9,2.379888E9,138,8.0
115,64,2.3817888E9,2.379888E9,138,9.0
115,64,2.3817888E9,2.379888E9,120,9.0
116,64,2.3818752E9,2.379888E9,123,1.0
116,64,2.3818752E9,2.379888E9,81,1.0
116,64,2.3818752E9,2.379888E9,55,1.0
116,64,2.3818752E9,2.379888E9,10,1.0
116,94,2.3818752E9,2.379888E9,141,1.0
116,94,2.3818752E9,2.379888E9,123,1.0
116,94,2.3818752E9,2.379888E9,117,1.0
116,94,2.3818752E9,2.379888E9,110,1.0
116,94,2.3818752E9,2.379888E9,60,1.0
116,94,2.3818752E9,2.379888E9,58,1.0
116,94,2.3818752E9,2.379888E9,55,1.0
116,94,2.3818752E9,2.379888E9,31,1.0
116,94,2.3818752E9,2.379888E9,30,1.0
116,94,2.3818752E9,2.379888E9,11,1.0
116,94,2.3818752E9,2.379888E9,10,1.0
116,159,2.3818752E9,2.379888E9,162,1.0
116,159,2.3818752E9,2.379888E9,113,1.0
116,159,2.3818752E9,2.379888E9,109,1.0
116,159,2.3818752E9,2.379888E9,85,1.0
116,159,2.3818752E9,2.379888E9,75,1.0
116,159,2.3818752E9,2.379888E9,67,1.0
116,159,2.3818752E9,2.379888E9,46,1.0
116,159,2.3818752E9,2.379888E9,41,1.0
116,159,2.3818752E9,2.379888E9,40,1.0
116,159,2.3818752E9,2.379888E9,31,1.0
116,159,2.3818752E9,2.379888E9,19,1.0
116,159,2.3818752E9,2.379888E9,15,1.0
116,159,2.3818752E9,2.379888E9,11,1.0
133,64,2.3818752E9,2.379888E9,66,1.0
116,64,2.3818752E9,2.379888E9,150,2.0
116,64,2.3818752E9,2.379888E9,29,2.0
116,94,2.3818752E9,2.379888E9,66,2.0
133,64,2.3818752E9,2.379888E9,162,2.0
133,64,2.3818752E9,2.379888E9,29,2.0
133,94,2.3818752E9,2.379888E9,10,2.0
133,159,2.3818752E9,2.379888E9,29,2.0
133,159,2.3818752E9,2.379888E9,162,2.0
133,159,2.3818752E9,2.379888E9,164,2.0
133,159,2.3818752E9,2.379888E9,113,2.0
116,159,2.3818752E9,2.379888E9,29,3.0
133,94,2.3818752E9,2.379888E9,162,3.0
133,94,2.3818752E9,2.379888E9,66,3.0
116,94,2.3818752E9,2.379888E9,162,4.0
116,159,2.3818752E9,2.379888E9,10,4.0
133,94,2.3818752E9,2.379888E9,29,4.0
133,159,2.3818752E9,2.379888E9,66,4.0
116,94,2.3818752E9,2.379888E9,29,5.0
116,159,2.3818752E9,2.379888E9,164,5.0
116,159,2.3818752E9,2.379888E9,66,5.0
133,64,2.3818752E9,2.379888E9,10,5.0
116,64,2.3818752E9,2.379888E9,162,6.0
133,159,2.3818752E9,2.379888E9,10,6.0
116,64,2.3819616E9,2.379888E9,136,1.0
116,64,2.3819616E9,2.379888E9,129,1.0
116,64,2.3819616E9,2.379888E9,72,1.0
116,64,2.3819616E9,2.379888E9,71,1.0
116,64,2.3819616E9,2.379888E9,15,1.0
116,64,2.3819616E9,2.379888E9,12,1.0
116,94,2.3819616E9,2.379888E9,99,1.0
116,94,2.3819616E9,2.379888E9,12,1.0
116,159,2.3819616E9,2.379888E9,158,1.0
116,159,2.3819616E9,2.379888E9,48,1.0
116,159,2.3819616E9,2.379888E9,44,1.0
116,159,2.3819616E9,2.379888E9,36,1.0
116,159,2.3819616E9,2.379888E9,34,1.0
116,159,2.3819616E9,2.379888E9,26,1.0
116,159,2.3819616E9,2.379888E9,22,1.0
116,159,2.3819616E9,2.379888E9,20,1.0
116,159,2.3819616E9,2.379888E9,14,1.0
133,64,2.3819616E9,2.379888E9,15,1.0
133,94,2.3819616E9,2.379888E9,23,1.0
133,159,2.3819616E9,2.379888E9,15,1.0
116,159,2.3819616E9,2.379888E9,72,2.0
116,159,2.3819616E9,2.379888E9,23,2.0
133,64,2.3819616E9,2.379888E9,23,2.0
133,159,2.3819616E9,2.379888E9,72,2.0
116,64,2.3819616E9,2.379888E9,23,3.0
116,94,2.3819616E9,2.379888E9,72,3.0
116,159,2.3819616E9,2.379888E9,164,3.0
133,94,2.3819616E9,2.379888E9,72,3.0
133,159,2.3819616E9,2.379888E9,23,3.0
133,159,2.3819616E9,2.379888E9,119,3.0
133,159,2.3819616E9,2.379888E9,164,4.0
116,159,2.3819616E9,2.379888E9,119,5.0
116,64,2.382048E9,2.379888E9,172,1.0
116,64,2.382048E9,2.379888E9,168,1.0
116,64,2.382048E9,2.379888E9,85,1.0
116,64,2.382048E9,2.379888E9,22,1.0
116,64,2.382048E9,2.379888E9,13,1.0
116,64,2.382048E9,2.379888E9,12,1.0
116,64,2.382048E9,2.379888E9,7,1.0
116,94,2.382048E9,2.379888E9,181,1.0
116,94,2.382048E9,2.379888E9,179,1.0
116,94,2.382048E9,2.379888E9,168,1.0
116,94,2.382048E9,2.379888E9,163,1.0
116,94,2.382048E9,2.379888E9,145,1.0
116,94,2.382048E9,2.379888E9,129,1.0
116,94,2.382048E9,2.379888E9,126,1.0
116,94,2.382048E9,2.379888E9,95,1.0
116,94,2.382048E9,2.379888E9,81,1.0
116,94,2.382048E9,2.379888E9,71,1.0
116,94,2.382048E9,2.379888E9,65,1.0
116,94,2.382048E9,2.379888E9,57,1.0
116,94,2.382048E9,2.379888E9,49,1.0
116,94,2.382048E9,2.379888E9,46,1.0
116,159,2.382048E9,2.379888E9,171,1.0
116,159,2.382048E9,2.379888E9,163,1.0
116,159,2.382048E9,2.379888E9,83,1.0
116,159,2.382048E9,2.379888E9,70,1.0
116,159,2.382048E9,2.379888E9,55,1.0
116,159,2.382048E9,2.379888E9,52,1.0
116,159,2.382048E9,2.379888E9,46,1.0
116,159,2.382048E9,2.379888E9,39,1.0
116,159,2.382048E9,2.379888E9,22,1.0
116,159,2.382048E9,2.379888E9,11,1.0
116,64,2.382048E9,2.379888E9,150,2.0
116,64,2.382048E9,2.379888E9,143,2.0
116,94,2.382048E9,2.379888E9,150,2.0
116,94,2.382048E9,2.379888E9,135,2.0
116,159,2.382048E9,2.379888E9,7,2.0
133,64,2.382048E9,2.379888E9,143,2.0
133,64,2.382048E9,2.379888E9,7,2.0
133,94,2.382048E9,2.379888E9,22,2.0
133,94,2.382048E9,2.379888E9,15,2.0
133,94,2.382048E9,2.379888E9,150,2.0
133,159,2.382048E9,2.379888E9,168,2.0
133,159,2.382048E9,2.379888E9,150,2.0
116,94,2.382048E9,2.379888E9,15,3.0
133,64,2.382048E9,2.379888E9,168,3.0
133,94,2.382048E9,2.379888E9,7,3.0
133,159,2.382048E9,2.379888E9,22,3.0
116,159,2.382048E9,2.379888E9,150,4.0
116,159,2.382048E9,2.379888E9,143,5.0
133,64,2.382048E9,2.379888E9,150,5.0
133,159,2.382048E9,2.379888E9,143,6.0
133,159,2.382048E9,2.379888E9,7,6.0
116,94,2.382048E9,2.379888E9,143,7.0
133,94,2.382048E9,2.379888E9,143,7.0
116,94,2.382048E9,2.379888E9,7,8.0
116,64,2.3821344E9,2.379888E9,82,1.0
116,64,2.3821344E9,2.379888E9,50,1.0
116,64,2.3821344E9,2.379888E9,10,1.0
116,94,2.3821344E9,2.379888E9,163,1.0
116,94,2.3821344E9,2.379888E9,103,1.0
116,94,2.3821344E9,2.379888E9,93,1.0
116,94,2.3821344E9,2.379888E9,83,1.0
116,94,2.3821344E9,2.379888E9,78,1.0
116,94,2.3821344E9,2.379888E9,49,1.0
116,94,2.3821344E9,2.379888E9,30,1.0
116,94,2.3821344E9,2.379888E9,22,1.0
116,94,2.3821344E9,2.379888E9,15,1.0
116,159,2.3821344E9,2.379888E9,150,1.0
116,159,2.3821344E9,2.379888E9,107,1.0
116,159,2.3821344E9,2.379888E9,104,1.0
116,159,2.3821344E9,2.379888E9,78,1.0
116,159,2.3821344E9,2.379888E9,65,1.0
116,159,2.3821344E9,2.379888E9,55,1.0
116,159,2.3821344E9,2.379888E9,19,1.0
116,159,2.3821344E9,2.379888E9,15,1.0
116,159,2.3821344E9,2.379888E9,2,1.0
133,159,2.3821344E9,2.379888E9,143,1.0
116,94,2.3821344E9,2.379888E9,143,2.0
133,94,2.3821344E9,2.379888E9,111,2.0
133,159,2.3821344E9,2.379888E9,111,2.0
116,64,2.3821344E9,2.379888E9,143,3.0
116,159,2.3821344E9,2.379888E9,143,3.0
133,64,2.3821344E9,2.379888E9,143,3.0
133,94,2.3821344E9,2.379888E9,143,3.0
116,64,2.3821344E9,2.379888E9,18,4.0
116,94,2.3821344E9,2.379888E9,111,4.0
116,159,2.3821344E9,2.379888E9,111,4.0
116,159,2.3821344E9,2.379888E9,18,5.0
133,94,2.3821344E9,2.379888E9,18,7.0
133,159,2.3821344E9,2.379888E9,18,8.0
116,94,2.3821344E9,2.379888E9,18,9.0
133,64,2.3821344E9,2.379888E9,18,9.0
116,64,2.3822208E9,2.379888E9,143,1.0
116,64,2.3822208E9,2.379888E9,128,1.0
116,64,2.3822208E9,2.379888E9,106,1.0
116,64,2.3822208E9,2.379888E9,86,1.0
116,64,2.3822208E9,2.379888E9,84,1.0
116,64,2.3822208E9,2.379888E9,44,1.0
116,64,2.3822208E9,2.379888E9,3,1.0
116,94,2.3822208E9,2.379888E9,172,1.0
116,94,2.3822208E9,2.379888E9,170,1.0
116,94,2.3822208E9,2.379888E9,158,1.0
116,94,2.3822208E9,2.379888E9,130,1.0
116,94,2.3822208E9,2.379888E9,129,1.0
116,94,2.3822208E9,2.379888E9,112,1.0
116,94,2.3822208E9,2.379888E9,97,1.0
116,94,2.3822208E9,2.379888E9,91,1.0
116,94,2.3822208E9,2.379888E9,66,1.0
116,94,2.3822208E9,2.379888E9,62,1.0
116,94,2.3822208E9,2.379888E9,61,1.0
116,94,2.3822208E9,2.379888E9,60,1.0
116,94,2.3822208E9,2.379888E9,56,1.0
116,94,2.3822208E9,2.379888E9,40,1.0
116,94,2.3822208E9,2.379888E9,14,1.0
116,94,2.3822208E9,2.379888E9,2,1.0
116,159,2.3822208E9,2.379888E9,173,1.0
116,159,2.3822208E9,2.379888E9,168,1.0
116,159,2.3822208E9,2.379888E9,143,1.0
116,159,2.3822208E9,2.379888E9,142,1.0
116,159,2.3822208E9,2.379888E9,128,1.0
116,159,2.3822208E9,2.379888E9,106,1.0
116,159,2.3822208E9,2.379888E9,95,1.0
116,159,2.3822208E9,2.379888E9,70,1.0
116,159,2.3822208E9,2.379888E9,66,1.0
116,159,2.3822208E9,2.379888E9,33,1.0
116,159,2.3822208E9,2.379888E9,23,1.0
116,159,2.3822208E9,2.379888E9,21,1.0
116,159,2.3822208E9,2.379888E9,7,1.0
133,64,2.3822208E9,2.379888E9,70,1.0
133,94,2.3822208E9,2.379888E9,70,1.0
133,94,2.3822208E9,2.379888E9,10,1.0
116,64,2.3822208E9,2.379888E9,167,2.0
116,64,2.3822208E9,2.379888E9,70,2.0
116,64,2.3822208E9,2.379888E9,60,2.0
116,159,2.3822208E9,2.379888E9,10,2.0
116,159,2.3822208E9,2.379888E9,3,2.0
133,64,2.3822208E9,2.379888E9,3,2.0
133,94,2.3822208E9,2.379888E9,78,2.0
133,159,2.3822208E9,2.379888E9,70,2.0
133,159,2.3822208E9,2.379888E9,78,2.0
115,64,2.3822208E9,2.379888E9,137,3.0
115,159,2.3822208E9,2.379888E9,137,3.0
116,94,2.3822208E9,2.379888E9,10,3.0
116,94,2.3822208E9,2.379888E9,3,3.0
133,94,2.3822208E9,2.379888E9,3,3.0
133,159,2.3822208E9,2.379888E9,106,3.0
115,94,2.3822208E9,2.379888E9,137,4.0
116,64,2.3822208E9,2.379888E9,78,4.0
116,94,2.3822208E9,2.379888E9,167,4.0
133,64,2.3822208E9,2.379888E9,78,4.0
133,64,2.3822208E9,2.379888E9,10,4.0
133,94,2.3822208E9,2.379888E9,106,4.0
133,159,2.3822208E9,2.379888E9,10,4.0
116,94,2.3822208E9,2.379888E9,106,5.0
133,64,2.3822208E9,2.379888E9,106,5.0
133,94,2.3822208E9,2.379888E9,167,5.0
133,159,2.3822208E9,2.379888E9,3,5.0
133,159,2.3822208E9,2.379888E9,167,5.0
115,94,2.3822208E9,2.379888E9,138,6.0
116,94,2.3822208E9,2.379888E9,70,6.0
116,159,2.3822208E9,2.379888E9,167,7.0
115,64,2.3822208E9,2.379888E9,138,12.0
116,94,2.3823072E9,2.379888E9,98,1.0
116,94,2.3823072E9,2.379888E9,56,1.0
116,94,2.3823072E9,2.379888E9,40,1.0
116,159,2.3823072E9,2.379888E9,89,1.0
116,159,2.3823072E9,2.379888E9,74,1.0
116,159,2.3823072E9,2.379888E9,38,1.0
133,159,2.3823072E9,2.379888E9,164,1.0
116,94,2.3823072E9,2.379888E9,74,2.0
116,159,2.3823072E9,2.379888E9,50,2.0
115,64,2.3823072E9,2.379888E9,157,3.0
115,159,2.3823072E9,2.379888E9,157,3.0
115,94,2.3823072E9,2.379888E9,157,4.0
116,94,2.3823072E9,2.379888E9,136,4.0
116,159,2.3823072E9,2.379888E9,136,4.0
133,94,2.3823072E9,2.379888E9,74,4.0
133,159,2.3823072E9,2.379888E9,136,4.0
115,94,2.3823072E9,2.379888E9,79,6.0
133,94,2.3823072E9,2.379888E9,136,7.0
115,64,2.3823072E9,2.379888E9,79,8.0
115,159,2.3823072E9,2.379888E9,138,9.0
115,159,2.3823072E9,2.379888E9,79,12.0
116,64,2.3823936E9,2.379888E9,24,1.0
116,64,2.3823936E9,2.379888E9,14,1.0
116,94,2.3823936E9,2.379888E9,95,1.0
116,94,2.3823936E9,2.379888E9,84,1.0
116,94,2.3823936E9,2.379888E9,14,1.0
116,94,2.3823936E9,2.379888E9,12,1.0
133,159,2.3823936E9,2.379888E9,68,1.0
116,64,2.3823936E9,2.379888E9,106,2.0
116,94,2.3823936E9,2.379888E9,106,2.0
133,94,2.3823936E9,2.379888E9,106,2.0
133,94,2.3823936E9,2.379888E9,18,2.0
133,159,2.3823936E9,2.379888E9,18,2.0
116,94,2.3823936E9,2.379888E9,68,4.0
133,94,2.3823936E9,2.379888E9,68,4.0
133,159,2.3823936E9,2.379888E9,106,4.0
133,64,2.3823936E9,2.379888E9,106,5.0
133,64,2.3823936E9,2.379888E9,18,5.0
116,64,2.38248E9,2.38248E9,89,1.0
116,64,2.38248E9,2.38248E9,77,1.0
116,94,2.38248E9,2.38248E9,167,1.0
116,94,2.38248E9,2.38248E9,129,1.0
116,94,2.38248E9,2.38248E9,108,1.0
116,94,2.38248E9,2.38248E9,44,1.0
116,94,2.38248E9,2.38248E9,21,1.0
116,159,2.38248E9,2.38248E9,176,1.0
116,159,2.38248E9,2.38248E9,127,1.0
116,159,2.38248E9,2.38248E9,78,1.0
116,159,2.38248E9,2.38248E9,65,1.0
116,159,2.38248E9,2.38248E9,37,1.0
116,159,2.38248E9,2.38248E9,36,1.0
133,64,2.38248E9,2.38248E9,140,1.0
133,94,2.38248E9,2.38248E9,89,1.0
116,159,2.38248E9,2.38248E9,107,2.0
133,64,2.38248E9,2.38248E9,89,2.0
116,94,2.38248E9,2.38248E9,140,3.0
133,159,2.38248E9,2.38248E9,89,3.0
133,159,2.38248E9,2.38248E9,107,3.0
115,64,2.38248E9,2.38248E9,175,4.0
116,94,2.38248E9,2.38248E9,89,4.0
133,94,2.38248E9,2.38248E9,140,4.0
133,94,2.38248E9,2.38248E9,107,4.0
133,159,2.38248E9,2.38248E9,140,4.0
116,159,2.38248E9,2.38248E9,89,5.0
115,64,2.38248E9,2.38248E9,111,8.0
116,64,2.3825664E9,2.38248E9,72,1.0
116,64,2.3825664E9,2.38248E9,15,1.0
116,64,2.3825664E9,2.38248E9,4,1.0
116,94,2.3825664E9,2.38248E9,107,1.0
116,94,2.3825664E9,2.38248E9,59,1.0
116,94,2.3825664E9,2.38248E9,39,1.0
116,159,2.3825664E9,2.38248E9,172,1.0
116,159,2.3825664E9,2.38248E9,129,1.0
116,159,2.3825664E9,2.38248E9,111,1.0
133,159,2.3825664E9,2.38248E9,168,1.0
116,64,2.3825664E9,2.38248E9,168,2.0
116,159,2.3825664E9,2.38248E9,154,2.0
133,64,2.3825664E9,2.38248E9,154,2.0
133,64,2.3825664E9,2.38248E9,107,2.0
116,94,2.3825664E9,2.38248E9,168,3.0
133,94,2.3825664E9,2.38248E9,168,3.0
133,94,2.3825664E9,2.38248E9,154,4.0
116,64,2.3825664E9,2.38248E9,154,5.0
116,159,2.3825664E9,2.38248E9,168,5.0
133,64,2.3825664E9,2.38248E9,168,5.0
116,94,2.3825664E9,2.38248E9,154,7.0
116,64,2.3826528E9,2.38248E9,131,1.0
116,64,2.3826528E9,2.38248E9,106,1.0
133,159,2.3826528E9,2.38248E9,106,2.0
133,64,2.3826528E9,2.38248E9,106,4.0
133,94,2.3826528E9,2.38248E9,106,5.0
116,64,2.3827392E9,2.38248E9,128,1.0
116,64,2.3827392E9,2.38248E9,34,1.0
116,94,2.3827392E9,2.38248E9,131,1.0
116,94,2.3827392E9,2.38248E9,81,1.0
116,94,2.3827392E9,2.38248E9,59,1.0
116,159,2.3827392E9,2.38248E9,147,1.0
116,159,2.3827392E9,2.38248E9,107,1.0
133,64,2.3827392E9,2.38248E9,68,1.0
133,159,2.3827392E9,2.38248E9,68,1.0
116,64,2.3827392E9,2.38248E9,68,2.0
116,94,2.3827392E9,2.38248E9,68,2.0
116,94,2.3827392E9,2.38248E9,136,3.0
115,64,2.3827392E9,2.38248E9,155,4.0
133,94,2.3827392E9,2.38248E9,68,4.0
115,159,2.3827392E9,2.38248E9,155,5.0
116,159,2.3827392E9,2.38248E9,136,5.0
133,94,2.3827392E9,2.38248E9,136,7.0
133,159,2.3827392E9,2.38248E9,136,7.0
115,94,2.3827392E9,2.38248E9,155,8.0
116,64,2.3828256E9,2.38248E9,111,1.0
116,64,2.3828256E9,2.38248E9,104,1.0
116,64,2.3828256E9,2.38248E9,31,1.0
116,64,2.3828256E9,2.38248E9,24,1.0
116,64,2.3828256E9,2.38248E9,10,1.0
116,94,2.3828256E9,2.38248E9,71,1.0
116,94,2.3828256E9,2.38248E9,16,1.0
116,159,2.3828256E9,2.38248E9,167,1.0
116,159,2.3828256E9,2.38248E9,3,1.0
133,64,2.3828256E9,2.38248E9,106,1.0
116,94,2.3828256E9,2.38248E9,165,2.0
116,94,2.3828256E9,2.38248E9,10,2.0
116,159,2.3828256E9,2.38248E9,154,2.0
115,159,2.3828256E9,2.38248E9,8,3.0
116,64,2.3828256E9,2.38248E9,154,3.0
133,64,2.3828256E9,2.38248E9,10,3.0
133,94,2.3828256E9,2.38248E9,10,3.0
133,159,2.3828256E9,2.38248E9,106,3.0
116,94,2.3828256E9,2.38248E9,154,4.0
133,94,2.3828256E9,2.38248E9,154,4.0
115,64,2.3828256E9,2.38248E9,8,6.0
115,94,2.3828256E9,2.38248E9,8,6.0
133,159,2.3828256E9,2.38248E9,154,6.0
116,64,2.382912E9,2.38248E9,181,1.0
116,64,2.382912E9,2.38248E9,175,1.0
116,64,2.382912E9,2.38248E9,158,1.0
116,64,2.382912E9,2.38248E9,142,1.0
116,64,2.382912E9,2.38248E9,140,1.0
116,64,2.382912E9,2.38248E9,124,1.0
116,64,2.382912E9,2.38248E9,98,1.0
116,64,2.382912E9,2.38248E9,72,1.0
116,94,2.382912E9,2.38248E9,179,1.0
116,94,2.382912E9,2.38248E9,169,1.0
116,94,2.382912E9,2.38248E9,162,1.0
116,94,2.382912E9,2.38248E9,48,1.0
116,94,2.382912E9,2.38248E9,24,1.0
116,94,2.382912E9,2.38248E9,4,1.0
116,159,2.382912E9,2.38248E9,169,1.0
116,159,2.382912E9,2.38248E9,154,1.0
116,159,2.382912E9,2.38248E9,110,1.0
116,159,2.382912E9,2.38248E9,95,1.0
116,159,2.382912E9,2.38248E9,93,1.0
116,159,2.382912E9,2.38248E9,83,1.0
116,159,2.382912E9,2.38248E9,78,1.0
116,159,2.382912E9,2.38248E9,74,1.0
116,159,2.382912E9,2.38248E9,73,1.0
116,159,2.382912E9,2.38248E9,59,1.0
116,159,2.382912E9,2.38248E9,41,1.0
116,159,2.382912E9,2.38248E9,36,1.0
116,159,2.382912E9,2.38248E9,10,1.0
133,64,2.382912E9,2.38248E9,140,1.0
133,94,2.382912E9,2.38248E9,111,1.0
133,159,2.382912E9,2.38248E9,181,1.0
116,64,2.382912E9,2.38248E9,60,2.0
116,159,2.382912E9,2.38248E9,181,2.0
116,159,2.382912E9,2.38248E9,158,2.0
116,159,2.382912E9,2.38248E9,140,2.0
116,94,2.382912E9,2.38248E9,158,3.0
116,94,2.382912E9,2.38248E9,111,3.0
116,94,2.382912E9,2.38248E9,60,3.0
116,159,2.382912E9,2.38248E9,60,3.0
133,64,2.382912E9,2.38248E9,60,3.0
133,94,2.382912E9,2.38248E9,181,3.0
133,94,2.382912E9,2.38248E9,60,3.0
133,159,2.382912E9,2.38248E9,60,3.0
133,64,2.382912E9,2.38248E9,181,4.0
133,159,2.382912E9,2.38248E9,158,4.0
116,159,2.382912E9,2.38248E9,111,5.0
133,159,2.382912E9,2.38248E9,111,5.0
133,94,2.382912E9,2.38248E9,158,6.0
133,159,2.382912E9,2.38248E9,10,6.0
133,159,2.382912E9,2.38248E9,140,7.0
115,64,2.382912E9,2.38248E9,146,8.0
115,94,2.382912E9,2.38248E9,146,11.0
116,64,2.3829984E9,2.38248E9,179,1.0
116,64,2.3829984E9,2.38248E9,154,1.0
116,64,2.3829984E9,2.38248E9,100,1.0
116,64,2.3829984E9,2.38248E9,38,1.0
116,64,2.3829984E9,2.38248E9,23,1.0
116,94,2.3829984E9,2.38248E9,177,1.0
116,94,2.3829984E9,2.38248E9,175,1.0
116,94,2.3829984E9,2.38248E9,99,1.0
116,94,2.3829984E9,2.38248E9,96,1.0
116,94,2.3829984E9,2.38248E9,95,1.0
116,94,2.3829984E9,2.38248E9,80,1.0
116,94,2.3829984E9,2.38248E9,54,1.0
116,94,2.3829984E9,2.38248E9,47,1.0
116,159,2.3829984E9,2.38248E9,26,1.0
116,159,2.3829984E9,2.38248E9,15,1.0
116,94,2.3829984E9,2.38248E9,61,2.0
133,64,2.3829984E9,2.38248E9,100,2.0
133,94,2.3829984E9,2.38248E9,175,2.0
133,94,2.3829984E9,2.38248E9,140,2.0
133,94,2.3829984E9,2.38248E9,100,2.0
133,159,2.3829984E9,2.38248E9,15,2.0
115,64,2.3829984E9,2.38248E9,90,3.0
115,94,2.3829984E9,2.38248E9,90,3.0
115,159,2.3829984E9,2.38248E9,90,4.0
133,159,2.3829984E9,2.38248E9,175,4.0
116,64,2.3829984E9,2.38248E9,15,5.0
116,94,2.3829984E9,2.38248E9,140,5.0
116,94,2.3829984E9,2.38248E9,100,5.0
115,159,2.3829984E9,2.38248E9,146,11.0
116,64,2.3830848E9,2.38248E9,111,1.0
116,64,2.3830848E9,2.38248E9,52,1.0
116,64,2.3830848E9,2.38248E9,49,1.0
116,64,2.3830848E9,2.38248E9,28,1.0
116,64,2.3830848E9,2.38248E9,16,1.0
116,94,2.3830848E9,2.38248E9,148,1.0
116,94,2.3830848E9,2.38248E9,139,1.0
116,94,2.3830848E9,2.38248E9,84,1.0
116,94,2.3830848E9,2.38248E9,67,1.0
116,94,2.3830848E9,2.38248E9,15,1.0
116,94,2.3830848E9,2.38248E9,4,1.0
116,159,2.3830848E9,2.38248E9,163,1.0
116,159,2.3830848E9,2.38248E9,145,1.0
116,159,2.3830848E9,2.38248E9,128,1.0
116,159,2.3830848E9,2.38248E9,86,1.0
116,159,2.3830848E9,2.38248E9,73,1.0
116,159,2.3830848E9,2.38248E9,34,1.0
116,159,2.3830848E9,2.38248E9,31,1.0
116,159,2.3830848E9,2.38248E9,11,1.0
116,64,2.3830848E9,2.38248E9,148,2.0
116,64,2.3830848E9,2.38248E9,34,2.0
116,64,2.3830848E9,2.38248E9,32,2.0
116,94,2.3830848E9,2.38248E9,49,2.0
116,159,2.3830848E9,2.38248E9,148,2.0
116,159,2.3830848E9,2.38248E9,49,2.0
133,64,2.3830848E9,2.38248E9,148,2.0
133,64,2.3830848E9,2.38248E9,49,2.0
133,64,2.3830848E9,2.38248E9,34,2.0
133,159,2.3830848E9,2.38248E9,148,2.0
133,159,2.3830848E9,2.38248E9,67,2.0
133,159,2.3830848E9,2.38248E9,34,2.0
116,94,2.3830848E9,2.38248E9,34,3.0
116,159,2.3830848E9,2.38248E9,67,3.0
133,94,2.3830848E9,2.38248E9,148,3.0
133,94,2.3830848E9,2.38248E9,15,3.0
133,64,2.3830848E9,2.38248E9,67,4.0
133,94,2.3830848E9,2.38248E9,34,5.0
133,159,2.3830848E9,2.38248E9,49,5.0
116,64,2.3830848E9,2.38248E9,67,6.0
133,94,2.3830848E9,2.38248E9,49,6.0
115,64,2.3830848E9,2.38248E9,175,8.0
116,64,2.3831712E9,2.38248E9,181,1.0
116,64,2.3831712E9,2.38248E9,154,1.0
116,64,2.3831712E9,2.38248E9,145,1.0
116,64,2.3831712E9,2.38248E9,126,1.0
116,64,2.3831712E9,2.38248E9,112,1.0
116,64,2.3831712E9,2.38248E9,106,1.0
116,64,2.3831712E9,2.38248E9,84,1.0
116,64,2.3831712E9,2.38248E9,78,1.0
116,64,2.3831712E9,2.38248E9,38,1.0
116,64,2.3831712E9,2.38248E9,32,1.0
116,64,2.3831712E9,2.38248E9,30,1.0
116,64,2.3831712E9,2.38248E9,15,1.0
116,94,2.3831712E9,2.38248E9,170,1.0
116,94,2.3831712E9,2.38248E9,132,1.0
116,94,2.3831712E9,2.38248E9,106,1.0
116,94,2.3831712E9,2.38248E9,92,1.0
116,94,2.3831712E9,2.38248E9,89,1.0
116,94,2.3831712E9,2.38248E9,83,1.0
116,94,2.3831712E9,2.38248E9,67,1.0
116,94,2.3831712E9,2.38248E9,61,1.0
116,94,2.3831712E9,2.38248E9,60,1.0
116,94,2.3831712E9,2.38248E9,38,1.0
116,94,2.3831712E9,2.38248E9,11,1.0
116,94,2.3831712E9,2.38248E9,6,1.0
116,159,2.3831712E9,2.38248E9,167,1.0
116,159,2.3831712E9,2.38248E9,73,1.0
116,159,2.3831712E9,2.38248E9,67,1.0
116,159,2.3831712E9,2.38248E9,10,1.0
133,64,2.3831712E9,2.38248E9,170,1.0
133,94,2.3831712E9,2.38248E9,38,1.0
133,159,2.3831712E9,2.38248E9,170,1.0
133,159,2.3831712E9,2.38248E9,167,1.0
116,64,2.3831712E9,2.38248E9,170,2.0
116,94,2.3831712E9,2.38248E9,20,2.0
116,159,2.3831712E9,2.38248E9,154,2.0
133,64,2.3831712E9,2.38248E9,38,2.0
133,94,2.3831712E9,2.38248E9,154,2.0
133,94,2.3831712E9,2.38248E9,20,2.0
133,94,2.3831712E9,2.38248E9,170,2.0
133,159,2.3831712E9,2.38248E9,20,2.0
116,64,2.3831712E9,2.38248E9,20,3.0
116,94,2.3831712E9,2.38248E9,18,3.0
116,159,2.3831712E9,2.38248E9,38,3.0
133,64,2.3831712E9,2.38248E9,154,3.0
133,159,2.3831712E9,2.38248E9,38,3.0
116,94,2.3831712E9,2.38248E9,167,4.0
133,64,2.3831712E9,2.38248E9,20,4.0
133,94,2.3831712E9,2.38248E9,167,4.0
133,94,2.3831712E9,2.38248E9,18,5.0
116,64,2.3831712E9,2.38248E9,18,6.0
133,94,2.3831712E9,2.38248E9,67,6.0
133,64,2.3831712E9,2.38248E9,18,7.0
116,64,2.3832576E9,2.38248E9,167,1.0
116,64,2.3832576E9,2.38248E9,162,1.0
116,64,2.3832576E9,2.38248E9,127,1.0
116,64,2.3832576E9,2.38248E9,39,1.0
116,94,2.3832576E9,2.38248E9,175,1.0
116,94,2.3832576E9,2.38248E9,147,1.0
116,94,2.3832576E9,2.38248E9,131,1.0
116,94,2.3832576E9,2.38248E9,82,1.0
116,94,2.3832576E9,2.38248E9,50,1.0
116,94,2.3832576E9,2.38248E9,21,1.0
116,159,2.3832576E9,2.38248E9,180,1.0
116,159,2.3832576E9,2.38248E9,127,1.0
116,159,2.3832576E9,2.38248E9,123,1.0
116,159,2.3832576E9,2.38248E9,107,1.0
116,159,2.3832576E9,2.38248E9,82,1.0
116,64,2.3832576E9,2.38248E9,33,2.0
116,159,2.3832576E9,2.38248E9,158,2.0
116,159,2.3832576E9,2.38248E9,32,2.0
133,94,2.3832576E9,2.38248E9,175,2.0
116,64,2.3832576E9,2.38248E9,158,3.0
116,94,2.3832576E9,2.38248E9,168,3.0
116,159,2.3832576E9,2.38248E9,18,3.0
133,64,2.3832576E9,2.38248E9,158,3.0
133,94,2.3832576E9,2.38248E9,168,3.0
133,94,2.3832576E9,2.38248E9,29,3.0
133,159,2.3832576E9,2.38248E9,29,3.0
133,159,2.3832576E9,2.38248E9,168,3.0
133,159,2.3832576E9,2.38248E9,175,3.0
115,64,2.3832576E9,2.38248E9,175,4.0
116,64,2.3832576E9,2.38248E9,168,4.0
116,159,2.3832576E9,2.38248E9,175,4.0
133,64,2.3832576E9,2.38248E9,29,4.0
133,94,2.3832576E9,2.38248E9,158,4.0
115,159,2.3832576E9,2.38248E9,155,5.0
133,64,2.3832576E9,2.38248E9,168,5.0
115,64,2.3832576E9,2.38248E9,156,6.0
133,159,2.3832576E9,2.38248E9,18,6.0
133,159,2.3832576E9,2.38248E9,158,6.0
116,94,2.3832576E9,2.38248E9,29,7.0
115,159,2.3832576E9,2.38248E9,156,8.0
115,94,2.3832576E9,2.38248E9,155,9.0
115,94,2.3832576E9,2.38248E9,156,10.0
116,64,2.383344E9,2.38248E9,167,1.0
116,64,2.383344E9,2.38248E9,158,1.0
116,64,2.383344E9,2.38248E9,110,1.0
116,64,2.383344E9,2.38248E9,102,1.0
116,64,2.383344E9,2.38248E9,80,1.0
116,64,2.383344E9,2.38248E9,75,1.0
116,64,2.383344E9,2.38248E9,50,1.0
116,64,2.383344E9,2.38248E9,46,1.0
116,64,2.383344E9,2.38248E9,39,1.0
116,94,2.383344E9,2.38248E9,175,1.0
116,94,2.383344E9,2.38248E9,167,1.0
116,94,2.383344E9,2.38248E9,75,1.0
116,94,2.383344E9,2.38248E9,62,1.0
116,94,2.383344E9,2.38248E9,41,1.0
116,94,2.383344E9,2.38248E9,31,1.0
116,159,2.383344E9,2.38248E9,145,1.0
116,159,2.383344E9,2.38248E9,143,1.0
116,159,2.383344E9,2.38248E9,132,1.0
116,159,2.383344E9,2.38248E9,86,1.0
116,159,2.383344E9,2.38248E9,23,1.0
116,159,2.383344E9,2.38248E9,2,1.0
133,64,2.383344E9,2.38248E9,86,1.0
133,159,2.383344E9,2.38248E9,10,1.0
116,159,2.383344E9,2.38248E9,10,2.0
133,64,2.383344E9,2.38248E9,167,2.0
133,64,2.383344E9,2.38248E9,132,2.0
133,94,2.383344E9,2.38248E9,132,2.0
133,94,2.383344E9,2.38248E9,86,2.0
133,159,2.383344E9,2.38248E9,80,2.0
133,159,2.383344E9,2.38248E9,145,2.0
116,64,2.383344E9,2.38248E9,132,3.0
116,94,2.383344E9,2.38248E9,145,3.0
116,159,2.383344E9,2.38248E9,167,3.0
133,64,2.383344E9,2.38248E9,145,3.0
116,94,2.383344E9,2.38248E9,86,4.0
133,94,2.383344E9,2.38248E9,145,4.0
133,94,2.383344E9,2.38248E9,80,4.0
133,159,2.383344E9,2.38248E9,132,4.0
116,64,2.383344E9,2.38248E9,145,5.0
116,64,2.383344E9,2.38248E9,10,5.0
115,94,2.383344E9,2.38248E9,119,6.0
133,64,2.383344E9,2.38248E9,10,6.0
133,159,2.383344E9,2.38248E9,167,6.0
115,64,2.383344E9,2.38248E9,155,9.0
116,64,2.3834304E9,2.38248E9,128,1.0
116,64,2.3834304E9,2.38248E9,117,1.0
116,64,2.3834304E9,2.38248E9,32,1.0
116,64,2.3834304E9,2.38248E9,17,1.0
116,64,2.3834304E9,2.38248E9,2,1.0
116,64,2.3834304E9,2.38248E9,84,1.0
116,64,2.3834304E9,2.38248E9,100,1.0
116,64,2.3834304E9,2.38248E9,31,1.0
116,64,2.3834304E9,2.38248E9,92,1.0
116,64,2.3834304E9,2.38248E9,4,1.0
116,64,2.3834304E9,2.38248E9,170,1.0
116,64,2.3834304E9,2.38248E9,78,1.0
116,64,2.3834304E9,2.38248E9,33,1.0
116,64,2.3834304E9,2.38248E9,122,1.0
116,64,2.3834304E9,2.38248E9,148,1.0
116,64,2.3834304E9,2.38248E9,85,1.0
116,94,2.3834304E9,2.38248E9,163,1.0
116,94,2.3834304E9,2.38248E9,141,1.0
116,94,2.3834304E9,2.38248E9,49,1.0
116,94,2.3834304E9,2.38248E9,28,1.0
116,94,2.3834304E9,2.38248E9,23,1.0
116,94,2.3834304E9,2.38248E9,11,1.0
116,159,2.3834304E9,2.38248E9,177,1.0
116,159,2.3834304E9,2.38248E9,167,1.0
116,159,2.3834304E9,2.38248E9,164,1.0
116,159,2.3834304E9,2.38248E9,139,1.0
116,159,2.3834304E9,2.38248E9,134,1.0
116,159,2.3834304E9,2.38248E9,108,1.0
116,159,2.3834304E9,2.38248E9,98,1.0
116,159,2.3834304E9,2.38248E9,85,1.0
116,159,2.3834304E9,2.38248E9,65,1.0
116,159,2.3834304E9,2.38248E9,61,1.0
116,159,2.3834304E9,2.38248E9,16,1.0
133,64,2.3834304E9,2.38248E9,23,1.0
133,94,2.3834304E9,2.38248E9,55,1.0
116,94,2.3834304E9,2.38248E9,107,2.0
116,159,2.3834304E9,2.38248E9,4,2.0
133,94,2.3834304E9,2.38248E9,148,2.0
116,64,2.3834304E9,2.38248E9,23,3.0
116,94,2.3834304E9,2.38248E9,148,3.0
133,64,2.3834304E9,2.38248E9,107,3.0
133,64,2.3834304E9,2.38248E9,55,3.0
133,64,2.3834304E9,2.38248E9,28,3.0
133,94,2.3834304E9,2.38248E9,107,3.0
133,94,2.3834304E9,2.38248E9,28,3.0
133,159,2.3834304E9,2.38248E9,107,3.0
133,159,2.3834304E9,2.38248E9,4,3.0
116,64,2.3834304E9,2.38248E9,107,4.0
116,159,2.3834304E9,2.38248E9,148,4.0
133,64,2.3834304E9,2.38248E9,4,4.0
133,159,2.3834304E9,2.38248E9,134,4.0
133,159,2.3834304E9,2.38248E9,28,4.0
133,159,2.3834304E9,2.38248E9,148,4.0
115,64,2.3834304E9,2.38248E9,119,5.0
116,64,2.3834304E9,2.38248E9,55,5.0
116,159,2.3834304E9,2.38248E9,28,5.0
133,94,2.3834304E9,2.38248E9,23,5.0
115,94,2.3834304E9,2.38248E9,43,6.0
116,64,2.3834304E9,2.38248E9,28,6.0
133,94,2.3834304E9,2.38248E9,4,6.0
115,64,2.3834304E9,2.38248E9,43,7.0
115,159,2.3834304E9,2.38248E9,43,7.0
116,64,2.3835168E9,2.38248E9,124,1.0
116,64,2.3835168E9,2.38248E9,111,1.0
116,64,2.3835168E9,2.38248E9,110,1.0
116,64,2.3835168E9,2.38248E9,102,1.0
116,64,2.3835168E9,2.38248E9,91,1.0
116,64,2.3835168E9,2.38248E9,29,1.0
116,64,2.3835168E9,2.38248E9,28,1.0
116,64,2.3835168E9,2.38248E9,2,1.0
116,94,2.3835168E9,2.38248E9,171,1.0
116,94,2.3835168E9,2.38248E9,161,1.0
116,94,2.3835168E9,2.38248E9,130,1.0
116,94,2.3835168E9,2.38248E9,77,1.0
116,94,2.3835168E9,2.38248E9,75,1.0
116,94,2.3835168E9,2.38248E9,48,1.0
116,94,2.3835168E9,2.38248E9,35,1.0
116,94,2.3835168E9,2.38248E9,10,1.0
116,94,2.3835168E9,2.38248E9,4,1.0
116,159,2.3835168E9,2.38248E9,154,1.0
116,159,2.3835168E9,2.38248E9,136,1.0
116,159,2.3835168E9,2.38248E9,98,1.0
116,159,2.3835168E9,2.38248E9,92,1.0
116,159,2.3835168E9,2.38248E9,65,1.0
116,159,2.3835168E9,2.38248E9,56,1.0
116,159,2.3835168E9,2.38248E9,50,1.0
116,159,2.3835168E9,2.38248E9,37,1.0
116,159,2.3835168E9,2.38248E9,26,1.0
116,159,2.3835168E9,2.38248E9,25,1.0
116,159,2.3835168E9,2.38248E9,19,1.0
116,159,2.3835168E9,2.38248E9,14,1.0
133,94,2.3835168E9,2.38248E9,28,1.0
116,64,2.3835168E9,2.38248E9,160,2.0
116,159,2.3835168E9,2.38248E9,102,2.0
116,159,2.3835168E9,2.38248E9,47,2.0
133,94,2.3835168E9,2.38248E9,11,2.0
133,159,2.3835168E9,2.38248E9,28,2.0
133,159,2.3835168E9,2.38248E9,113,2.0
116,94,2.3835168E9,2.38248E9,15,3.0
116,94,2.3835168E9,2.38248E9,11,3.0
116,159,2.3835168E9,2.38248E9,29,3.0
116,159,2.3835168E9,2.38248E9,28,3.0
133,64,2.3835168E9,2.38248E9,11,3.0
133,159,2.3835168E9,2.38248E9,23,3.0
133,159,2.3835168E9,2.38248E9,11,3.0
116,94,2.3835168E9,2.38248E9,28,5.0
116,159,2.3835168E9,2.38248E9,15,5.0
116,159,2.3835168E9,2.38248E9,11,5.0
116,159,2.3835168E9,2.38248E9,113,6.0
133,159,2.3835168E9,2.38248E9,29,6.0
116,64,2.3835168E9,2.38248E9,15,7.0
133,159,2.3835168E9,2.38248E9,15,7.0
115,64,2.3835168E9,2.38248E9,136,10.0
133,64,2.3835168E9,2.38248E9,15,10.0
116,64,2.3836032E9,2.38248E9,59,1.0
116,64,2.3836032E9,2.38248E9,47,1.0
116,64,2.3836032E9,2.38248E9,31,1.0
116,64,2.3836032E9,2.38248E9,167,1.0
116,64,2.3836032E9,2.38248E9,97,1.0
116,64,2.3836032E9,2.38248E9,81,1.0
116,64,2.3836032E9,2.38248E9,73,1.0
116,64,2.3836032E9,2.38248E9,62,1.0
116,94,2.3836032E9,2.38248E9,169,1.0
116,94,2.3836032E9,2.38248E9,165,1.0
116,94,2.3836032E9,2.38248E9,149,1.0
116,94,2.3836032E9,2.38248E9,141,1.0
116,94,2.3836032E9,2.38248E9,130,1.0
116,94,2.3836032E9,2.38248E9,126,1.0
116,94,2.3836032E9,2.38248E9,86,1.0
116,94,2.3836032E9,2.38248E9,70,1.0
116,94,2.3836032E9,2.38248E9,46,1.0
116,94,2.3836032E9,2.38248E9,40,1.0
116,94,2.3836032E9,2.38248E9,36,1.0
116,94,2.3836032E9,2.38248E9,25,1.0
116,159,2.3836032E9,2.38248E9,180,1.0
116,159,2.3836032E9,2.38248E9,177,1.0
116,159,2.3836032E9,2.38248E9,140,1.0
116,159,2.3836032E9,2.38248E9,129,1.0
116,159,2.3836032E9,2.38248E9,104,1.0
116,159,2.3836032E9,2.38248E9,92,1.0
116,159,2.3836032E9,2.38248E9,83,1.0
116,159,2.3836032E9,2.38248E9,48,1.0
116,159,2.3836032E9,2.38248E9,38,1.0
116,159,2.3836032E9,2.38248E9,29,1.0
116,159,2.3836032E9,2.38248E9,28,1.0
116,159,2.3836032E9,2.38248E9,22,1.0
116,159,2.3836032E9,2.38248E9,7,1.0
133,159,2.3836032E9,2.38248E9,28,1.0
133,159,2.3836032E9,2.38248E9,86,1.0
116,64,2.3836032E9,2.38248E9,28,2.0
116,94,2.3836032E9,2.38248E9,158,2.0
116,94,2.3836032E9,2.38248E9,29,2.0
116,159,2.3836032E9,2.38248E9,86,2.0
133,64,2.3836032E9,2.38248E9,158,2.0
133,64,2.3836032E9,2.38248E9,28,2.0
133,94,2.3836032E9,2.38248E9,158,2.0
133,94,2.3836032E9,2.38248E9,15,2.0
115,159,2.3836032E9,2.38248E9,125,3.0
116,94,2.3836032E9,2.38248E9,106,3.0
116,94,2.3836032E9,2.38248E9,28,3.0
116,94,2.3836032E9,2.38248E9,4,3.0
133,64,2.3836032E9,2.38248E9,4,3.0
133,94,2.3836032E9,2.38248E9,86,3.0
133,94,2.3836032E9,2.38248E9,29,3.0
133,94,2.3836032E9,2.38248E9,28,3.0
133,94,2.3836032E9,2.38248E9,4,3.0
133,159,2.3836032E9,2.38248E9,119,3.0
115,64,2.3836032E9,2.38248E9,125,4.0
116,64,2.3836032E9,2.38248E9,86,4.0
116,159,2.3836032E9,2.38248E9,4,4.0
133,64,2.3836032E9,2.38248E9,86,4.0
116,64,2.3836032E9,2.38248E9,4,5.0
116,94,2.3836032E9,2.38248E9,15,5.0
133,159,2.3836032E9,2.38248E9,4,5.0
115,94,2.3836032E9,2.38248E9,174,6.0
116,64,2.3836032E9,2.38248E9,158,6.0
116,159,2.3836032E9,2.38248E9,119,6.0
115,64,2.3836032E9,2.38248E9,174,8.0
115,94,2.3836032E9,2.38248E9,125,8.0
115,159,2.3836032E9,2.38248E9,174,8.0
116,64,2.3836896E9,2.38248E9,172,1.0
116,64,2.3836896E9,2.38248E9,168,1.0
116,64,2.3836896E9,2.38248E9,148,1.0
116,64,2.3836896E9,2.38248E9,140,1.0
116,64,2.3836896E9,2.38248E9,136,1.0
116,64,2.3836896E9,2.38248E9,126,1.0
116,64,2.3836896E9,2.38248E9,106,1.0
116,64,2.3836896E9,2.38248E9,96,1.0
116,64,2.3836896E9,2.38248E9,91,1.0
116,64,2.3836896E9,2.38248E9,73,1.0
116,64,2.3836896E9,2.38248E9,51,1.0
116,64,2.3836896E9,2.38248E9,47,1.0
116,64,2.3836896E9,2.38248E9,20,1.0
116,64,2.3836896E9,2.38248E9,17,1.0
116,94,2.3836896E9,2.38248E9,173,1.0
116,94,2.3836896E9,2.38248E9,91,1.0
116,94,2.3836896E9,2.38248E9,85,1.0
116,94,2.3836896E9,2.38248E9,71,1.0
116,94,2.3836896E9,2.38248E9,59,1.0
116,94,2.3836896E9,2.38248E9,26,1.0
116,94,2.3836896E9,2.38248E9,23,1.0
116,94,2.3836896E9,2.38248E9,12,1.0
116,159,2.3836896E9,2.38248E9,179,1.0
116,159,2.3836896E9,2.38248E9,178,1.0
116,159,2.3836896E9,2.38248E9,172,1.0
116,159,2.3836896E9,2.38248E9,169,1.0
116,159,2.3836896E9,2.38248E9,148,1.0
116,159,2.3836896E9,2.38248E9,123,1.0
116,159,2.3836896E9,2.38248E9,93,1.0
116,159,2.3836896E9,2.38248E9,77,1.0
116,159,2.3836896E9,2.38248E9,68,1.0
116,159,2.3836896E9,2.38248E9,66,1.0
116,159,2.3836896E9,2.38248E9,65,1.0
116,159,2.3836896E9,2.38248E9,52,1.0
116,159,2.3836896E9,2.38248E9,49,1.0
116,159,2.3836896E9,2.38248E9,48,1.0
116,159,2.3836896E9,2.38248E9,46,1.0
116,159,2.3836896E9,2.38248E9,32,1.0
116,159,2.3836896E9,2.38248E9,30,1.0
116,159,2.3836896E9,2.38248E9,29,1.0
116,159,2.3836896E9,2.38248E9,14,1.0
116,159,2.3836896E9,2.38248E9,6,1.0
116,159,2.3836896E9,2.38248E9,3,1.0
116,159,2.3836896E9,2.38248E9,2,1.0
116,64,2.3836896E9,2.38248E9,170,2.0
116,64,2.3836896E9,2.38248E9,154,2.0
116,159,2.3836896E9,2.38248E9,154,2.0
116,159,2.3836896E9,2.38248E9,74,2.0
116,159,2.3836896E9,2.38248E9,18,2.0
133,64,2.3836896E9,2.38248E9,140,2.0
133,94,2.3836896E9,2.38248E9,140,2.0
133,159,2.3836896E9,2.38248E9,170,2.0
116,94,2.3836896E9,2.38248E9,96,3.0
116,159,2.3836896E9,2.38248E9,96,3.0
116,159,2.3836896E9,2.38248E9,60,3.0
133,64,2.3836896E9,2.38248E9,154,3.0
133,64,2.3836896E9,2.38248E9,86,3.0
133,94,2.3836896E9,2.38248E9,170,3.0
133,159,2.3836896E9,2.38248E9,60,3.0
116,64,2.3836896E9,2.38248E9,74,4.0
116,64,2.3836896E9,2.38248E9,60,4.0
116,94,2.3836896E9,2.38248E9,170,4.0
133,64,2.3836896E9,2.38248E9,18,4.0
133,94,2.3836896E9,2.38248E9,96,4.0
133,94,2.3836896E9,2.38248E9,74,4.0
133,94,2.3836896E9,2.38248E9,18,4.0
133,159,2.3836896E9,2.38248E9,74,4.0
133,159,2.3836896E9,2.38248E9,18,4.0
133,159,2.3836896E9,2.38248E9,134,4.0
115,64,2.3836896E9,2.38248E9,156,5.0
115,94,2.3836896E9,2.38248E9,156,5.0
115,159,2.3836896E9,2.38248E9,156,5.0
116,94,2.3836896E9,2.38248E9,74,5.0
133,64,2.3836896E9,2.38248E9,74,5.0
133,159,2.3836896E9,2.38248E9,154,5.0
133,159,2.3836896E9,2.38248E9,158,5.0
133,64,2.3836896E9,2.38248E9,60,6.0
116,159,2.3836896E9,2.38248E9,170,7.0
116,159,2.3836896E9,2.38248E9,158,7.0
133,64,2.3836896E9,2.38248E9,170,8.0
133,159,2.3836896E9,2.38248E9,96,8.0
116,64,2.383776E9,2.38248E9,141,1.0
116,64,2.383776E9,2.38248E9,126,1.0
116,64,2.383776E9,2.38248E9,110,1.0
116,64,2.383776E9,2.38248E9,98,1.0
116,64,2.383776E9,2.38248E9,82,1.0
116,64,2.383776E9,2.38248E9,81,1.0
116,64,2.383776E9,2.38248E9,73,1.0
116,64,2.383776E9,2.38248E9,58,1.0
116,64,2.383776E9,2.38248E9,47,1.0
116,64,2.383776E9,2.38248E9,37,1.0
116,64,2.383776E9,2.38248E9,10,1.0
116,94,2.383776E9,2.38248E9,179,1.0
116,94,2.383776E9,2.38248E9,175,1.0
116,94,2.383776E9,2.38248E9,128,1.0
116,94,2.383776E9,2.38248E9,111,1.0
116,94,2.383776E9,2.38248E9,96,1.0
116,94,2.383776E9,2.38248E9,83,1.0
116,94,2.383776E9,2.38248E9,74,1.0
116,94,2.383776E9,2.38248E9,52,1.0
116,94,2.383776E9,2.38248E9,32,1.0
116,94,2.383776E9,2.38248E9,30,1.0
116,94,2.383776E9,2.38248E9,28,1.0
116,159,2.383776E9,2.38248E9,181,1.0
116,159,2.383776E9,2.38248E9,169,1.0
116,159,2.383776E9,2.38248E9,103,1.0
116,159,2.383776E9,2.38248E9,98,1.0
116,159,2.383776E9,2.38248E9,80,1.0
116,159,2.383776E9,2.38248E9,62,1.0
116,159,2.383776E9,2.38248E9,59,1.0
116,159,2.383776E9,2.38248E9,52,1.0
116,159,2.383776E9,2.38248E9,51,1.0
116,159,2.383776E9,2.38248E9,46,1.0
116,159,2.383776E9,2.38248E9,36,1.0
116,159,2.383776E9,2.38248E9,33,1.0
116,159,2.383776E9,2.38248E9,29,1.0
116,159,2.383776E9,2.38248E9,17,1.0
116,159,2.383776E9,2.38248E9,4,1.0
133,94,2.383776E9,2.38248E9,91,1.0
133,94,2.383776E9,2.38248E9,80,1.0
116,94,2.383776E9,2.38248E9,145,2.0
116,94,2.383776E9,2.38248E9,78,2.0
116,159,2.383776E9,2.38248E9,145,2.0
116,159,2.383776E9,2.38248E9,78,2.0
133,94,2.383776E9,2.38248E9,145,2.0
133,94,2.383776E9,2.38248E9,111,2.0
133,159,2.383776E9,2.38248E9,111,2.0
116,94,2.383776E9,2.38248E9,60,3.0
133,64,2.383776E9,2.38248E9,145,3.0
133,64,2.383776E9,2.38248E9,80,3.0
133,64,2.383776E9,2.38248E9,52,3.0
133,94,2.383776E9,2.38248E9,86,3.0
133,94,2.383776E9,2.38248E9,78,3.0
133,94,2.383776E9,2.38248E9,60,3.0
133,159,2.383776E9,2.38248E9,52,3.0
116,64,2.383776E9,2.38248E9,28,4.0
116,94,2.383776E9,2.38248E9,80,4.0
116,159,2.383776E9,2.38248E9,111,4.0
133,64,2.383776E9,2.38248E9,91,4.0
133,64,2.383776E9,2.38248E9,28,4.0
133,159,2.383776E9,2.38248E9,78,4.0
133,159,2.383776E9,2.38248E9,80,4.0
133,159,2.383776E9,2.38248E9,145,4.0
133,94,2.383776E9,2.38248E9,52,5.0
133,94,2.383776E9,2.38248E9,28,5.0
133,159,2.383776E9,2.38248E9,140,5.0
116,64,2.383776E9,2.38248E9,91,6.0
116,64,2.383776E9,2.38248E9,80,7.0
116,94,2.383776E9,2.38248E9,86,7.0
133,159,2.383776E9,2.38248E9,91,7.0
116,159,2.383776E9,2.38248E9,140,8.0
116,64,2.3838624E9,2.38248E9,104,1.0
116,64,2.3838624E9,2.38248E9,78,1.0
116,159,2.3838624E9,2.38248E9,121,1.0
116,159,2.3838624E9,2.38248E9,28,1.0
133,64,2.3838624E9,2.38248E9,78,2.0
133,159,2.3838624E9,2.38248E9,28,2.0
133,159,2.3838624E9,2.38248E9,121,3.0
116,64,2.3839488E9,2.38248E9,135,1.0
116,64,2.3839488E9,2.38248E9,127,1.0
116,64,2.3839488E9,2.38248E9,104,1.0
116,64,2.3839488E9,2.38248E9,102,1.0
116,64,2.3839488E9,2.38248E9,100,1.0
116,64,2.3839488E9,2.38248E9,84,1.0
116,64,2.3839488E9,2.38248E9,74,1.0
116,64,2.3839488E9,2.38248E9,28,1.0
116,64,2.3839488E9,2.38248E9,3,1.0
116,94,2.3839488E9,2.38248E9,126,1.0
116,94,2.3839488E9,2.38248E9,122,1.0
116,94,2.3839488E9,2.38248E9,117,1.0
116,94,2.3839488E9,2.38248E9,108,1.0
116,94,2.3839488E9,2.38248E9,80,1.0
116,94,2.3839488E9,2.38248E9,65,1.0
116,94,2.3839488E9,2.38248E9,59,1.0
116,94,2.3839488E9,2.38248E9,52,1.0
116,94,2.3839488E9,2.38248E9,14,1.0
116,159,2.3839488E9,2.38248E9,171,1.0
116,159,2.3839488E9,2.38248E9,154,1.0
116,159,2.3839488E9,2.38248E9,107,1.0
116,159,2.3839488E9,2.38248E9,98,1.0
116,159,2.3839488E9,2.38248E9,91,1.0
116,159,2.3839488E9,2.38248E9,73,1.0
116,159,2.3839488E9,2.38248E9,57,1.0
116,159,2.3839488E9,2.38248E9,37,1.0
116,159,2.3839488E9,2.38248E9,34,1.0
116,159,2.3839488E9,2.38248E9,31,1.0
116,159,2.3839488E9,2.38248E9,25,1.0
116,159,2.3839488E9,2.38248E9,17,1.0
116,159,2.3839488E9,2.38248E9,15,1.0
116,159,2.3839488E9,2.38248E9,10,1.0
133,64,2.3839488E9,2.38248E9,167,1.0
133,64,2.3839488E9,2.38248E9,38,1.0
133,94,2.3839488E9,2.38248E9,136,1.0
116,64,2.3839488E9,2.38248E9,167,2.0
116,94,2.3839488E9,2.38248E9,167,2.0
116,94,2.3839488E9,2.38248E9,110,2.0
116,94,2.3839488E9,2.38248E9,23,2.0
116,159,2.3839488E9,2.38248E9,110,2.0
116,159,2.3839488E9,2.38248E9,100,2.0
133,94,2.3839488E9,2.38248E9,100,2.0
133,159,2.3839488E9,2.38248E9,158,2.0
116,64,2.3839488E9,2.38248E9,110,3.0
116,64,2.3839488E9,2.38248E9,38,3.0
116,94,2.3839488E9,2.38248E9,100,3.0
116,159,2.3839488E9,2.38248E9,136,3.0
116,159,2.3839488E9,2.38248E9,38,3.0
133,64,2.3839488E9,2.38248E9,100,3.0
133,94,2.3839488E9,2.38248E9,167,3.0
133,94,2.3839488E9,2.38248E9,38,3.0
133,64,2.3839488E9,2.38248E9,110,4.0
133,94,2.3839488E9,2.38248E9,23,4.0
116,64,2.3839488E9,2.38248E9,158,5.0
133,64,2.3839488E9,2.38248E9,158,5.0
133,159,2.3839488E9,2.38248E9,136,5.0
133,159,2.3839488E9,2.38248E9,100,5.0
133,159,2.3839488E9,2.38248E9,38,5.0
133,159,2.3839488E9,2.38248E9,110,5.0
133,94,2.3839488E9,2.38248E9,110,6.0
116,94,2.3839488E9,2.38248E9,136,7.0
116,159,2.3839488E9,2.38248E9,167,7.0
133,159,2.3839488E9,2.38248E9,167,7.0
116,64,2.3840352E9,2.38248E9,162,1.0
116,64,2.3840352E9,2.38248E9,39,1.0
116,64,2.3840352E9,2.38248E9,23,1.0
116,64,2.3840352E9,2.38248E9,6,1.0
116,64,2.3840352E9,2.38248E9,4,1.0
116,94,2.3840352E9,2.38248E9,173,1.0
116,94,2.3840352E9,2.38248E9,169,1.0
116,94,2.3840352E9,2.38248E9,158,1.0
116,94,2.3840352E9,2.38248E9,107,1.0
116,94,2.3840352E9,2.38248E9,54,1.0
116,94,2.3840352E9,2.38248E9,22,1.0
116,159,2.3840352E9,2.38248E9,175,1.0
116,159,2.3840352E9,2.38248E9,162,1.0
116,159,2.3840352E9,2.38248E9,158,1.0
116,159,2.3840352E9,2.38248E9,106,1.0
116,159,2.3840352E9,2.38248E9,66,1.0
116,159,2.3840352E9,2.38248E9,28,1.0
116,159,2.3840352E9,2.38248E9,11,1.0
116,159,2.3840352E9,2.38248E9,4,1.0
116,159,2.3840352E9,2.38248E9,3,1.0
133,64,2.3840352E9,2.38248E9,11,1.0
133,94,2.3840352E9,2.38248E9,60,1.0
116,64,2.3840352E9,2.38248E9,60,2.0
116,64,2.3840352E9,2.38248E9,3,2.0
116,159,2.3840352E9,2.38248E9,23,2.0
133,64,2.3840352E9,2.38248E9,60,2.0
133,159,2.3840352E9,2.38248E9,11,2.0
116,64,2.3840352E9,2.38248E9,22,3.0
116,94,2.3840352E9,2.38248E9,60,3.0
116,94,2.3840352E9,2.38248E9,11,3.0
133,94,2.3840352E9,2.38248E9,22,3.0
133,94,2.3840352E9,2.38248E9,11,3.0
133,159,2.3840352E9,2.38248E9,23,3.0
133,64,2.3840352E9,2.38248E9,22,4.0
133,94,2.3840352E9,2.38248E9,158,4.0
116,159,2.3840352E9,2.38248E9,164,5.0
133,64,2.3840352E9,2.38248E9,3,5.0
133,159,2.3840352E9,2.38248E9,164,5.0
116,64,2.3841216E9,2.38248E9,180,1.0
116,64,2.3841216E9,2.38248E9,154,1.0
116,64,2.3841216E9,2.38248E9,101,1.0
116,64,2.3841216E9,2.38248E9,75,1.0
116,94,2.3841216E9,2.38248E9,85,1.0
116,94,2.3841216E9,2.38248E9,73,1.0
116,159,2.3841216E9,2.38248E9,148,1.0
116,159,2.3841216E9,2.38248E9,149,1.0
116,159,2.3841216E9,2.38248E9,147,1.0
116,159,2.3841216E9,2.38248E9,131,1.0
116,159,2.3841216E9,2.38248E9,127,1.0
116,159,2.3841216E9,2.38248E9,124,1.0
116,159,2.3841216E9,2.38248E9,107,1.0
116,159,2.3841216E9,2.38248E9,97,1.0
116,159,2.3841216E9,2.38248E9,58,1.0
116,159,2.3841216E9,2.38248E9,55,1.0
116,159,2.3841216E9,2.38248E9,47,1.0
116,159,2.3841216E9,2.38248E9,44,1.0
116,159,2.3841216E9,2.38248E9,26,1.0
116,159,2.3841216E9,2.38248E9,18,1.0
133,94,2.3841216E9,2.38248E9,28,1.0
116,64,2.3841216E9,2.38248E9,28,2.0
116,94,2.3841216E9,2.38248E9,60,2.0
116,159,2.3841216E9,2.38248E9,22,2.0
133,159,2.3841216E9,2.38248E9,28,2.0
133,159,2.3841216E9,2.38248E9,121,2.0
116,159,2.3841216E9,2.38248E9,154,3.0
116,159,2.3841216E9,2.38248E9,60,3.0
133,64,2.3841216E9,2.38248E9,154,3.0
133,159,2.3841216E9,2.38248E9,119,3.0
133,159,2.3841216E9,2.38248E9,22,3.0
115,94,2.3841216E9,2.38248E9,42,4.0
116,94,2.3841216E9,2.38248E9,154,4.0
116,159,2.3841216E9,2.38248E9,121,4.0
133,94,2.3841216E9,2.38248E9,60,4.0
115,64,2.3841216E9,2.38248E9,175,5.0
115,64,2.3841216E9,2.38248E9,42,5.0
116,159,2.3841216E9,2.38248E9,119,5.0
133,64,2.3841216E9,2.38248E9,28,5.0
133,94,2.3841216E9,2.38248E9,154,5.0
133,159,2.3841216E9,2.38248E9,154,6.0
116,159,2.3841216E9,2.38248E9,28,7.0
115,159,2.3841216E9,2.38248E9,42,10.0
133,159,2.3841216E9,2.38248E9,60,11.0
116,64,2.384208E9,2.38248E9,173,1.0
116,64,2.384208E9,2.38248E9,162,1.0
116,64,2.384208E9,2.38248E9,15,1.0
116,64,2.384208E9,2.38248E9,11,1.0
116,94,2.384208E9,2.38248E9,175,1.0
116,94,2.384208E9,2.38248E9,171,1.0
116,94,2.384208E9,2.38248E9,158,1.0
116,94,2.384208E9,2.38248E9,145,1.0
116,94,2.384208E9,2.38248E9,142,1.0
116,94,2.384208E9,2.38248E9,136,1.0
116,94,2.384208E9,2.38248E9,97,1.0
116,94,2.384208E9,2.38248E9,72,1.0
116,94,2.384208E9,2.38248E9,36,1.0
116,159,2.384208E9,2.38248E9,149,1.0
116,159,2.384208E9,2.38248E9,89,1.0
116,159,2.384208E9,2.38248E9,47,1.0
133,159,2.384208E9,2.38248E9,143,1.0
116,159,2.384208E9,2.38248E9,165,2.0
116,159,2.384208E9,2.38248E9,23,2.0
133,64,2.384208E9,2.38248E9,143,2.0
133,94,2.384208E9,2.38248E9,143,2.0
133,94,2.384208E9,2.38248E9,23,2.0
133,159,2.384208E9,2.38248E9,165,2.0
116,64,2.384208E9,2.38248E9,143,3.0
116,94,2.384208E9,2.38248E9,143,3.0
133,159,2.384208E9,2.38248E9,23,3.0
115,64,2.384208E9,2.38248E9,157,4.0
115,94,2.384208E9,2.38248E9,157,4.0
115,159,2.384208E9,2.38248E9,157,4.0
116,64,2.384208E9,2.38248E9,165,4.0
133,64,2.384208E9,2.38248E9,165,4.0
133,64,2.384208E9,2.38248E9,23,4.0
133,94,2.384208E9,2.38248E9,165,4.0
133,94,2.384208E9,2.38248E9,136,4.0
116,94,2.384208E9,2.38248E9,165,5.0
115,64,2.384208E9,2.38248E9,136,11.0
116,64,2.3842944E9,2.38248E9,180,1.0
116,64,2.3842944E9,2.38248E9,47,1.0
116,64,2.3842944E9,2.38248E9,12,1.0
116,94,2.3842944E9,2.38248E9,181,1.0
116,94,2.3842944E9,2.38248E9,168,1.0
116,94,2.3842944E9,2.38248E9,92,1.0
116,94,2.3842944E9,2.38248E9,35,1.0
116,94,2.3842944E9,2.38248E9,18,1.0
116,159,2.3842944E9,2.38248E9,135,1.0
116,159,2.3842944E9,2.38248E9,126,1.0
116,159,2.3842944E9,2.38248E9,93,1.0
116,159,2.3842944E9,2.38248E9,91,1.0
116,159,2.3842944E9,2.38248E9,54,1.0
116,159,2.3842944E9,2.38248E9,41,1.0
116,159,2.3842944E9,2.38248E9,36,1.0
116,159,2.3842944E9,2.38248E9,28,1.0
116,159,2.3842944E9,2.38248E9,25,1.0
133,159,2.3842944E9,2.38248E9,23,1.0
133,159,2.3842944E9,2.38248E9,18,1.0
116,94,2.3842944E9,2.38248E9,23,2.0
116,159,2.3842944E9,2.38248E9,136,2.0
116,94,2.3842944E9,2.38248E9,173,3.0
133,64,2.3842944E9,2.38248E9,23,3.0
133,94,2.3842944E9,2.38248E9,173,3.0
133,94,2.3842944E9,2.38248E9,23,3.0
133,94,2.3842944E9,2.38248E9,18,3.0
116,159,2.3842944E9,2.38248E9,18,4.0
133,64,2.3842944E9,2.38248E9,18,4.0
133,159,2.3842944E9,2.38248E9,173,4.0
133,159,2.3842944E9,2.38248E9,150,4.0
133,159,2.3842944E9,2.38248E9,136,4.0
116,64,2.3842944E9,2.38248E9,173,5.0
116,159,2.3842944E9,2.38248E9,150,6.0
133,64,2.3842944E9,2.38248E9,173,6.0
115,64,2.3842944E9,2.38248E9,164,7.0
115,94,2.3842944E9,2.38248E9,164,8.0
115,94,2.3842944E9,2.38248E9,119,8.0
116,64,2.3843808E9,2.38248E9,147,1.0
116,94,2.3843808E9,2.38248E9,179,1.0
116,94,2.3843808E9,2.38248E9,178,1.0
116,94,2.3843808E9,2.38248E9,154,1.0
116,94,2.3843808E9,2.38248E9,131,1.0
116,94,2.3843808E9,2.38248E9,126,1.0
116,94,2.3843808E9,2.38248E9,68,1.0
116,94,2.3843808E9,2.38248E9,46,1.0
116,94,2.3843808E9,2.38248E9,28,1.0
116,94,2.3843808E9,2.38248E9,24,1.0
116,94,2.3843808E9,2.38248E9,17,1.0
116,94,2.3843808E9,2.38248E9,10,1.0
116,159,2.3843808E9,2.38248E9,177,1.0
116,159,2.3843808E9,2.38248E9,175,1.0
116,159,2.3843808E9,2.38248E9,147,1.0
116,159,2.3843808E9,2.38248E9,140,1.0
116,159,2.3843808E9,2.38248E9,84,1.0
116,159,2.3843808E9,2.38248E9,32,1.0
116,159,2.3843808E9,2.38248E9,19,1.0
133,94,2.3843808E9,2.38248E9,168,1.0
133,159,2.3843808E9,2.38248E9,4,1.0
116,94,2.3843808E9,2.38248E9,150,2.0
133,64,2.3843808E9,2.38248E9,168,2.0
133,159,2.3843808E9,2.38248E9,62,2.0
133,159,2.3843808E9,2.38248E9,22,2.0
133,159,2.3843808E9,2.38248E9,168,2.0
116,64,2.3843808E9,2.38248E9,150,3.0
116,94,2.3843808E9,2.38248E9,4,3.0
133,64,2.3843808E9,2.38248E9,150,3.0
133,64,2.3843808E9,2.38248E9,4,3.0
133,94,2.3843808E9,2.38248E9,150,3.0
133,94,2.3843808E9,2.38248E9,4,3.0
116,159,2.3843808E9,2.38248E9,62,4.0
116,159,2.3843808E9,2.38248E9,22,4.0
115,64,2.3843808E9,2.38248E9,119,5.0
116,159,2.3843808E9,2.38248E9,168,6.0
116,94,2.3843808E9,2.38248E9,62,7.0
133,94,2.3843808E9,2.38248E9,62,7.0
116,64,2.3844672E9,2.38248E9,176,1.0
116,64,2.3844672E9,2.38248E9,170,1.0
116,64,2.3844672E9,2.38248E9,163,1.0
116,64,2.3844672E9,2.38248E9,161,1.0
116,64,2.3844672E9,2.38248E9,140,1.0
116,64,2.3844672E9,2.38248E9,129,1.0
116,64,2.3844672E9,2.38248E9,99,1.0
116,64,2.3844672E9,2.38248E9,82,1.0
116,64,2.3844672E9,2.38248E9,78,1.0
116,64,2.3844672E9,2.38248E9,65,1.0
116,64,2.3844672E9,2.38248E9,46,1.0
116,64,2.3844672E9,2.38248E9,26,1.0
116,64,2.3844672E9,2.38248E9,25,1.0
116,64,2.3844672E9,2.38248E9,18,1.0
116,64,2.3844672E9,2.38248E9,4,1.0
116,94,2.3844672E9,2.38248E9,154,1.0
116,94,2.3844672E9,2.38248E9,95,1.0
116,94,2.3844672E9,2.38248E9,26,1.0
116,94,2.3844672E9,2.38248E9,11,1.0
116,94,2.3844672E9,2.38248E9,4,1.0
116,159,2.3844672E9,2.38248E9,181,1.0
116,159,2.3844672E9,2.38248E9,78,1.0
116,159,2.3844672E9,2.38248E9,49,1.0
116,159,2.3844672E9,2.38248E9,46,1.0
133,64,2.3844672E9,2.38248E9,162,1.0
116,64,2.3844672E9,2.38248E9,162,2.0
116,64,2.3844672E9,2.38248E9,22,2.0
116,94,2.3844672E9,2.38248E9,180,2.0
116,94,2.3844672E9,2.38248E9,20,2.0
116,159,2.3844672E9,2.38248E9,180,2.0
133,64,2.3844672E9,2.38248E9,180,2.0
133,64,2.3844672E9,2.38248E9,62,2.0
133,64,2.3844672E9,2.38248E9,20,2.0
133,94,2.3844672E9,2.38248E9,26,2.0
133,94,2.3844672E9,2.38248E9,22,2.0
133,159,2.3844672E9,2.38248E9,180,2.0
133,159,2.3844672E9,2.38248E9,20,2.0
116,64,2.3844672E9,2.38248E9,62,3.0
116,94,2.3844672E9,2.38248E9,22,3.0
116,159,2.3844672E9,2.38248E9,162,3.0
116,159,2.3844672E9,2.38248E9,26,3.0
133,64,2.3844672E9,2.38248E9,26,3.0
116,64,2.3844672E9,2.38248E9,180,4.0
133,64,2.3844672E9,2.38248E9,22,4.0
133,94,2.3844672E9,2.38248E9,162,4.0
133,159,2.3844672E9,2.38248E9,26,4.0
133,94,2.3844672E9,2.38248E9,20,5.0
116,64,2.3844672E9,2.38248E9,20,6.0
133,159,2.3844672E9,2.38248E9,162,6.0
133,94,2.3844672E9,2.38248E9,180,8.0
116,64,2.3845536E9,2.38248E9,163,1.0
116,64,2.3845536E9,2.38248E9,122,1.0
116,64,2.3845536E9,2.38248E9,117,1.0
116,64,2.3845536E9,2.38248E9,99,1.0
116,64,2.3845536E9,2.38248E9,77,1.0
116,64,2.3845536E9,2.38248E9,74,1.0
116,64,2.3845536E9,2.38248E9,60,1.0
116,64,2.3845536E9,2.38248E9,31,1.0
116,64,2.3845536E9,2.38248E9,10,1.0
116,64,2.3845536E9,2.38248E9,3,1.0
116,94,2.3845536E9,2.38248E9,126,1.0
116,94,2.3845536E9,2.38248E9,99,1.0
116,94,2.3845536E9,2.38248E9,96,1.0
116,94,2.3845536E9,2.38248E9,25,1.0
116,94,2.3845536E9,2.38248E9,18,1.0
116,159,2.3845536E9,2.38248E9,181,1.0
116,159,2.3845536E9,2.38248E9,178,1.0
116,159,2.3845536E9,2.38248E9,171,1.0
116,159,2.3845536E9,2.38248E9,158,1.0
116,159,2.3845536E9,2.38248E9,129,1.0
116,159,2.3845536E9,2.38248E9,99,1.0
116,159,2.3845536E9,2.38248E9,97,1.0
116,159,2.3845536E9,2.38248E9,92,1.0
116,159,2.3845536E9,2.38248E9,74,1.0
116,159,2.3845536E9,2.38248E9,62,1.0
116,159,2.3845536E9,2.38248E9,60,1.0
116,159,2.3845536E9,2.38248E9,54,1.0
116,159,2.3845536E9,2.38248E9,44,1.0
116,159,2.3845536E9,2.38248E9,36,1.0
116,159,2.3845536E9,2.38248E9,33,1.0
116,159,2.3845536E9,2.38248E9,30,1.0
116,159,2.3845536E9,2.38248E9,24,1.0
133,64,2.3845536E9,2.38248E9,85,1.0
133,64,2.3845536E9,2.38248E9,74,1.0
133,64,2.3845536E9,2.38248E9,60,1.0
116,94,2.3845536E9,2.38248E9,78,2.0
116,94,2.3845536E9,2.38248E9,74,2.0
116,94,2.3845536E9,2.38248E9,60,2.0
116,159,2.3845536E9,2.38248E9,145,2.0
116,159,2.3845536E9,2.38248E9,78,2.0
116,159,2.3845536E9,2.38248E9,19,2.0
133,64,2.3845536E9,2.38248E9,78,2.0
133,94,2.3845536E9,2.38248E9,136,2.0
133,159,2.3845536E9,2.38248E9,60,2.0
133,64,2.3845536E9,2.38248E9,99,3.0
133,94,2.3845536E9,2.38248E9,99,3.0
133,94,2.3845536E9,2.38248E9,60,3.0
133,159,2.3845536E9,2.38248E9,85,3.0
133,159,2.3845536E9,2.38248E9,74,3.0
116,64,2.3845536E9,2.38248E9,145,4.0
116,159,2.3845536E9,2.38248E9,136,4.0
133,64,2.3845536E9,2.38248E9,145,4.0
133,94,2.3845536E9,2.38248E9,85,4.0
133,94,2.3845536E9,2.38248E9,78,4.0
133,94,2.3845536E9,2.38248E9,145,5.0
133,159,2.3845536E9,2.38248E9,99,5.0
133,159,2.3845536E9,2.38248E9,145,6.0
133,159,2.3845536E9,2.38248E9,78,6.0
116,64,2.3845536E9,2.38248E9,78,7.0
133,159,2.3845536E9,2.38248E9,136,7.0
133,94,2.3845536E9,2.38248E9,74,8.0
116,159,2.3845536E9,2.38248E9,85,9.0
116,64,2.38464E9,2.38248E9,54,1.0
116,64,2.38464E9,2.38248E9,39,1.0
116,64,2.38464E9,2.38248E9,31,1.0
116,94,2.38464E9,2.38248E9,147,1.0
116,94,2.38464E9,2.38248E9,97,1.0
116,94,2.38464E9,2.38248E9,92,1.0
116,94,2.38464E9,2.38248E9,70,1.0
116,94,2.38464E9,2.38248E9,65,1.0
116,94,2.38464E9,2.38248E9,55,1.0
116,94,2.38464E9,2.38248E9,38,1.0
116,94,2.38464E9,2.38248E9,24,1.0
116,159,2.38464E9,2.38248E9,170,1.0
116,159,2.38464E9,2.38248E9,75,1.0
116,159,2.38464E9,2.38248E9,74,1.0
116,159,2.38464E9,2.38248E9,56,1.0
116,159,2.38464E9,2.38248E9,49,1.0
116,94,2.38464E9,2.38248E9,126,2.0
133,94,2.38464E9,2.38248E9,111,2.0
116,64,2.38464E9,2.38248E9,74,3.0
116,94,2.38464E9,2.38248E9,74,3.0
116,159,2.38464E9,2.38248E9,111,3.0
133,94,2.38464E9,2.38248E9,74,3.0
133,159,2.38464E9,2.38248E9,74,3.0
116,94,2.38464E9,2.38248E9,111,4.0
133,94,2.38464E9,2.38248E9,49,4.0
115,94,2.38464E9,2.38248E9,174,5.0
133,64,2.38464E9,2.38248E9,74,5.0
115,64,2.38464E9,2.38248E9,174,6.0
133,159,2.38464E9,2.38248E9,49,6.0
116,94,2.38464E9,2.38248E9,49,7.0
133,159,2.38464E9,2.38248E9,111,7.0
115,159,2.38464E9,2.38248E9,174,9.0
116,64,2.3847264E9,2.38248E9,21,1.0
116,94,2.3847264E9,2.38248E9,109,1.0
116,94,2.3847264E9,2.38248E9,104,1.0
116,94,2.3847264E9,2.38248E9,84,1.0
116,94,2.3847264E9,2.38248E9,73,1.0
116,94,2.3847264E9,2.38248E9,55,1.0
116,94,2.3847264E9,2.38248E9,54,1.0
116,94,2.3847264E9,2.38248E9,47,1.0
116,94,2.3847264E9,2.38248E9,46,1.0
116,94,2.3847264E9,2.38248E9,44,1.0
116,159,2.3847264E9,2.38248E9,25,1.0
116,159,2.3847264E9,2.38248E9,3,1.0
133,64,2.3847264E9,2.38248E9,49,1.0
133,64,2.3847264E9,2.38248E9,21,1.0
133,159,2.3847264E9,2.38248E9,145,2.0
133,159,2.3847264E9,2.38248E9,21,2.0
116,159,2.3847264E9,2.38248E9,145,3.0
133,94,2.3847264E9,2.38248E9,145,3.0
116,94,2.3847264E9,2.38248E9,145,6.0
133,94,2.3847264E9,2.38248E9,21,6.0
116,94,2.3847264E9,2.38248E9,21,7.0
116,64,2.3848128E9,2.38248E9,160,1.0
116,64,2.3848128E9,2.38248E9,142,1.0
116,64,2.3848128E9,2.38248E9,126,1.0
116,64,2.3848128E9,2.38248E9,37,1.0
116,94,2.3848128E9,2.38248E9,136,1.0
116,94,2.3848128E9,2.38248E9,101,1.0
116,94,2.3848128E9,2.38248E9,98,1.0
116,94,2.3848128E9,2.38248E9,89,1.0
116,94,2.3848128E9,2.38248E9,86,1.0
116,94,2.3848128E9,2.38248E9,82,1.0
116,94,2.3848128E9,2.38248E9,66,1.0
116,94,2.3848128E9,2.38248E9,50,1.0
116,94,2.3848128E9,2.38248E9,14,1.0
116,94,2.3848128E9,2.38248E9,12,1.0
116,159,2.3848128E9,2.38248E9,175,1.0
116,159,2.3848128E9,2.38248E9,154,1.0
116,159,2.3848128E9,2.38248E9,109,1.0
116,159,2.3848128E9,2.38248E9,101,1.0
116,159,2.3848128E9,2.38248E9,80,1.0
116,159,2.3848128E9,2.38248E9,44,1.0
116,159,2.3848128E9,2.38248E9,17,1.0
116,159,2.3848128E9,2.38248E9,6,1.0
133,159,2.3848128E9,2.38248E9,49,1.0
116,64,2.3848128E9,2.38248E9,145,2.0
116,64,2.3848128E9,2.38248E9,67,2.0
116,159,2.3848128E9,2.38248E9,67,2.0
116,159,2.3848128E9,2.38248E9,49,2.0
133,64,2.3848128E9,2.38248E9,140,2.0
133,159,2.3848128E9,2.38248E9,175,2.0
116,94,2.3848128E9,2.38248E9,49,3.0
133,94,2.3848128E9,2.38248E9,175,3.0
133,94,2.3848128E9,2.38248E9,49,3.0
133,159,2.3848128E9,2.38248E9,67,4.0
115,94,2.3848128E9,2.38248E9,0,5.0
116,64,2.3848128E9,2.38248E9,49,5.0
133,64,2.3848128E9,2.38248E9,145,5.0
133,64,2.3848128E9,2.38248E9,49,5.0
133,94,2.3848128E9,2.38248E9,140,5.0
116,94,2.3848128E9,2.38248E9,175,6.0
116,94,2.3848128E9,2.38248E9,67,6.0
116,159,2.3848128E9,2.38248E9,140,7.0
133,64,2.3848128E9,2.38248E9,67,7.0
133,94,2.3848128E9,2.38248E9,67,7.0
133,159,2.3848128E9,2.38248E9,140,8.0
115,64,2.3848128E9,2.38248E9,0,9.0
115,159,2.3848128E9,2.38248E9,0,10.0
115,64,2.3848128E9,2.38248E9,175,11.0
116,64,2.3848992E9,2.38248E9,167,1.0
116,64,2.3848992E9,2.38248E9,15,1.0
116,94,2.3848992E9,2.38248E9,22,1.0
116,159,2.3848992E9,2.38248E9,177,1.0
116,159,2.3848992E9,2.38248E9,107,1.0
116,159,2.3848992E9,2.38248E9,89,1.0
116,159,2.3848992E9,2.38248E9,86,1.0
116,159,2.3848992E9,2.38248E9,60,1.0
116,159,2.3848992E9,2.38248E9,59,1.0
116,159,2.3848992E9,2.38248E9,34,1.0
133,94,2.3848992E9,2.38248E9,22,1.0
116,64,2.3848992E9,2.38248E9,22,2.0
116,94,2.3848992E9,2.38248E9,85,2.0
116,94,2.3848992E9,2.38248E9,52,2.0
116,159,2.3848992E9,2.38248E9,22,2.0
116,159,2.3848992E9,2.38248E9,4,2.0
133,64,2.3848992E9,2.38248E9,107,2.0
133,94,2.3848992E9,2.38248E9,15,2.0
133,94,2.3848992E9,2.38248E9,4,2.0
116,94,2.3848992E9,2.38248E9,4,3.0
133,64,2.3848992E9,2.38248E9,15,3.0
133,94,2.3848992E9,2.38248E9,107,3.0
133,159,2.3848992E9,2.38248E9,15,3.0
116,159,2.3848992E9,2.38248E9,167,4.0
116,159,2.3848992E9,2.38248E9,15,4.0
133,64,2.3848992E9,2.38248E9,167,4.0
133,159,2.3848992E9,2.38248E9,107,4.0
133,159,2.3848992E9,2.38248E9,4,4.0
133,64,2.3848992E9,2.38248E9,4,5.0
133,159,2.3848992E9,2.38248E9,167,5.0
133,159,2.3848992E9,2.38248E9,22,5.0
133,94,2.3848992E9,2.38248E9,167,6.0
116,64,2.3849856E9,2.38248E9,180,1.0
116,64,2.3849856E9,2.38248E9,141,1.0
116,64,2.3849856E9,2.38248E9,49,1.0
116,64,2.3849856E9,2.38248E9,39,1.0
116,64,2.3849856E9,2.38248E9,19,1.0
116,64,2.3849856E9,2.38248E9,3,1.0
116,94,2.3849856E9,2.38248E9,179,1.0
116,94,2.3849856E9,2.38248E9,165,1.0
116,94,2.3849856E9,2.38248E9,147,1.0
116,94,2.3849856E9,2.38248E9,13,1.0
116,159,2.3849856E9,2.38248E9,84,1.0
116,159,2.3849856E9,2.38248E9,61,1.0
116,159,2.3849856E9,2.38248E9,18,1.0
133,94,2.3849856E9,2.38248E9,13,1.0
116,64,2.3849856E9,2.38248E9,145,2.0
116,94,2.3849856E9,2.38248E9,158,2.0
133,64,2.3849856E9,2.38248E9,13,2.0
133,64,2.3849856E9,2.38248E9,3,2.0
133,94,2.3849856E9,2.38248E9,158,2.0
133,94,2.3849856E9,2.38248E9,145,2.0
133,94,2.3849856E9,2.38248E9,3,2.0
133,159,2.3849856E9,2.38248E9,158,2.0
133,159,2.3849856E9,2.38248E9,3,2.0
116,64,2.3849856E9,2.38248E9,27,3.0
116,159,2.3849856E9,2.38248E9,13,3.0
133,159,2.3849856E9,2.38248E9,145,3.0
133,159,2.3849856E9,2.38248E9,13,3.0
116,94,2.3849856E9,2.38248E9,27,4.0
133,64,2.3849856E9,2.38248E9,145,4.0
133,64,2.3849856E9,2.38248E9,27,4.0
133,94,2.3849856E9,2.38248E9,27,4.0
