4150,4149,2,1,1,1,-1,-1,-1,1294.2064886001704,1062.8515125763604,515,.,-1,1,-1,515
4150,4149,4,3,3,3,-1,-1,-1,769.2098228846346,1052.4954005916115,514,.,-1,3,-1,514
4150,4149,6,5,5,5,-1,-1,-1,1144.0811042951227,964.5236260619822,513,.,-1,5,-1,513
4150,4149,8,7,7,7,-1,-1,-1,1083.1916953675832,1186.1386859039894,514,.,-1,7,-1,514
4150,4149,10,9,9,9,-1,-1,-1,1193.320434600922,996.4213051135441,514,.,-1,9,-1,514
4150,4149,12,11,11,11,-1,-1,-1,834.5987746672905,876.8247201991346,513,.,-1,11,-1,513
4150,4149,14,13,13,13,-1,-1,-1,891.9330634195547,886.4203845376875,513,.,-1,13,-1,513
4150,4149,16,15,15,15,-1,-1,-1,1122.5854289634285,943.2312737246127,514,.,-1,15,-1,514
4150,4149,18,17,17,17,-1,-1,-1,995.8487484571737,787.3912167492388,514,.,-1,17,-1,514
4150,4149,20,19,19,19,-1,-1,-1,1026.1180450656047,767.0690293047692,514,.,-1,19,-1,514
4150,4149,22,21,21,21,-1,-1,-1,1159.1329107502152,1051.816621120432,514,.,-1,21,-1,514
4150,4149,24,23,23,23,-1,-1,-1,1239.6860783988245,1105.350453061662,514,.,-1,23,-1,514
4150,4149,26,25,25,25,-1,-1,-1,948.2306542307896,1108.0415858011097,513,.,-1,25,-1,513
4150,4149,28,27,27,27,-1,-1,-1,1106.457221881274,1169.4543420425057,514,.,-1,27,-1,514
4150,4149,30,29,29,29,-1,-1,-1,1112.8424493986859,1203.9066908642499,514,.,-1,29,-1,514
4150,4149,32,31,31,31,-1,-1,-1,1040.1423906313416,893.5044114983851,514,.,-1,31,-1,514
4150,4149,34,33,33,33,-1,-1,-1,841.1034343301137,1026.877000074845,514,.,-1,33,-1,514
4150,4149,38,37,37,37,-1,-1,-1,1264.772138431405,1031.8841476733496,514,.,-1,37,-1,514
4150,4149,36,35,35,35,-1,-1,-1,1054.4474557870835,818.8432857112451,513,.,-1,35,-1,513
4150,4149,40,39,39,39,-1,-1,-1,1048.823713149552,1262.141712097208,513,.,-1,39,-1,513
4150,4149,42,41,41,41,-1,-1,-1,1018.0812125254714,1189.511162845901,514,.,-1,41,-1,514
4150,4149,44,43,43,43,-1,-1,-1,857.0119126850486,1055.6526895552252,514,.,-1,43,-1,514
4150,4149,46,45,45,45,-1,-1,-1,1062.9475600221162,908.5323676284075,514,.,-1,45,-1,514
4150,4149,48,47,47,47,-1,-1,-1,923.5826723266949,1132.2877135041078,514,.,-1,47,-1,514
4150,4149,50,49,49,49,-1,-1,-1,1052.5014659674885,1236.6893917561672,513,.,-1,49,-1,513
4150,4149,52,51,51,51,-1,-1,-1,1267.6587707997,992.5110591978042,513,.,-1,51,-1,513
4150,4149,54,53,53,53,-1,-1,-1,1166.3606083203404,886.7709164179327,514,.,-1,53,-1,514
4150,4149,56,55,55,55,-1,-1,-1,894.6266026396618,956.8334712557204,514,.,-1,55,-1,514
4150,4149,58,57,57,57,-1,-1,-1,1093.7999106651891,892.948717512927,514,.,-1,57,-1,514
4150,4149,60,59,59,59,-1,-1,-1,1005.5920773496081,855.8228359683978,514,.,-1,59,-1,514
4150,4149,270,61,61,61,-1,-1,-1,1083.887675447399,1006.7488189478034,526,.,-1,61,0,526
4150,4149,480,479,479,479,-1,-1,-1,1150.2490724003324,827.6416731199805,513,.,-1,479,-1,513
4150,4149,482,481,481,481,-1,-1,-1,1130.1135433208979,1112.0352988751736,513,.,-1,481,-1,513
4150,4149,484,483,483,483,-1,-1,-1,1168.5169023139752,1023.4850223562743,514,.,-1,483,-1,514
4150,4149,486,485,485,485,-1,-1,-1,1074.1861104372288,1151.3394626012387,514,.,-1,485,-1,514
4150,4149,488,487,487,487,-1,-1,-1,1137.8012043172876,851.7510719809607,514,.,-1,487,-1,514
4150,4149,490,489,489,489,-1,-1,-1,922.2517067505258,949.4895806058382,514,.,-1,489,-1,514
4150,4149,492,491,491,491,-1,-1,-1,1148.3486771528305,1084.9006514878308,513,.,-1,491,-1,513
4150,4149,494,493,493,493,-1,-1,-1,915.6858831565925,1190.9038070456709,514,.,-1,493,-1,514
4150,4149,496,495,495,495,-1,-1,-1,869.9311684571963,1082.782758835912,514,.,-1,495,-1,514
4150,4149,498,497,497,497,-1,-1,-1,1005.2007536793946,884.5312513259613,513,.,-1,497,-1,513
4150,4149,500,499,499,499,-1,-1,-1,952.3417467785738,1138.1104302224535,514,.,-1,499,-1,514
4150,4149,502,501,501,501,-1,-1,-1,1004.8888822594,1229.2898596013838,513,.,-1,501,-1,513
4150,4149,504,503,503,503,-1,-1,-1,1098.6006754034952,1283.7550369234466,514,.,-1,503,-1,514
4150,4149,506,505,505,505,-1,-1,-1,817.4191653885935,1126.0890389933575,515,.,-1,505,-1,515
4150,4149,508,507,507,507,-1,-1,-1,1103.2492739563713,805.8265114644432,513,.,-1,507,-1,513
4150,4149,510,509,509,509,-1,-1,-1,895.6324487309533,812.4166843950453,513,.,-1,509,-1,513
4150,4149,512,511,511,511,-1,-1,-1,1169.8826091471096,855.833017819359,513,.,-1,511,-1,513
4150,4149,517,516,516,516,-1,-1,-1,1159.2807035698142,1193.9708829046376,513,.,-1,516,-1,513
4150,4149,519,518,518,518,-1,-1,-1,985.6426592239098,826.9872637149149,513,.,-1,518,-1,513
4150,4149,521,520,520,520,-1,-1,-1,1193.2630621136113,1032.5306675527206,514,.,-1,520,-1,514
4150,4149,523,522,522,522,-1,-1,-1,926.2231486814316,1239.4206267935924,513,.,-1,522,-1,513
4150,4149,525,524,524,524,-1,-1,-1,1243.8068337893,1051.9811300819094,513,.,-1,524,-1,513
4150,4149,528,527,527,527,-1,-1,-1,982.1085168955184,1140.2344036921425,514,.,-1,527,-1,514
4150,4149,530,529,529,529,-1,-1,-1,1182.9697531960478,1216.7908782278369,514,.,-1,529,-1,514
4150,4149,532,531,531,531,-1,-1,-1,885.8432734072825,1182.2797837317314,514,.,-1,531,-1,514
4150,4149,534,533,533,533,-1,-1,-1,1069.7293807844198,873.6171143315481,514,.,-1,533,-1,514
4150,4149,536,535,535,535,-1,-1,-1,1129.296076349463,1144.431789607069,514,.,-1,535,-1,514
4150,4149,538,537,537,537,-1,-1,-1,877.2303700130668,1026.7610724827312,514,.,-1,537,-1,514
4150,4149,540,539,539,539,-1,-1,-1,1090.8928451905322,1224.437047124447,513,.,-1,539,-1,513
4150,4149,542,541,541,541,-1,-1,-1,1183.5779380045537,953.6580782041873,513,.,-1,541,-1,513
4150,4149,544,543,543,543,-1,-1,-1,1171.8568172866526,978.710013417615,514,.,-1,543,-1,514
4150,4149,546,545,545,545,-1,-1,-1,1028.2463527293394,804.8822518198374,513,.,-1,545,-1,513
4150,4149,548,547,547,547,-1,-1,-1,910.3099534478672,914.7463411029507,514,.,-1,547,-1,514
4150,4149,771,549,549,549,-1,-1,-1,1050.5747641885832,1011.3927866932573,526,.,-1,549,0,526
4150,4149,994,993,993,993,-1,-1,-1,798.5876729537775,918.8623918878286,513,.,-1,993,-1,513
4150,4149,1205,995,995,995,-1,-1,-1,1015.4805624001355,1061.9955790219292,526,.,-1,995,0,526
4150,4149,1416,1415,1415,1415,-1,-1,-1,858.9412391952138,1005.1790805271364,513,.,-1,1415,-1,513
4150,4149,1418,1417,1417,1417,-1,-1,-1,958.011571831872,1166.8725630108918,514,.,-1,1417,-1,514
4150,4149,1420,1419,1419,1419,-1,-1,-1,1039.9716843455585,1155.9021139644385,514,.,-1,1419,-1,514
4150,4149,1422,1421,1421,1421,-1,-1,-1,1099.034258593481,859.8074121050626,514,.,-1,1421,-1,514
4150,4149,1424,1423,1423,1423,-1,-1,-1,981.5039145191955,1253.6867064188807,514,.,-1,1423,-1,514
4150,4149,1652,1425,1425,1425,-1,-1,-1,870.615234375,1334.57177734375,526,.,-1,1425,0,526
4150,4149,1880,1879,1879,1879,-1,-1,-1,870.8285993686846,1111.1971837243564,514,.,-1,1879,-1,514
4150,4149,1886,1885,1885,1885,-1,-1,-1,1121.4541920431334,825.2701830572465,513,.,-1,1885,-1,513
4150,4149,1882,1881,1881,1881,-1,-1,-1,1199.9811929071716,895.8294530311312,513,.,-1,1881,-1,513
4150,4149,1884,1883,1883,1883,-1,-1,-1,1152.6680050907844,933.4657785390308,514,.,-1,1883,-1,514
4150,4149,1888,1887,1887,1887,-1,-1,-1,1177.5328334637597,1077.4666480950073,514,.,-1,1887,-1,514
4150,4149,1890,1889,1889,1889,-1,-1,-1,951.0770325737082,1246.1955664183274,513,.,-1,1889,-1,513
4150,4149,1892,1891,1891,1891,-1,-1,-1,1187.5591149363745,837.6541007806543,513,.,-1,1891,-1,513
4150,4149,1894,1893,1893,1893,-1,-1,-1,1208.9918200990082,958.820919830216,514,.,-1,1893,-1,514
4150,4149,1896,1895,1895,1895,-1,-1,-1,922.0570397307798,887.3423418863116,514,.,-1,1895,-1,514
4150,4149,1898,1897,1897,1897,-1,-1,-1,767.9525741299578,1115.991013611346,515,.,-1,1897,-1,515
4150,4149,2113,1899,1899,1899,-1,-1,-1,1058.1600699719993,1078.9887808372177,526,.,-1,1899,0,526
4150,4149,2328,2327,2327,2327,-1,-1,-1,883.7042131131861,932.482249591914,514,.,-1,2327,-1,514
4150,4149,2330,2329,2329,2329,-1,-1,-1,1116.0837834275771,1242.2914904897432,513,.,-1,2329,-1,513
4150,4149,2332,2331,2331,2331,-1,-1,-1,1092.4451604532237,922.9113149511539,513,.,-1,2331,-1,513
4150,4149,2334,2333,2333,2333,-1,-1,-1,1158.4283399433411,1123.9722805467852,513,.,-1,2333,-1,513
4150,4149,2336,2335,2335,2335,-1,-1,-1,941.2091629560895,929.2703653107669,513,.,-1,2335,-1,513
4150,4149,2338,2337,2337,2337,-1,-1,-1,1231.6803217291158,973.7596173304353,514,.,-1,2337,-1,514
4150,4149,2340,2339,2339,2339,-1,-1,-1,1180.3705486145918,1166.5433387691958,514,.,-1,2339,-1,514
4150,4149,2558,2341,2341,2341,-1,-1,-1,1064.0425795393567,1036.6998525317617,526,.,-1,2341,0,526
4150,4149,2776,2775,2775,2775,-1,-1,-1,792.4546298983705,961.5267779889339,513,.,-1,2775,-1,513
4150,4149,2778,2777,2777,2777,-1,-1,-1,949.9831992275766,776.4260035541784,515,.,-1,2777,-1,515
4150,4149,2780,2779,2779,2779,-1,-1,-1,1071.7308187715616,802.5026921263169,514,.,-1,2779,-1,514
4150,4149,2782,2781,2781,2781,-1,-1,-1,1233.320920843515,890.4784792975339,514,.,-1,2781,-1,514
4150,4149,2784,2783,2783,2783,-1,-1,-1,948.016703102294,900.8114334406105,514,.,-1,2783,-1,514
4150,4149,3011,2785,2785,2785,-1,-1,-1,1022.9361926576672,1035.5553970913766,526,.,-1,2785,0,526
4150,4149,3238,3237,3237,3237,-1,-1,-1,842.5097894609971,954.7473377366052,514,.,-1,3237,-1,514
4150,4149,3240,3239,3239,3239,-1,-1,-1,862.5797768418263,1177.6321511011854,513,.,-1,3239,-1,513
4150,4149,3244,3243,3243,3243,-1,-1,-1,938.4656311613529,1212.4964479646233,513,.,-1,3243,-1,513
4150,4149,3246,3245,3245,3245,-1,-1,-1,1184.5291689808319,1138.5996372939783,514,.,-1,3245,-1,514
4150,4149,3248,3247,3247,3247,-1,-1,-1,874.2771177892137,1143.4879156672812,513,.,-1,3247,-1,513
4150,4149,3250,3249,3249,3249,-1,-1,-1,1017.6855918051468,832.0725340484385,513,.,-1,3249,-1,513
4150,4149,3252,3251,3251,3251,-1,-1,-1,969.23902892897,934.694481915852,514,.,-1,3251,-1,514
4150,4149,3254,3253,3253,3253,-1,-1,-1,1119.6293750444324,910.2928118938645,514,.,-1,3253,-1,514
4150,4149,3260,3259,3259,3259,-1,-1,-1,942.5924917656715,833.6500600541934,513,.,-1,3259,-1,513
4150,4149,3256,3255,3255,3255,-1,-1,-1,1100.013167246043,1137.3667374112752,513,.,-1,3255,-1,513
4150,4149,3258,3257,3257,3257,-1,-1,-1,1144.203567136978,901.9570834179881,514,.,-1,3257,-1,514
4150,4149,3262,3261,3261,3261,-1,-1,-1,943.0765908426889,863.231931601828,513,.,-1,3261,-1,513
4150,4149,3264,3263,3263,3263,-1,-1,-1,902.3977852969464,1228.9300318492442,513,.,-1,3263,-1,513
4150,4149,3266,3265,3265,3265,-1,-1,-1,1152.233834363712,1159.893953178167,514,.,-1,3265,-1,514
4150,4149,3268,3267,3267,3267,-1,-1,-1,980.8078291475825,906.161973011421,514,.,-1,3267,-1,514
4150,4149,3485,3269,3269,3269,-1,-1,-1,1023.0208299781931,993.0948178605908,526,.,-1,3269,0,526
4150,4149,3702,3701,3701,3701,-1,-1,-1,867.3451757898546,969.0539044191563,514,.,-1,3701,-1,514
4150,4149,3704,3703,3703,3703,-1,-1,-1,1036.4392070097624,861.1270914479603,514,.,-1,3703,-1,514
4150,4149,3706,3705,3705,3705,-1,-1,-1,1210.9869779030632,1126.3040112168708,514,.,-1,3705,-1,514
4150,4149,3708,3707,3707,3707,-1,-1,-1,1209.7505968020087,930.3685442265818,514,.,-1,3707,-1,514
4150,4149,3710,3709,3709,3709,-1,-1,-1,1080.8443293639411,1249.9918799313584,513,.,-1,3709,-1,513
4150,4149,3712,3711,3711,3711,-1,-1,-1,1222.5350325851437,1181.8466336676865,513,.,-1,3711,-1,513
4150,4149,3714,3713,3713,3713,-1,-1,-1,1159.2472605201965,1253.1695338783163,515,.,-1,3713,-1,515
4150,4149,3718,3717,3717,3717,-1,-1,-1,1245.9030477068836,1013.1132713489105,513,.,-1,3717,-1,513
4150,4149,3934,3719,3719,3719,-1,-1,-1,983.195001394355,1057.4383287507258,526,.,-1,3719,0,526
4150,4149,4152,4151,4151,4151,-1,-1,-1,773.5442063019548,1013.1069445476343,514,.,-1,4151,-1,514
4150,4149,4154,4153,4153,4153,-1,-1,-1,1141.2460321237522,1221.4342574044888,514,.,-1,4153,-1,514
4150,4149,4156,4155,4155,4155,-1,-1,-1,1241.0106559629903,1135.0427893768758,513,.,-1,4155,-1,513
4150,4149,4158,4157,4157,4157,-1,-1,-1,1259.1899185690854,965.2104337044688,514,.,-1,4157,-1,514
4150,4149,4377,4159,4159,4159,-1,-1,-1,1089.9752952950194,1051.84765231631,526,.,-1,4159,0,526
4150,4149,4596,4595,4595,4595,-1,-1,-1,1051.739700529719,1179.134437931321,514,.,-1,4595,-1,514
4150,4149,4598,4597,4597,4597,-1,-1,-1,1012.1255352858074,1152.3986931619206,513,.,-1,4597,-1,513
4150,4149,4600,4599,4599,4599,-1,-1,-1,817.3312331707197,1049.210864420143,513,.,-1,4599,-1,513
4150,4149,4602,4601,4601,4601,-1,-1,-1,1013.2777465616228,1265.8659411976232,513,.,-1,4601,-1,513
4150,4149,4604,4603,4603,4603,-1,-1,-1,969.0890676261293,878.425084148149,513,.,-1,4603,-1,513
4150,4149,4606,4605,4605,4605,-1,-1,-1,1092.5768001746173,831.6383469334731,513,.,-1,4605,-1,513
4150,4149,4608,4607,4607,4607,-1,-1,-1,963.1143100167891,1193.8587245826177,513,.,-1,4607,-1,513
4150,4149,4610,4609,4609,4609,-1,-1,-1,872.3141647861524,866.6959561893874,513,.,-1,4609,-1,513
4150,4149,4836,4611,4611,4611,-1,-1,-1,998.220796778286,993.8972112287134,526,.,-1,4611,0,526
4150,4149,5062,5061,5061,5061,-1,-1,-1,811.4614524197162,987.1559136017341,513,.,-1,5061,-1,513
4150,4149,5064,5063,5063,5063,-1,-1,-1,1206.6030671663116,1094.771501158323,514,.,-1,5063,-1,514
4150,4149,5066,5065,5065,5065,-1,-1,-1,1232.8267028927098,1075.8547115695328,514,.,-1,5065,-1,514
4150,4149,5069,5068,5068,5068,-1,-1,-1,1197.8516709422515,1190.382263445207,515,.,-1,5068,-1,515
4150,4149,5071,5070,5070,5070,-1,-1,-1,905.1347046809009,1008.699612262248,514,.,-1,5070,-1,514
4150,4149,5073,5072,5072,5072,-1,-1,-1,1063.7084392520505,1207.6724045905137,514,.,-1,5072,-1,514
4150,4149,5075,5074,5074,5074,-1,-1,-1,804.0659587963173,1019.7691924913497,513,.,-1,5074,-1,513
4150,4149,5077,5076,5076,5076,-1,-1,-1,969.3965993286114,1225.1851755317155,515,.,-1,5076,-1,515
4150,4149,5079,5078,5078,5078,-1,-1,-1,928.9293490229819,1167.227119771632,514,.,-1,5078,-1,514
4150,4149,5081,5080,5080,5080,-1,-1,-1,991.113996460691,1200.62574999149,514,.,-1,5080,-1,514
4150,4149,5083,5082,5082,5082,-1,-1,-1,903.5877227981548,1073.5792261242786,514,.,-1,5082,-1,514
4150,4149,5085,5084,5084,5084,-1,-1,-1,1218.2494686861637,1151.197918331705,513,.,-1,5084,-1,513
4150,4149,5087,5086,5086,5086,-1,-1,-1,990.5188978153373,1170.6435718676478,514,.,-1,5086,-1,514
4150,4149,5089,5088,5088,5088,-1,-1,-1,830.32421734256,926.107188188223,513,.,-1,5088,-1,513
4150,4149,5091,5090,5090,5090,-1,-1,-1,1134.456390226123,1185.0295726993083,514,.,-1,5090,-1,514
4150,4149,5093,5092,5092,5092,-1,-1,-1,1231.9433954905207,913.4174499190244,514,.,-1,5092,-1,514
4150,4149,5095,5094,5094,5094,-1,-1,-1,842.5723618940475,1104.314883004596,514,.,-1,5094,-1,514
4150,4149,5099,5098,5098,5098,-1,-1,-1,848.7518228460648,910.9528425993915,514,.,-1,5098,-1,514
4150,4149,5097,5096,5096,5096,-1,-1,-1,923.717607316854,979.5815563382346,514,.,-1,5096,-1,514
4150,4149,5101,5100,5100,5100,-1,-1,-1,840.1485266133676,983.1123362717469,514,.,-1,5100,-1,514
4150,4149,5103,5102,5102,5102,-1,-1,-1,885.2805455254535,839.0082027127069,514,.,-1,5102,-1,514
4150,4149,5105,5104,5104,5104,-1,-1,-1,732.7205810546875,1258.797119140625,514,.,-1,5104,-1,514
4150,4149,5107,5106,5106,5106,-1,-1,-1,1252.570109063854,931.3440933269346,515,.,-1,5106,-1,515
4150,4149,5109,5108,5108,5108,-1,-1,-1,1150.5350052995427,996.66788200767,514,.,-1,5108,-1,514
4150,4149,5111,5110,5110,5110,-1,-1,-1,1260.992477756462,1092.488542071536,514,.,-1,5110,-1,514
4150,4149,5113,5112,5112,5112,-1,-1,-1,838.1658457094001,1164.0075637496527,515,.,-1,5112,-1,515
4150,4149,5115,5114,5114,5114,-1,-1,-1,1202.705090967666,867.5718704397824,514,.,-1,5114,-1,514
4150,4149,5117,5116,5116,5116,-1,-1,-1,887.7945473911267,1052.3370219815988,514,.,-1,5116,-1,514
4150,4149,5119,5118,5118,5118,-1,-1,-1,1220.3259856377945,1034.3826901229543,514,.,-1,5118,-1,514
4150,4149,5121,5120,5120,5120,-1,-1,-1,888.658251549974,987.3984433887549,514,.,-1,5120,-1,514
4150,4149,5124,5123,5123,5123,-1,-1,-1,975.6677891238627,849.3676706901291,514,.,-1,5123,-1,514
4150,4149,5126,5125,5125,5125,-1,-1,-1,880.9012713729129,1210.2486973676146,514,.,-1,5125,-1,514
4150,4149,5352,5127,5127,5127,-1,-1,-1,1046.2538934440736,976.6582897598008,526,.,-1,5127,0,526
4150,4149,5578,5577,5577,5577,-1,-1,-1,828.9962747885794,1068.1335374154862,513,.,-1,5577,-1,513
4150,4149,5580,5579,5579,5579,-1,-1,-1,915.0756521396803,1038.7200750384902,514,.,-1,5579,-1,514
4150,4149,5582,5581,5581,5581,-1,-1,-1,940.090782187916,798.2197721059098,513,.,-1,5581,-1,513
4150,4149,5584,5583,5583,5583,-1,-1,-1,919.7584452856885,1093.2532225953428,514,.,-1,5583,-1,514
4150,4149,5586,5585,5585,5585,-1,-1,-1,1059.3017428550706,844.9886130579871,514,.,-1,5585,-1,514
4150,4149,5588,5587,5587,5587,-1,-1,-1,870.0942116568957,905.6122080279753,513,.,-1,5587,-1,513
4150,4149,5590,5589,5589,5589,-1,-1,-1,1180.0768196701351,1105.967560827855,514,.,-1,5589,-1,514
4150,4149,5592,5591,5591,5591,-1,-1,-1,845.6751673265715,1139.242924168201,513,.,-1,5591,-1,513
4150,4149,5594,5593,5593,5593,-1,-1,-1,1033.1403110243214,1215.7216613382068,513,.,-1,5593,-1,513
4150,4149,5596,5595,5595,5595,-1,-1,-1,1013.9326143930153,910.6919716059737,514,.,-1,5595,-1,514
4150,4149,5598,5597,5597,5597,-1,-1,-1,911.4097546932986,852.9661572362983,513,.,-1,5597,-1,513
4150,4149,5600,5599,5599,5599,-1,-1,-1,1203.6569152600246,1061.1060130900953,514,.,-1,5599,-1,514
4150,4149,5602,5601,5601,5601,-1,-1,-1,899.0979923556006,1114.4249088396612,513,.,-1,5601,-1,513
4150,4149,5604,5603,5603,5603,-1,-1,-1,901.0793825972589,1154.0947136547572,513,.,-1,5603,-1,513
4150,4149,5606,5605,5605,5605,-1,-1,-1,818.2137993862136,1095.7431058757584,513,.,-1,5605,-1,513
4150,4149,5608,5607,5607,5607,-1,-1,-1,1125.8970803415964,876.7011789204807,513,.,-1,5607,-1,513
4150,4149,5836,5609,5609,5609,-1,-1,-1,986.9556000030638,1024.4374652488082,526,.,-1,5609,0,526
4150,4149,6064,6063,6063,6063,-1,-1,-1,1223.036205951073,1000.0792653067074,514,.,-1,6063,-1,514
4150,4149,6066,6065,6065,6065,-1,-1,-1,1178.902444099378,918.866773112137,514,.,-1,6065,-1,514
3242,3241,271,62,62,62,270,2,5122,.,.,-1,10.0,3715,-1,-1,-1
3242,3241,272,63,63,63,270,6,5122,.,.,-1,3.0,3716,-1,-1,-1
3242,3241,273,64,64,64,270,8,5122,.,.,-1,2.0,3716,-1,-1,-1
3242,3241,274,65,64,64,270,8,5122,.,.,-1,2.0,5067,-1,-1,-1
3242,3241,275,66,66,66,270,10,5122,.,.,-1,13.0,3716,-1,-1,-1
3242,3241,276,67,66,66,270,10,5122,.,.,-1,15.0,5067,-1,-1,-1
3242,3241,277,68,68,68,270,14,5122,.,.,-1,3.0,3716,-1,-1,-1
3242,3241,278,69,69,69,270,16,5122,.,.,-1,19.0,5067,-1,-1,-1
3242,3241,279,70,69,69,270,16,5122,.,.,-1,25.0,3716,-1,-1,-1
3242,3241,280,71,71,71,270,22,5122,.,.,-1,8.0,3716,-1,-1,-1
3242,3241,281,72,71,71,270,22,5122,.,.,-1,13.0,5067,-1,-1,-1
3242,3241,282,73,73,73,270,24,5122,.,.,-1,4.0,5067,-1,-1,-1
3242,3241,283,74,73,73,270,24,5122,.,.,-1,7.0,3716,-1,-1,-1
3242,3241,284,75,75,75,270,26,5122,.,.,-1,5.0,3716,-1,-1,-1
3242,3241,285,76,76,76,270,28,5122,.,.,-1,7.0,5067,-1,-1,-1
3242,3241,286,77,76,76,270,28,5122,.,.,-1,10.0,3716,-1,-1,-1
3242,3241,287,78,78,78,270,30,5122,.,.,-1,1.0,3716,-1,-1,-1
3242,3241,288,79,79,79,270,32,5122,.,.,-1,13.0,3716,-1,-1,-1
3242,3241,289,80,79,79,270,32,5122,.,.,-1,13.0,5067,-1,-1,-1
3242,3241,290,81,81,81,270,34,5122,.,.,-1,3.0,3716,-1,-1,-1
3242,3241,292,83,83,83,270,38,5122,.,.,-1,14.0,3716,-1,-1,-1
3242,3241,293,84,83,83,270,38,5122,.,.,-1,16.0,5067,-1,-1,-1
3242,3241,291,82,82,82,270,36,5122,.,.,-1,2.0,3716,-1,-1,-1
3242,3241,294,85,85,85,270,40,5122,.,.,-1,1.0,3716,-1,-1,-1
3242,3241,295,86,86,86,270,42,5122,.,.,-1,7.0,3716,-1,-1,-1
3242,3241,296,87,86,86,270,42,5122,.,.,-1,8.0,5067,-1,-1,-1
3242,3241,297,88,88,88,270,44,5122,.,.,-1,1.0,3716,-1,-1,-1
3242,3241,298,89,88,88,270,44,5122,.,.,-1,1.0,5067,-1,-1,-1
3242,3241,299,90,90,90,270,46,5122,.,.,-1,17.0,3716,-1,-1,-1
3242,3241,300,91,90,90,270,46,5122,.,.,-1,22.0,5067,-1,-1,-1
3242,3241,301,92,92,92,270,48,5122,.,.,-1,6.0,3716,-1,-1,-1
3242,3241,302,93,92,92,270,48,5122,.,.,-1,6.0,5067,-1,-1,-1
3242,3241,303,94,94,94,270,50,5122,.,.,-1,2.0,3716,-1,-1,-1
3242,3241,304,95,95,95,270,52,5122,.,.,-1,3.0,3716,-1,-1,-1
3242,3241,305,96,96,96,270,54,5122,.,.,-1,3.0,3716,-1,-1,-1
3242,3241,306,97,96,96,270,54,5122,.,.,-1,3.0,5067,-1,-1,-1
3242,3241,307,98,98,98,270,56,5122,.,.,-1,1.0,3716,-1,-1,-1
3242,3241,308,99,98,98,270,56,5122,.,.,-1,7.0,5067,-1,-1,-1
3242,3241,309,100,100,100,270,58,5122,.,.,-1,7.0,3716,-1,-1,-1
3242,3241,310,101,100,100,270,58,5122,.,.,-1,7.0,5067,-1,-1,-1
3242,3241,311,102,102,102,270,60,5122,.,.,-1,6.0,5067,-1,-1,-1
3242,3241,312,103,102,102,270,60,5122,.,.,-1,14.0,3716,-1,-1,-1
3242,3241,313,104,104,104,270,480,5122,.,.,-1,1.0,3716,-1,-1,-1
3242,3241,314,105,105,105,270,482,5122,.,.,-1,2.0,3716,-1,-1,-1
3242,3241,315,106,106,106,270,484,5122,.,.,-1,6.0,3716,-1,-1,-1
3242,3241,316,107,106,106,270,484,5122,.,.,-1,6.0,5067,-1,-1,-1
3242,3241,317,108,108,108,270,486,5122,.,.,-1,2.0,3716,-1,-1,-1
3242,3241,318,109,109,109,270,488,5122,.,.,-1,1.0,3716,-1,-1,-1
3242,3241,319,110,110,110,270,490,5122,.,.,-1,8.0,3716,-1,-1,-1
3242,3241,320,111,110,110,270,490,5122,.,.,-1,11.0,5067,-1,-1,-1
3242,3241,321,112,112,112,270,492,5122,.,.,-1,4.0,3716,-1,-1,-1
3242,3241,322,113,113,113,270,494,5122,.,.,-1,6.0,3716,-1,-1,-1
3242,3241,323,114,113,113,270,494,5122,.,.,-1,7.0,5067,-1,-1,-1
3242,3241,324,115,115,115,270,496,5122,.,.,-1,3.0,5067,-1,-1,-1
3242,3241,325,116,115,115,270,496,5122,.,.,-1,8.0,3716,-1,-1,-1
3242,3241,326,117,117,117,270,498,5122,.,.,-1,2.0,3716,-1,-1,-1
3242,3241,327,118,118,118,270,500,5122,.,.,-1,2.0,3716,-1,-1,-1
3242,3241,328,119,119,119,270,508,5122,.,.,-1,2.0,3716,-1,-1,-1
3242,3241,329,120,120,120,270,512,5122,.,.,-1,2.0,3716,-1,-1,-1
3242,3241,330,121,121,121,270,517,5122,.,.,-1,1.0,3716,-1,-1,-1
3242,3241,331,122,122,122,270,519,5122,.,.,-1,2.0,3716,-1,-1,-1
3242,3241,332,123,123,123,270,521,5122,.,.,-1,6.0,3716,-1,-1,-1
3242,3241,333,124,123,123,270,521,5122,.,.,-1,13.0,5067,-1,-1,-1
3242,3241,334,125,125,125,270,525,5122,.,.,-1,1.0,3716,-1,-1,-1
3242,3241,335,126,126,126,270,528,5122,.,.,-1,5.0,3716,-1,-1,-1
3242,3241,336,127,126,126,270,528,5122,.,.,-1,6.0,5067,-1,-1,-1
3242,3241,337,128,128,128,270,534,5122,.,.,-1,1.0,3716,-1,-1,-1
3242,3241,338,129,128,128,270,534,5122,.,.,-1,1.0,5067,-1,-1,-1
3242,3241,339,130,130,130,270,536,5122,.,.,-1,1.0,3716,-1,-1,-1
3242,3241,340,131,131,131,270,538,5122,.,.,-1,5.0,3716,-1,-1,-1
3242,3241,341,132,131,131,270,538,5122,.,.,-1,5.0,5067,-1,-1,-1
3242,3241,342,133,133,133,270,540,5122,.,.,-1,1.0,3716,-1,-1,-1
3242,3241,343,134,134,134,270,544,5122,.,.,-1,4.0,3716,-1,-1,-1
3242,3241,344,135,134,134,270,544,5122,.,.,-1,6.0,5067,-1,-1,-1
3242,3241,345,136,136,136,270,546,5122,.,.,-1,5.0,3716,-1,-1,-1
3242,3241,346,137,137,137,270,548,5122,.,.,-1,4.0,3716,-1,-1,-1
3242,3241,347,138,138,138,270,1416,5122,.,.,-1,3.0,3716,-1,-1,-1
3242,3241,348,139,139,139,270,1418,5122,.,.,-1,8.0,5067,-1,-1,-1
3242,3241,349,140,139,139,270,1418,5122,.,.,-1,13.0,3716,-1,-1,-1
3242,3241,350,141,141,141,270,1420,5122,.,.,-1,7.0,3716,-1,-1,-1
3242,3241,351,142,141,141,270,1420,5122,.,.,-1,15.0,5067,-1,-1,-1
3242,3241,352,143,143,143,270,1422,5122,.,.,-1,13.0,3716,-1,-1,-1
3242,3241,353,144,143,143,270,1422,5122,.,.,-1,16.0,5067,-1,-1,-1
3242,3241,354,145,145,145,270,1424,5122,.,.,-1,5.0,3715,-1,-1,-1
3242,3241,355,146,146,146,270,1880,5122,.,.,-1,8.0,3716,-1,-1,-1
3242,3241,356,147,146,146,270,1880,5122,.,.,-1,9.0,5067,-1,-1,-1
3242,3241,360,151,151,151,270,1886,5122,.,.,-1,3.0,3716,-1,-1,-1
3242,3241,357,148,148,148,270,1882,5122,.,.,-1,2.0,3716,-1,-1,-1
3242,3241,358,149,149,149,270,1884,5122,.,.,-1,5.0,5067,-1,-1,-1
3242,3241,359,150,149,149,270,1884,5122,.,.,-1,7.0,3716,-1,-1,-1
3242,3241,361,152,152,152,270,1888,5122,.,.,-1,4.0,3716,-1,-1,-1
3242,3241,362,153,152,152,270,1888,5122,.,.,-1,5.0,5067,-1,-1,-1
3242,3241,363,154,154,154,270,1890,5122,.,.,-1,3.0,3716,-1,-1,-1
3242,3241,364,155,155,155,270,1892,5122,.,.,-1,6.0,3715,-1,-1,-1
3242,3241,365,156,156,156,270,1894,5122,.,.,-1,1.0,3716,-1,-1,-1
3242,3241,366,157,157,157,270,1896,5122,.,.,-1,8.0,3716,-1,-1,-1
3242,3241,367,158,157,157,270,1896,5122,.,.,-1,12.0,5067,-1,-1,-1
3242,3241,368,159,159,159,270,2328,5122,.,.,-1,9.0,3716,-1,-1,-1
3242,3241,369,160,159,159,270,2328,5122,.,.,-1,13.0,5067,-1,-1,-1
3242,3241,370,161,161,161,270,2330,5122,.,.,-1,3.0,3716,-1,-1,-1
3242,3241,371,162,162,162,270,2332,5122,.,.,-1,2.0,3716,-1,-1,-1
3242,3241,372,163,163,163,270,2334,5122,.,.,-1,2.0,3716,-1,-1,-1
3242,3241,373,164,164,164,270,2336,5122,.,.,-1,5.0,3716,-1,-1,-1
3242,3241,374,165,165,165,270,2338,5122,.,.,-1,4.0,3716,-1,-1,-1
3242,3241,375,166,166,166,270,2340,5122,.,.,-1,4.0,5067,-1,-1,-1
3242,3241,376,167,166,166,270,2340,5122,.,.,-1,9.0,3716,-1,-1,-1
3242,3241,377,168,168,168,270,2780,5122,.,.,-1,6.0,5067,-1,-1,-1
3242,3241,378,169,168,168,270,2780,5122,.,.,-1,12.0,3716,-1,-1,-1
3242,3241,379,170,170,170,270,2782,5122,.,.,-1,4.0,3715,-1,-1,-1
3242,3241,380,171,171,171,270,2784,5122,.,.,-1,8.0,3716,-1,-1,-1
3242,3241,381,172,171,171,270,2784,5122,.,.,-1,13.0,5067,-1,-1,-1
3242,3241,382,173,173,173,270,3240,5122,.,.,-1,1.0,3716,-1,-1,-1
3242,3241,383,174,174,174,270,3244,5122,.,.,-1,3.0,3716,-1,-1,-1
3242,3241,384,175,175,175,270,3246,5122,.,.,-1,1.0,5067,-1,-1,-1
3242,3241,385,176,175,175,270,3246,5122,.,.,-1,5.0,3716,-1,-1,-1
3242,3241,386,177,177,177,270,3248,5122,.,.,-1,3.0,3716,-1,-1,-1
3242,3241,387,178,178,178,270,3252,5122,.,.,-1,6.0,5067,-1,-1,-1
3242,3241,388,179,178,178,270,3252,5122,.,.,-1,8.0,3716,-1,-1,-1
3242,3241,389,180,180,180,270,3254,5122,.,.,-1,1.0,3716,-1,-1,-1
3242,3241,390,181,180,180,270,3254,5122,.,.,-1,2.0,5067,-1,-1,-1
3242,3241,391,182,182,182,270,3256,5122,.,.,-1,3.0,3716,-1,-1,-1
3242,3241,392,183,183,183,270,3258,5122,.,.,-1,1.0,3716,-1,-1,-1
3242,3241,393,184,184,184,270,3262,5122,.,.,-1,4.0,3716,-1,-1,-1
3242,3241,394,185,185,185,270,3266,5122,.,.,-1,3.0,3716,-1,-1,-1
3242,3241,395,186,186,186,270,3268,5122,.,.,-1,5.0,5067,-1,-1,-1
3242,3241,396,187,186,186,270,3268,5122,.,.,-1,8.0,3716,-1,-1,-1
3242,3241,397,188,188,188,270,3702,5122,.,.,-1,7.0,5067,-1,-1,-1
3242,3241,398,189,188,188,270,3702,5122,.,.,-1,10.0,3716,-1,-1,-1
3242,3241,399,190,190,190,270,3704,5122,.,.,-1,1.0,3716,-1,-1,-1
3242,3241,400,191,191,191,270,3706,5122,.,.,-1,2.0,3716,-1,-1,-1
3242,3241,401,192,192,192,270,3708,5122,.,.,-1,2.0,5067,-1,-1,-1
3242,3241,402,193,192,192,270,3708,5122,.,.,-1,6.0,3716,-1,-1,-1
3242,3241,403,194,192,192,270,3708,5122,.,.,-1,9.0,3715,-1,-1,-1
3242,3241,404,195,195,195,270,3712,5122,.,.,-1,1.0,5067,-1,-1,-1
3242,3241,405,196,196,196,270,3718,5122,.,.,-1,2.0,3716,-1,-1,-1
3242,3241,406,197,197,197,270,4156,5122,.,.,-1,11.0,3715,-1,-1,-1
3242,3241,407,198,198,198,270,4596,5122,.,.,-1,2.0,5067,-1,-1,-1
3242,3241,408,199,198,198,270,4596,5122,.,.,-1,8.0,3716,-1,-1,-1
3242,3241,409,200,200,200,270,4598,5122,.,.,-1,5.0,3716,-1,-1,-1
3242,3241,410,201,201,201,270,4600,5122,.,.,-1,1.0,3716,-1,-1,-1
3242,3241,411,202,202,202,270,4604,5122,.,.,-1,2.0,3716,-1,-1,-1
3242,3241,412,203,203,203,270,4606,5122,.,.,-1,3.0,3716,-1,-1,-1
3242,3241,413,204,204,204,270,4608,5122,.,.,-1,2.0,3716,-1,-1,-1
3242,3241,414,205,205,205,270,4610,5122,.,.,-1,5.0,3716,-1,-1,-1
3242,3241,415,206,206,206,270,5064,5122,.,.,-1,6.0,3716,-1,-1,-1
3242,3241,416,207,206,206,270,5064,5122,.,.,-1,6.0,5067,-1,-1,-1
3242,3241,417,208,208,208,270,5066,5122,.,.,-1,2.0,5067,-1,-1,-1
3242,3241,418,209,209,209,270,5069,5122,.,.,-1,3.0,5067,-1,-1,-1
3242,3241,419,210,209,209,270,5069,5122,.,.,-1,5.0,3716,-1,-1,-1
3242,3241,420,211,209,209,270,5069,5122,.,.,-1,8.0,3715,-1,-1,-1
3242,3241,421,212,212,212,270,5071,5122,.,.,-1,1.0,3716,-1,-1,-1
3242,3241,422,213,213,213,270,5073,5122,.,.,-1,13.0,5067,-1,-1,-1
3242,3241,423,214,213,213,270,5073,5122,.,.,-1,17.0,3716,-1,-1,-1
3242,3241,424,215,213,213,270,5073,5122,.,.,-1,32.0,3715,-1,-1,-1
3242,3241,425,216,216,216,270,5077,5122,.,.,-1,21.0,3715,-1,-1,-1
3242,3241,426,217,217,217,270,5079,5122,.,.,-1,3.0,5067,-1,-1,-1
3242,3241,427,218,217,217,270,5079,5122,.,.,-1,7.0,3716,-1,-1,-1
3242,3241,428,219,219,219,270,5081,5122,.,.,-1,12.0,3716,-1,-1,-1
3242,3241,429,220,219,219,270,5081,5122,.,.,-1,16.0,5067,-1,-1,-1
3242,3241,430,221,221,221,270,5083,5122,.,.,-1,6.0,3716,-1,-1,-1
3242,3241,431,222,221,221,270,5083,5122,.,.,-1,14.0,5067,-1,-1,-1
3242,3241,432,223,223,223,270,5085,5122,.,.,-1,1.0,3716,-1,-1,-1
3242,3241,433,224,224,224,270,5087,5122,.,.,-1,12.0,3716,-1,-1,-1
3242,3241,434,225,224,224,270,5087,5122,.,.,-1,13.0,5067,-1,-1,-1
3242,3241,435,226,226,226,270,5089,5122,.,.,-1,12.0,3715,-1,-1,-1
3242,3241,436,227,227,227,270,5091,5122,.,.,-1,5.0,5067,-1,-1,-1
3242,3241,437,228,227,227,270,5091,5122,.,.,-1,7.0,3716,-1,-1,-1
3242,3241,438,229,229,229,270,5093,5122,.,.,-1,9.0,3715,-1,-1,-1
3242,3241,441,232,232,232,270,5099,5122,.,.,-1,1.0,3716,-1,-1,-1
3242,3241,439,230,230,230,270,5097,5122,.,.,-1,7.0,3716,-1,-1,-1
3242,3241,440,231,230,230,270,5097,5122,.,.,-1,12.0,5067,-1,-1,-1
3242,3241,442,233,233,233,270,5101,5122,.,.,-1,3.0,5067,-1,-1,-1
3242,3241,443,234,233,233,270,5101,5122,.,.,-1,5.0,3716,-1,-1,-1
3242,3241,444,235,235,235,270,5109,5122,.,.,-1,4.0,5067,-1,-1,-1
3242,3241,445,236,235,235,270,5109,5122,.,.,-1,13.0,3716,-1,-1,-1
3242,3241,446,237,237,237,270,5113,5122,.,.,-1,4.0,3715,-1,-1,-1
3242,3241,447,238,238,238,270,5115,5122,.,.,-1,6.0,3715,-1,-1,-1
3242,3241,448,239,239,239,270,5117,5122,.,.,-1,7.0,3716,-1,-1,-1
3242,3241,449,240,239,239,270,5117,5122,.,.,-1,10.0,5067,-1,-1,-1
3242,3241,450,241,241,241,270,5119,5122,.,.,-1,3.0,3716,-1,-1,-1
3242,3241,451,242,242,242,270,5121,5122,.,.,-1,7.0,5067,-1,-1,-1
3242,3241,452,243,242,242,270,5121,5122,.,.,-1,12.0,3716,-1,-1,-1
3242,3241,453,244,244,244,270,5124,5122,.,.,-1,3.0,3716,-1,-1,-1
3242,3241,454,245,245,245,270,5126,5122,.,.,-1,4.0,3716,-1,-1,-1
3242,3241,455,246,245,245,270,5126,5122,.,.,-1,7.0,5067,-1,-1,-1
3242,3241,456,247,247,247,270,5578,5122,.,.,-1,8.0,3715,-1,-1,-1
3242,3241,457,248,248,248,270,5580,5122,.,.,-1,6.0,3716,-1,-1,-1
3242,3241,458,249,248,248,270,5580,5122,.,.,-1,6.0,5067,-1,-1,-1
3242,3241,459,250,250,250,270,5584,5122,.,.,-1,1.0,5067,-1,-1,-1
3242,3241,460,251,250,250,270,5584,5122,.,.,-1,5.0,3716,-1,-1,-1
3242,3241,461,252,252,252,270,5586,5122,.,.,-1,2.0,5067,-1,-1,-1
3242,3241,462,253,252,252,270,5586,5122,.,.,-1,8.0,3716,-1,-1,-1
3242,3241,463,254,254,254,270,5588,5122,.,.,-1,4.0,3716,-1,-1,-1
3242,3241,464,255,255,255,270,5590,5122,.,.,-1,11.0,5067,-1,-1,-1
3242,3241,465,256,255,255,270,5590,5122,.,.,-1,13.0,3716,-1,-1,-1
3242,3241,466,257,257,257,270,5594,5122,.,.,-1,2.0,3716,-1,-1,-1
3242,3241,467,258,258,258,270,5596,5122,.,.,-1,20.0,5067,-1,-1,-1
3242,3241,468,259,258,258,270,5596,5122,.,.,-1,25.0,3716,-1,-1,-1
3242,3241,469,260,260,260,270,5598,5122,.,.,-1,20.0,3715,-1,-1,-1
3242,3241,470,261,261,261,270,5600,5122,.,.,-1,11.0,5067,-1,-1,-1
3242,3241,471,262,261,261,270,5600,5122,.,.,-1,16.0,3716,-1,-1,-1
3242,3241,472,263,261,261,270,5600,5122,.,.,-1,18.0,3715,-1,-1,-1
3242,3241,473,264,264,264,270,5602,5122,.,.,-1,1.0,3716,-1,-1,-1
3242,3241,474,265,265,265,270,5604,5122,.,.,-1,2.0,3716,-1,-1,-1
3242,3241,475,266,266,266,270,5608,5122,.,.,-1,3.0,3716,-1,-1,-1
3242,3241,476,267,267,267,270,6064,5122,.,.,-1,3.0,5067,-1,-1,-1
3242,3241,477,268,267,267,270,6064,5122,.,.,-1,7.0,3716,-1,-1,-1
3242,3241,478,269,269,269,270,6066,5122,.,.,-1,1.0,3716,-1,-1,-1
3242,3241,772,550,550,550,771,6,5122,.,.,-1,4.0,3716,-1,-1,-1
3242,3241,773,551,551,551,771,8,5122,.,.,-1,4.0,5067,-1,-1,-1
3242,3241,774,552,551,551,771,8,5122,.,.,-1,8.0,3716,-1,-1,-1
3242,3241,775,553,553,553,771,10,5122,.,.,-1,10.0,3716,-1,-1,-1
3242,3241,776,554,553,553,771,10,5122,.,.,-1,16.0,5067,-1,-1,-1
3242,3241,777,555,555,555,771,12,5122,.,.,-1,7.0,3715,-1,-1,-1
3242,3241,778,556,556,556,771,16,5122,.,.,-1,17.0,3716,-1,-1,-1
3242,3241,779,557,556,556,771,16,5122,.,.,-1,18.0,5067,-1,-1,-1
3242,3241,780,558,558,558,771,18,5122,.,.,-1,6.0,3715,-1,-1,-1
3242,3241,781,559,559,559,771,20,5122,.,.,-1,9.0,3715,-1,-1,-1
3242,3241,782,560,560,560,771,22,5122,.,.,-1,8.0,3716,-1,-1,-1
3242,3241,783,561,560,560,771,22,5122,.,.,-1,15.0,5067,-1,-1,-1
3242,3241,784,562,562,562,771,24,5122,.,.,-1,6.0,3716,-1,-1,-1
3242,3241,785,563,562,562,771,24,5122,.,.,-1,8.0,5067,-1,-1,-1
3242,3241,786,564,564,564,771,26,5122,.,.,-1,2.0,3716,-1,-1,-1
3242,3241,787,565,565,565,771,28,5122,.,.,-1,4.0,5067,-1,-1,-1
3242,3241,788,566,565,565,771,28,5122,.,.,-1,5.0,3716,-1,-1,-1
3242,3241,789,567,567,567,771,30,5122,.,.,-1,1.0,5067,-1,-1,-1
3242,3241,790,568,567,567,771,30,5122,.,.,-1,3.0,3716,-1,-1,-1
3242,3241,791,569,569,569,771,32,5122,.,.,-1,9.0,3716,-1,-1,-1
3242,3241,792,570,569,569,771,32,5122,.,.,-1,15.0,5067,-1,-1,-1
3242,3241,793,571,571,571,771,34,5122,.,.,-1,2.0,5067,-1,-1,-1
3242,3241,794,572,571,571,771,34,5122,.,.,-1,9.0,3716,-1,-1,-1
3242,3241,796,574,574,574,771,38,5122,.,.,-1,16.0,3716,-1,-1,-1
3242,3241,797,575,574,574,771,38,5122,.,.,-1,18.0,5067,-1,-1,-1
3242,3241,795,573,573,573,771,36,5122,.,.,-1,3.0,3716,-1,-1,-1
3242,3241,798,576,576,576,771,40,5122,.,.,-1,3.0,3716,-1,-1,-1
3242,3241,799,577,577,577,771,42,5122,.,.,-1,3.0,3716,-1,-1,-1
3242,3241,800,578,578,578,771,44,5122,.,.,-1,6.0,3716,-1,-1,-1
3242,3241,801,579,578,578,771,44,5122,.,.,-1,6.0,5067,-1,-1,-1
3242,3241,802,580,580,580,771,46,5122,.,.,-1,8.0,3716,-1,-1,-1
3242,3241,803,581,580,580,771,46,5122,.,.,-1,11.0,5067,-1,-1,-1
3242,3241,804,582,582,582,771,48,5122,.,.,-1,11.0,3716,-1,-1,-1
3242,3241,805,583,582,582,771,48,5122,.,.,-1,15.0,5067,-1,-1,-1
3242,3241,806,584,584,584,771,50,5122,.,.,-1,5.0,3716,-1,-1,-1
3242,3241,807,585,585,585,771,54,5122,.,.,-1,5.0,5067,-1,-1,-1
3242,3241,808,586,585,585,771,54,5122,.,.,-1,6.0,3716,-1,-1,-1
3242,3241,809,587,587,587,771,56,5122,.,.,-1,6.0,3716,-1,-1,-1
3242,3241,810,588,587,587,771,56,5122,.,.,-1,6.0,5067,-1,-1,-1
3242,3241,811,589,589,589,771,58,5122,.,.,-1,15.0,5067,-1,-1,-1
3242,3241,812,590,589,589,771,58,5122,.,.,-1,21.0,3716,-1,-1,-1
3242,3241,813,591,591,591,771,60,5122,.,.,-1,5.0,3716,-1,-1,-1
3242,3241,814,592,591,591,771,60,5122,.,.,-1,7.0,5067,-1,-1,-1
3242,3241,815,593,593,593,771,480,5122,.,.,-1,2.0,3716,-1,-1,-1
3242,3241,816,594,594,594,771,482,5122,.,.,-1,5.0,3716,-1,-1,-1
3242,3241,817,595,595,595,771,484,5122,.,.,-1,3.0,3716,-1,-1,-1
3242,3241,818,596,596,596,771,486,5122,.,.,-1,1.0,3716,-1,-1,-1
3242,3241,819,597,596,596,771,486,5122,.,.,-1,5.0,3715,-1,-1,-1
3242,3241,820,598,598,598,771,488,5122,.,.,-1,2.0,3716,-1,-1,-1
3242,3241,821,599,599,599,771,490,5122,.,.,-1,3.0,5067,-1,-1,-1
3242,3241,822,600,599,599,771,490,5122,.,.,-1,5.0,3716,-1,-1,-1
3242,3241,823,601,601,601,771,492,5122,.,.,-1,2.0,3716,-1,-1,-1
3242,3241,824,602,602,602,771,494,5122,.,.,-1,9.0,3716,-1,-1,-1
3242,3241,825,603,602,602,771,494,5122,.,.,-1,11.0,5067,-1,-1,-1
3242,3241,826,604,604,604,771,496,5122,.,.,-1,5.0,5067,-1,-1,-1
3242,3241,827,605,604,604,771,496,5122,.,.,-1,8.0,3716,-1,-1,-1
3242,3241,828,606,606,606,771,498,5122,.,.,-1,3.0,3716,-1,-1,-1
3242,3241,829,607,607,607,771,500,5122,.,.,-1,5.0,5067,-1,-1,-1
3242,3241,830,608,607,607,771,500,5122,.,.,-1,10.0,3716,-1,-1,-1
3242,3241,831,609,609,609,771,502,5122,.,.,-1,4.0,3716,-1,-1,-1
3242,3241,832,610,610,610,771,506,5122,.,.,-1,7.0,3715,-1,-1,-1
3242,3241,833,611,611,611,771,508,5122,.,.,-1,2.0,3716,-1,-1,-1
3242,3241,834,612,612,612,771,512,5122,.,.,-1,4.0,3716,-1,-1,-1
3242,3241,835,613,613,613,771,517,5122,.,.,-1,5.0,3716,-1,-1,-1
3242,3241,836,614,614,614,771,521,5122,.,.,-1,20.0,3716,-1,-1,-1
3242,3241,837,615,614,614,771,521,5122,.,.,-1,30.0,5067,-1,-1,-1
3242,3241,838,616,616,616,771,523,5122,.,.,-1,2.0,3716,-1,-1,-1
3242,3241,839,617,617,617,771,525,5122,.,.,-1,1.0,3716,-1,-1,-1
3242,3241,840,618,618,618,771,528,5122,.,.,-1,6.0,3716,-1,-1,-1
3242,3241,841,619,618,618,771,528,5122,.,.,-1,9.0,5067,-1,-1,-1
3242,3241,842,620,620,620,771,530,5122,.,.,-1,12.0,3715,-1,-1,-1
3242,3241,843,621,621,621,771,532,5122,.,.,-1,4.0,3716,-1,-1,-1
3242,3241,844,622,622,622,771,534,5122,.,.,-1,2.0,5067,-1,-1,-1
3242,3241,845,623,622,622,771,534,5122,.,.,-1,6.0,3716,-1,-1,-1
3242,3241,846,624,624,624,771,536,5122,.,.,-1,2.0,3716,-1,-1,-1
3242,3241,847,625,625,625,771,538,5122,.,.,-1,11.0,3716,-1,-1,-1
3242,3241,848,626,625,625,771,538,5122,.,.,-1,13.0,5067,-1,-1,-1
3242,3241,849,627,627,627,771,542,5122,.,.,-1,4.0,3716,-1,-1,-1
3242,3241,850,628,628,628,771,544,5122,.,.,-1,5.0,5067,-1,-1,-1
3242,3241,851,629,628,628,771,544,5122,.,.,-1,7.0,3716,-1,-1,-1
3242,3241,852,630,630,630,771,546,5122,.,.,-1,1.0,3716,-1,-1,-1
3242,3241,853,631,631,631,771,548,5122,.,.,-1,4.0,3716,-1,-1,-1
3242,3241,854,632,632,632,771,1416,5122,.,.,-1,3.0,3716,-1,-1,-1
3242,3241,855,633,633,633,771,1418,5122,.,.,-1,3.0,3716,-1,-1,-1
3242,3241,856,634,633,633,771,1418,5122,.,.,-1,6.0,5067,-1,-1,-1
3242,3241,857,635,635,635,771,1420,5122,.,.,-1,2.0,5067,-1,-1,-1
3242,3241,858,636,635,635,771,1420,5122,.,.,-1,5.0,3716,-1,-1,-1
3242,3241,859,637,637,637,771,1422,5122,.,.,-1,7.0,3716,-1,-1,-1
3242,3241,860,638,637,637,771,1422,5122,.,.,-1,8.0,5067,-1,-1,-1
3242,3241,861,639,639,639,771,1424,5122,.,.,-1,21.0,3715,-1,-1,-1
3242,3241,862,640,640,640,771,1880,5122,.,.,-1,15.0,3716,-1,-1,-1
3242,3241,863,641,640,640,771,1880,5122,.,.,-1,18.0,5067,-1,-1,-1
3242,3241,866,644,644,644,771,1886,5122,.,.,-1,3.0,3716,-1,-1,-1
3242,3241,864,642,642,642,771,1882,5122,.,.,-1,1.0,3716,-1,-1,-1
3242,3241,865,643,643,643,771,1884,5122,.,.,-1,2.0,3716,-1,-1,-1
3242,3241,867,645,645,645,771,1888,5122,.,.,-1,10.0,5067,-1,-1,-1
3242,3241,868,646,645,645,771,1888,5122,.,.,-1,16.0,3716,-1,-1,-1
3242,3241,869,647,647,647,771,1890,5122,.,.,-1,2.0,3716,-1,-1,-1
3242,3241,870,648,648,648,771,1892,5122,.,.,-1,3.0,3715,-1,-1,-1
3242,3241,871,649,649,649,771,1894,5122,.,.,-1,3.0,3716,-1,-1,-1
3242,3241,872,650,650,650,771,1896,5122,.,.,-1,7.0,3716,-1,-1,-1
3242,3241,873,651,650,650,771,1896,5122,.,.,-1,7.0,5067,-1,-1,-1
3242,3241,874,652,652,652,771,2328,5122,.,.,-1,4.0,3716,-1,-1,-1
3242,3241,875,653,652,652,771,2328,5122,.,.,-1,4.0,5067,-1,-1,-1
3242,3241,876,654,654,654,771,2332,5122,.,.,-1,2.0,3716,-1,-1,-1
3242,3241,877,655,655,655,771,2334,5122,.,.,-1,3.0,3716,-1,-1,-1
3242,3241,878,656,656,656,771,2336,5122,.,.,-1,3.0,3716,-1,-1,-1
3242,3241,879,657,657,657,771,2338,5122,.,.,-1,4.0,3716,-1,-1,-1
3242,3241,880,658,657,657,771,2338,5122,.,.,-1,4.0,5067,-1,-1,-1
3242,3241,881,659,659,659,771,2340,5122,.,.,-1,9.0,5067,-1,-1,-1
3242,3241,882,660,659,659,771,2340,5122,.,.,-1,17.0,3716,-1,-1,-1
3242,3241,883,661,661,661,771,2776,5122,.,.,-1,7.0,3715,-1,-1,-1
3242,3241,884,662,662,662,771,2778,5122,.,.,-1,8.0,3715,-1,-1,-1
3242,3241,885,663,663,663,771,2780,5122,.,.,-1,9.0,3716,-1,-1,-1
3242,3241,886,664,663,663,771,2780,5122,.,.,-1,10.0,5067,-1,-1,-1
3242,3241,887,665,665,665,771,2782,5122,.,.,-1,3.0,3715,-1,-1,-1
3242,3241,888,666,666,666,771,2784,5122,.,.,-1,1.0,5067,-1,-1,-1
3242,3241,889,667,666,666,771,2784,5122,.,.,-1,4.0,3716,-1,-1,-1
3242,3241,890,668,668,668,771,3238,5122,.,.,-1,3.0,3716,-1,-1,-1
3242,3241,891,669,669,669,771,3240,5122,.,.,-1,3.0,3716,-1,-1,-1
3242,3241,892,670,670,670,771,3244,5122,.,.,-1,3.0,3716,-1,-1,-1
3242,3241,893,671,671,671,771,3246,5122,.,.,-1,5.0,5067,-1,-1,-1
3242,3241,894,672,671,671,771,3246,5122,.,.,-1,6.0,3716,-1,-1,-1
3242,3241,895,673,673,673,771,3248,5122,.,.,-1,4.0,3716,-1,-1,-1
3242,3241,896,674,674,674,771,3250,5122,.,.,-1,3.0,3716,-1,-1,-1
3242,3241,897,675,675,675,771,3252,5122,.,.,-1,11.0,3716,-1,-1,-1
3242,3241,898,676,675,675,771,3252,5122,.,.,-1,18.0,5067,-1,-1,-1
3242,3241,899,677,677,677,771,3254,5122,.,.,-1,10.0,3716,-1,-1,-1
3242,3241,900,678,677,677,771,3254,5122,.,.,-1,16.0,5067,-1,-1,-1
3242,3241,903,681,681,681,771,3260,5122,.,.,-1,2.0,3716,-1,-1,-1
3242,3241,901,679,679,679,771,3256,5122,.,.,-1,4.0,3716,-1,-1,-1
3242,3241,902,680,680,680,771,3258,5122,.,.,-1,5.0,3716,-1,-1,-1
3242,3241,904,682,682,682,771,3262,5122,.,.,-1,1.0,3716,-1,-1,-1
3242,3241,905,683,683,683,771,3266,5122,.,.,-1,8.0,3716,-1,-1,-1
3242,3241,906,684,683,683,771,3266,5122,.,.,-1,13.0,5067,-1,-1,-1
3242,3241,907,685,685,685,771,3268,5122,.,.,-1,3.0,5067,-1,-1,-1
3242,3241,908,686,685,685,771,3268,5122,.,.,-1,5.0,3716,-1,-1,-1
3242,3241,909,687,687,687,771,3702,5122,.,.,-1,3.0,3716,-1,-1,-1
3242,3241,910,688,688,688,771,3704,5122,.,.,-1,4.0,5067,-1,-1,-1
3242,3241,911,689,688,688,771,3704,5122,.,.,-1,9.0,3716,-1,-1,-1
3242,3241,912,690,690,690,771,3708,5122,.,.,-1,1.0,3716,-1,-1,-1
3242,3241,913,691,690,690,771,3708,5122,.,.,-1,6.0,3715,-1,-1,-1
3242,3241,914,692,692,692,771,3710,5122,.,.,-1,2.0,3716,-1,-1,-1
3242,3241,915,693,693,693,771,3714,5122,.,.,-1,23.0,3715,-1,-1,-1
3242,3241,916,694,694,694,771,3718,5122,.,.,-1,4.0,3716,-1,-1,-1
3242,3241,917,695,695,695,771,4154,5122,.,.,-1,1.0,3716,-1,-1,-1
3242,3241,918,696,695,695,771,4154,5122,.,.,-1,7.0,5067,-1,-1,-1
3242,3241,919,697,695,695,771,4154,5122,.,.,-1,13.0,3715,-1,-1,-1
3242,3241,920,698,698,698,771,4156,5122,.,.,-1,35.0,3715,-1,-1,-1
3242,3241,921,699,699,699,771,4158,5122,.,.,-1,7.0,3715,-1,-1,-1
3242,3241,922,700,700,700,771,4596,5122,.,.,-1,1.0,3716,-1,-1,-1
3242,3241,923,701,701,701,771,4598,5122,.,.,-1,1.0,3716,-1,-1,-1
3242,3241,924,702,702,702,771,4600,5122,.,.,-1,3.0,3716,-1,-1,-1
3242,3241,925,703,703,703,771,4602,5122,.,.,-1,26.0,3715,-1,-1,-1
3242,3241,926,704,704,704,771,4604,5122,.,.,-1,2.0,3716,-1,-1,-1
3242,3241,927,705,705,705,771,4606,5122,.,.,-1,4.0,3716,-1,-1,-1
3242,3241,928,706,706,706,771,4608,5122,.,.,-1,3.0,3716,-1,-1,-1
3242,3241,929,707,707,707,771,4610,5122,.,.,-1,4.0,3716,-1,-1,-1
3242,3241,930,708,708,708,771,5062,5122,.,.,-1,2.0,3716,-1,-1,-1
3242,3241,931,709,709,709,771,5064,5122,.,.,-1,6.0,5067,-1,-1,-1
3242,3241,932,710,709,709,771,5064,5122,.,.,-1,8.0,3716,-1,-1,-1
3242,3241,933,711,711,711,771,5066,5122,.,.,-1,5.0,5067,-1,-1,-1
3242,3241,934,712,711,711,771,5066,5122,.,.,-1,7.0,3716,-1,-1,-1
3242,3241,935,713,713,713,771,5069,5122,.,.,-1,7.0,3715,-1,-1,-1
3242,3241,936,714,714,714,771,5071,5122,.,.,-1,2.0,5067,-1,-1,-1
3242,3241,937,715,714,714,771,5071,5122,.,.,-1,3.0,3716,-1,-1,-1
3242,3241,938,716,716,716,771,5073,5122,.,.,-1,10.0,3716,-1,-1,-1
3242,3241,939,717,716,716,771,5073,5122,.,.,-1,10.0,5067,-1,-1,-1
3242,3241,940,718,718,718,771,5079,5122,.,.,-1,3.0,5067,-1,-1,-1
3242,3241,941,719,718,718,771,5079,5122,.,.,-1,10.0,3716,-1,-1,-1
3242,3241,942,720,720,720,771,5081,5122,.,.,-1,13.0,5067,-1,-1,-1
3242,3241,943,721,720,720,771,5081,5122,.,.,-1,15.0,3716,-1,-1,-1
3242,3241,944,722,722,722,771,5083,5122,.,.,-1,2.0,3716,-1,-1,-1
3242,3241,945,723,722,722,771,5083,5122,.,.,-1,3.0,5067,-1,-1,-1
3242,3241,946,724,724,724,771,5085,5122,.,.,-1,1.0,3716,-1,-1,-1
3242,3241,947,725,725,725,771,5087,5122,.,.,-1,7.0,5067,-1,-1,-1
3242,3241,948,726,725,725,771,5087,5122,.,.,-1,10.0,3716,-1,-1,-1
3242,3241,949,727,727,727,771,5091,5122,.,.,-1,14.0,5067,-1,-1,-1
3242,3241,950,728,727,727,771,5091,5122,.,.,-1,16.0,3716,-1,-1,-1
3242,3241,951,729,729,729,771,5093,5122,.,.,-1,9.0,3715,-1,-1,-1
3242,3241,952,730,730,730,771,5095,5122,.,.,-1,3.0,3716,-1,-1,-1
3242,3241,953,731,730,730,771,5095,5122,.,.,-1,5.0,5067,-1,-1,-1
3242,3241,955,733,733,733,771,5099,5122,.,.,-1,3.0,3716,-1,-1,-1
3242,3241,954,732,732,732,771,5097,5122,.,.,-1,1.0,3716,-1,-1,-1
3242,3241,956,734,734,734,771,5101,5122,.,.,-1,13.0,5067,-1,-1,-1
3242,3241,957,735,734,734,771,5101,5122,.,.,-1,15.0,3716,-1,-1,-1
3242,3241,958,736,736,736,771,5107,5122,.,.,-1,12.0,3715,-1,-1,-1
3242,3241,959,737,737,737,771,5109,5122,.,.,-1,4.0,5067,-1,-1,-1
3242,3241,960,738,737,737,771,5109,5122,.,.,-1,7.0,3716,-1,-1,-1
3242,3241,961,739,739,739,771,5111,5122,.,.,-1,17.0,3715,-1,-1,-1
3242,3241,962,740,740,740,771,5117,5122,.,.,-1,7.0,5067,-1,-1,-1
3242,3241,963,741,740,740,771,5117,5122,.,.,-1,12.0,3716,-1,-1,-1
3242,3241,964,742,742,742,771,5119,5122,.,.,-1,3.0,3716,-1,-1,-1
3242,3241,965,743,743,743,771,5121,5122,.,.,-1,5.0,5067,-1,-1,-1
3242,3241,966,744,743,743,771,5121,5122,.,.,-1,6.0,3716,-1,-1,-1
3242,3241,967,745,745,745,771,5124,5122,.,.,-1,2.0,5067,-1,-1,-1
3242,3241,968,746,745,745,771,5124,5122,.,.,-1,3.0,3716,-1,-1,-1
3242,3241,969,747,747,747,771,5126,5122,.,.,-1,3.0,3716,-1,-1,-1
3242,3241,970,748,748,748,771,5578,5122,.,.,-1,9.0,5067,-1,-1,-1
3242,3241,971,749,748,748,771,5578,5122,.,.,-1,11.0,3716,-1,-1,-1
3242,3241,972,750,750,750,771,5580,5122,.,.,-1,6.0,3716,-1,-1,-1
3242,3241,973,751,750,750,771,5580,5122,.,.,-1,6.0,5067,-1,-1,-1
3242,3241,974,752,752,752,771,5584,5122,.,.,-1,5.0,5067,-1,-1,-1
3242,3241,975,753,753,753,771,5586,5122,.,.,-1,20.0,5067,-1,-1,-1
3242,3241,976,754,753,753,771,5586,5122,.,.,-1,25.0,3716,-1,-1,-1
3242,3241,977,755,755,755,771,5588,5122,.,.,-1,1.0,3716,-1,-1,-1
3242,3241,978,756,756,756,771,5590,5122,.,.,-1,5.0,3716,-1,-1,-1
3242,3241,979,757,756,756,771,5590,5122,.,.,-1,6.0,5067,-1,-1,-1
3242,3241,980,758,758,758,771,5592,5122,.,.,-1,4.0,3716,-1,-1,-1
3242,3241,981,759,759,759,771,5594,5122,.,.,-1,1.0,3716,-1,-1,-1
3242,3241,982,760,760,760,771,5596,5122,.,.,-1,31.0,5067,-1,-1,-1
3242,3241,983,761,760,760,771,5596,5122,.,.,-1,32.0,3716,-1,-1,-1
3242,3241,984,762,762,762,771,5600,5122,.,.,-1,4.0,5067,-1,-1,-1
3242,3241,985,763,762,762,771,5600,5122,.,.,-1,5.0,3716,-1,-1,-1
3242,3241,986,764,762,762,771,5600,5122,.,.,-1,10.0,3715,-1,-1,-1
3242,3241,987,765,765,765,771,5602,5122,.,.,-1,2.0,3716,-1,-1,-1
3242,3241,988,766,766,766,771,5604,5122,.,.,-1,3.0,3716,-1,-1,-1
3242,3241,989,767,767,767,771,5606,5122,.,.,-1,1.0,3716,-1,-1,-1
3242,3241,990,768,768,768,771,6064,5122,.,.,-1,4.0,5067,-1,-1,-1
3242,3241,991,769,768,768,771,6064,5122,.,.,-1,5.0,3716,-1,-1,-1
3242,3241,992,770,770,770,771,6066,5122,.,.,-1,1.0,3716,-1,-1,-1
3242,3241,1206,996,996,996,1205,6,5122,.,.,-1,1.0,3716,-1,-1,-1
3242,3241,1207,997,997,997,1205,8,5122,.,.,-1,6.0,3716,-1,-1,-1
3242,3241,1208,998,997,997,1205,8,5122,.,.,-1,19.0,5067,-1,-1,-1
3242,3241,1209,999,999,999,1205,10,5122,.,.,-1,12.0,5067,-1,-1,-1
3242,3241,1210,1000,999,999,1205,10,5122,.,.,-1,20.0,3716,-1,-1,-1
3242,3241,1211,1001,1001,1001,1205,14,5122,.,.,-1,2.0,3716,-1,-1,-1
3242,3241,1212,1002,1002,1002,1205,16,5122,.,.,-1,4.0,3716,-1,-1,-1
3242,3241,1213,1003,1002,1002,1205,16,5122,.,.,-1,6.0,5067,-1,-1,-1
3242,3241,1214,1004,1004,1004,1205,22,5122,.,.,-1,12.0,5067,-1,-1,-1
3242,3241,1215,1005,1004,1004,1205,22,5122,.,.,-1,15.0,3716,-1,-1,-1
3242,3241,1216,1006,1006,1006,1205,24,5122,.,.,-1,8.0,5067,-1,-1,-1
3242,3241,1217,1007,1006,1006,1205,24,5122,.,.,-1,9.0,3716,-1,-1,-1
3242,3241,1218,1008,1008,1008,1205,28,5122,.,.,-1,5.0,5067,-1,-1,-1
3242,3241,1219,1009,1008,1008,1205,28,5122,.,.,-1,8.0,3716,-1,-1,-1
3242,3241,1220,1010,1010,1010,1205,30,5122,.,.,-1,5.0,5067,-1,-1,-1
3242,3241,1221,1011,1010,1010,1205,30,5122,.,.,-1,9.0,3716,-1,-1,-1
3242,3241,1222,1012,1012,1012,1205,32,5122,.,.,-1,16.0,5067,-1,-1,-1
3242,3241,1223,1013,1012,1012,1205,32,5122,.,.,-1,17.0,3716,-1,-1,-1
3242,3241,1224,1014,1014,1014,1205,34,5122,.,.,-1,2.0,3716,-1,-1,-1
3242,3241,1225,1015,1014,1014,1205,34,5122,.,.,-1,6.0,5067,-1,-1,-1
3242,3241,1227,1017,1017,1017,1205,38,5122,.,.,-1,19.0,3716,-1,-1,-1
3242,3241,1228,1018,1017,1017,1205,38,5122,.,.,-1,25.0,5067,-1,-1,-1
3242,3241,1226,1016,1016,1016,1205,36,5122,.,.,-1,2.0,3716,-1,-1,-1
3242,3241,1229,1019,1019,1019,1205,40,5122,.,.,-1,1.0,3716,-1,-1,-1
3242,3241,1230,1020,1020,1020,1205,42,5122,.,.,-1,4.0,3716,-1,-1,-1
3242,3241,1231,1021,1020,1020,1205,42,5122,.,.,-1,6.0,5067,-1,-1,-1
3242,3241,1232,1022,1022,1022,1205,44,5122,.,.,-1,7.0,3716,-1,-1,-1
3242,3241,1233,1023,1022,1022,1205,44,5122,.,.,-1,10.0,5067,-1,-1,-1
3242,3241,1234,1024,1024,1024,1205,46,5122,.,.,-1,2.0,5067,-1,-1,-1
3242,3241,1235,1025,1024,1024,1205,46,5122,.,.,-1,8.0,3716,-1,-1,-1
3242,3241,1236,1026,1026,1026,1205,48,5122,.,.,-1,1.0,5067,-1,-1,-1
3242,3241,1237,1027,1026,1026,1205,48,5122,.,.,-1,2.0,3716,-1,-1,-1
3242,3241,1238,1028,1028,1028,1205,50,5122,.,.,-1,1.0,3716,-1,-1,-1
3242,3241,1239,1029,1029,1029,1205,54,5122,.,.,-1,2.0,5067,-1,-1,-1
3242,3241,1240,1030,1029,1029,1205,54,5122,.,.,-1,5.0,3716,-1,-1,-1
3242,3241,1241,1031,1031,1031,1205,56,5122,.,.,-1,14.0,3716,-1,-1,-1
3242,3241,1242,1032,1031,1031,1205,56,5122,.,.,-1,21.0,5067,-1,-1,-1
3242,3241,1243,1033,1033,1033,1205,58,5122,.,.,-1,7.0,3716,-1,-1,-1
3242,3241,1244,1034,1033,1033,1205,58,5122,.,.,-1,7.0,5067,-1,-1,-1
3242,3241,1245,1035,1035,1035,1205,60,5122,.,.,-1,7.0,5067,-1,-1,-1
3242,3241,1246,1036,1035,1035,1205,60,5122,.,.,-1,9.0,3716,-1,-1,-1
3242,3241,1247,1037,1037,1037,1205,480,5122,.,.,-1,2.0,3716,-1,-1,-1
3242,3241,1248,1038,1038,1038,1205,482,5122,.,.,-1,3.0,3716,-1,-1,-1
3242,3241,1249,1039,1039,1039,1205,484,5122,.,.,-1,1.0,3716,-1,-1,-1
3242,3241,1250,1040,1040,1040,1205,486,5122,.,.,-1,1.0,3716,-1,-1,-1
3242,3241,1251,1041,1040,1040,1205,486,5122,.,.,-1,6.0,3715,-1,-1,-1
3242,3241,1252,1042,1042,1042,1205,488,5122,.,.,-1,5.0,5067,-1,-1,-1
3242,3241,1253,1043,1042,1042,1205,488,5122,.,.,-1,9.0,3716,-1,-1,-1
3242,3241,1254,1044,1044,1044,1205,490,5122,.,.,-1,10.0,3716,-1,-1,-1
3242,3241,1255,1045,1044,1044,1205,490,5122,.,.,-1,14.0,5067,-1,-1,-1
3242,3241,1256,1046,1046,1046,1205,492,5122,.,.,-1,3.0,3716,-1,-1,-1
3242,3241,1257,1047,1047,1047,1205,494,5122,.,.,-1,18.0,5067,-1,-1,-1
3242,3241,1258,1048,1047,1047,1205,494,5122,.,.,-1,19.0,3716,-1,-1,-1
3242,3241,1259,1049,1049,1049,1205,496,5122,.,.,-1,6.0,5067,-1,-1,-1
3242,3241,1260,1050,1049,1049,1205,496,5122,.,.,-1,7.0,3716,-1,-1,-1
3242,3241,1261,1051,1051,1051,1205,498,5122,.,.,-1,3.0,3716,-1,-1,-1
3242,3241,1262,1052,1052,1052,1205,500,5122,.,.,-1,11.0,3716,-1,-1,-1
3242,3241,1263,1053,1052,1052,1205,500,5122,.,.,-1,14.0,5067,-1,-1,-1
3242,3241,1264,1054,1054,1054,1205,504,5122,.,.,-1,6.0,3715,-1,-1,-1
3242,3241,1265,1055,1055,1055,1205,506,5122,.,.,-1,33.0,3715,-1,-1,-1
3242,3241,1266,1056,1056,1056,1205,512,5122,.,.,-1,3.0,3716,-1,-1,-1
3242,3241,1267,1057,1057,1057,1205,517,5122,.,.,-1,2.0,3716,-1,-1,-1
3242,3241,1268,1058,1058,1058,1205,519,5122,.,.,-1,2.0,3716,-1,-1,-1
3242,3241,1269,1059,1059,1059,1205,521,5122,.,.,-1,9.0,5067,-1,-1,-1
3242,3241,1270,1060,1059,1059,1205,521,5122,.,.,-1,13.0,3716,-1,-1,-1
3242,3241,1271,1061,1061,1061,1205,523,5122,.,.,-1,1.0,3716,-1,-1,-1
3242,3241,1272,1062,1062,1062,1205,525,5122,.,.,-1,3.0,3716,-1,-1,-1
3242,3241,1273,1063,1063,1063,1205,528,5122,.,.,-1,3.0,3716,-1,-1,-1
3242,3241,1274,1064,1064,1064,1205,532,5122,.,.,-1,3.0,3716,-1,-1,-1
3242,3241,1275,1065,1065,1065,1205,534,5122,.,.,-1,2.0,3716,-1,-1,-1
3242,3241,1276,1066,1066,1066,1205,536,5122,.,.,-1,3.0,3716,-1,-1,-1
3242,3241,1277,1067,1067,1067,1205,538,5122,.,.,-1,1.0,3716,-1,-1,-1
3242,3241,1278,1068,1068,1068,1205,540,5122,.,.,-1,2.0,3716,-1,-1,-1
3242,3241,1279,1069,1069,1069,1205,542,5122,.,.,-1,3.0,3716,-1,-1,-1
3242,3241,1280,1070,1070,1070,1205,544,5122,.,.,-1,3.0,5067,-1,-1,-1
3242,3241,1281,1071,1070,1070,1205,544,5122,.,.,-1,6.0,3716,-1,-1,-1
3242,3241,1282,1072,1072,1072,1205,546,5122,.,.,-1,6.0,3716,-1,-1,-1
3242,3241,1283,1073,1073,1073,1205,548,5122,.,.,-1,1.0,3716,-1,-1,-1
3242,3241,1284,1074,1074,1074,1205,1416,5122,.,.,-1,5.0,3716,-1,-1,-1
3242,3241,1285,1075,1075,1075,1205,1418,5122,.,.,-1,2.0,3716,-1,-1,-1
3242,3241,1286,1076,1075,1075,1205,1418,5122,.,.,-1,9.0,5067,-1,-1,-1
3242,3241,1287,1077,1077,1077,1205,1420,5122,.,.,-1,6.0,3716,-1,-1,-1
3242,3241,1288,1078,1077,1077,1205,1420,5122,.,.,-1,11.0,5067,-1,-1,-1
3242,3241,1289,1079,1079,1079,1205,1422,5122,.,.,-1,20.0,3716,-1,-1,-1
3242,3241,1290,1080,1079,1079,1205,1422,5122,.,.,-1,20.0,5067,-1,-1,-1
3242,3241,1291,1081,1081,1081,1205,1880,5122,.,.,-1,8.0,5067,-1,-1,-1
3242,3241,1292,1082,1081,1081,1205,1880,5122,.,.,-1,13.0,3716,-1,-1,-1
3242,3241,1295,1085,1085,1085,1205,1886,5122,.,.,-1,6.0,3716,-1,-1,-1
3242,3241,1293,1083,1083,1083,1205,1884,5122,.,.,-1,5.0,3716,-1,-1,-1
3242,3241,1294,1084,1083,1083,1205,1884,5122,.,.,-1,8.0,5067,-1,-1,-1
3242,3241,1296,1086,1086,1086,1205,1888,5122,.,.,-1,15.0,3716,-1,-1,-1
3242,3241,1297,1087,1086,1086,1205,1888,5122,.,.,-1,21.0,5067,-1,-1,-1
3242,3241,1298,1088,1088,1088,1205,1890,5122,.,.,-1,2.0,3716,-1,-1,-1
3242,3241,1299,1089,1089,1089,1205,1892,5122,.,.,-1,5.0,3715,-1,-1,-1
3242,3241,1300,1090,1090,1090,1205,1894,5122,.,.,-1,12.0,5067,-1,-1,-1
3242,3241,1301,1091,1090,1090,1205,1894,5122,.,.,-1,18.0,3716,-1,-1,-1
3242,3241,1302,1092,1092,1092,1205,1896,5122,.,.,-1,9.0,3716,-1,-1,-1
3242,3241,1303,1093,1092,1092,1205,1896,5122,.,.,-1,12.0,5067,-1,-1,-1
3242,3241,1304,1094,1094,1094,1205,2328,5122,.,.,-1,3.0,3716,-1,-1,-1
3242,3241,1305,1095,1094,1094,1205,2328,5122,.,.,-1,4.0,5067,-1,-1,-1
3242,3241,1306,1096,1096,1096,1205,2330,5122,.,.,-1,6.0,3716,-1,-1,-1
3242,3241,1307,1097,1097,1097,1205,2332,5122,.,.,-1,5.0,3716,-1,-1,-1
3242,3241,1308,1098,1098,1098,1205,2334,5122,.,.,-1,1.0,3716,-1,-1,-1
3242,3241,1309,1099,1099,1099,1205,2336,5122,.,.,-1,3.0,3716,-1,-1,-1
3242,3241,1310,1100,1100,1100,1205,2338,5122,.,.,-1,1.0,5067,-1,-1,-1
3242,3241,1311,1101,1101,1101,1205,2340,5122,.,.,-1,1.0,3716,-1,-1,-1
3242,3241,1312,1102,1102,1102,1205,2780,5122,.,.,-1,3.0,3716,-1,-1,-1
3242,3241,1313,1103,1103,1103,1205,2782,5122,.,.,-1,3.0,3715,-1,-1,-1
3242,3241,1314,1104,1104,1104,1205,2784,5122,.,.,-1,12.0,3716,-1,-1,-1
3242,3241,1315,1105,1104,1104,1205,2784,5122,.,.,-1,15.0,5067,-1,-1,-1
3242,3241,1316,1106,1106,1106,1205,3238,5122,.,.,-1,2.0,3716,-1,-1,-1
3242,3241,1317,1107,1107,1107,1205,3240,5122,.,.,-1,1.0,3716,-1,-1,-1
3242,3241,1318,1108,1108,1108,1205,3244,5122,.,.,-1,2.0,3716,-1,-1,-1
3242,3241,1319,1109,1109,1109,1205,3246,5122,.,.,-1,1.0,3716,-1,-1,-1
3242,3241,1320,1110,1110,1110,1205,3248,5122,.,.,-1,2.0,3716,-1,-1,-1
3242,3241,1321,1111,1111,1111,1205,3250,5122,.,.,-1,1.0,3716,-1,-1,-1
3242,3241,1322,1112,1112,1112,1205,3252,5122,.,.,-1,8.0,3716,-1,-1,-1
3242,3241,1323,1113,1112,1112,1205,3252,5122,.,.,-1,9.0,5067,-1,-1,-1
3242,3241,1324,1114,1114,1114,1205,3254,5122,.,.,-1,5.0,3716,-1,-1,-1
3242,3241,1327,1117,1117,1117,1205,3260,5122,.,.,-1,3.0,3716,-1,-1,-1
3242,3241,1325,1115,1115,1115,1205,3256,5122,.,.,-1,2.0,3716,-1,-1,-1
3242,3241,1326,1116,1116,1116,1205,3258,5122,.,.,-1,1.0,3716,-1,-1,-1
3242,3241,1328,1118,1118,1118,1205,3262,5122,.,.,-1,1.0,3716,-1,-1,-1
3242,3241,1329,1119,1119,1119,1205,3264,5122,.,.,-1,6.0,3715,-1,-1,-1
3242,3241,1330,1120,1120,1120,1205,3266,5122,.,.,-1,5.0,5067,-1,-1,-1
3242,3241,1331,1121,1120,1120,1205,3266,5122,.,.,-1,7.0,3716,-1,-1,-1
3242,3241,1332,1122,1122,1122,1205,3268,5122,.,.,-1,10.0,3716,-1,-1,-1
3242,3241,1333,1123,1122,1122,1205,3268,5122,.,.,-1,10.0,5067,-1,-1,-1
3242,3241,1334,1124,1124,1124,1205,3702,5122,.,.,-1,5.0,3716,-1,-1,-1
3242,3241,1335,1125,1125,1125,1205,3704,5122,.,.,-1,1.0,3716,-1,-1,-1
3242,3241,1336,1126,1126,1126,1205,3706,5122,.,.,-1,11.0,5067,-1,-1,-1
3242,3241,1337,1127,1126,1126,1205,3706,5122,.,.,-1,12.0,3716,-1,-1,-1
3242,3241,1338,1128,1128,1128,1205,3708,5122,.,.,-1,5.0,3715,-1,-1,-1
3242,3241,1339,1129,1128,1128,1205,3708,5122,.,.,-1,20.0,5067,-1,-1,-1
3242,3241,1340,1130,1128,1128,1205,3708,5122,.,.,-1,22.0,3716,-1,-1,-1
3242,3241,1341,1131,1131,1131,1205,3710,5122,.,.,-1,2.0,3716,-1,-1,-1
3242,3241,1342,1132,1132,1132,1205,3712,5122,.,.,-1,3.0,3715,-1,-1,-1
3242,3241,1343,1133,1132,1132,1205,3712,5122,.,.,-1,4.0,3716,-1,-1,-1
3242,3241,1344,1134,1132,1132,1205,3712,5122,.,.,-1,4.0,5067,-1,-1,-1
3242,3241,1345,1135,1135,1135,1205,3714,5122,.,.,-1,12.0,3715,-1,-1,-1
3242,3241,1346,1136,1136,1136,1205,4152,5122,.,.,-1,7.0,3715,-1,-1,-1
3242,3241,1347,1137,1137,1137,1205,4154,5122,.,.,-1,9.0,3715,-1,-1,-1
3242,3241,1348,1138,1138,1138,1205,4156,5122,.,.,-1,15.0,3715,-1,-1,-1
3242,3241,1349,1139,1139,1139,1205,4158,5122,.,.,-1,13.0,3715,-1,-1,-1
3242,3241,1350,1140,1140,1140,1205,4596,5122,.,.,-1,1.0,3716,-1,-1,-1
3242,3241,1351,1141,1141,1141,1205,4600,5122,.,.,-1,2.0,3716,-1,-1,-1
3242,3241,1352,1142,1142,1142,1205,4604,5122,.,.,-1,3.0,3716,-1,-1,-1
3242,3241,1353,1143,1143,1143,1205,4606,5122,.,.,-1,1.0,3716,-1,-1,-1
3242,3241,1354,1144,1144,1144,1205,4608,5122,.,.,-1,3.0,3716,-1,-1,-1
3242,3241,1355,1145,1145,1145,1205,5062,5122,.,.,-1,3.0,3716,-1,-1,-1
3242,3241,1356,1146,1146,1146,1205,5064,5122,.,.,-1,3.0,5067,-1,-1,-1
3242,3241,1357,1147,1146,1146,1205,5064,5122,.,.,-1,6.0,3716,-1,-1,-1
3242,3241,1358,1148,1148,1148,1205,5066,5122,.,.,-1,3.0,3716,-1,-1,-1
3242,3241,1359,1149,1148,1148,1205,5066,5122,.,.,-1,7.0,5067,-1,-1,-1
3242,3241,1360,1150,1150,1150,1205,5071,5122,.,.,-1,4.0,3716,-1,-1,-1
3242,3241,1361,1151,1151,1151,1205,5073,5122,.,.,-1,6.0,3716,-1,-1,-1
3242,3241,1362,1152,1151,1151,1205,5073,5122,.,.,-1,10.0,5067,-1,-1,-1
3242,3241,1363,1153,1151,1151,1205,5073,5122,.,.,-1,12.0,3715,-1,-1,-1
3242,3241,1364,1154,1154,1154,1205,5075,5122,.,.,-1,12.0,3715,-1,-1,-1
3242,3241,1365,1155,1155,1155,1205,5077,5122,.,.,-1,13.0,3715,-1,-1,-1
3242,3241,1366,1156,1156,1156,1205,5079,5122,.,.,-1,2.0,3716,-1,-1,-1
3242,3241,1367,1157,1157,1157,1205,5081,5122,.,.,-1,14.0,3716,-1,-1,-1
3242,3241,1368,1158,1157,1157,1205,5081,5122,.,.,-1,14.0,5067,-1,-1,-1
3242,3241,1369,1159,1159,1159,1205,5083,5122,.,.,-1,8.0,3716,-1,-1,-1
3242,3241,1370,1160,1159,1159,1205,5083,5122,.,.,-1,10.0,5067,-1,-1,-1
3242,3241,1371,1161,1161,1161,1205,5085,5122,.,.,-1,4.0,3716,-1,-1,-1
3242,3241,1372,1162,1162,1162,1205,5087,5122,.,.,-1,8.0,3716,-1,-1,-1
3242,3241,1373,1163,1162,1162,1205,5087,5122,.,.,-1,8.0,5067,-1,-1,-1
3242,3241,1374,1164,1164,1164,1205,5089,5122,.,.,-1,10.0,3715,-1,-1,-1
3242,3241,1375,1165,1165,1165,1205,5091,5122,.,.,-1,1.0,5067,-1,-1,-1
3242,3241,1376,1166,1165,1165,1205,5091,5122,.,.,-1,8.0,3716,-1,-1,-1
3242,3241,1377,1167,1167,1167,1205,5093,5122,.,.,-1,12.0,3715,-1,-1,-1
3242,3241,1378,1168,1168,1168,1205,5095,5122,.,.,-1,2.0,3716,-1,-1,-1
3242,3241,1381,1171,1171,1171,1205,5099,5122,.,.,-1,1.0,3716,-1,-1,-1
3242,3241,1379,1169,1169,1169,1205,5097,5122,.,.,-1,3.0,5067,-1,-1,-1
3242,3241,1380,1170,1169,1169,1205,5097,5122,.,.,-1,4.0,3716,-1,-1,-1
3242,3241,1382,1172,1172,1172,1205,5101,5122,.,.,-1,6.0,5067,-1,-1,-1
3242,3241,1383,1173,1172,1172,1205,5101,5122,.,.,-1,10.0,3716,-1,-1,-1
3242,3241,1384,1174,1174,1174,1205,5109,5122,.,.,-1,8.0,3716,-1,-1,-1
3242,3241,1385,1175,1174,1174,1205,5109,5122,.,.,-1,13.0,5067,-1,-1,-1
3242,3241,1386,1176,1176,1176,1205,5113,5122,.,.,-1,27.0,3715,-1,-1,-1
3242,3241,1387,1177,1177,1177,1205,5115,5122,.,.,-1,6.0,3715,-1,-1,-1
3242,3241,1388,1178,1178,1178,1205,5117,5122,.,.,-1,13.0,5067,-1,-1,-1
3242,3241,1389,1179,1178,1178,1205,5117,5122,.,.,-1,15.0,3716,-1,-1,-1
3242,3241,1390,1180,1180,1180,1205,5119,5122,.,.,-1,3.0,3716,-1,-1,-1
3242,3241,1391,1181,1181,1181,1205,5121,5122,.,.,-1,10.0,5067,-1,-1,-1
3242,3241,1392,1182,1181,1181,1205,5121,5122,.,.,-1,14.0,3716,-1,-1,-1
3242,3241,1393,1183,1183,1183,1205,5124,5122,.,.,-1,2.0,3716,-1,-1,-1
3242,3241,1394,1184,1184,1184,1205,5126,5122,.,.,-1,3.0,3716,-1,-1,-1
3242,3241,1395,1185,1185,1185,1205,5580,5122,.,.,-1,2.0,3716,-1,-1,-1
3242,3241,1396,1186,1186,1186,1205,5584,5122,.,.,-1,10.0,3716,-1,-1,-1
3242,3241,1397,1187,1186,1186,1205,5584,5122,.,.,-1,16.0,5067,-1,-1,-1
3242,3241,1398,1188,1188,1188,1205,5586,5122,.,.,-1,5.0,5067,-1,-1,-1
3242,3241,1399,1189,1188,1188,1205,5586,5122,.,.,-1,8.0,3716,-1,-1,-1
3242,3241,1400,1190,1190,1190,1205,5588,5122,.,.,-1,2.0,3716,-1,-1,-1
3242,3241,1401,1191,1191,1191,1205,5590,5122,.,.,-1,2.0,5067,-1,-1,-1
3242,3241,1402,1192,1191,1191,1205,5590,5122,.,.,-1,3.0,3716,-1,-1,-1
3242,3241,1403,1193,1193,1193,1205,5592,5122,.,.,-1,1.0,3716,-1,-1,-1
3242,3241,1404,1194,1194,1194,1205,5594,5122,.,.,-1,3.0,3716,-1,-1,-1
3242,3241,1405,1195,1195,1195,1205,5596,5122,.,.,-1,14.0,3716,-1,-1,-1
3242,3241,1406,1196,1195,1195,1205,5596,5122,.,.,-1,24.0,5067,-1,-1,-1
3242,3241,1407,1197,1197,1197,1205,5600,5122,.,.,-1,2.0,5067,-1,-1,-1
3242,3241,1408,1198,1197,1197,1205,5600,5122,.,.,-1,4.0,3716,-1,-1,-1
3242,3241,1409,1199,1199,1199,1205,5602,5122,.,.,-1,1.0,3716,-1,-1,-1
3242,3241,1410,1200,1200,1200,1205,5604,5122,.,.,-1,1.0,3716,-1,-1,-1
3242,3241,1411,1201,1201,1201,1205,5606,5122,.,.,-1,4.0,3716,-1,-1,-1
3242,3241,1412,1202,1202,1202,1205,5608,5122,.,.,-1,2.0,3716,-1,-1,-1
3242,3241,1413,1203,1203,1203,1205,6066,5122,.,.,-1,6.0,3716,-1,-1,-1
3242,3241,1414,1204,1203,1203,1205,6066,5122,.,.,-1,10.0,5067,-1,-1,-1
3242,3241,1653,1426,1426,1426,1652,6,5122,.,.,-1,2.0,3716,-1,-1,-1
3242,3241,1654,1427,1427,1427,1652,8,5122,.,.,-1,10.0,3716,-1,-1,-1
3242,3241,1655,1428,1427,1427,1652,8,5122,.,.,-1,12.0,5067,-1,-1,-1
3242,3241,1656,1429,1429,1429,1652,10,5122,.,.,-1,3.0,3716,-1,-1,-1
3242,3241,1657,1430,1429,1429,1652,10,5122,.,.,-1,5.0,5067,-1,-1,-1
3242,3241,1658,1431,1431,1431,1652,14,5122,.,.,-1,3.0,3716,-1,-1,-1
3242,3241,1659,1432,1432,1432,1652,16,5122,.,.,-1,6.0,5067,-1,-1,-1
3242,3241,1660,1433,1432,1432,1652,16,5122,.,.,-1,9.0,3716,-1,-1,-1
3242,3241,1661,1434,1434,1434,1652,22,5122,.,.,-1,4.0,3716,-1,-1,-1
3242,3241,1662,1435,1434,1434,1652,22,5122,.,.,-1,6.0,5067,-1,-1,-1
3242,3241,1663,1436,1436,1436,1652,24,5122,.,.,-1,7.0,3716,-1,-1,-1
3242,3241,1664,1437,1436,1436,1652,24,5122,.,.,-1,8.0,5067,-1,-1,-1
3242,3241,1665,1438,1438,1438,1652,26,5122,.,.,-1,3.0,3716,-1,-1,-1
3242,3241,1666,1439,1439,1439,1652,28,5122,.,.,-1,7.0,3716,-1,-1,-1
3242,3241,1667,1440,1439,1439,1652,28,5122,.,.,-1,8.0,5067,-1,-1,-1
3242,3241,1668,1441,1441,1441,1652,30,5122,.,.,-1,2.0,3716,-1,-1,-1
3242,3241,1669,1442,1442,1442,1652,32,5122,.,.,-1,2.0,5067,-1,-1,-1
3242,3241,1670,1443,1442,1442,1652,32,5122,.,.,-1,5.0,3716,-1,-1,-1
3242,3241,1671,1444,1444,1444,1652,34,5122,.,.,-1,6.0,3716,-1,-1,-1
3242,3241,1672,1445,1444,1444,1652,34,5122,.,.,-1,8.0,5067,-1,-1,-1
3242,3241,1674,1447,1447,1447,1652,38,5122,.,.,-1,10.0,5067,-1,-1,-1
3242,3241,1675,1448,1447,1447,1652,38,5122,.,.,-1,16.0,3716,-1,-1,-1
3242,3241,1673,1446,1446,1446,1652,36,5122,.,.,-1,1.0,3716,-1,-1,-1
3242,3241,1676,1449,1449,1449,1652,40,5122,.,.,-1,2.0,3716,-1,-1,-1
3242,3241,1677,1450,1450,1450,1652,42,5122,.,.,-1,5.0,3716,-1,-1,-1
3242,3241,1678,1451,1450,1450,1652,42,5122,.,.,-1,12.0,5067,-1,-1,-1
3242,3241,1679,1452,1452,1452,1652,44,5122,.,.,-1,1.0,5067,-1,-1,-1
3242,3241,1680,1453,1452,1452,1652,44,5122,.,.,-1,3.0,3716,-1,-1,-1
3242,3241,1681,1454,1454,1454,1652,46,5122,.,.,-1,2.0,3716,-1,-1,-1
3242,3241,1682,1455,1455,1455,1652,48,5122,.,.,-1,2.0,3716,-1,-1,-1
3242,3241,1683,1456,1455,1455,1652,48,5122,.,.,-1,3.0,5067,-1,-1,-1
3242,3241,1684,1457,1457,1457,1652,50,5122,.,.,-1,5.0,3716,-1,-1,-1
3242,3241,1685,1458,1458,1458,1652,54,5122,.,.,-1,4.0,3716,-1,-1,-1
3242,3241,1686,1459,1458,1458,1652,54,5122,.,.,-1,4.0,5067,-1,-1,-1
3242,3241,1687,1460,1460,1460,1652,56,5122,.,.,-1,7.0,3716,-1,-1,-1
3242,3241,1688,1461,1460,1460,1652,56,5122,.,.,-1,9.0,5067,-1,-1,-1
3242,3241,1689,1462,1462,1462,1652,58,5122,.,.,-1,1.0,5067,-1,-1,-1
3242,3241,1690,1463,1462,1462,1652,58,5122,.,.,-1,2.0,3716,-1,-1,-1
3242,3241,1691,1464,1464,1464,1652,60,5122,.,.,-1,8.0,5067,-1,-1,-1
3242,3241,1692,1465,1464,1464,1652,60,5122,.,.,-1,10.0,3716,-1,-1,-1
3242,3241,1693,1466,1466,1466,1652,480,5122,.,.,-1,1.0,3716,-1,-1,-1
3242,3241,1694,1467,1467,1467,1652,482,5122,.,.,-1,1.0,3716,-1,-1,-1
3242,3241,1695,1468,1468,1468,1652,484,5122,.,.,-1,5.0,3716,-1,-1,-1
3242,3241,1696,1469,1469,1469,1652,486,5122,.,.,-1,2.0,3716,-1,-1,-1
3242,3241,1697,1470,1470,1470,1652,488,5122,.,.,-1,8.0,5067,-1,-1,-1
3242,3241,1698,1471,1470,1470,1652,488,5122,.,.,-1,9.0,3716,-1,-1,-1
3242,3241,1699,1472,1472,1472,1652,490,5122,.,.,-1,9.0,3716,-1,-1,-1
3242,3241,1700,1473,1472,1472,1652,490,5122,.,.,-1,9.0,5067,-1,-1,-1
3242,3241,1701,1474,1474,1474,1652,492,5122,.,.,-1,1.0,3716,-1,-1,-1
3242,3241,1702,1475,1475,1475,1652,494,5122,.,.,-1,2.0,3716,-1,-1,-1
3242,3241,1703,1476,1475,1475,1652,494,5122,.,.,-1,5.0,5067,-1,-1,-1
3242,3241,1704,1477,1477,1477,1652,496,5122,.,.,-1,2.0,3716,-1,-1,-1
3242,3241,1705,1478,1478,1478,1652,498,5122,.,.,-1,2.0,3716,-1,-1,-1
3242,3241,1706,1479,1479,1479,1652,500,5122,.,.,-1,1.0,5067,-1,-1,-1
3242,3241,1707,1480,1479,1479,1652,500,5122,.,.,-1,5.0,3716,-1,-1,-1
3242,3241,1708,1481,1481,1481,1652,502,5122,.,.,-1,2.0,3716,-1,-1,-1
3242,3241,1709,1482,1482,1482,1652,504,5122,.,.,-1,4.0,3715,-1,-1,-1
3242,3241,1710,1483,1483,1483,1652,508,5122,.,.,-1,4.0,3716,-1,-1,-1
3242,3241,1711,1484,1484,1484,1652,510,5122,.,.,-1,11.0,3715,-1,-1,-1
3242,3241,1712,1485,1485,1485,1652,512,5122,.,.,-1,3.0,3716,-1,-1,-1
3242,3241,1713,1486,1486,1486,1652,517,5122,.,.,-1,1.0,3716,-1,-1,-1
3242,3241,1714,1487,1487,1487,1652,519,5122,.,.,-1,1.0,3716,-1,-1,-1
3242,3241,1715,1488,1488,1488,1652,521,5122,.,.,-1,9.0,3716,-1,-1,-1
3242,3241,1716,1489,1488,1488,1652,521,5122,.,.,-1,11.0,5067,-1,-1,-1
3242,3241,1717,1490,1490,1490,1652,523,5122,.,.,-1,1.0,3716,-1,-1,-1
3242,3241,1718,1491,1491,1491,1652,528,5122,.,.,-1,3.0,3716,-1,-1,-1
3242,3241,1719,1492,1491,1491,1652,528,5122,.,.,-1,3.0,5067,-1,-1,-1
3242,3241,1720,1493,1493,1493,1652,532,5122,.,.,-1,2.0,3716,-1,-1,-1
3242,3241,1721,1494,1494,1494,1652,534,5122,.,.,-1,3.0,5067,-1,-1,-1
3242,3241,1722,1495,1494,1494,1652,534,5122,.,.,-1,4.0,3716,-1,-1,-1
3242,3241,1723,1496,1496,1496,1652,536,5122,.,.,-1,1.0,5067,-1,-1,-1
3242,3241,1724,1497,1496,1496,1652,536,5122,.,.,-1,2.0,3716,-1,-1,-1
3242,3241,1725,1498,1498,1498,1652,538,5122,.,.,-1,7.0,5067,-1,-1,-1
3242,3241,1726,1499,1498,1498,1652,538,5122,.,.,-1,10.0,3716,-1,-1,-1
3242,3241,1727,1500,1500,1500,1652,540,5122,.,.,-1,4.0,3716,-1,-1,-1
3242,3241,1728,1501,1501,1501,1652,542,5122,.,.,-1,2.0,3716,-1,-1,-1
3242,3241,1729,1502,1502,1502,1652,544,5122,.,.,-1,13.0,3716,-1,-1,-1
3242,3241,1730,1503,1502,1502,1652,544,5122,.,.,-1,14.0,5067,-1,-1,-1
3242,3241,1731,1504,1504,1504,1652,546,5122,.,.,-1,2.0,3716,-1,-1,-1
3242,3241,1732,1505,1505,1505,1652,548,5122,.,.,-1,5.0,3716,-1,-1,-1
3242,3241,1733,1506,1506,1506,1652,1416,5122,.,.,-1,1.0,3716,-1,-1,-1
3242,3241,1734,1507,1507,1507,1652,1418,5122,.,.,-1,4.0,3716,-1,-1,-1
3242,3241,1735,1508,1508,1508,1652,1420,5122,.,.,-1,9.0,3716,-1,-1,-1
3242,3241,1736,1509,1508,1508,1652,1420,5122,.,.,-1,18.0,5067,-1,-1,-1
3242,3241,1737,1510,1510,1510,1652,1422,5122,.,.,-1,12.0,3716,-1,-1,-1
3242,3241,1738,1511,1510,1510,1652,1422,5122,.,.,-1,13.0,5067,-1,-1,-1
3242,3241,1739,1512,1512,1512,1652,1424,5122,.,.,-1,9.0,3715,-1,-1,-1
3242,3241,1740,1513,1513,1513,1652,1880,5122,.,.,-1,19.0,3716,-1,-1,-1
3242,3241,1741,1514,1513,1513,1652,1880,5122,.,.,-1,29.0,5067,-1,-1,-1
3242,3241,1745,1518,1518,1518,1652,1886,5122,.,.,-1,3.0,3716,-1,-1,-1
3242,3241,1742,1515,1515,1515,1652,1882,5122,.,.,-1,3.0,3716,-1,-1,-1
3242,3241,1743,1516,1516,1516,1652,1884,5122,.,.,-1,14.0,5067,-1,-1,-1
3242,3241,1744,1517,1516,1516,1652,1884,5122,.,.,-1,20.0,3716,-1,-1,-1
3242,3241,1746,1519,1519,1519,1652,1888,5122,.,.,-1,13.0,5067,-1,-1,-1
3242,3241,1747,1520,1519,1519,1652,1888,5122,.,.,-1,17.0,3716,-1,-1,-1
3242,3241,1748,1521,1521,1521,1652,1892,5122,.,.,-1,1.0,3715,-1,-1,-1
3242,3241,1749,1522,1522,1522,1652,1894,5122,.,.,-1,2.0,3716,-1,-1,-1
3242,3241,1750,1523,1523,1523,1652,1896,5122,.,.,-1,9.0,3716,-1,-1,-1
3242,3241,1751,1524,1523,1523,1652,1896,5122,.,.,-1,13.0,5067,-1,-1,-1
3242,3241,1752,1525,1525,1525,1652,2328,5122,.,.,-1,6.0,3716,-1,-1,-1
3242,3241,1753,1526,1525,1525,1652,2328,5122,.,.,-1,15.0,5067,-1,-1,-1
3242,3241,1754,1527,1527,1527,1652,2330,5122,.,.,-1,1.0,3716,-1,-1,-1
3242,3241,1755,1528,1528,1528,1652,2332,5122,.,.,-1,4.0,3716,-1,-1,-1
3242,3241,1756,1529,1529,1529,1652,2334,5122,.,.,-1,2.0,3716,-1,-1,-1
3242,3241,1757,1530,1530,1530,1652,2336,5122,.,.,-1,3.0,3716,-1,-1,-1
3242,3241,1758,1531,1531,1531,1652,2338,5122,.,.,-1,16.0,5067,-1,-1,-1
3242,3241,1759,1532,1531,1531,1652,2338,5122,.,.,-1,22.0,3716,-1,-1,-1
3242,3241,1760,1533,1533,1533,1652,2340,5122,.,.,-1,12.0,3716,-1,-1,-1
3242,3241,1761,1534,1533,1533,1652,2340,5122,.,.,-1,12.0,5067,-1,-1,-1
3242,3241,1762,1535,1535,1535,1652,2776,5122,.,.,-1,19.0,3715,-1,-1,-1
3242,3241,1763,1536,1536,1536,1652,2780,5122,.,.,-1,1.0,3716,-1,-1,-1
3242,3241,1764,1537,1536,1536,1652,2780,5122,.,.,-1,7.0,5067,-1,-1,-1
3242,3241,1765,1538,1538,1538,1652,2782,5122,.,.,-1,3.0,3715,-1,-1,-1
3242,3241,1766,1539,1539,1539,1652,2784,5122,.,.,-1,5.0,5067,-1,-1,-1
3242,3241,1767,1540,1539,1539,1652,2784,5122,.,.,-1,7.0,3716,-1,-1,-1
3242,3241,1768,1541,1541,1541,1652,3238,5122,.,.,-1,3.0,3716,-1,-1,-1
3242,3241,1769,1542,1542,1542,1652,3240,5122,.,.,-1,1.0,3716,-1,-1,-1
3242,3241,1770,1543,1543,1543,1652,3244,5122,.,.,-1,3.0,3716,-1,-1,-1
3242,3241,1771,1544,1544,1544,1652,3246,5122,.,.,-1,5.0,3716,-1,-1,-1
3242,3241,1772,1545,1545,1545,1652,3248,5122,.,.,-1,2.0,3716,-1,-1,-1
3242,3241,1773,1546,1546,1546,1652,3250,5122,.,.,-1,1.0,3716,-1,-1,-1
3242,3241,1774,1547,1547,1547,1652,3252,5122,.,.,-1,3.0,3716,-1,-1,-1
3242,3241,1775,1548,1547,1547,1652,3252,5122,.,.,-1,3.0,5067,-1,-1,-1
3242,3241,1776,1549,1549,1549,1652,3254,5122,.,.,-1,3.0,5067,-1,-1,-1
3242,3241,1777,1550,1549,1549,1652,3254,5122,.,.,-1,6.0,3716,-1,-1,-1
3242,3241,1781,1554,1554,1554,1652,3260,5122,.,.,-1,4.0,3716,-1,-1,-1
3242,3241,1778,1551,1551,1551,1652,3256,5122,.,.,-1,3.0,3716,-1,-1,-1
3242,3241,1779,1552,1552,1552,1652,3258,5122,.,.,-1,9.0,5067,-1,-1,-1
3242,3241,1780,1553,1552,1552,1652,3258,5122,.,.,-1,12.0,3716,-1,-1,-1
3242,3241,1782,1555,1555,1555,1652,3262,5122,.,.,-1,1.0,3716,-1,-1,-1
3242,3241,1783,1556,1556,1556,1652,3264,5122,.,.,-1,7.0,3715,-1,-1,-1
3242,3241,1784,1557,1557,1557,1652,3266,5122,.,.,-1,7.0,3716,-1,-1,-1
3242,3241,1785,1558,1557,1557,1652,3266,5122,.,.,-1,10.0,5067,-1,-1,-1
3242,3241,1786,1559,1559,1559,1652,3268,5122,.,.,-1,5.0,3716,-1,-1,-1
3242,3241,1787,1560,1559,1559,1652,3268,5122,.,.,-1,13.0,5067,-1,-1,-1
3242,3241,1788,1561,1561,1561,1652,3702,5122,.,.,-1,1.0,3716,-1,-1,-1
3242,3241,1789,1562,1562,1562,1652,3704,5122,.,.,-1,3.0,3716,-1,-1,-1
3242,3241,1790,1563,1563,1563,1652,3706,5122,.,.,-1,4.0,3716,-1,-1,-1
3242,3241,1791,1564,1563,1563,1652,3706,5122,.,.,-1,4.0,5067,-1,-1,-1
3242,3241,1792,1565,1565,1565,1652,3710,5122,.,.,-1,1.0,3716,-1,-1,-1
3242,3241,1793,1566,1566,1566,1652,3712,5122,.,.,-1,1.0,5067,-1,-1,-1
3242,3241,1794,1567,1566,1566,1652,3712,5122,.,.,-1,4.0,3716,-1,-1,-1
3242,3241,1795,1568,1568,1568,1652,3718,5122,.,.,-1,3.0,3716,-1,-1,-1
3242,3241,1796,1569,1569,1569,1652,4154,5122,.,.,-1,2.0,3716,-1,-1,-1
3242,3241,1797,1570,1569,1569,1652,4154,5122,.,.,-1,3.0,5067,-1,-1,-1
3242,3241,1798,1571,1569,1569,1652,4154,5122,.,.,-1,10.0,3715,-1,-1,-1
3242,3241,1799,1572,1572,1572,1652,4156,5122,.,.,-1,11.0,3715,-1,-1,-1
3242,3241,1800,1573,1573,1573,1652,4158,5122,.,.,-1,11.0,3715,-1,-1,-1
3242,3241,1801,1574,1574,1574,1652,4596,5122,.,.,-1,2.0,3716,-1,-1,-1
3242,3241,1802,1575,1574,1574,1652,4596,5122,.,.,-1,3.0,5067,-1,-1,-1
3242,3241,1803,1576,1576,1576,1652,4598,5122,.,.,-1,1.0,3716,-1,-1,-1
3242,3241,1804,1577,1577,1577,1652,4600,5122,.,.,-1,2.0,3716,-1,-1,-1
3242,3241,1805,1578,1578,1578,1652,4602,5122,.,.,-1,9.0,3715,-1,-1,-1
3242,3241,1806,1579,1579,1579,1652,4604,5122,.,.,-1,1.0,3716,-1,-1,-1
3242,3241,1807,1580,1580,1580,1652,4606,5122,.,.,-1,1.0,3716,-1,-1,-1
3242,3241,1808,1581,1581,1581,1652,4608,5122,.,.,-1,3.0,3716,-1,-1,-1
3242,3241,1809,1582,1582,1582,1652,4610,5122,.,.,-1,4.0,3716,-1,-1,-1
3242,3241,1810,1583,1583,1583,1652,5062,5122,.,.,-1,1.0,3716,-1,-1,-1
3242,3241,1811,1584,1584,1584,1652,5064,5122,.,.,-1,3.0,5067,-1,-1,-1
3242,3241,1812,1585,1584,1584,1652,5064,5122,.,.,-1,6.0,3716,-1,-1,-1
3242,3241,1813,1586,1586,1586,1652,5066,5122,.,.,-1,6.0,3716,-1,-1,-1
3242,3241,1814,1587,1586,1586,1652,5066,5122,.,.,-1,8.0,5067,-1,-1,-1
3242,3241,1815,1588,1588,1588,1652,5069,5122,.,.,-1,7.0,3715,-1,-1,-1
3242,3241,1816,1589,1589,1589,1652,5071,5122,.,.,-1,5.0,5067,-1,-1,-1
3242,3241,1817,1590,1589,1589,1652,5071,5122,.,.,-1,9.0,3716,-1,-1,-1
3242,3241,1818,1591,1591,1591,1652,5073,5122,.,.,-1,3.0,5067,-1,-1,-1
3242,3241,1819,1592,1591,1591,1652,5073,5122,.,.,-1,6.0,3716,-1,-1,-1
3242,3241,1820,1593,1591,1591,1652,5073,5122,.,.,-1,12.0,3715,-1,-1,-1
3242,3241,1821,1594,1594,1594,1652,5075,5122,.,.,-1,3.0,3715,-1,-1,-1
3242,3241,1822,1595,1595,1595,1652,5077,5122,.,.,-1,18.0,3715,-1,-1,-1
3242,3241,1823,1596,1596,1596,1652,5079,5122,.,.,-1,3.0,3716,-1,-1,-1
3242,3241,1824,1597,1596,1596,1652,5079,5122,.,.,-1,3.0,5067,-1,-1,-1
3242,3241,1825,1598,1598,1598,1652,5081,5122,.,.,-1,7.0,5067,-1,-1,-1
3242,3241,1826,1599,1598,1598,1652,5081,5122,.,.,-1,9.0,3716,-1,-1,-1
3242,3241,1827,1600,1600,1600,1652,5083,5122,.,.,-1,11.0,3716,-1,-1,-1
3242,3241,1828,1601,1600,1600,1652,5083,5122,.,.,-1,11.0,5067,-1,-1,-1
3242,3241,1829,1602,1602,1602,1652,5085,5122,.,.,-1,6.0,3716,-1,-1,-1
3242,3241,1830,1603,1603,1603,1652,5087,5122,.,.,-1,1.0,3716,-1,-1,-1
3242,3241,1831,1604,1604,1604,1652,5091,5122,.,.,-1,6.0,3716,-1,-1,-1
3242,3241,1832,1605,1604,1604,1652,5091,5122,.,.,-1,6.0,5067,-1,-1,-1
3242,3241,1833,1606,1606,1606,1652,5093,5122,.,.,-1,37.0,3715,-1,-1,-1
3242,3241,1834,1607,1607,1607,1652,5095,5122,.,.,-1,4.0,3716,-1,-1,-1
3242,3241,1835,1608,1608,1608,1652,5097,5122,.,.,-1,1.0,3716,-1,-1,-1
3242,3241,1836,1609,1609,1609,1652,5101,5122,.,.,-1,4.0,5067,-1,-1,-1
3242,3241,1837,1610,1609,1609,1652,5101,5122,.,.,-1,5.0,3716,-1,-1,-1
3242,3241,1838,1611,1611,1611,1652,5105,5122,.,.,-1,19.0,5067,-1,-1,-1
3242,3241,1839,1612,1612,1612,1652,5109,5122,.,.,-1,2.0,5067,-1,-1,-1
3242,3241,1840,1613,1612,1612,1652,5109,5122,.,.,-1,3.0,3716,-1,-1,-1
3242,3241,1841,1614,1614,1614,1652,5111,5122,.,.,-1,34.0,3715,-1,-1,-1
3242,3241,1842,1615,1615,1615,1652,5113,5122,.,.,-1,10.0,3715,-1,-1,-1
3242,3241,1843,1616,1616,1616,1652,5115,5122,.,.,-1,18.0,3715,-1,-1,-1
3242,3241,1844,1617,1617,1617,1652,5117,5122,.,.,-1,11.0,5067,-1,-1,-1
3242,3241,1845,1618,1617,1617,1652,5117,5122,.,.,-1,12.0,3716,-1,-1,-1
3242,3241,1846,1619,1619,1619,1652,5119,5122,.,.,-1,5.0,3716,-1,-1,-1
3242,3241,1847,1620,1619,1619,1652,5119,5122,.,.,-1,5.0,5067,-1,-1,-1
3242,3241,1848,1621,1621,1621,1652,5121,5122,.,.,-1,9.0,5067,-1,-1,-1
3242,3241,1849,1622,1621,1621,1652,5121,5122,.,.,-1,18.0,3716,-1,-1,-1
3242,3241,1850,1623,1623,1623,1652,5124,5122,.,.,-1,3.0,3716,-1,-1,-1
3242,3241,1851,1624,1623,1623,1652,5124,5122,.,.,-1,6.0,5067,-1,-1,-1
3242,3241,1852,1625,1625,1625,1652,5126,5122,.,.,-1,1.0,3716,-1,-1,-1
3242,3241,1853,1626,1626,1626,1652,5578,5122,.,.,-1,4.0,3716,-1,-1,-1
3242,3241,1854,1627,1626,1626,1652,5578,5122,.,.,-1,7.0,3715,-1,-1,-1
3242,3241,1855,1628,1626,1626,1652,5578,5122,.,.,-1,7.0,5067,-1,-1,-1
3242,3241,1856,1629,1629,1629,1652,5580,5122,.,.,-1,4.0,5067,-1,-1,-1
3242,3241,1857,1630,1629,1629,1652,5580,5122,.,.,-1,7.0,3716,-1,-1,-1
3242,3241,1858,1631,1631,1631,1652,5584,5122,.,.,-1,7.0,5067,-1,-1,-1
3242,3241,1859,1632,1631,1631,1652,5584,5122,.,.,-1,9.0,3716,-1,-1,-1
3242,3241,1860,1633,1633,1633,1652,5586,5122,.,.,-1,3.0,3716,-1,-1,-1
3242,3241,1861,1634,1633,1633,1652,5586,5122,.,.,-1,4.0,5067,-1,-1,-1
3242,3241,1862,1635,1635,1635,1652,5588,5122,.,.,-1,3.0,3716,-1,-1,-1
3242,3241,1863,1636,1636,1636,1652,5590,5122,.,.,-1,4.0,3716,-1,-1,-1
3242,3241,1864,1637,1636,1636,1652,5590,5122,.,.,-1,7.0,5067,-1,-1,-1
3242,3241,1865,1638,1638,1638,1652,5592,5122,.,.,-1,2.0,3716,-1,-1,-1
3242,3241,1866,1639,1639,1639,1652,5594,5122,.,.,-1,3.0,3716,-1,-1,-1
3242,3241,1867,1640,1640,1640,1652,5596,5122,.,.,-1,5.0,3716,-1,-1,-1
3242,3241,1868,1641,1640,1640,1652,5596,5122,.,.,-1,5.0,5067,-1,-1,-1
3242,3241,1869,1642,1642,1642,1652,5598,5122,.,.,-1,4.0,3715,-1,-1,-1
3242,3241,1870,1643,1643,1643,1652,5600,5122,.,.,-1,4.0,5067,-1,-1,-1
3242,3241,1871,1644,1643,1643,1652,5600,5122,.,.,-1,11.0,3716,-1,-1,-1
3242,3241,1872,1645,1645,1645,1652,5602,5122,.,.,-1,3.0,3716,-1,-1,-1
3242,3241,1873,1646,1646,1646,1652,5604,5122,.,.,-1,4.0,3716,-1,-1,-1
3242,3241,1874,1647,1647,1647,1652,5606,5122,.,.,-1,1.0,3716,-1,-1,-1
3242,3241,1875,1648,1648,1648,1652,5608,5122,.,.,-1,3.0,3716,-1,-1,-1
3242,3241,1876,1649,1649,1649,1652,6064,5122,.,.,-1,7.0,3716,-1,-1,-1
3242,3241,1877,1650,1649,1649,1652,6064,5122,.,.,-1,11.0,5067,-1,-1,-1
3242,3241,1878,1651,1651,1651,1652,6066,5122,.,.,-1,4.0,3716,-1,-1,-1
3242,3241,2114,1900,1900,1900,2113,6,5122,.,.,-1,3.0,3716,-1,-1,-1
3242,3241,2115,1901,1901,1901,2113,8,5122,.,.,-1,9.0,5067,-1,-1,-1
3242,3241,2116,1902,1901,1901,2113,8,5122,.,.,-1,13.0,3716,-1,-1,-1
3242,3241,2117,1903,1903,1903,2113,10,5122,.,.,-1,3.0,3716,-1,-1,-1
3242,3241,2118,1904,1903,1903,2113,10,5122,.,.,-1,7.0,5067,-1,-1,-1
3242,3241,2119,1905,1905,1905,2113,14,5122,.,.,-1,2.0,3716,-1,-1,-1
3242,3241,2120,1906,1906,1906,2113,16,5122,.,.,-1,24.0,5067,-1,-1,-1
3242,3241,2121,1907,1906,1906,2113,16,5122,.,.,-1,26.0,3716,-1,-1,-1
3242,3241,2122,1908,1908,1908,2113,22,5122,.,.,-1,11.0,5067,-1,-1,-1
3242,3241,2123,1909,1908,1908,2113,22,5122,.,.,-1,13.0,3716,-1,-1,-1
3242,3241,2124,1910,1910,1910,2113,24,5122,.,.,-1,11.0,5067,-1,-1,-1
3242,3241,2125,1911,1910,1910,2113,24,5122,.,.,-1,13.0,3716,-1,-1,-1
3242,3241,2126,1912,1912,1912,2113,26,5122,.,.,-1,4.0,3716,-1,-1,-1
3242,3241,2127,1913,1913,1913,2113,28,5122,.,.,-1,2.0,3716,-1,-1,-1
3242,3241,2128,1914,1914,1914,2113,30,5122,.,.,-1,6.0,3716,-1,-1,-1
3242,3241,2129,1915,1914,1914,2113,30,5122,.,.,-1,8.0,5067,-1,-1,-1
3242,3241,2130,1916,1916,1916,2113,32,5122,.,.,-1,3.0,3716,-1,-1,-1
3242,3241,2131,1917,1916,1916,2113,32,5122,.,.,-1,3.0,5067,-1,-1,-1
3242,3241,2132,1918,1918,1918,2113,34,5122,.,.,-1,1.0,3716,-1,-1,-1
3242,3241,2134,1920,1920,1920,2113,38,5122,.,.,-1,28.0,3716,-1,-1,-1
3242,3241,2135,1921,1920,1920,2113,38,5122,.,.,-1,41.0,5067,-1,-1,-1
3242,3241,2133,1919,1919,1919,2113,36,5122,.,.,-1,1.0,3716,-1,-1,-1
3242,3241,2136,1922,1922,1922,2113,40,5122,.,.,-1,3.0,3716,-1,-1,-1
3242,3241,2137,1923,1923,1923,2113,42,5122,.,.,-1,3.0,5067,-1,-1,-1
3242,3241,2138,1924,1923,1923,2113,42,5122,.,.,-1,5.0,3716,-1,-1,-1
3242,3241,2139,1925,1925,1925,2113,44,5122,.,.,-1,5.0,3716,-1,-1,-1
3242,3241,2140,1926,1926,1926,2113,46,5122,.,.,-1,8.0,5067,-1,-1,-1
3242,3241,2141,1927,1926,1926,2113,46,5122,.,.,-1,11.0,3716,-1,-1,-1
3242,3241,2142,1928,1928,1928,2113,48,5122,.,.,-1,5.0,5067,-1,-1,-1
3242,3241,2143,1929,1928,1928,2113,48,5122,.,.,-1,8.0,3716,-1,-1,-1
3242,3241,2144,1930,1930,1930,2113,50,5122,.,.,-1,1.0,3716,-1,-1,-1
3242,3241,2145,1931,1931,1931,2113,52,5122,.,.,-1,4.0,3716,-1,-1,-1
3242,3241,2146,1932,1932,1932,2113,54,5122,.,.,-1,10.0,3716,-1,-1,-1
3242,3241,2147,1933,1932,1932,2113,54,5122,.,.,-1,16.0,5067,-1,-1,-1
3242,3241,2148,1934,1934,1934,2113,56,5122,.,.,-1,3.0,5067,-1,-1,-1
3242,3241,2149,1935,1934,1934,2113,56,5122,.,.,-1,14.0,3716,-1,-1,-1
3242,3241,2150,1936,1936,1936,2113,58,5122,.,.,-1,11.0,3716,-1,-1,-1
3242,3241,2151,1937,1936,1936,2113,58,5122,.,.,-1,12.0,5067,-1,-1,-1
3242,3241,2152,1938,1938,1938,2113,60,5122,.,.,-1,1.0,3716,-1,-1,-1
3242,3241,2153,1939,1938,1938,2113,60,5122,.,.,-1,1.0,5067,-1,-1,-1
3242,3241,2154,1940,1940,1940,2113,480,5122,.,.,-1,2.0,3716,-1,-1,-1
3242,3241,2155,1941,1941,1941,2113,482,5122,.,.,-1,3.0,3716,-1,-1,-1
3242,3241,2156,1942,1942,1942,2113,484,5122,.,.,-1,3.0,5067,-1,-1,-1
3242,3241,2157,1943,1942,1942,2113,484,5122,.,.,-1,7.0,3716,-1,-1,-1
3242,3241,2158,1944,1944,1944,2113,486,5122,.,.,-1,2.0,3716,-1,-1,-1
3242,3241,2159,1945,1945,1945,2113,490,5122,.,.,-1,6.0,5067,-1,-1,-1
3242,3241,2160,1946,1945,1945,2113,490,5122,.,.,-1,11.0,3716,-1,-1,-1
3242,3241,2161,1947,1947,1947,2113,492,5122,.,.,-1,1.0,3716,-1,-1,-1
3242,3241,2162,1948,1948,1948,2113,494,5122,.,.,-1,7.0,5067,-1,-1,-1
3242,3241,2163,1949,1948,1948,2113,494,5122,.,.,-1,13.0,3716,-1,-1,-1
3242,3241,2164,1950,1950,1950,2113,496,5122,.,.,-1,2.0,5067,-1,-1,-1
3242,3241,2165,1951,1950,1950,2113,496,5122,.,.,-1,3.0,3716,-1,-1,-1
3242,3241,2166,1952,1952,1952,2113,498,5122,.,.,-1,2.0,3716,-1,-1,-1
3242,3241,2167,1953,1953,1953,2113,500,5122,.,.,-1,4.0,5067,-1,-1,-1
3242,3241,2168,1954,1953,1953,2113,500,5122,.,.,-1,6.0,3716,-1,-1,-1
3242,3241,2169,1955,1955,1955,2113,502,5122,.,.,-1,1.0,3716,-1,-1,-1
3242,3241,2170,1956,1956,1956,2113,504,5122,.,.,-1,16.0,3715,-1,-1,-1
3242,3241,2171,1957,1957,1957,2113,506,5122,.,.,-1,9.0,3715,-1,-1,-1
3242,3241,2172,1958,1958,1958,2113,508,5122,.,.,-1,1.0,3716,-1,-1,-1
3242,3241,2173,1959,1959,1959,2113,512,5122,.,.,-1,5.0,3716,-1,-1,-1
3242,3241,2174,1960,1960,1960,2113,517,5122,.,.,-1,1.0,3716,-1,-1,-1
3242,3241,2175,1961,1961,1961,2113,519,5122,.,.,-1,4.0,3716,-1,-1,-1
3242,3241,2176,1962,1962,1962,2113,521,5122,.,.,-1,4.0,5067,-1,-1,-1
3242,3241,2177,1963,1962,1962,2113,521,5122,.,.,-1,18.0,3716,-1,-1,-1
3242,3241,2178,1964,1964,1964,2113,523,5122,.,.,-1,3.0,3716,-1,-1,-1
3242,3241,2179,1965,1965,1965,2113,525,5122,.,.,-1,3.0,3716,-1,-1,-1
3242,3241,2180,1966,1966,1966,2113,528,5122,.,.,-1,7.0,3716,-1,-1,-1
3242,3241,2181,1967,1966,1966,2113,528,5122,.,.,-1,11.0,5067,-1,-1,-1
3242,3241,2182,1968,1968,1968,2113,532,5122,.,.,-1,2.0,3716,-1,-1,-1
3242,3241,2183,1969,1969,1969,2113,534,5122,.,.,-1,4.0,5067,-1,-1,-1
3242,3241,2184,1970,1969,1969,2113,534,5122,.,.,-1,5.0,3716,-1,-1,-1
3242,3241,2185,1971,1971,1971,2113,536,5122,.,.,-1,4.0,3716,-1,-1,-1
3242,3241,2186,1972,1972,1972,2113,538,5122,.,.,-1,4.0,5067,-1,-1,-1
3242,3241,2187,1973,1972,1972,2113,538,5122,.,.,-1,5.0,3716,-1,-1,-1
3242,3241,2188,1974,1974,1974,2113,540,5122,.,.,-1,3.0,3716,-1,-1,-1
3242,3241,2189,1975,1975,1975,2113,542,5122,.,.,-1,2.0,3716,-1,-1,-1
3242,3241,2190,1976,1976,1976,2113,544,5122,.,.,-1,10.0,3716,-1,-1,-1
3242,3241,2191,1977,1976,1976,2113,544,5122,.,.,-1,13.0,5067,-1,-1,-1
3242,3241,2192,1978,1978,1978,2113,546,5122,.,.,-1,4.0,3716,-1,-1,-1
3242,3241,2193,1979,1979,1979,2113,548,5122,.,.,-1,6.0,5067,-1,-1,-1
3242,3241,2194,1980,1979,1979,2113,548,5122,.,.,-1,10.0,3716,-1,-1,-1
3242,3241,2195,1981,1981,1981,2113,1416,5122,.,.,-1,3.0,3716,-1,-1,-1
3242,3241,2196,1982,1982,1982,2113,1418,5122,.,.,-1,2.0,5067,-1,-1,-1
3242,3241,2197,1983,1982,1982,2113,1418,5122,.,.,-1,7.0,3716,-1,-1,-1
3242,3241,2198,1984,1984,1984,2113,1420,5122,.,.,-1,19.0,3716,-1,-1,-1
3242,3241,2199,1985,1984,1984,2113,1420,5122,.,.,-1,25.0,5067,-1,-1,-1
3242,3241,2200,1986,1986,1986,2113,1422,5122,.,.,-1,15.0,3716,-1,-1,-1
3242,3241,2201,1987,1986,1986,2113,1422,5122,.,.,-1,26.0,5067,-1,-1,-1
3242,3241,2202,1988,1988,1988,2113,1424,5122,.,.,-1,13.0,3715,-1,-1,-1
3242,3241,2203,1989,1989,1989,2113,1880,5122,.,.,-1,4.0,5067,-1,-1,-1
3242,3241,2204,1990,1989,1989,2113,1880,5122,.,.,-1,10.0,3716,-1,-1,-1
3242,3241,2205,1991,1991,1991,2113,1882,5122,.,.,-1,3.0,3716,-1,-1,-1
3242,3241,2206,1992,1992,1992,2113,1884,5122,.,.,-1,2.0,5067,-1,-1,-1
3242,3241,2207,1993,1992,1992,2113,1884,5122,.,.,-1,6.0,3716,-1,-1,-1
3242,3241,2208,1994,1994,1994,2113,1888,5122,.,.,-1,7.0,3716,-1,-1,-1
3242,3241,2209,1995,1994,1994,2113,1888,5122,.,.,-1,12.0,5067,-1,-1,-1
3242,3241,2210,1996,1996,1996,2113,1890,5122,.,.,-1,3.0,3716,-1,-1,-1
3242,3241,2211,1997,1997,1997,2113,1894,5122,.,.,-1,3.0,5067,-1,-1,-1
3242,3241,2212,1998,1997,1997,2113,1894,5122,.,.,-1,4.0,3716,-1,-1,-1
3242,3241,2213,1999,1999,1999,2113,1896,5122,.,.,-1,15.0,5067,-1,-1,-1
3242,3241,2214,2000,1999,1999,2113,1896,5122,.,.,-1,20.0,3716,-1,-1,-1
3242,3241,2215,2001,2001,2001,2113,2328,5122,.,.,-1,11.0,3716,-1,-1,-1
3242,3241,2216,2002,2001,2001,2113,2328,5122,.,.,-1,12.0,5067,-1,-1,-1
3242,3241,2217,2003,2003,2003,2113,2330,5122,.,.,-1,1.0,3716,-1,-1,-1
3242,3241,2218,2004,2004,2004,2113,2332,5122,.,.,-1,1.0,3716,-1,-1,-1
3242,3241,2219,2005,2005,2005,2113,2334,5122,.,.,-1,2.0,3716,-1,-1,-1
3242,3241,2220,2006,2006,2006,2113,2336,5122,.,.,-1,3.0,3716,-1,-1,-1
3242,3241,2221,2007,2007,2007,2113,2338,5122,.,.,-1,3.0,3716,-1,-1,-1
3242,3241,2222,2008,2008,2008,2113,2340,5122,.,.,-1,2.0,5067,-1,-1,-1
3242,3241,2223,2009,2008,2008,2113,2340,5122,.,.,-1,11.0,3716,-1,-1,-1
3242,3241,2224,2010,2010,2010,2113,2782,5122,.,.,-1,3.0,3715,-1,-1,-1
3242,3241,2225,2011,2011,2011,2113,2784,5122,.,.,-1,2.0,3716,-1,-1,-1
3242,3241,2226,2012,2012,2012,2113,3238,5122,.,.,-1,6.0,3716,-1,-1,-1
3242,3241,2227,2013,2013,2013,2113,3240,5122,.,.,-1,2.0,3716,-1,-1,-1
3242,3241,2228,2014,2014,2014,2113,3244,5122,.,.,-1,3.0,3716,-1,-1,-1
3242,3241,2229,2015,2015,2015,2113,3246,5122,.,.,-1,6.0,3716,-1,-1,-1
3242,3241,2230,2016,2015,2015,2113,3246,5122,.,.,-1,8.0,5067,-1,-1,-1
3242,3241,2231,2017,2017,2017,2113,3250,5122,.,.,-1,5.0,3716,-1,-1,-1
3242,3241,2232,2018,2018,2018,2113,3252,5122,.,.,-1,8.0,3716,-1,-1,-1
3242,3241,2233,2019,2018,2018,2113,3252,5122,.,.,-1,8.0,5067,-1,-1,-1
3242,3241,2234,2020,2020,2020,2113,3254,5122,.,.,-1,8.0,3716,-1,-1,-1
3242,3241,2235,2021,2020,2020,2113,3254,5122,.,.,-1,9.0,5067,-1,-1,-1
3242,3241,2239,2025,2025,2025,2113,3260,5122,.,.,-1,2.0,3716,-1,-1,-1
3242,3241,2236,2022,2022,2022,2113,3256,5122,.,.,-1,4.0,3716,-1,-1,-1
3242,3241,2237,2023,2023,2023,2113,3258,5122,.,.,-1,6.0,5067,-1,-1,-1
3242,3241,2238,2024,2023,2023,2113,3258,5122,.,.,-1,18.0,3716,-1,-1,-1
3242,3241,2240,2026,2026,2026,2113,3262,5122,.,.,-1,3.0,3716,-1,-1,-1
3242,3241,2241,2027,2027,2027,2113,3264,5122,.,.,-1,11.0,3715,-1,-1,-1
3242,3241,2242,2028,2028,2028,2113,3266,5122,.,.,-1,8.0,3716,-1,-1,-1
3242,3241,2243,2029,2028,2028,2113,3266,5122,.,.,-1,17.0,5067,-1,-1,-1
3242,3241,2244,2030,2030,2030,2113,3268,5122,.,.,-1,6.0,3716,-1,-1,-1
3242,3241,2245,2031,2030,2030,2113,3268,5122,.,.,-1,18.0,5067,-1,-1,-1
3242,3241,2246,2032,2032,2032,2113,3702,5122,.,.,-1,1.0,5067,-1,-1,-1
3242,3241,2247,2033,2032,2032,2113,3702,5122,.,.,-1,6.0,3716,-1,-1,-1
3242,3241,2248,2034,2034,2034,2113,3704,5122,.,.,-1,7.0,3716,-1,-1,-1
3242,3241,2249,2035,2035,2035,2113,3706,5122,.,.,-1,8.0,3716,-1,-1,-1
3242,3241,2250,2036,2035,2035,2113,3706,5122,.,.,-1,9.0,5067,-1,-1,-1
3242,3241,2251,2037,2037,2037,2113,3708,5122,.,.,-1,2.0,3716,-1,-1,-1
3242,3241,2252,2038,2037,2037,2113,3708,5122,.,.,-1,32.0,3715,-1,-1,-1
3242,3241,2253,2039,2039,2039,2113,3710,5122,.,.,-1,3.0,3716,-1,-1,-1
3242,3241,2254,2040,2040,2040,2113,3712,5122,.,.,-1,3.0,3715,-1,-1,-1
3242,3241,2255,2041,2041,2041,2113,3714,5122,.,.,-1,8.0,3715,-1,-1,-1
3242,3241,2256,2042,2042,2042,2113,3718,5122,.,.,-1,3.0,3716,-1,-1,-1
3242,3241,2257,2043,2043,2043,2113,4154,5122,.,.,-1,13.0,3715,-1,-1,-1
3242,3241,2258,2044,2044,2044,2113,4156,5122,.,.,-1,13.0,3715,-1,-1,-1
3242,3241,2259,2045,2045,2045,2113,4598,5122,.,.,-1,2.0,3716,-1,-1,-1
3242,3241,2260,2046,2046,2046,2113,4600,5122,.,.,-1,2.0,3716,-1,-1,-1
3242,3241,2261,2047,2047,2047,2113,4602,5122,.,.,-1,29.0,3715,-1,-1,-1
3242,3241,2262,2048,2048,2048,2113,4604,5122,.,.,-1,6.0,3716,-1,-1,-1
3242,3241,2263,2049,2049,2049,2113,4606,5122,.,.,-1,1.0,3716,-1,-1,-1
3242,3241,2264,2050,2050,2050,2113,4610,5122,.,.,-1,4.0,3716,-1,-1,-1
3242,3241,2265,2051,2051,2051,2113,5062,5122,.,.,-1,2.0,3716,-1,-1,-1
3242,3241,2266,2052,2052,2052,2113,5064,5122,.,.,-1,11.0,3716,-1,-1,-1
3242,3241,2267,2053,2052,2052,2113,5064,5122,.,.,-1,16.0,5067,-1,-1,-1
3242,3241,2268,2054,2054,2054,2113,5066,5122,.,.,-1,2.0,5067,-1,-1,-1
3242,3241,2269,2055,2054,2054,2113,5066,5122,.,.,-1,5.0,3716,-1,-1,-1
3242,3241,2270,2056,2056,2056,2113,5069,5122,.,.,-1,7.0,3715,-1,-1,-1
3242,3241,2271,2057,2057,2057,2113,5071,5122,.,.,-1,4.0,3716,-1,-1,-1
3242,3241,2272,2058,2057,2057,2113,5071,5122,.,.,-1,5.0,5067,-1,-1,-1
3242,3241,2273,2059,2059,2059,2113,5073,5122,.,.,-1,5.0,3716,-1,-1,-1
3242,3241,2274,2060,2059,2059,2113,5073,5122,.,.,-1,13.0,5067,-1,-1,-1
3242,3241,2275,2061,2061,2061,2113,5077,5122,.,.,-1,26.0,3715,-1,-1,-1
3242,3241,2276,2062,2062,2062,2113,5079,5122,.,.,-1,3.0,3716,-1,-1,-1
3242,3241,2277,2063,2063,2063,2113,5081,5122,.,.,-1,8.0,5067,-1,-1,-1
3242,3241,2278,2064,2063,2063,2113,5081,5122,.,.,-1,10.0,3716,-1,-1,-1
3242,3241,2279,2065,2065,2065,2113,5083,5122,.,.,-1,3.0,3716,-1,-1,-1
3242,3241,2280,2066,2066,2066,2113,5085,5122,.,.,-1,1.0,3716,-1,-1,-1
3242,3241,2281,2067,2067,2067,2113,5087,5122,.,.,-1,14.0,3716,-1,-1,-1
3242,3241,2282,2068,2067,2067,2113,5087,5122,.,.,-1,19.0,5067,-1,-1,-1
3242,3241,2283,2069,2069,2069,2113,5091,5122,.,.,-1,10.0,3716,-1,-1,-1
3242,3241,2284,2070,2069,2069,2113,5091,5122,.,.,-1,18.0,5067,-1,-1,-1
3242,3241,2285,2071,2071,2071,2113,5095,5122,.,.,-1,4.0,3716,-1,-1,-1
3242,3241,2288,2074,2074,2074,2113,5099,5122,.,.,-1,4.0,3716,-1,-1,-1
3242,3241,2286,2072,2072,2072,2113,5097,5122,.,.,-1,4.0,5067,-1,-1,-1
3242,3241,2287,2073,2072,2072,2113,5097,5122,.,.,-1,5.0,3716,-1,-1,-1
3242,3241,2289,2075,2075,2075,2113,5101,5122,.,.,-1,4.0,3716,-1,-1,-1
3242,3241,2290,2076,2075,2075,2113,5101,5122,.,.,-1,5.0,5067,-1,-1,-1
3242,3241,2291,2077,2077,2077,2113,5107,5122,.,.,-1,10.0,3715,-1,-1,-1
3242,3241,2292,2078,2078,2078,2113,5109,5122,.,.,-1,6.0,5067,-1,-1,-1
3242,3241,2293,2079,2078,2078,2113,5109,5122,.,.,-1,7.0,3716,-1,-1,-1
3242,3241,2294,2080,2080,2080,2113,5117,5122,.,.,-1,7.0,5067,-1,-1,-1
3242,3241,2295,2081,2080,2080,2113,5117,5122,.,.,-1,12.0,3716,-1,-1,-1
3242,3241,2296,2082,2082,2082,2113,5119,5122,.,.,-1,3.0,3716,-1,-1,-1
3242,3241,2297,2083,2083,2083,2113,5121,5122,.,.,-1,3.0,5067,-1,-1,-1
3242,3241,2298,2084,2083,2083,2113,5121,5122,.,.,-1,6.0,3716,-1,-1,-1
3242,3241,2299,2085,2085,2085,2113,5124,5122,.,.,-1,1.0,5067,-1,-1,-1
3242,3241,2300,2086,2085,2085,2113,5124,5122,.,.,-1,4.0,3716,-1,-1,-1
3242,3241,2301,2087,2087,2087,2113,5126,5122,.,.,-1,6.0,5067,-1,-1,-1
3242,3241,2302,2088,2087,2087,2113,5126,5122,.,.,-1,10.0,3716,-1,-1,-1
3242,3241,2303,2089,2089,2089,2113,5580,5122,.,.,-1,2.0,3716,-1,-1,-1
3242,3241,2304,2090,2090,2090,2113,5584,5122,.,.,-1,5.0,3716,-1,-1,-1
3242,3241,2305,2091,2090,2090,2113,5584,5122,.,.,-1,6.0,5067,-1,-1,-1
3242,3241,2306,2092,2092,2092,2113,5586,5122,.,.,-1,15.0,5067,-1,-1,-1
3242,3241,2307,2093,2092,2092,2113,5586,5122,.,.,-1,22.0,3716,-1,-1,-1
3242,3241,2308,2094,2094,2094,2113,5588,5122,.,.,-1,3.0,3716,-1,-1,-1
3242,3241,2309,2095,2095,2095,2113,5590,5122,.,.,-1,2.0,5067,-1,-1,-1
3242,3241,2310,2096,2095,2095,2113,5590,5122,.,.,-1,3.0,3716,-1,-1,-1
3242,3241,2311,2097,2097,2097,2113,5592,5122,.,.,-1,5.0,3716,-1,-1,-1
3242,3241,2312,2098,2098,2098,2113,5594,5122,.,.,-1,5.0,3716,-1,-1,-1
3242,3241,2313,2099,2099,2099,2113,5596,5122,.,.,-1,10.0,5067,-1,-1,-1
3242,3241,2314,2100,2099,2099,2113,5596,5122,.,.,-1,13.0,3716,-1,-1,-1
3242,3241,2315,2101,2101,2101,2113,5598,5122,.,.,-1,15.0,3715,-1,-1,-1
3242,3241,2316,2102,2102,2102,2113,5600,5122,.,.,-1,4.0,5067,-1,-1,-1
3242,3241,2317,2103,2102,2102,2113,5600,5122,.,.,-1,9.0,3716,-1,-1,-1
3242,3241,2318,2104,2102,2102,2113,5600,5122,.,.,-1,11.0,3715,-1,-1,-1
3242,3241,2319,2105,2105,2105,2113,5602,5122,.,.,-1,1.0,3716,-1,-1,-1
3242,3241,2320,2106,2106,2106,2113,5604,5122,.,.,-1,3.0,3716,-1,-1,-1
3242,3241,2321,2107,2107,2107,2113,5606,5122,.,.,-1,5.0,3716,-1,-1,-1
3242,3241,2322,2108,2108,2108,2113,5608,5122,.,.,-1,3.0,3716,-1,-1,-1
3242,3241,2323,2109,2109,2109,2113,6064,5122,.,.,-1,16.0,5067,-1,-1,-1
3242,3241,2324,2110,2109,2109,2113,6064,5122,.,.,-1,25.0,3716,-1,-1,-1
3242,3241,2325,2111,2111,2111,2113,6066,5122,.,.,-1,4.0,5067,-1,-1,-1
3242,3241,2326,2112,2111,2111,2113,6066,5122,.,.,-1,5.0,3716,-1,-1,-1
3242,3241,2559,2342,2342,2342,2558,6,5122,.,.,-1,4.0,3716,-1,-1,-1
3242,3241,2560,2343,2343,2343,2558,8,5122,.,.,-1,11.0,3716,-1,-1,-1
3242,3241,2561,2344,2343,2343,2558,8,5122,.,.,-1,12.0,5067,-1,-1,-1
3242,3241,2562,2345,2345,2345,2558,10,5122,.,.,-1,9.0,5067,-1,-1,-1
3242,3241,2563,2346,2345,2345,2558,10,5122,.,.,-1,13.0,3716,-1,-1,-1
3242,3241,2564,2347,2347,2347,2558,12,5122,.,.,-1,6.0,3715,-1,-1,-1
3242,3241,2565,2348,2348,2348,2558,16,5122,.,.,-1,5.0,3716,-1,-1,-1
3242,3241,2566,2349,2348,2348,2558,16,5122,.,.,-1,5.0,5067,-1,-1,-1
3242,3241,2567,2350,2350,2350,2558,22,5122,.,.,-1,12.0,3716,-1,-1,-1
3242,3241,2568,2351,2350,2350,2558,22,5122,.,.,-1,24.0,5067,-1,-1,-1
3242,3241,2569,2352,2352,2352,2558,24,5122,.,.,-1,6.0,3716,-1,-1,-1
3242,3241,2570,2353,2352,2352,2558,24,5122,.,.,-1,6.0,5067,-1,-1,-1
3242,3241,2571,2354,2354,2354,2558,26,5122,.,.,-1,1.0,3716,-1,-1,-1
3242,3241,2572,2355,2355,2355,2558,28,5122,.,.,-1,7.0,5067,-1,-1,-1
3242,3241,2573,2356,2355,2355,2558,28,5122,.,.,-1,9.0,3716,-1,-1,-1
3242,3241,2574,2357,2357,2357,2558,30,5122,.,.,-1,3.0,3716,-1,-1,-1
3242,3241,2575,2358,2358,2358,2558,32,5122,.,.,-1,8.0,3716,-1,-1,-1
3242,3241,2576,2359,2358,2358,2558,32,5122,.,.,-1,8.0,5067,-1,-1,-1
3242,3241,2577,2360,2360,2360,2558,34,5122,.,.,-1,4.0,5067,-1,-1,-1
3242,3241,2578,2361,2360,2360,2558,34,5122,.,.,-1,11.0,3716,-1,-1,-1
3242,3241,2580,2363,2363,2363,2558,38,5122,.,.,-1,3.0,5067,-1,-1,-1
3242,3241,2581,2364,2363,2363,2558,38,5122,.,.,-1,6.0,3716,-1,-1,-1
3242,3241,2579,2362,2362,2362,2558,36,5122,.,.,-1,6.0,3716,-1,-1,-1
3242,3241,2582,2365,2365,2365,2558,40,5122,.,.,-1,3.0,3716,-1,-1,-1
3242,3241,2583,2366,2366,2366,2558,42,5122,.,.,-1,11.0,5067,-1,-1,-1
3242,3241,2584,2367,2366,2366,2558,42,5122,.,.,-1,16.0,3716,-1,-1,-1
3242,3241,2585,2368,2368,2368,2558,44,5122,.,.,-1,2.0,3716,-1,-1,-1
3242,3241,2586,2369,2368,2368,2558,44,5122,.,.,-1,6.0,5067,-1,-1,-1
3242,3241,2587,2370,2370,2370,2558,46,5122,.,.,-1,21.0,3716,-1,-1,-1
3242,3241,2588,2371,2370,2370,2558,46,5122,.,.,-1,38.0,5067,-1,-1,-1
3242,3241,2589,2372,2372,2372,2558,48,5122,.,.,-1,4.0,3716,-1,-1,-1
3242,3241,2590,2373,2372,2372,2558,48,5122,.,.,-1,6.0,5067,-1,-1,-1
3242,3241,2591,2374,2374,2374,2558,50,5122,.,.,-1,3.0,3716,-1,-1,-1
3242,3241,2592,2375,2375,2375,2558,52,5122,.,.,-1,3.0,3716,-1,-1,-1
3242,3241,2593,2376,2376,2376,2558,56,5122,.,.,-1,3.0,5067,-1,-1,-1
3242,3241,2594,2377,2376,2376,2558,56,5122,.,.,-1,10.0,3716,-1,-1,-1
3242,3241,2595,2378,2378,2378,2558,58,5122,.,.,-1,7.0,3716,-1,-1,-1
3242,3241,2596,2379,2378,2378,2558,58,5122,.,.,-1,10.0,5067,-1,-1,-1
3242,3241,2597,2380,2380,2380,2558,60,5122,.,.,-1,5.0,5067,-1,-1,-1
3242,3241,2598,2381,2380,2380,2558,60,5122,.,.,-1,7.0,3716,-1,-1,-1
3242,3241,2599,2382,2382,2382,2558,480,5122,.,.,-1,4.0,3716,-1,-1,-1
3242,3241,2600,2383,2383,2383,2558,482,5122,.,.,-1,1.0,3716,-1,-1,-1
3242,3241,2601,2384,2384,2384,2558,484,5122,.,.,-1,3.0,3716,-1,-1,-1
3242,3241,2602,2385,2385,2385,2558,486,5122,.,.,-1,3.0,3716,-1,-1,-1
3242,3241,2603,2386,2385,2385,2558,486,5122,.,.,-1,16.0,3715,-1,-1,-1
3242,3241,2604,2387,2387,2387,2558,488,5122,.,.,-1,21.0,5067,-1,-1,-1
3242,3241,2605,2388,2387,2387,2558,488,5122,.,.,-1,24.0,3716,-1,-1,-1
3242,3241,2606,2389,2389,2389,2558,490,5122,.,.,-1,21.0,3716,-1,-1,-1
3242,3241,2607,2390,2389,2389,2558,490,5122,.,.,-1,26.0,5067,-1,-1,-1
3242,3241,2608,2391,2391,2391,2558,492,5122,.,.,-1,3.0,3716,-1,-1,-1
3242,3241,2609,2392,2392,2392,2558,494,5122,.,.,-1,5.0,3716,-1,-1,-1
3242,3241,2610,2393,2393,2393,2558,496,5122,.,.,-1,1.0,3716,-1,-1,-1
3242,3241,2611,2394,2394,2394,2558,498,5122,.,.,-1,2.0,3716,-1,-1,-1
3242,3241,2612,2395,2395,2395,2558,500,5122,.,.,-1,2.0,5067,-1,-1,-1
3242,3241,2613,2396,2395,2395,2558,500,5122,.,.,-1,4.0,3716,-1,-1,-1
3242,3241,2614,2397,2397,2397,2558,502,5122,.,.,-1,1.0,3716,-1,-1,-1
3242,3241,2615,2398,2398,2398,2558,506,5122,.,.,-1,27.0,3715,-1,-1,-1
3242,3241,2616,2399,2399,2399,2558,508,5122,.,.,-1,1.0,3716,-1,-1,-1
3242,3241,2617,2400,2400,2400,2558,512,5122,.,.,-1,2.0,3716,-1,-1,-1
3242,3241,2618,2401,2401,2401,2558,517,5122,.,.,-1,3.0,3716,-1,-1,-1
3242,3241,2619,2402,2402,2402,2558,519,5122,.,.,-1,1.0,3716,-1,-1,-1
3242,3241,2620,2403,2403,2403,2558,521,5122,.,.,-1,9.0,3716,-1,-1,-1
3242,3241,2621,2404,2403,2403,2558,521,5122,.,.,-1,10.0,5067,-1,-1,-1
3242,3241,2622,2405,2405,2405,2558,523,5122,.,.,-1,5.0,3716,-1,-1,-1
3242,3241,2623,2406,2406,2406,2558,528,5122,.,.,-1,7.0,3716,-1,-1,-1
3242,3241,2624,2407,2406,2406,2558,528,5122,.,.,-1,7.0,5067,-1,-1,-1
3242,3241,2625,2408,2408,2408,2558,532,5122,.,.,-1,2.0,3716,-1,-1,-1
3242,3241,2626,2409,2409,2409,2558,534,5122,.,.,-1,9.0,5067,-1,-1,-1
3242,3241,2627,2410,2409,2409,2558,534,5122,.,.,-1,13.0,3716,-1,-1,-1
3242,3241,2628,2411,2411,2411,2558,536,5122,.,.,-1,3.0,3716,-1,-1,-1
3242,3241,2629,2412,2412,2412,2558,538,5122,.,.,-1,7.0,5067,-1,-1,-1
3242,3241,2630,2413,2413,2413,2558,540,5122,.,.,-1,2.0,3716,-1,-1,-1
3242,3241,2631,2414,2414,2414,2558,542,5122,.,.,-1,6.0,3716,-1,-1,-1
3242,3241,2632,2415,2415,2415,2558,544,5122,.,.,-1,7.0,5067,-1,-1,-1
3242,3241,2633,2416,2415,2415,2558,544,5122,.,.,-1,8.0,3716,-1,-1,-1
3242,3241,2634,2417,2417,2417,2558,546,5122,.,.,-1,2.0,3716,-1,-1,-1
3242,3241,2635,2418,2418,2418,2558,548,5122,.,.,-1,15.0,3716,-1,-1,-1
3242,3241,2636,2419,2418,2418,2558,548,5122,.,.,-1,17.0,5067,-1,-1,-1
3242,3241,2637,2420,2420,2420,2558,1416,5122,.,.,-1,4.0,3716,-1,-1,-1
3242,3241,2638,2421,2421,2421,2558,1418,5122,.,.,-1,7.0,5067,-1,-1,-1
3242,3241,2639,2422,2421,2421,2558,1418,5122,.,.,-1,8.0,3716,-1,-1,-1
3242,3241,2640,2423,2423,2423,2558,1420,5122,.,.,-1,9.0,5067,-1,-1,-1
3242,3241,2641,2424,2423,2423,2558,1420,5122,.,.,-1,10.0,3716,-1,-1,-1
3242,3241,2642,2425,2425,2425,2558,1422,5122,.,.,-1,9.0,3716,-1,-1,-1
3242,3241,2643,2426,2425,2425,2558,1422,5122,.,.,-1,12.0,5067,-1,-1,-1
3242,3241,2644,2427,2427,2427,2558,1424,5122,.,.,-1,6.0,3715,-1,-1,-1
3242,3241,2645,2428,2428,2428,2558,1880,5122,.,.,-1,1.0,3716,-1,-1,-1
3242,3241,2646,2429,2428,2428,2558,1880,5122,.,.,-1,2.0,5067,-1,-1,-1
3242,3241,2650,2433,2433,2433,2558,1886,5122,.,.,-1,4.0,3716,-1,-1,-1
3242,3241,2647,2430,2430,2430,2558,1882,5122,.,.,-1,1.0,3716,-1,-1,-1
3242,3241,2648,2431,2431,2431,2558,1884,5122,.,.,-1,1.0,5067,-1,-1,-1
3242,3241,2649,2432,2431,2431,2558,1884,5122,.,.,-1,4.0,3716,-1,-1,-1
3242,3241,2651,2434,2434,2434,2558,1888,5122,.,.,-1,14.0,3716,-1,-1,-1
3242,3241,2652,2435,2434,2434,2558,1888,5122,.,.,-1,19.0,5067,-1,-1,-1
3242,3241,2653,2436,2436,2436,2558,1892,5122,.,.,-1,13.0,3715,-1,-1,-1
3242,3241,2654,2437,2437,2437,2558,1894,5122,.,.,-1,1.0,3716,-1,-1,-1
3242,3241,2655,2438,2438,2438,2558,1896,5122,.,.,-1,2.0,3716,-1,-1,-1
3242,3241,2656,2439,2438,2438,2558,1896,5122,.,.,-1,5.0,5067,-1,-1,-1
3242,3241,2657,2440,2440,2440,2558,2328,5122,.,.,-1,1.0,5067,-1,-1,-1
3242,3241,2658,2441,2440,2440,2558,2328,5122,.,.,-1,4.0,3716,-1,-1,-1
3242,3241,2659,2442,2442,2442,2558,2330,5122,.,.,-1,3.0,3716,-1,-1,-1
3242,3241,2660,2443,2443,2443,2558,2332,5122,.,.,-1,3.0,3716,-1,-1,-1
3242,3241,2661,2444,2444,2444,2558,2334,5122,.,.,-1,5.0,3716,-1,-1,-1
3242,3241,2662,2445,2445,2445,2558,2336,5122,.,.,-1,3.0,3716,-1,-1,-1
3242,3241,2663,2446,2446,2446,2558,2338,5122,.,.,-1,2.0,3716,-1,-1,-1
3242,3241,2664,2447,2447,2447,2558,2340,5122,.,.,-1,22.0,3716,-1,-1,-1
3242,3241,2665,2448,2447,2447,2558,2340,5122,.,.,-1,23.0,5067,-1,-1,-1
3242,3241,2666,2449,2449,2449,2558,2780,5122,.,.,-1,3.0,3716,-1,-1,-1
3242,3241,2667,2450,2450,2450,2558,2784,5122,.,.,-1,2.0,5067,-1,-1,-1
3242,3241,2668,2451,2450,2450,2558,2784,5122,.,.,-1,3.0,3716,-1,-1,-1
3242,3241,2669,2452,2452,2452,2558,3238,5122,.,.,-1,4.0,3716,-1,-1,-1
3242,3241,2670,2453,2453,2453,2558,3240,5122,.,.,-1,2.0,3716,-1,-1,-1
3242,3241,2671,2454,2454,2454,2558,3244,5122,.,.,-1,4.0,3716,-1,-1,-1
3242,3241,2672,2455,2455,2455,2558,3246,5122,.,.,-1,3.0,3716,-1,-1,-1
3242,3241,2673,2456,2456,2456,2558,3248,5122,.,.,-1,3.0,3716,-1,-1,-1
3242,3241,2674,2457,2457,2457,2558,3250,5122,.,.,-1,1.0,3716,-1,-1,-1
3242,3241,2675,2458,2458,2458,2558,3252,5122,.,.,-1,3.0,3716,-1,-1,-1
3242,3241,2676,2459,2458,2458,2558,3252,5122,.,.,-1,4.0,5067,-1,-1,-1
3242,3241,2677,2460,2460,2460,2558,3254,5122,.,.,-1,6.0,5067,-1,-1,-1
3242,3241,2678,2461,2460,2460,2558,3254,5122,.,.,-1,9.0,3716,-1,-1,-1
3242,3241,2681,2464,2464,2464,2558,3260,5122,.,.,-1,1.0,3716,-1,-1,-1
3242,3241,2679,2462,2462,2462,2558,3256,5122,.,.,-1,2.0,3716,-1,-1,-1
3242,3241,2680,2463,2463,2463,2558,3258,5122,.,.,-1,2.0,3716,-1,-1,-1
3242,3241,2682,2465,2465,2465,2558,3262,5122,.,.,-1,1.0,3716,-1,-1,-1
3242,3241,2683,2466,2466,2466,2558,3264,5122,.,.,-1,9.0,3715,-1,-1,-1
3242,3241,2684,2467,2467,2467,2558,3266,5122,.,.,-1,2.0,3716,-1,-1,-1
3242,3241,2685,2468,2467,2467,2558,3266,5122,.,.,-1,2.0,5067,-1,-1,-1
3242,3241,2686,2469,2469,2469,2558,3268,5122,.,.,-1,3.0,5067,-1,-1,-1
3242,3241,2687,2470,2469,2469,2558,3268,5122,.,.,-1,4.0,3716,-1,-1,-1
3242,3241,2688,2471,2471,2471,2558,3702,5122,.,.,-1,1.0,5067,-1,-1,-1
3242,3241,2689,2472,2471,2471,2558,3702,5122,.,.,-1,3.0,3716,-1,-1,-1
3242,3241,2690,2473,2473,2473,2558,3704,5122,.,.,-1,3.0,3716,-1,-1,-1
3242,3241,2691,2474,2473,2473,2558,3704,5122,.,.,-1,5.0,5067,-1,-1,-1
3242,3241,2692,2475,2475,2475,2558,3706,5122,.,.,-1,7.0,5067,-1,-1,-1
3242,3241,2693,2476,2475,2475,2558,3706,5122,.,.,-1,11.0,3716,-1,-1,-1
3242,3241,2694,2477,2477,2477,2558,3708,5122,.,.,-1,7.0,5067,-1,-1,-1
3242,3241,2695,2478,2477,2477,2558,3708,5122,.,.,-1,14.0,3716,-1,-1,-1
3242,3241,2696,2479,2479,2479,2558,3710,5122,.,.,-1,1.0,3716,-1,-1,-1
3242,3241,2697,2480,2480,2480,2558,3712,5122,.,.,-1,1.0,3716,-1,-1,-1
3242,3241,2698,2481,2480,2480,2558,3712,5122,.,.,-1,1.0,5067,-1,-1,-1
3242,3241,2699,2482,2480,2480,2558,3712,5122,.,.,-1,3.0,3715,-1,-1,-1
3242,3241,2700,2483,2483,2483,2558,3718,5122,.,.,-1,2.0,3716,-1,-1,-1
3242,3241,2701,2484,2484,2484,2558,4154,5122,.,.,-1,10.0,3715,-1,-1,-1
3242,3241,2702,2485,2485,2485,2558,4156,5122,.,.,-1,29.0,3715,-1,-1,-1
3242,3241,2703,2486,2486,2486,2558,4596,5122,.,.,-1,3.0,3716,-1,-1,-1
3242,3241,2704,2487,2487,2487,2558,4598,5122,.,.,-1,3.0,3716,-1,-1,-1
3242,3241,2705,2488,2488,2488,2558,4604,5122,.,.,-1,1.0,3716,-1,-1,-1
3242,3241,2706,2489,2489,2489,2558,4606,5122,.,.,-1,1.0,3716,-1,-1,-1
3242,3241,2707,2490,2490,2490,2558,4608,5122,.,.,-1,3.0,3716,-1,-1,-1
3242,3241,2708,2491,2491,2491,2558,4610,5122,.,.,-1,2.0,3716,-1,-1,-1
3242,3241,2709,2492,2492,2492,2558,5062,5122,.,.,-1,1.0,3716,-1,-1,-1
3242,3241,2710,2493,2493,2493,2558,5064,5122,.,.,-1,1.0,5067,-1,-1,-1
3242,3241,2711,2494,2493,2493,2558,5064,5122,.,.,-1,3.0,3716,-1,-1,-1
3242,3241,2712,2495,2495,2495,2558,5066,5122,.,.,-1,3.0,5067,-1,-1,-1
3242,3241,2713,2496,2495,2495,2558,5066,5122,.,.,-1,6.0,3716,-1,-1,-1
3242,3241,2714,2497,2497,2497,2558,5069,5122,.,.,-1,4.0,3716,-1,-1,-1
3242,3241,2715,2498,2497,2497,2558,5069,5122,.,.,-1,4.0,5067,-1,-1,-1
3242,3241,2716,2499,2499,2499,2558,5071,5122,.,.,-1,1.0,3716,-1,-1,-1
3242,3241,2717,2500,2500,2500,2558,5073,5122,.,.,-1,5.0,3715,-1,-1,-1
3242,3241,2718,2501,2500,2500,2558,5073,5122,.,.,-1,11.0,3716,-1,-1,-1
3242,3241,2719,2502,2500,2500,2558,5073,5122,.,.,-1,14.0,5067,-1,-1,-1
3242,3241,2720,2503,2503,2503,2558,5075,5122,.,.,-1,4.0,3715,-1,-1,-1
3242,3241,2721,2504,2504,2504,2558,5077,5122,.,.,-1,14.0,3715,-1,-1,-1
3242,3241,2722,2505,2505,2505,2558,5079,5122,.,.,-1,7.0,3716,-1,-1,-1
3242,3241,2723,2506,2505,2505,2558,5079,5122,.,.,-1,12.0,5067,-1,-1,-1
3242,3241,2724,2507,2507,2507,2558,5081,5122,.,.,-1,11.0,3716,-1,-1,-1
3242,3241,2725,2508,2507,2507,2558,5081,5122,.,.,-1,25.0,5067,-1,-1,-1
3242,3241,2726,2509,2509,2509,2558,5083,5122,.,.,-1,9.0,3716,-1,-1,-1
3242,3241,2727,2510,2509,2509,2558,5083,5122,.,.,-1,13.0,5067,-1,-1,-1
3242,3241,2728,2511,2511,2511,2558,5085,5122,.,.,-1,4.0,3716,-1,-1,-1
3242,3241,2729,2512,2512,2512,2558,5087,5122,.,.,-1,11.0,5067,-1,-1,-1
3242,3241,2730,2513,2512,2512,2558,5087,5122,.,.,-1,14.0,3716,-1,-1,-1
3242,3241,2731,2514,2514,2514,2558,5091,5122,.,.,-1,5.0,3716,-1,-1,-1
3242,3241,2732,2515,2514,2514,2558,5091,5122,.,.,-1,14.0,5067,-1,-1,-1
3242,3241,2733,2516,2516,2516,2558,5093,5122,.,.,-1,20.0,3715,-1,-1,-1
3242,3241,2734,2517,2517,2517,2558,5095,5122,.,.,-1,4.0,3716,-1,-1,-1
3242,3241,2735,2518,2518,2518,2558,5097,5122,.,.,-1,2.0,5067,-1,-1,-1
3242,3241,2736,2519,2518,2518,2558,5097,5122,.,.,-1,3.0,3716,-1,-1,-1
3242,3241,2737,2520,2520,2520,2558,5101,5122,.,.,-1,7.0,5067,-1,-1,-1
3242,3241,2738,2521,2520,2520,2558,5101,5122,.,.,-1,8.0,3716,-1,-1,-1
3242,3241,2739,2522,2522,2522,2558,5103,5122,.,.,-1,3.0,3715,-1,-1,-1
3242,3241,2740,2523,2523,2523,2558,5107,5122,.,.,-1,14.0,3715,-1,-1,-1
3242,3241,2741,2524,2524,2524,2558,5109,5122,.,.,-1,18.0,3716,-1,-1,-1
3242,3241,2742,2525,2524,2524,2558,5109,5122,.,.,-1,23.0,5067,-1,-1,-1
3242,3241,2743,2526,2526,2526,2558,5111,5122,.,.,-1,19.0,3715,-1,-1,-1
3242,3241,2744,2527,2527,2527,2558,5117,5122,.,.,-1,13.0,3716,-1,-1,-1
3242,3241,2745,2528,2527,2527,2558,5117,5122,.,.,-1,16.0,5067,-1,-1,-1
3242,3241,2746,2529,2529,2529,2558,5119,5122,.,.,-1,5.0,5067,-1,-1,-1
3242,3241,2747,2530,2529,2529,2558,5119,5122,.,.,-1,9.0,3716,-1,-1,-1
3242,3241,2748,2531,2531,2531,2558,5121,5122,.,.,-1,6.0,5067,-1,-1,-1
3242,3241,2749,2532,2531,2531,2558,5121,5122,.,.,-1,10.0,3716,-1,-1,-1
3242,3241,2750,2533,2533,2533,2558,5124,5122,.,.,-1,3.0,5067,-1,-1,-1
3242,3241,2751,2534,2533,2533,2558,5124,5122,.,.,-1,8.0,3716,-1,-1,-1
3242,3241,2752,2535,2535,2535,2558,5126,5122,.,.,-1,2.0,3716,-1,-1,-1
3242,3241,2753,2536,2536,2536,2558,5580,5122,.,.,-1,3.0,3716,-1,-1,-1
3242,3241,2754,2537,2536,2536,2558,5580,5122,.,.,-1,4.0,5067,-1,-1,-1
3242,3241,2755,2538,2538,2538,2558,5584,5122,.,.,-1,16.0,5067,-1,-1,-1
3242,3241,2756,2539,2538,2538,2558,5584,5122,.,.,-1,20.0,3716,-1,-1,-1
3242,3241,2757,2540,2540,2540,2558,5586,5122,.,.,-1,11.0,3716,-1,-1,-1
3242,3241,2758,2541,2540,2540,2558,5586,5122,.,.,-1,12.0,5067,-1,-1,-1
3242,3241,2759,2542,2542,2542,2558,5588,5122,.,.,-1,2.0,3716,-1,-1,-1
3242,3241,2760,2543,2543,2543,2558,5590,5122,.,.,-1,3.0,3716,-1,-1,-1
3242,3241,2761,2544,2544,2544,2558,5592,5122,.,.,-1,1.0,3716,-1,-1,-1
3242,3241,2762,2545,2545,2545,2558,5594,5122,.,.,-1,4.0,3716,-1,-1,-1
3242,3241,2763,2546,2546,2546,2558,5596,5122,.,.,-1,9.0,3716,-1,-1,-1
3242,3241,2764,2547,2546,2546,2558,5596,5122,.,.,-1,15.0,5067,-1,-1,-1
3242,3241,2765,2548,2548,2548,2558,5598,5122,.,.,-1,3.0,3715,-1,-1,-1
3242,3241,2766,2549,2549,2549,2558,5600,5122,.,.,-1,1.0,5067,-1,-1,-1
3242,3241,2767,2550,2549,2549,2558,5600,5122,.,.,-1,3.0,3716,-1,-1,-1
3242,3241,2768,2551,2551,2551,2558,5602,5122,.,.,-1,1.0,3716,-1,-1,-1
3242,3241,2769,2552,2552,2552,2558,5604,5122,.,.,-1,2.0,3716,-1,-1,-1
3242,3241,2770,2553,2553,2553,2558,5606,5122,.,.,-1,2.0,3716,-1,-1,-1
3242,3241,2771,2554,2554,2554,2558,5608,5122,.,.,-1,3.0,3716,-1,-1,-1
3242,3241,2772,2555,2555,2555,2558,6064,5122,.,.,-1,10.0,3716,-1,-1,-1
3242,3241,2773,2556,2555,2555,2558,6064,5122,.,.,-1,13.0,5067,-1,-1,-1
3242,3241,2774,2557,2557,2557,2558,6066,5122,.,.,-1,3.0,3716,-1,-1,-1
3242,3241,3012,2786,2786,2786,3011,2,5122,.,.,-1,5.0,3715,-1,-1,-1
3242,3241,3013,2787,2787,2787,3011,6,5122,.,.,-1,4.0,3716,-1,-1,-1
3242,3241,3014,2788,2788,2788,3011,8,5122,.,.,-1,2.0,3716,-1,-1,-1
3242,3241,3015,2789,2788,2788,3011,8,5122,.,.,-1,2.0,5067,-1,-1,-1
3242,3241,3016,2790,2790,2790,3011,10,5122,.,.,-1,9.0,3716,-1,-1,-1
3242,3241,3017,2791,2790,2790,3011,10,5122,.,.,-1,12.0,5067,-1,-1,-1
3242,3241,3018,2792,2792,2792,3011,12,5122,.,.,-1,24.0,3715,-1,-1,-1
3242,3241,3019,2793,2793,2793,3011,14,5122,.,.,-1,1.0,3716,-1,-1,-1
3242,3241,3020,2794,2794,2794,3011,16,5122,.,.,-1,1.0,5067,-1,-1,-1
3242,3241,3021,2795,2794,2794,3011,16,5122,.,.,-1,5.0,3716,-1,-1,-1
3242,3241,3022,2796,2796,2796,3011,22,5122,.,.,-1,23.0,5067,-1,-1,-1
3242,3241,3023,2797,2796,2796,3011,22,5122,.,.,-1,27.0,3716,-1,-1,-1
3242,3241,3024,2798,2798,2798,3011,24,5122,.,.,-1,13.0,3716,-1,-1,-1
3242,3241,3025,2799,2798,2798,3011,24,5122,.,.,-1,15.0,5067,-1,-1,-1
3242,3241,3026,2800,2800,2800,3011,26,5122,.,.,-1,2.0,3716,-1,-1,-1
3242,3241,3027,2801,2801,2801,3011,28,5122,.,.,-1,3.0,3716,-1,-1,-1
3242,3241,3028,2802,2802,2802,3011,30,5122,.,.,-1,4.0,3716,-1,-1,-1
3242,3241,3029,2803,2803,2803,3011,32,5122,.,.,-1,5.0,3716,-1,-1,-1
3242,3241,3030,2804,2803,2803,3011,32,5122,.,.,-1,15.0,5067,-1,-1,-1
3242,3241,3031,2805,2805,2805,3011,34,5122,.,.,-1,10.0,5067,-1,-1,-1
3242,3241,3032,2806,2805,2805,3011,34,5122,.,.,-1,11.0,3716,-1,-1,-1
3242,3241,3034,2808,2808,2808,3011,38,5122,.,.,-1,9.0,3716,-1,-1,-1
3242,3241,3035,2809,2808,2808,3011,38,5122,.,.,-1,12.0,5067,-1,-1,-1
3242,3241,3033,2807,2807,2807,3011,36,5122,.,.,-1,2.0,3716,-1,-1,-1
3242,3241,3036,2810,2810,2810,3011,40,5122,.,.,-1,2.0,3716,-1,-1,-1
3242,3241,3037,2811,2811,2811,3011,42,5122,.,.,-1,4.0,3716,-1,-1,-1
3242,3241,3038,2812,2811,2811,3011,42,5122,.,.,-1,4.0,5067,-1,-1,-1
3242,3241,3039,2813,2813,2813,3011,44,5122,.,.,-1,8.0,5067,-1,-1,-1
3242,3241,3040,2814,2813,2813,3011,44,5122,.,.,-1,10.0,3716,-1,-1,-1
3242,3241,3041,2815,2815,2815,3011,46,5122,.,.,-1,14.0,3716,-1,-1,-1
3242,3241,3042,2816,2815,2815,3011,46,5122,.,.,-1,17.0,5067,-1,-1,-1
3242,3241,3043,2817,2817,2817,3011,48,5122,.,.,-1,10.0,5067,-1,-1,-1
3242,3241,3044,2818,2817,2817,3011,48,5122,.,.,-1,11.0,3716,-1,-1,-1
3242,3241,3045,2819,2819,2819,3011,50,5122,.,.,-1,2.0,3716,-1,-1,-1
3242,3241,3046,2820,2820,2820,3011,52,5122,.,.,-1,3.0,3716,-1,-1,-1
3242,3241,3047,2821,2821,2821,3011,54,5122,.,.,-1,10.0,3716,-1,-1,-1
3242,3241,3048,2822,2821,2821,3011,54,5122,.,.,-1,13.0,5067,-1,-1,-1
3242,3241,3049,2823,2823,2823,3011,56,5122,.,.,-1,3.0,3716,-1,-1,-1
3242,3241,3050,2824,2823,2823,3011,56,5122,.,.,-1,5.0,5067,-1,-1,-1
3242,3241,3051,2825,2825,2825,3011,58,5122,.,.,-1,3.0,5067,-1,-1,-1
3242,3241,3052,2826,2825,2825,3011,58,5122,.,.,-1,5.0,3716,-1,-1,-1
3242,3241,3053,2827,2827,2827,3011,60,5122,.,.,-1,2.0,5067,-1,-1,-1
3242,3241,3054,2828,2827,2827,3011,60,5122,.,.,-1,7.0,3716,-1,-1,-1
3242,3241,3055,2829,2829,2829,3011,480,5122,.,.,-1,3.0,3716,-1,-1,-1
3242,3241,3056,2830,2830,2830,3011,482,5122,.,.,-1,3.0,3716,-1,-1,-1
3242,3241,3057,2831,2831,2831,3011,484,5122,.,.,-1,4.0,3716,-1,-1,-1
3242,3241,3058,2832,2832,2832,3011,486,5122,.,.,-1,5.0,3716,-1,-1,-1
3242,3241,3059,2833,2832,2832,3011,486,5122,.,.,-1,6.0,3715,-1,-1,-1
3242,3241,3060,2834,2834,2834,3011,488,5122,.,.,-1,4.0,3716,-1,-1,-1
3242,3241,3061,2835,2835,2835,3011,490,5122,.,.,-1,5.0,5067,-1,-1,-1
3242,3241,3062,2836,2835,2835,3011,490,5122,.,.,-1,6.0,3716,-1,-1,-1
3242,3241,3063,2837,2837,2837,3011,492,5122,.,.,-1,3.0,3716,-1,-1,-1
3242,3241,3064,2838,2838,2838,3011,494,5122,.,.,-1,11.0,3716,-1,-1,-1
3242,3241,3065,2839,2838,2838,3011,494,5122,.,.,-1,12.0,5067,-1,-1,-1
3242,3241,3066,2840,2840,2840,3011,496,5122,.,.,-1,1.0,5067,-1,-1,-1
3242,3241,3067,2841,2841,2841,3011,498,5122,.,.,-1,1.0,3716,-1,-1,-1
3242,3241,3068,2842,2842,2842,3011,500,5122,.,.,-1,9.0,3716,-1,-1,-1
3242,3241,3069,2843,2842,2842,3011,500,5122,.,.,-1,11.0,5067,-1,-1,-1
3242,3241,3070,2844,2844,2844,3011,502,5122,.,.,-1,4.0,3716,-1,-1,-1
3242,3241,3071,2845,2845,2845,3011,504,5122,.,.,-1,6.0,3715,-1,-1,-1
3242,3241,3072,2846,2846,2846,3011,506,5122,.,.,-1,11.0,3715,-1,-1,-1
3242,3241,3073,2847,2847,2847,3011,508,5122,.,.,-1,1.0,3716,-1,-1,-1
3242,3241,3074,2848,2848,2848,3011,517,5122,.,.,-1,8.0,3716,-1,-1,-1
3242,3241,3075,2849,2849,2849,3011,519,5122,.,.,-1,3.0,3716,-1,-1,-1
3242,3241,3076,2850,2850,2850,3011,521,5122,.,.,-1,9.0,3716,-1,-1,-1
3242,3241,3077,2851,2850,2850,3011,521,5122,.,.,-1,20.0,5067,-1,-1,-1
3242,3241,3078,2852,2852,2852,3011,523,5122,.,.,-1,1.0,3716,-1,-1,-1
3242,3241,3079,2853,2853,2853,3011,528,5122,.,.,-1,2.0,3716,-1,-1,-1
3242,3241,3080,2854,2853,2853,3011,528,5122,.,.,-1,9.0,5067,-1,-1,-1
3242,3241,3081,2855,2855,2855,3011,532,5122,.,.,-1,3.0,3716,-1,-1,-1
3242,3241,3082,2856,2856,2856,3011,534,5122,.,.,-1,3.0,5067,-1,-1,-1
3242,3241,3083,2857,2856,2856,3011,534,5122,.,.,-1,8.0,3716,-1,-1,-1
3242,3241,3084,2858,2858,2858,3011,536,5122,.,.,-1,2.0,3716,-1,-1,-1
3242,3241,3085,2859,2859,2859,3011,538,5122,.,.,-1,3.0,3716,-1,-1,-1
3242,3241,3086,2860,2859,2859,3011,538,5122,.,.,-1,5.0,5067,-1,-1,-1
3242,3241,3087,2861,2861,2861,3011,540,5122,.,.,-1,1.0,3716,-1,-1,-1
3242,3241,3088,2862,2862,2862,3011,542,5122,.,.,-1,5.0,3716,-1,-1,-1
3242,3241,3089,2863,2863,2863,3011,544,5122,.,.,-1,1.0,5067,-1,-1,-1
3242,3241,3090,2864,2863,2863,3011,544,5122,.,.,-1,4.0,3716,-1,-1,-1
3242,3241,3091,2865,2865,2865,3011,546,5122,.,.,-1,4.0,3716,-1,-1,-1
3242,3241,3092,2866,2866,2866,3011,548,5122,.,.,-1,8.0,5067,-1,-1,-1
3242,3241,3093,2867,2866,2866,3011,548,5122,.,.,-1,11.0,3716,-1,-1,-1
3242,3241,3094,2868,2868,2868,3011,994,5122,.,.,-1,15.0,3715,-1,-1,-1
3242,3241,3095,2869,2869,2869,3011,1416,5122,.,.,-1,1.0,3716,-1,-1,-1
3242,3241,3096,2870,2870,2870,3011,1418,5122,.,.,-1,7.0,3716,-1,-1,-1
3242,3241,3097,2871,2870,2870,3011,1418,5122,.,.,-1,7.0,5067,-1,-1,-1
3242,3241,3098,2872,2872,2872,3011,1420,5122,.,.,-1,18.0,3716,-1,-1,-1
3242,3241,3099,2873,2872,2872,3011,1420,5122,.,.,-1,21.0,5067,-1,-1,-1
3242,3241,3100,2874,2874,2874,3011,1422,5122,.,.,-1,19.0,3716,-1,-1,-1
3242,3241,3101,2875,2874,2874,3011,1422,5122,.,.,-1,21.0,5067,-1,-1,-1
3242,3241,3102,2876,2876,2876,3011,1424,5122,.,.,-1,9.0,3715,-1,-1,-1
3242,3241,3103,2877,2877,2877,3011,1880,5122,.,.,-1,9.0,3716,-1,-1,-1
3242,3241,3104,2878,2877,2877,3011,1880,5122,.,.,-1,12.0,5067,-1,-1,-1
3242,3241,3108,2882,2882,2882,3011,1886,5122,.,.,-1,1.0,3716,-1,-1,-1
3242,3241,3105,2879,2879,2879,3011,1882,5122,.,.,-1,5.0,3716,-1,-1,-1
3242,3241,3106,2880,2880,2880,3011,1884,5122,.,.,-1,6.0,5067,-1,-1,-1
3242,3241,3107,2881,2880,2880,3011,1884,5122,.,.,-1,9.0,3716,-1,-1,-1
3242,3241,3109,2883,2883,2883,3011,1888,5122,.,.,-1,4.0,5067,-1,-1,-1
3242,3241,3110,2884,2883,2883,3011,1888,5122,.,.,-1,6.0,3716,-1,-1,-1
3242,3241,3111,2885,2885,2885,3011,1890,5122,.,.,-1,4.0,3716,-1,-1,-1
3242,3241,3112,2886,2886,2886,3011,1894,5122,.,.,-1,3.0,5067,-1,-1,-1
3242,3241,3113,2887,2887,2887,3011,1896,5122,.,.,-1,17.0,3716,-1,-1,-1
3242,3241,3114,2888,2887,2887,3011,1896,5122,.,.,-1,18.0,5067,-1,-1,-1
3242,3241,3115,2889,2889,2889,3011,2328,5122,.,.,-1,3.0,5067,-1,-1,-1
3242,3241,3116,2890,2889,2889,3011,2328,5122,.,.,-1,6.0,3716,-1,-1,-1
3242,3241,3117,2891,2891,2891,3011,2330,5122,.,.,-1,2.0,3716,-1,-1,-1
3242,3241,3118,2892,2892,2892,3011,2332,5122,.,.,-1,1.0,3716,-1,-1,-1
3242,3241,3119,2893,2893,2893,3011,2334,5122,.,.,-1,3.0,3716,-1,-1,-1
3242,3241,3120,2894,2894,2894,3011,2336,5122,.,.,-1,3.0,3716,-1,-1,-1
3242,3241,3121,2895,2895,2895,3011,2338,5122,.,.,-1,2.0,3716,-1,-1,-1
3242,3241,3122,2896,2896,2896,3011,2340,5122,.,.,-1,8.0,3716,-1,-1,-1
3242,3241,3123,2897,2896,2896,3011,2340,5122,.,.,-1,8.0,5067,-1,-1,-1
3242,3241,3124,2898,2898,2898,3011,2780,5122,.,.,-1,6.0,5067,-1,-1,-1
3242,3241,3125,2899,2898,2898,3011,2780,5122,.,.,-1,8.0,3716,-1,-1,-1
3242,3241,3126,2900,2900,2900,3011,2782,5122,.,.,-1,7.0,3715,-1,-1,-1
3242,3241,3127,2901,2901,2901,3011,2784,5122,.,.,-1,15.0,5067,-1,-1,-1
3242,3241,3128,2902,2901,2901,3011,2784,5122,.,.,-1,19.0,3716,-1,-1,-1
3242,3241,3129,2903,2903,2903,3011,3238,5122,.,.,-1,3.0,3716,-1,-1,-1
3242,3241,3130,2904,2904,2904,3011,3240,5122,.,.,-1,4.0,3716,-1,-1,-1
3242,3241,3131,2905,2905,2905,3011,3244,5122,.,.,-1,3.0,3716,-1,-1,-1
3242,3241,3132,2906,2906,2906,3011,3246,5122,.,.,-1,6.0,3716,-1,-1,-1
3242,3241,3133,2907,2906,2906,3011,3246,5122,.,.,-1,6.0,5067,-1,-1,-1
3242,3241,3134,2908,2908,2908,3011,3248,5122,.,.,-1,2.0,3716,-1,-1,-1
3242,3241,3135,2909,2909,2909,3011,3250,5122,.,.,-1,5.0,3716,-1,-1,-1
3242,3241,3136,2910,2910,2910,3011,3252,5122,.,.,-1,4.0,5067,-1,-1,-1
3242,3241,3137,2911,2910,2910,3011,3252,5122,.,.,-1,6.0,3716,-1,-1,-1
3242,3241,3138,2912,2912,2912,3011,3254,5122,.,.,-1,15.0,3716,-1,-1,-1
3242,3241,3139,2913,2912,2912,3011,3254,5122,.,.,-1,22.0,5067,-1,-1,-1
3242,3241,3143,2917,2917,2917,3011,3260,5122,.,.,-1,2.0,3716,-1,-1,-1
3242,3241,3140,2914,2914,2914,3011,3256,5122,.,.,-1,1.0,3716,-1,-1,-1
3242,3241,3141,2915,2915,2915,3011,3258,5122,.,.,-1,6.0,5067,-1,-1,-1
3242,3241,3142,2916,2915,2915,3011,3258,5122,.,.,-1,7.0,3716,-1,-1,-1
3242,3241,3144,2918,2918,2918,3011,3262,5122,.,.,-1,3.0,3716,-1,-1,-1
3242,3241,3145,2919,2919,2919,3011,3264,5122,.,.,-1,12.0,3715,-1,-1,-1
3242,3241,3146,2920,2920,2920,3011,3266,5122,.,.,-1,12.0,3716,-1,-1,-1
3242,3241,3147,2921,2920,2920,3011,3266,5122,.,.,-1,22.0,5067,-1,-1,-1
3242,3241,3148,2922,2922,2922,3011,3268,5122,.,.,-1,4.0,3716,-1,-1,-1
3242,3241,3149,2923,2922,2922,3011,3268,5122,.,.,-1,4.0,5067,-1,-1,-1
3242,3241,3150,2924,2924,2924,3011,3702,5122,.,.,-1,2.0,3716,-1,-1,-1
3242,3241,3151,2925,2925,2925,3011,3704,5122,.,.,-1,3.0,5067,-1,-1,-1
3242,3241,3152,2926,2925,2925,3011,3704,5122,.,.,-1,5.0,3716,-1,-1,-1
3242,3241,3153,2927,2927,2927,3011,3706,5122,.,.,-1,13.0,3716,-1,-1,-1
3242,3241,3154,2928,2927,2927,3011,3706,5122,.,.,-1,21.0,5067,-1,-1,-1
3242,3241,3155,2929,2929,2929,3011,3708,5122,.,.,-1,1.0,5067,-1,-1,-1
3242,3241,3156,2930,2929,2929,3011,3708,5122,.,.,-1,3.0,3716,-1,-1,-1
3242,3241,3157,2931,2929,2929,3011,3708,5122,.,.,-1,7.0,3715,-1,-1,-1
3242,3241,3158,2932,2932,2932,3011,3714,5122,.,.,-1,8.0,3715,-1,-1,-1
3242,3241,3159,2933,2933,2933,3011,3718,5122,.,.,-1,2.0,3716,-1,-1,-1
3242,3241,3160,2934,2934,2934,3011,4152,5122,.,.,-1,12.0,3715,-1,-1,-1
3242,3241,3161,2935,2935,2935,3011,4154,5122,.,.,-1,2.0,3716,-1,-1,-1
3242,3241,3162,2936,2935,2935,3011,4154,5122,.,.,-1,2.0,5067,-1,-1,-1
3242,3241,3163,2937,2937,2937,3011,4156,5122,.,.,-1,19.0,3715,-1,-1,-1
3242,3241,3164,2938,2938,2938,3011,4596,5122,.,.,-1,1.0,3716,-1,-1,-1
3242,3241,3165,2939,2939,2939,3011,4598,5122,.,.,-1,1.0,3716,-1,-1,-1
3242,3241,3166,2940,2940,2940,3011,4602,5122,.,.,-1,13.0,3715,-1,-1,-1
3242,3241,3167,2941,2941,2941,3011,4604,5122,.,.,-1,6.0,3716,-1,-1,-1
3242,3241,3168,2942,2942,2942,3011,4606,5122,.,.,-1,5.0,3716,-1,-1,-1
3242,3241,3169,2943,2943,2943,3011,4608,5122,.,.,-1,2.0,3716,-1,-1,-1
3242,3241,3170,2944,2944,2944,3011,4610,5122,.,.,-1,4.0,3716,-1,-1,-1
3242,3241,3171,2945,2945,2945,3011,5062,5122,.,.,-1,1.0,3716,-1,-1,-1
3242,3241,3172,2946,2946,2946,3011,5064,5122,.,.,-1,1.0,3716,-1,-1,-1
3242,3241,3173,2947,2946,2946,3011,5064,5122,.,.,-1,1.0,5067,-1,-1,-1
3242,3241,3174,2948,2948,2948,3011,5066,5122,.,.,-1,3.0,3716,-1,-1,-1
3242,3241,3175,2949,2949,2949,3011,5069,5122,.,.,-1,2.0,3716,-1,-1,-1
3242,3241,3176,2950,2949,2949,3011,5069,5122,.,.,-1,2.0,5067,-1,-1,-1
3242,3241,3177,2951,2951,2951,3011,5071,5122,.,.,-1,3.0,3716,-1,-1,-1
3242,3241,3178,2952,2952,2952,3011,5073,5122,.,.,-1,2.0,5067,-1,-1,-1
3242,3241,3179,2953,2952,2952,3011,5073,5122,.,.,-1,7.0,3716,-1,-1,-1
3242,3241,3180,2954,2954,2954,3011,5077,5122,.,.,-1,7.0,3715,-1,-1,-1
3242,3241,3181,2955,2955,2955,3011,5079,5122,.,.,-1,3.0,3716,-1,-1,-1
3242,3241,3182,2956,2956,2956,3011,5081,5122,.,.,-1,12.0,3716,-1,-1,-1
3242,3241,3183,2957,2956,2956,3011,5081,5122,.,.,-1,22.0,5067,-1,-1,-1
3242,3241,3184,2958,2958,2958,3011,5083,5122,.,.,-1,5.0,3716,-1,-1,-1
3242,3241,3185,2959,2958,2958,3011,5083,5122,.,.,-1,5.0,5067,-1,-1,-1
3242,3241,3186,2960,2960,2960,3011,5085,5122,.,.,-1,1.0,3716,-1,-1,-1
3242,3241,3187,2961,2961,2961,3011,5087,5122,.,.,-1,4.0,5067,-1,-1,-1
3242,3241,3188,2962,2962,2962,3011,5089,5122,.,.,-1,7.0,3715,-1,-1,-1
3242,3241,3189,2963,2963,2963,3011,5091,5122,.,.,-1,5.0,5067,-1,-1,-1
3242,3241,3190,2964,2963,2963,3011,5091,5122,.,.,-1,9.0,3716,-1,-1,-1
3242,3241,3191,2965,2965,2965,3011,5093,5122,.,.,-1,32.0,3715,-1,-1,-1
3242,3241,3192,2966,2966,2966,3011,5095,5122,.,.,-1,2.0,5067,-1,-1,-1
3242,3241,3193,2967,2966,2966,3011,5095,5122,.,.,-1,4.0,3716,-1,-1,-1
3242,3241,3195,2969,2969,2969,3011,5099,5122,.,.,-1,2.0,3716,-1,-1,-1
3242,3241,3194,2968,2968,2968,3011,5097,5122,.,.,-1,4.0,3716,-1,-1,-1
3242,3241,3196,2970,2970,2970,3011,5101,5122,.,.,-1,7.0,5067,-1,-1,-1
3242,3241,3197,2971,2970,2970,3011,5101,5122,.,.,-1,10.0,3716,-1,-1,-1
3242,3241,3198,2972,2972,2972,3011,5107,5122,.,.,-1,8.0,3715,-1,-1,-1
3242,3241,3199,2973,2973,2973,3011,5109,5122,.,.,-1,5.0,5067,-1,-1,-1
3242,3241,3200,2974,2973,2973,3011,5109,5122,.,.,-1,10.0,3716,-1,-1,-1
3242,3241,3201,2975,2975,2975,3011,5111,5122,.,.,-1,7.0,3715,-1,-1,-1
3242,3241,3202,2976,2976,2976,3011,5113,5122,.,.,-1,21.0,3715,-1,-1,-1
3242,3241,3203,2977,2977,2977,3011,5115,5122,.,.,-1,13.0,3715,-1,-1,-1
3242,3241,3204,2978,2978,2978,3011,5117,5122,.,.,-1,7.0,5067,-1,-1,-1
3242,3241,3205,2979,2978,2978,3011,5117,5122,.,.,-1,13.0,3716,-1,-1,-1
3242,3241,3206,2980,2980,2980,3011,5119,5122,.,.,-1,12.0,3716,-1,-1,-1
3242,3241,3207,2981,2980,2980,3011,5119,5122,.,.,-1,15.0,5067,-1,-1,-1
3242,3241,3208,2982,2982,2982,3011,5121,5122,.,.,-1,6.0,3716,-1,-1,-1
3242,3241,3209,2983,2982,2982,3011,5121,5122,.,.,-1,13.0,5067,-1,-1,-1
3242,3241,3210,2984,2984,2984,3011,5124,5122,.,.,-1,8.0,3716,-1,-1,-1
3242,3241,3211,2985,2984,2984,3011,5124,5122,.,.,-1,14.0,5067,-1,-1,-1
3242,3241,3212,2986,2986,2986,3011,5126,5122,.,.,-1,5.0,3716,-1,-1,-1
3242,3241,3213,2987,2986,2986,3011,5126,5122,.,.,-1,5.0,5067,-1,-1,-1
3242,3241,3214,2988,2988,2988,3011,5580,5122,.,.,-1,1.0,3716,-1,-1,-1
3242,3241,3215,2989,2989,2989,3011,5584,5122,.,.,-1,17.0,3716,-1,-1,-1
3242,3241,3216,2990,2989,2989,3011,5584,5122,.,.,-1,17.0,5067,-1,-1,-1
3242,3241,3217,2991,2991,2991,3011,5586,5122,.,.,-1,7.0,3716,-1,-1,-1
3242,3241,3218,2992,2991,2991,3011,5586,5122,.,.,-1,7.0,5067,-1,-1,-1
3242,3241,3219,2993,2993,2993,3011,5588,5122,.,.,-1,3.0,3716,-1,-1,-1
3242,3241,3220,2994,2994,2994,3011,5590,5122,.,.,-1,13.0,3716,-1,-1,-1
3242,3241,3221,2995,2994,2994,3011,5590,5122,.,.,-1,19.0,5067,-1,-1,-1
3242,3241,3222,2996,2996,2996,3011,5592,5122,.,.,-1,3.0,3716,-1,-1,-1
3242,3241,3223,2997,2997,2997,3011,5594,5122,.,.,-1,3.0,3716,-1,-1,-1
3242,3241,3224,2998,2998,2998,3011,5596,5122,.,.,-1,6.0,5067,-1,-1,-1
3242,3241,3225,2999,2998,2998,3011,5596,5122,.,.,-1,8.0,3716,-1,-1,-1
3242,3241,3226,3000,3000,3000,3011,5598,5122,.,.,-1,29.0,3715,-1,-1,-1
3242,3241,3227,3001,3001,3001,3011,5600,5122,.,.,-1,5.0,3715,-1,-1,-1
3242,3241,3228,3002,3001,3001,3011,5600,5122,.,.,-1,9.0,5067,-1,-1,-1
3242,3241,3229,3003,3001,3001,3011,5600,5122,.,.,-1,13.0,3716,-1,-1,-1
3242,3241,3230,3004,3004,3004,3011,5602,5122,.,.,-1,1.0,3716,-1,-1,-1
3242,3241,3231,3005,3005,3005,3011,5604,5122,.,.,-1,2.0,3716,-1,-1,-1
3242,3241,3232,3006,3006,3006,3011,5606,5122,.,.,-1,1.0,3716,-1,-1,-1
3242,3241,3233,3007,3007,3007,3011,5608,5122,.,.,-1,4.0,3716,-1,-1,-1
3242,3241,3234,3008,3008,3008,3011,6064,5122,.,.,-1,2.0,5067,-1,-1,-1
3242,3241,3235,3009,3008,3008,3011,6064,5122,.,.,-1,6.0,3716,-1,-1,-1
3242,3241,3236,3010,3010,3010,3011,6066,5122,.,.,-1,3.0,3716,-1,-1,-1
3242,3241,3486,3270,3270,3270,3485,4,5122,.,.,-1,4.0,3715,-1,-1,-1
3242,3241,3487,3271,3271,3271,3485,6,5122,.,.,-1,3.0,3716,-1,-1,-1
3242,3241,3488,3272,3272,3272,3485,8,5122,.,.,-1,3.0,3716,-1,-1,-1
3242,3241,3489,3273,3272,3272,3485,8,5122,.,.,-1,3.0,5067,-1,-1,-1
3242,3241,3490,3274,3274,3274,3485,10,5122,.,.,-1,1.0,3716,-1,-1,-1
3242,3241,3491,3275,3274,3274,3485,10,5122,.,.,-1,9.0,5067,-1,-1,-1
3242,3241,3492,3276,3276,3276,3485,12,5122,.,.,-1,26.0,3715,-1,-1,-1
3242,3241,3493,3277,3277,3277,3485,14,5122,.,.,-1,3.0,3716,-1,-1,-1
3242,3241,3494,3278,3278,3278,3485,16,5122,.,.,-1,12.0,5067,-1,-1,-1
3242,3241,3495,3279,3278,3278,3485,16,5122,.,.,-1,13.0,3716,-1,-1,-1
3242,3241,3496,3280,3280,3280,3485,18,5122,.,.,-1,6.0,3715,-1,-1,-1
3242,3241,3497,3281,3281,3281,3485,20,5122,.,.,-1,11.0,3715,-1,-1,-1
3242,3241,3498,3282,3282,3282,3485,22,5122,.,.,-1,12.0,3716,-1,-1,-1
3242,3241,3499,3283,3282,3282,3485,22,5122,.,.,-1,14.0,5067,-1,-1,-1
3242,3241,3500,3284,3284,3284,3485,24,5122,.,.,-1,5.0,5067,-1,-1,-1
3242,3241,3501,3285,3284,3284,3485,24,5122,.,.,-1,8.0,3716,-1,-1,-1
3242,3241,3502,3286,3286,3286,3485,26,5122,.,.,-1,2.0,3716,-1,-1,-1
3242,3241,3503,3287,3287,3287,3485,28,5122,.,.,-1,3.0,3716,-1,-1,-1
3242,3241,3504,3288,3287,3287,3485,28,5122,.,.,-1,6.0,5067,-1,-1,-1
3242,3241,3505,3289,3289,3289,3485,30,5122,.,.,-1,1.0,3716,-1,-1,-1
3242,3241,3506,3290,3290,3290,3485,32,5122,.,.,-1,7.0,5067,-1,-1,-1
3242,3241,3507,3291,3290,3290,3485,32,5122,.,.,-1,9.0,3716,-1,-1,-1
3242,3241,3508,3292,3292,3292,3485,34,5122,.,.,-1,3.0,3716,-1,-1,-1
3242,3241,3509,3293,3292,3292,3485,34,5122,.,.,-1,4.0,5067,-1,-1,-1
3242,3241,3511,3295,3295,3295,3485,38,5122,.,.,-1,2.0,3716,-1,-1,-1
3242,3241,3512,3296,3295,3295,3485,38,5122,.,.,-1,12.0,5067,-1,-1,-1
3242,3241,3510,3294,3294,3294,3485,36,5122,.,.,-1,1.0,3716,-1,-1,-1
3242,3241,3513,3297,3297,3297,3485,42,5122,.,.,-1,9.0,3716,-1,-1,-1
3242,3241,3514,3298,3297,3297,3485,42,5122,.,.,-1,19.0,5067,-1,-1,-1
3242,3241,3515,3299,3299,3299,3485,44,5122,.,.,-1,6.0,5067,-1,-1,-1
3242,3241,3516,3300,3299,3299,3485,44,5122,.,.,-1,8.0,3716,-1,-1,-1
3242,3241,3517,3301,3301,3301,3485,46,5122,.,.,-1,15.0,3716,-1,-1,-1
3242,3241,3518,3302,3301,3301,3485,46,5122,.,.,-1,19.0,5067,-1,-1,-1
3242,3241,3519,3303,3303,3303,3485,48,5122,.,.,-1,2.0,3716,-1,-1,-1
3242,3241,3520,3304,3303,3303,3485,48,5122,.,.,-1,7.0,5067,-1,-1,-1
3242,3241,3521,3305,3305,3305,3485,50,5122,.,.,-1,1.0,3716,-1,-1,-1
3242,3241,3522,3306,3306,3306,3485,52,5122,.,.,-1,3.0,3716,-1,-1,-1
3242,3241,3523,3307,3307,3307,3485,54,5122,.,.,-1,7.0,3716,-1,-1,-1
3242,3241,3524,3308,3307,3307,3485,54,5122,.,.,-1,8.0,5067,-1,-1,-1
3242,3241,3525,3309,3309,3309,3485,56,5122,.,.,-1,14.0,3716,-1,-1,-1
3242,3241,3526,3310,3309,3309,3485,56,5122,.,.,-1,20.0,5067,-1,-1,-1
3242,3241,3527,3311,3311,3311,3485,58,5122,.,.,-1,9.0,3716,-1,-1,-1
3242,3241,3528,3312,3311,3311,3485,58,5122,.,.,-1,10.0,5067,-1,-1,-1
3242,3241,3529,3313,3313,3313,3485,60,5122,.,.,-1,2.0,3716,-1,-1,-1
3242,3241,3530,3314,3314,3314,3485,480,5122,.,.,-1,3.0,3716,-1,-1,-1
3242,3241,3531,3315,3315,3315,3485,482,5122,.,.,-1,2.0,3716,-1,-1,-1
3242,3241,3532,3316,3316,3316,3485,484,5122,.,.,-1,2.0,3716,-1,-1,-1
3242,3241,3533,3317,3317,3317,3485,486,5122,.,.,-1,13.0,3715,-1,-1,-1
3242,3241,3534,3318,3318,3318,3485,488,5122,.,.,-1,3.0,3716,-1,-1,-1
3242,3241,3535,3319,3319,3319,3485,490,5122,.,.,-1,3.0,3716,-1,-1,-1
3242,3241,3536,3320,3319,3319,3485,490,5122,.,.,-1,3.0,5067,-1,-1,-1
3242,3241,3537,3321,3321,3321,3485,492,5122,.,.,-1,3.0,3716,-1,-1,-1
3242,3241,3538,3322,3322,3322,3485,494,5122,.,.,-1,1.0,3716,-1,-1,-1
3242,3241,3539,3323,3323,3323,3485,496,5122,.,.,-1,6.0,3716,-1,-1,-1
3242,3241,3540,3324,3323,3323,3485,496,5122,.,.,-1,10.0,5067,-1,-1,-1
3242,3241,3541,3325,3325,3325,3485,498,5122,.,.,-1,2.0,3716,-1,-1,-1
3242,3241,3542,3326,3326,3326,3485,500,5122,.,.,-1,4.0,3716,-1,-1,-1
3242,3241,3543,3327,3326,3326,3485,500,5122,.,.,-1,8.0,5067,-1,-1,-1
3242,3241,3544,3328,3328,3328,3485,502,5122,.,.,-1,2.0,3716,-1,-1,-1
3242,3241,3545,3329,3329,3329,3485,506,5122,.,.,-1,24.0,3715,-1,-1,-1
3242,3241,3546,3330,3330,3330,3485,508,5122,.,.,-1,3.0,3716,-1,-1,-1
3242,3241,3547,3331,3331,3331,3485,510,5122,.,.,-1,6.0,3715,-1,-1,-1
3242,3241,3548,3332,3332,3332,3485,512,5122,.,.,-1,1.0,3716,-1,-1,-1
3242,3241,3549,3333,3333,3333,3485,517,5122,.,.,-1,2.0,3716,-1,-1,-1
3242,3241,3550,3334,3334,3334,3485,519,5122,.,.,-1,1.0,3716,-1,-1,-1
3242,3241,3551,3335,3335,3335,3485,521,5122,.,.,-1,8.0,3716,-1,-1,-1
3242,3241,3552,3336,3335,3335,3485,521,5122,.,.,-1,13.0,5067,-1,-1,-1
3242,3241,3553,3337,3337,3337,3485,525,5122,.,.,-1,3.0,3716,-1,-1,-1
3242,3241,3554,3338,3338,3338,3485,528,5122,.,.,-1,21.0,5067,-1,-1,-1
3242,3241,3555,3339,3338,3338,3485,528,5122,.,.,-1,23.0,3716,-1,-1,-1
3242,3241,3556,3340,3340,3340,3485,532,5122,.,.,-1,2.0,3716,-1,-1,-1
3242,3241,3557,3341,3341,3341,3485,534,5122,.,.,-1,10.0,5067,-1,-1,-1
3242,3241,3558,3342,3341,3341,3485,534,5122,.,.,-1,11.0,3716,-1,-1,-1
3242,3241,3559,3343,3343,3343,3485,536,5122,.,.,-1,2.0,3716,-1,-1,-1
3242,3241,3560,3344,3344,3344,3485,538,5122,.,.,-1,3.0,3716,-1,-1,-1
3242,3241,3561,3345,3344,3344,3485,538,5122,.,.,-1,4.0,5067,-1,-1,-1
3242,3241,3562,3346,3346,3346,3485,540,5122,.,.,-1,2.0,3716,-1,-1,-1
3242,3241,3563,3347,3347,3347,3485,544,5122,.,.,-1,16.0,5067,-1,-1,-1
3242,3241,3564,3348,3347,3347,3485,544,5122,.,.,-1,20.0,3716,-1,-1,-1
3242,3241,3565,3349,3349,3349,3485,546,5122,.,.,-1,1.0,3716,-1,-1,-1
3242,3241,3566,3350,3350,3350,3485,548,5122,.,.,-1,2.0,3716,-1,-1,-1
3242,3241,3567,3351,3351,3351,3485,1416,5122,.,.,-1,2.0,3716,-1,-1,-1
3242,3241,3568,3352,3352,3352,3485,1418,5122,.,.,-1,1.0,5067,-1,-1,-1
3242,3241,3569,3353,3352,3352,3485,1418,5122,.,.,-1,2.0,3716,-1,-1,-1
3242,3241,3570,3354,3354,3354,3485,1420,5122,.,.,-1,3.0,5067,-1,-1,-1
3242,3241,3571,3355,3354,3354,3485,1420,5122,.,.,-1,5.0,3716,-1,-1,-1
3242,3241,3572,3356,3356,3356,3485,1422,5122,.,.,-1,1.0,5067,-1,-1,-1
3242,3241,3573,3357,3356,3356,3485,1422,5122,.,.,-1,4.0,3716,-1,-1,-1
3242,3241,3574,3358,3358,3358,3485,1880,5122,.,.,-1,1.0,3716,-1,-1,-1
3242,3241,3578,3362,3362,3362,3485,1886,5122,.,.,-1,1.0,3716,-1,-1,-1
3242,3241,3575,3359,3359,3359,3485,1882,5122,.,.,-1,2.0,3716,-1,-1,-1
3242,3241,3576,3360,3360,3360,3485,1884,5122,.,.,-1,1.0,5067,-1,-1,-1
3242,3241,3577,3361,3360,3360,3485,1884,5122,.,.,-1,2.0,3716,-1,-1,-1
3242,3241,3579,3363,3363,3363,3485,1888,5122,.,.,-1,8.0,3716,-1,-1,-1
3242,3241,3580,3364,3363,3363,3485,1888,5122,.,.,-1,20.0,5067,-1,-1,-1
3242,3241,3581,3365,3365,3365,3485,1890,5122,.,.,-1,2.0,3716,-1,-1,-1
3242,3241,3582,3366,3366,3366,3485,1894,5122,.,.,-1,3.0,3716,-1,-1,-1
3242,3241,3583,3367,3366,3366,3485,1894,5122,.,.,-1,5.0,5067,-1,-1,-1
3242,3241,3584,3368,3368,3368,3485,1896,5122,.,.,-1,6.0,3716,-1,-1,-1
3242,3241,3585,3369,3368,3368,3485,1896,5122,.,.,-1,6.0,5067,-1,-1,-1
3242,3241,3586,3370,3370,3370,3485,2328,5122,.,.,-1,10.0,3716,-1,-1,-1
3242,3241,3587,3371,3370,3370,3485,2328,5122,.,.,-1,10.0,5067,-1,-1,-1
3242,3241,3588,3372,3372,3372,3485,2330,5122,.,.,-1,1.0,3716,-1,-1,-1
3242,3241,3589,3373,3373,3373,3485,2332,5122,.,.,-1,2.0,3716,-1,-1,-1
3242,3241,3590,3374,3374,3374,3485,2334,5122,.,.,-1,3.0,3716,-1,-1,-1
3242,3241,3591,3375,3375,3375,3485,2336,5122,.,.,-1,2.0,3716,-1,-1,-1
3242,3241,3592,3376,3376,3376,3485,2340,5122,.,.,-1,4.0,3716,-1,-1,-1
3242,3241,3593,3377,3376,3376,3485,2340,5122,.,.,-1,13.0,5067,-1,-1,-1
3242,3241,3594,3378,3378,3378,3485,2780,5122,.,.,-1,6.0,5067,-1,-1,-1
3242,3241,3595,3379,3378,3378,3485,2780,5122,.,.,-1,8.0,3716,-1,-1,-1
3242,3241,3596,3380,3380,3380,3485,2782,5122,.,.,-1,7.0,3715,-1,-1,-1
3242,3241,3597,3381,3381,3381,3485,2784,5122,.,.,-1,9.0,3716,-1,-1,-1
3242,3241,3598,3382,3381,3381,3485,2784,5122,.,.,-1,9.0,5067,-1,-1,-1
3242,3241,3599,3383,3383,3383,3485,3238,5122,.,.,-1,1.0,3716,-1,-1,-1
3242,3241,3600,3384,3384,3384,3485,3246,5122,.,.,-1,7.0,3716,-1,-1,-1
3242,3241,3601,3385,3384,3384,3485,3246,5122,.,.,-1,13.0,5067,-1,-1,-1
3242,3241,3602,3386,3386,3386,3485,3248,5122,.,.,-1,2.0,3716,-1,-1,-1
3242,3241,3603,3387,3387,3387,3485,3250,5122,.,.,-1,2.0,3716,-1,-1,-1
3242,3241,3604,3388,3388,3388,3485,3252,5122,.,.,-1,15.0,3716,-1,-1,-1
3242,3241,3605,3389,3388,3388,3485,3252,5122,.,.,-1,23.0,5067,-1,-1,-1
3242,3241,3606,3390,3390,3390,3485,3254,5122,.,.,-1,11.0,5067,-1,-1,-1
3242,3241,3607,3391,3390,3390,3485,3254,5122,.,.,-1,12.0,3716,-1,-1,-1
3242,3241,3610,3394,3394,3394,3485,3260,5122,.,.,-1,1.0,3716,-1,-1,-1
3242,3241,3608,3392,3392,3392,3485,3256,5122,.,.,-1,1.0,3716,-1,-1,-1
3242,3241,3609,3393,3393,3393,3485,3258,5122,.,.,-1,1.0,3716,-1,-1,-1
3242,3241,3611,3395,3395,3395,3485,3262,5122,.,.,-1,3.0,3716,-1,-1,-1
3242,3241,3612,3396,3396,3396,3485,3264,5122,.,.,-1,8.0,3715,-1,-1,-1
3242,3241,3613,3397,3397,3397,3485,3266,5122,.,.,-1,7.0,3716,-1,-1,-1
3242,3241,3614,3398,3397,3397,3485,3266,5122,.,.,-1,11.0,5067,-1,-1,-1
3242,3241,3615,3399,3399,3399,3485,3268,5122,.,.,-1,6.0,5067,-1,-1,-1
3242,3241,3616,3400,3399,3399,3485,3268,5122,.,.,-1,11.0,3716,-1,-1,-1
3242,3241,3617,3401,3401,3401,3485,3702,5122,.,.,-1,5.0,3716,-1,-1,-1
3242,3241,3618,3402,3402,3402,3485,3704,5122,.,.,-1,4.0,3716,-1,-1,-1
3242,3241,3619,3403,3403,3403,3485,3706,5122,.,.,-1,2.0,3716,-1,-1,-1
3242,3241,3620,3404,3404,3404,3485,3708,5122,.,.,-1,3.0,3715,-1,-1,-1
3242,3241,3621,3405,3404,3404,3485,3708,5122,.,.,-1,3.0,5067,-1,-1,-1
3242,3241,3622,3406,3404,3404,3485,3708,5122,.,.,-1,7.0,3716,-1,-1,-1
3242,3241,3623,3407,3407,3407,3485,3710,5122,.,.,-1,1.0,3716,-1,-1,-1
3242,3241,3624,3408,3408,3408,3485,3712,5122,.,.,-1,15.0,3715,-1,-1,-1
3242,3241,3625,3409,3409,3409,3485,3718,5122,.,.,-1,1.0,3716,-1,-1,-1
3242,3241,3626,3410,3410,3410,3485,4152,5122,.,.,-1,12.0,3715,-1,-1,-1
3242,3241,3627,3411,3411,3411,3485,4154,5122,.,.,-1,8.0,3715,-1,-1,-1
3242,3241,3628,3412,3412,3412,3485,4596,5122,.,.,-1,1.0,3716,-1,-1,-1
3242,3241,3629,3413,3412,3412,3485,4596,5122,.,.,-1,4.0,5067,-1,-1,-1
3242,3241,3630,3414,3414,3414,3485,4598,5122,.,.,-1,1.0,3716,-1,-1,-1
3242,3241,3631,3415,3415,3415,3485,4600,5122,.,.,-1,1.0,3716,-1,-1,-1
3242,3241,3632,3416,3416,3416,3485,4602,5122,.,.,-1,8.0,3715,-1,-1,-1
3242,3241,3633,3417,3417,3417,3485,4604,5122,.,.,-1,3.0,3716,-1,-1,-1
3242,3241,3634,3418,3418,3418,3485,4608,5122,.,.,-1,2.0,3716,-1,-1,-1
3242,3241,3635,3419,3419,3419,3485,4610,5122,.,.,-1,4.0,3716,-1,-1,-1
3242,3241,3636,3420,3420,3420,3485,5062,5122,.,.,-1,1.0,3716,-1,-1,-1
3242,3241,3637,3421,3421,3421,3485,5064,5122,.,.,-1,2.0,3716,-1,-1,-1
3242,3241,3638,3422,3422,3422,3485,5066,5122,.,.,-1,4.0,3716,-1,-1,-1
3242,3241,3639,3423,3422,3422,3485,5066,5122,.,.,-1,13.0,5067,-1,-1,-1
3242,3241,3640,3424,3424,3424,3485,5069,5122,.,.,-1,1.0,3716,-1,-1,-1
3242,3241,3641,3425,3424,3424,3485,5069,5122,.,.,-1,4.0,5067,-1,-1,-1
3242,3241,3642,3426,3424,3424,3485,5069,5122,.,.,-1,17.0,3715,-1,-1,-1
3242,3241,3643,3427,3427,3427,3485,5071,5122,.,.,-1,3.0,3716,-1,-1,-1
3242,3241,3644,3428,3428,3428,3485,5073,5122,.,.,-1,11.0,5067,-1,-1,-1
3242,3241,3645,3429,3428,3428,3485,5073,5122,.,.,-1,16.0,3716,-1,-1,-1
3242,3241,3646,3430,3428,3428,3485,5073,5122,.,.,-1,25.0,3715,-1,-1,-1
3242,3241,3647,3431,3431,3431,3485,5077,5122,.,.,-1,13.0,3715,-1,-1,-1
3242,3241,3648,3432,3432,3432,3485,5079,5122,.,.,-1,4.0,5067,-1,-1,-1
3242,3241,3649,3433,3432,3432,3485,5079,5122,.,.,-1,5.0,3716,-1,-1,-1
3242,3241,3650,3434,3434,3434,3485,5081,5122,.,.,-1,7.0,3716,-1,-1,-1
3242,3241,3651,3435,3434,3434,3485,5081,5122,.,.,-1,13.0,5067,-1,-1,-1
3242,3241,3652,3436,3436,3436,3485,5083,5122,.,.,-1,8.0,3716,-1,-1,-1
3242,3241,3653,3437,3436,3436,3485,5083,5122,.,.,-1,16.0,5067,-1,-1,-1
3242,3241,3654,3438,3438,3438,3485,5085,5122,.,.,-1,1.0,3716,-1,-1,-1
3242,3241,3655,3439,3439,3439,3485,5087,5122,.,.,-1,7.0,5067,-1,-1,-1
3242,3241,3656,3440,3439,3439,3485,5087,5122,.,.,-1,14.0,3716,-1,-1,-1
3242,3241,3657,3441,3441,3441,3485,5089,5122,.,.,-1,14.0,3715,-1,-1,-1
3242,3241,3658,3442,3442,3442,3485,5091,5122,.,.,-1,10.0,5067,-1,-1,-1
3242,3241,3659,3443,3442,3442,3485,5091,5122,.,.,-1,12.0,3716,-1,-1,-1
3242,3241,3660,3444,3444,3444,3485,5093,5122,.,.,-1,17.0,3715,-1,-1,-1
3242,3241,3661,3445,3445,3445,3485,5095,5122,.,.,-1,2.0,5067,-1,-1,-1
3242,3241,3662,3446,3445,3445,3485,5095,5122,.,.,-1,4.0,3716,-1,-1,-1
3242,3241,3665,3449,3449,3449,3485,5099,5122,.,.,-1,2.0,3716,-1,-1,-1
3242,3241,3663,3447,3447,3447,3485,5097,5122,.,.,-1,2.0,5067,-1,-1,-1
3242,3241,3664,3448,3447,3447,3485,5097,5122,.,.,-1,4.0,3716,-1,-1,-1
3242,3241,3666,3450,3450,3450,3485,5101,5122,.,.,-1,11.0,3716,-1,-1,-1
3242,3241,3667,3451,3450,3450,3485,5101,5122,.,.,-1,14.0,5067,-1,-1,-1
3242,3241,3668,3452,3452,3452,3485,5103,5122,.,.,-1,9.0,3715,-1,-1,-1
3242,3241,3669,3453,3453,3453,3485,5107,5122,.,.,-1,20.0,3715,-1,-1,-1
3242,3241,3670,3454,3454,3454,3485,5109,5122,.,.,-1,8.0,3716,-1,-1,-1
3242,3241,3671,3455,3454,3454,3485,5109,5122,.,.,-1,10.0,5067,-1,-1,-1
3242,3241,3672,3456,3456,3456,3485,5113,5122,.,.,-1,23.0,3715,-1,-1,-1
3242,3241,3673,3457,3457,3457,3485,5117,5122,.,.,-1,7.0,3716,-1,-1,-1
3242,3241,3674,3458,3457,3457,3485,5117,5122,.,.,-1,9.0,5067,-1,-1,-1
3242,3241,3675,3459,3459,3459,3485,5119,5122,.,.,-1,3.0,3716,-1,-1,-1
3242,3241,3676,3460,3460,3460,3485,5121,5122,.,.,-1,1.0,3716,-1,-1,-1
3242,3241,3677,3461,3461,3461,3485,5124,5122,.,.,-1,1.0,3716,-1,-1,-1
3242,3241,3678,3462,3461,3461,3485,5124,5122,.,.,-1,5.0,5067,-1,-1,-1
3242,3241,3679,3463,3463,3463,3485,5580,5122,.,.,-1,2.0,3716,-1,-1,-1
3242,3241,3680,3464,3464,3464,3485,5582,5122,.,.,-1,14.0,3715,-1,-1,-1
3242,3241,3681,3465,3465,3465,3485,5584,5122,.,.,-1,7.0,3716,-1,-1,-1
3242,3241,3682,3466,3465,3465,3485,5584,5122,.,.,-1,8.0,5067,-1,-1,-1
3242,3241,3683,3467,3467,3467,3485,5586,5122,.,.,-1,2.0,3716,-1,-1,-1
3242,3241,3684,3468,3467,3467,3485,5586,5122,.,.,-1,8.0,5067,-1,-1,-1
3242,3241,3685,3469,3469,3469,3485,5590,5122,.,.,-1,3.0,5067,-1,-1,-1
3242,3241,3686,3470,3469,3469,3485,5590,5122,.,.,-1,6.0,3716,-1,-1,-1
3242,3241,3687,3471,3471,3471,3485,5592,5122,.,.,-1,2.0,3716,-1,-1,-1
3242,3241,3688,3472,3472,3472,3485,5594,5122,.,.,-1,3.0,3716,-1,-1,-1
3242,3241,3689,3473,3473,3473,3485,5596,5122,.,.,-1,5.0,5067,-1,-1,-1
3242,3241,3690,3474,3473,3473,3485,5596,5122,.,.,-1,7.0,3716,-1,-1,-1
3242,3241,3691,3475,3475,3475,3485,5598,5122,.,.,-1,19.0,3715,-1,-1,-1
3242,3241,3692,3476,3476,3476,3485,5600,5122,.,.,-1,11.0,3716,-1,-1,-1
3242,3241,3693,3477,3476,3476,3485,5600,5122,.,.,-1,13.0,5067,-1,-1,-1
3242,3241,3694,3478,3478,3478,3485,5602,5122,.,.,-1,1.0,3716,-1,-1,-1
3242,3241,3695,3479,3479,3479,3485,5604,5122,.,.,-1,1.0,3716,-1,-1,-1
3242,3241,3696,3480,3480,3480,3485,5608,5122,.,.,-1,3.0,3716,-1,-1,-1
3242,3241,3697,3481,3481,3481,3485,6064,5122,.,.,-1,3.0,3716,-1,-1,-1
3242,3241,3698,3482,3481,3481,3485,6064,5122,.,.,-1,3.0,5067,-1,-1,-1
3242,3241,3699,3483,3483,3483,3485,6066,5122,.,.,-1,4.0,5067,-1,-1,-1
3242,3241,3700,3484,3483,3483,3485,6066,5122,.,.,-1,7.0,3716,-1,-1,-1
3242,3241,3935,3720,3720,3720,3934,4,5122,.,.,-1,5.0,3715,-1,-1,-1
3242,3241,3936,3721,3721,3721,3934,6,5122,.,.,-1,3.0,3716,-1,-1,-1
3242,3241,3937,3722,3722,3722,3934,8,5122,.,.,-1,3.0,5067,-1,-1,-1
3242,3241,3938,3723,3722,3722,3934,8,5122,.,.,-1,5.0,3716,-1,-1,-1
3242,3241,3939,3724,3724,3724,3934,10,5122,.,.,-1,17.0,3716,-1,-1,-1
3242,3241,3940,3725,3724,3724,3934,10,5122,.,.,-1,27.0,5067,-1,-1,-1
3242,3241,3941,3726,3726,3726,3934,12,5122,.,.,-1,20.0,3715,-1,-1,-1
3242,3241,3942,3727,3727,3727,3934,14,5122,.,.,-1,2.0,3716,-1,-1,-1
3242,3241,3943,3728,3728,3728,3934,16,5122,.,.,-1,10.0,5067,-1,-1,-1
3242,3241,3944,3729,3728,3728,3934,16,5122,.,.,-1,11.0,3716,-1,-1,-1
3242,3241,3945,3730,3730,3730,3934,22,5122,.,.,-1,9.0,5067,-1,-1,-1
3242,3241,3946,3731,3730,3730,3934,22,5122,.,.,-1,14.0,3716,-1,-1,-1
3242,3241,3947,3732,3732,3732,3934,28,5122,.,.,-1,5.0,5067,-1,-1,-1
3242,3241,3948,3733,3732,3732,3934,28,5122,.,.,-1,6.0,3716,-1,-1,-1
3242,3241,3949,3734,3734,3734,3934,30,5122,.,.,-1,1.0,3716,-1,-1,-1
3242,3241,3950,3735,3735,3735,3934,32,5122,.,.,-1,19.0,5067,-1,-1,-1
3242,3241,3951,3736,3735,3735,3934,32,5122,.,.,-1,28.0,3716,-1,-1,-1
3242,3241,3952,3737,3737,3737,3934,34,5122,.,.,-1,4.0,3716,-1,-1,-1
3242,3241,3953,3738,3737,3737,3934,34,5122,.,.,-1,6.0,5067,-1,-1,-1
3242,3241,3954,3739,3739,3739,3934,40,5122,.,.,-1,4.0,3716,-1,-1,-1
3242,3241,3955,3740,3740,3740,3934,42,5122,.,.,-1,9.0,3716,-1,-1,-1
3242,3241,3956,3741,3740,3740,3934,42,5122,.,.,-1,9.0,5067,-1,-1,-1
3242,3241,3957,3742,3742,3742,3934,44,5122,.,.,-1,2.0,5067,-1,-1,-1
3242,3241,3958,3743,3742,3742,3934,44,5122,.,.,-1,8.0,3716,-1,-1,-1
3242,3241,3959,3744,3744,3744,3934,46,5122,.,.,-1,4.0,5067,-1,-1,-1
3242,3241,3960,3745,3744,3744,3934,46,5122,.,.,-1,6.0,3716,-1,-1,-1
3242,3241,3961,3746,3746,3746,3934,48,5122,.,.,-1,7.0,3716,-1,-1,-1
3242,3241,3962,3747,3746,3746,3934,48,5122,.,.,-1,10.0,5067,-1,-1,-1
3242,3241,3963,3748,3748,3748,3934,50,5122,.,.,-1,1.0,3716,-1,-1,-1
3242,3241,3964,3749,3749,3749,3934,52,5122,.,.,-1,2.0,3716,-1,-1,-1
3242,3241,3965,3750,3750,3750,3934,54,5122,.,.,-1,5.0,5067,-1,-1,-1
3242,3241,3966,3751,3750,3750,3934,54,5122,.,.,-1,9.0,3716,-1,-1,-1
3242,3241,3967,3752,3752,3752,3934,56,5122,.,.,-1,3.0,5067,-1,-1,-1
3242,3241,3968,3753,3752,3752,3934,56,5122,.,.,-1,6.0,3716,-1,-1,-1
3242,3241,3969,3754,3754,3754,3934,58,5122,.,.,-1,10.0,5067,-1,-1,-1
3242,3241,3970,3755,3754,3754,3934,58,5122,.,.,-1,11.0,3716,-1,-1,-1
3242,3241,3971,3756,3756,3756,3934,60,5122,.,.,-1,10.0,5067,-1,-1,-1
3242,3241,3972,3757,3756,3756,3934,60,5122,.,.,-1,14.0,3716,-1,-1,-1
3242,3241,3973,3758,3758,3758,3934,482,5122,.,.,-1,5.0,3716,-1,-1,-1
3242,3241,3974,3759,3759,3759,3934,484,5122,.,.,-1,4.0,3716,-1,-1,-1
3242,3241,3975,3760,3759,3759,3934,484,5122,.,.,-1,5.0,5067,-1,-1,-1
3242,3241,3976,3761,3761,3761,3934,486,5122,.,.,-1,3.0,3716,-1,-1,-1
3242,3241,3977,3762,3761,3761,3934,486,5122,.,.,-1,8.0,3715,-1,-1,-1
3242,3241,3978,3763,3763,3763,3934,488,5122,.,.,-1,4.0,5067,-1,-1,-1
3242,3241,3979,3764,3763,3763,3934,488,5122,.,.,-1,11.0,3716,-1,-1,-1
3242,3241,3980,3765,3765,3765,3934,490,5122,.,.,-1,21.0,3716,-1,-1,-1
3242,3241,3981,3766,3765,3765,3934,490,5122,.,.,-1,22.0,5067,-1,-1,-1
3242,3241,3982,3767,3767,3767,3934,492,5122,.,.,-1,1.0,3716,-1,-1,-1
3242,3241,3983,3768,3768,3768,3934,494,5122,.,.,-1,17.0,3716,-1,-1,-1
3242,3241,3984,3769,3768,3768,3934,494,5122,.,.,-1,18.0,5067,-1,-1,-1
3242,3241,3985,3770,3770,3770,3934,496,5122,.,.,-1,4.0,5067,-1,-1,-1
3242,3241,3986,3771,3770,3770,3934,496,5122,.,.,-1,8.0,3716,-1,-1,-1
3242,3241,3987,3772,3772,3772,3934,498,5122,.,.,-1,2.0,3716,-1,-1,-1
3242,3241,3988,3773,3773,3773,3934,502,5122,.,.,-1,3.0,3716,-1,-1,-1
3242,3241,3989,3774,3774,3774,3934,506,5122,.,.,-1,27.0,3715,-1,-1,-1
3242,3241,3990,3775,3775,3775,3934,508,5122,.,.,-1,5.0,3716,-1,-1,-1
3242,3241,3991,3776,3776,3776,3934,517,5122,.,.,-1,2.0,3716,-1,-1,-1
3242,3241,3992,3777,3777,3777,3934,519,5122,.,.,-1,6.0,3716,-1,-1,-1
3242,3241,3993,3778,3778,3778,3934,521,5122,.,.,-1,6.0,5067,-1,-1,-1
3242,3241,3994,3779,3778,3778,3934,521,5122,.,.,-1,7.0,3716,-1,-1,-1
3242,3241,3995,3780,3780,3780,3934,523,5122,.,.,-1,2.0,3716,-1,-1,-1
3242,3241,3996,3781,3781,3781,3934,525,5122,.,.,-1,2.0,3716,-1,-1,-1
3242,3241,3997,3782,3782,3782,3934,528,5122,.,.,-1,2.0,3716,-1,-1,-1
3242,3241,3998,3783,3782,3782,3934,528,5122,.,.,-1,6.0,5067,-1,-1,-1
3242,3241,3999,3784,3784,3784,3934,532,5122,.,.,-1,2.0,3716,-1,-1,-1
3242,3241,4000,3785,3785,3785,3934,534,5122,.,.,-1,1.0,3716,-1,-1,-1
3242,3241,4001,3786,3785,3785,3934,534,5122,.,.,-1,2.0,5067,-1,-1,-1
3242,3241,4002,3787,3787,3787,3934,536,5122,.,.,-1,2.0,3716,-1,-1,-1
3242,3241,4003,3788,3788,3788,3934,538,5122,.,.,-1,1.0,3716,-1,-1,-1
3242,3241,4004,3789,3788,3788,3934,538,5122,.,.,-1,2.0,5067,-1,-1,-1
3242,3241,4005,3790,3790,3790,3934,540,5122,.,.,-1,3.0,3716,-1,-1,-1
3242,3241,4006,3791,3791,3791,3934,542,5122,.,.,-1,2.0,3716,-1,-1,-1
3242,3241,4007,3792,3792,3792,3934,544,5122,.,.,-1,11.0,3716,-1,-1,-1
3242,3241,4008,3793,3792,3792,3934,544,5122,.,.,-1,13.0,5067,-1,-1,-1
3242,3241,4009,3794,3794,3794,3934,548,5122,.,.,-1,3.0,3716,-1,-1,-1
3242,3241,4010,3795,3795,3795,3934,994,5122,.,.,-1,3.0,3715,-1,-1,-1
3242,3241,4011,3796,3796,3796,3934,1416,5122,.,.,-1,4.0,3716,-1,-1,-1
3242,3241,4012,3797,3797,3797,3934,1418,5122,.,.,-1,1.0,3716,-1,-1,-1
3242,3241,4013,3798,3797,3797,3934,1418,5122,.,.,-1,3.0,5067,-1,-1,-1
3242,3241,4014,3799,3799,3799,3934,1420,5122,.,.,-1,7.0,3716,-1,-1,-1
3242,3241,4015,3800,3799,3799,3934,1420,5122,.,.,-1,9.0,5067,-1,-1,-1
3242,3241,4016,3801,3801,3801,3934,1422,5122,.,.,-1,1.0,3716,-1,-1,-1
3242,3241,4017,3802,3801,3801,3934,1422,5122,.,.,-1,1.0,5067,-1,-1,-1
3242,3241,4018,3803,3803,3803,3934,1424,5122,.,.,-1,6.0,3715,-1,-1,-1
3242,3241,4019,3804,3804,3804,3934,1880,5122,.,.,-1,5.0,3716,-1,-1,-1
3242,3241,4023,3808,3808,3808,3934,1886,5122,.,.,-1,3.0,3716,-1,-1,-1
3242,3241,4020,3805,3805,3805,3934,1882,5122,.,.,-1,1.0,3716,-1,-1,-1
3242,3241,4021,3806,3806,3806,3934,1884,5122,.,.,-1,8.0,5067,-1,-1,-1
3242,3241,4022,3807,3806,3806,3934,1884,5122,.,.,-1,11.0,3716,-1,-1,-1
3242,3241,4024,3809,3809,3809,3934,1888,5122,.,.,-1,11.0,5067,-1,-1,-1
3242,3241,4025,3810,3809,3809,3934,1888,5122,.,.,-1,18.0,3716,-1,-1,-1
3242,3241,4026,3811,3811,3811,3934,1890,5122,.,.,-1,3.0,3716,-1,-1,-1
3242,3241,4027,3812,3812,3812,3934,1894,5122,.,.,-1,1.0,3716,-1,-1,-1
3242,3241,4028,3813,3813,3813,3934,1896,5122,.,.,-1,2.0,5067,-1,-1,-1
3242,3241,4029,3814,3813,3813,3934,1896,5122,.,.,-1,5.0,3716,-1,-1,-1
3242,3241,4030,3815,3815,3815,3934,1898,5122,.,.,-1,12.0,3715,-1,-1,-1
3242,3241,4031,3816,3816,3816,3934,2328,5122,.,.,-1,6.0,3716,-1,-1,-1
3242,3241,4032,3817,3816,3816,3934,2328,5122,.,.,-1,6.0,5067,-1,-1,-1
3242,3241,4033,3818,3818,3818,3934,2330,5122,.,.,-1,4.0,3716,-1,-1,-1
3242,3241,4034,3819,3819,3819,3934,2332,5122,.,.,-1,2.0,3716,-1,-1,-1
3242,3241,4035,3820,3820,3820,3934,2334,5122,.,.,-1,1.0,3716,-1,-1,-1
3242,3241,4036,3821,3821,3821,3934,2336,5122,.,.,-1,2.0,3716,-1,-1,-1
3242,3241,4037,3822,3822,3822,3934,2338,5122,.,.,-1,4.0,5067,-1,-1,-1
3242,3241,4038,3823,3822,3822,3934,2338,5122,.,.,-1,5.0,3716,-1,-1,-1
3242,3241,4039,3824,3824,3824,3934,2340,5122,.,.,-1,1.0,3716,-1,-1,-1
3242,3241,4040,3825,3825,3825,3934,2780,5122,.,.,-1,14.0,5067,-1,-1,-1
3242,3241,4041,3826,3825,3825,3934,2780,5122,.,.,-1,16.0,3716,-1,-1,-1
3242,3241,4042,3827,3827,3827,3934,2784,5122,.,.,-1,9.0,3716,-1,-1,-1
3242,3241,4043,3828,3827,3827,3934,2784,5122,.,.,-1,12.0,5067,-1,-1,-1
3242,3241,4044,3829,3829,3829,3934,3238,5122,.,.,-1,2.0,3716,-1,-1,-1
3242,3241,4045,3830,3830,3830,3934,3240,5122,.,.,-1,1.0,3716,-1,-1,-1
3242,3241,4046,3831,3831,3831,3934,3244,5122,.,.,-1,2.0,3716,-1,-1,-1
3242,3241,4047,3832,3832,3832,3934,3246,5122,.,.,-1,4.0,3716,-1,-1,-1
3242,3241,4048,3833,3833,3833,3934,3248,5122,.,.,-1,2.0,3716,-1,-1,-1
3242,3241,4049,3834,3834,3834,3934,3250,5122,.,.,-1,1.0,3716,-1,-1,-1
3242,3241,4050,3835,3835,3835,3934,3252,5122,.,.,-1,9.0,3716,-1,-1,-1
3242,3241,4051,3836,3835,3835,3934,3252,5122,.,.,-1,10.0,5067,-1,-1,-1
3242,3241,4052,3837,3837,3837,3934,3254,5122,.,.,-1,1.0,3716,-1,-1,-1
3242,3241,4053,3838,3837,3837,3934,3254,5122,.,.,-1,1.0,5067,-1,-1,-1
3242,3241,4057,3842,3842,3842,3934,3260,5122,.,.,-1,1.0,3716,-1,-1,-1
3242,3241,4054,3839,3839,3839,3934,3256,5122,.,.,-1,3.0,3716,-1,-1,-1
3242,3241,4055,3840,3840,3840,3934,3258,5122,.,.,-1,5.0,5067,-1,-1,-1
3242,3241,4056,3841,3840,3840,3934,3258,5122,.,.,-1,7.0,3716,-1,-1,-1
3242,3241,4058,3843,3843,3843,3934,3262,5122,.,.,-1,2.0,3716,-1,-1,-1
3242,3241,4059,3844,3844,3844,3934,3264,5122,.,.,-1,14.0,3715,-1,-1,-1
3242,3241,4060,3845,3845,3845,3934,3266,5122,.,.,-1,2.0,5067,-1,-1,-1
3242,3241,4061,3846,3845,3845,3934,3266,5122,.,.,-1,5.0,3716,-1,-1,-1
3242,3241,4062,3847,3847,3847,3934,3268,5122,.,.,-1,1.0,3716,-1,-1,-1
3242,3241,4063,3848,3847,3847,3934,3268,5122,.,.,-1,3.0,5067,-1,-1,-1
3242,3241,4064,3849,3849,3849,3934,3702,5122,.,.,-1,2.0,3716,-1,-1,-1
3242,3241,4065,3850,3850,3850,3934,3704,5122,.,.,-1,4.0,3716,-1,-1,-1
3242,3241,4066,3851,3851,3851,3934,3706,5122,.,.,-1,1.0,3716,-1,-1,-1
3242,3241,4067,3852,3852,3852,3934,3708,5122,.,.,-1,10.0,5067,-1,-1,-1
3242,3241,4068,3853,3852,3852,3934,3708,5122,.,.,-1,12.0,3716,-1,-1,-1
3242,3241,4069,3854,3852,3852,3934,3708,5122,.,.,-1,18.0,3715,-1,-1,-1
3242,3241,4070,3855,3855,3855,3934,3710,5122,.,.,-1,2.0,3716,-1,-1,-1
3242,3241,4071,3856,3856,3856,3934,3712,5122,.,.,-1,3.0,5067,-1,-1,-1
3242,3241,4072,3857,3856,3856,3934,3712,5122,.,.,-1,11.0,3716,-1,-1,-1
3242,3241,4073,3858,3858,3858,3934,3718,5122,.,.,-1,2.0,3716,-1,-1,-1
3242,3241,4074,3859,3859,3859,3934,4152,5122,.,.,-1,6.0,3715,-1,-1,-1
3242,3241,4075,3860,3860,3860,3934,4154,5122,.,.,-1,5.0,3716,-1,-1,-1
3242,3241,4076,3861,3860,3860,3934,4154,5122,.,.,-1,6.0,3715,-1,-1,-1
3242,3241,4077,3862,3860,3860,3934,4154,5122,.,.,-1,7.0,5067,-1,-1,-1
3242,3241,4078,3863,3863,3863,3934,4156,5122,.,.,-1,10.0,3715,-1,-1,-1
3242,3241,4079,3864,3864,3864,3934,4596,5122,.,.,-1,17.0,3716,-1,-1,-1
3242,3241,4080,3865,3864,3864,3934,4596,5122,.,.,-1,23.0,5067,-1,-1,-1
3242,3241,4081,3866,3866,3866,3934,4598,5122,.,.,-1,2.0,3716,-1,-1,-1
3242,3241,4082,3867,3867,3867,3934,4600,5122,.,.,-1,1.0,3716,-1,-1,-1
3242,3241,4083,3868,3868,3868,3934,4602,5122,.,.,-1,10.0,3715,-1,-1,-1
3242,3241,4084,3869,3869,3869,3934,4604,5122,.,.,-1,4.0,3716,-1,-1,-1
3242,3241,4085,3870,3870,3870,3934,4608,5122,.,.,-1,1.0,3716,-1,-1,-1
3242,3241,4086,3871,3871,3871,3934,5062,5122,.,.,-1,3.0,3716,-1,-1,-1
3242,3241,4087,3872,3872,3872,3934,5064,5122,.,.,-1,3.0,5067,-1,-1,-1
3242,3241,4088,3873,3872,3872,3934,5064,5122,.,.,-1,10.0,3716,-1,-1,-1
3242,3241,4089,3874,3874,3874,3934,5066,5122,.,.,-1,4.0,5067,-1,-1,-1
3242,3241,4090,3875,3874,3874,3934,5066,5122,.,.,-1,5.0,3716,-1,-1,-1
3242,3241,4091,3876,3876,3876,3934,5069,5122,.,.,-1,4.0,3716,-1,-1,-1
3242,3241,4092,3877,3876,3876,3934,5069,5122,.,.,-1,8.0,5067,-1,-1,-1
3242,3241,4093,3878,3878,3878,3934,5071,5122,.,.,-1,10.0,3716,-1,-1,-1
3242,3241,4094,3879,3878,3878,3934,5071,5122,.,.,-1,10.0,5067,-1,-1,-1
3242,3241,4095,3880,3880,3880,3934,5073,5122,.,.,-1,9.0,3715,-1,-1,-1
3242,3241,4096,3881,3880,3880,3934,5073,5122,.,.,-1,9.0,3716,-1,-1,-1
3242,3241,4097,3882,3880,3880,3934,5073,5122,.,.,-1,19.0,5067,-1,-1,-1
3242,3241,4098,3883,3883,3883,3934,5075,5122,.,.,-1,4.0,3715,-1,-1,-1
3242,3241,4099,3884,3884,3884,3934,5077,5122,.,.,-1,23.0,3715,-1,-1,-1
3242,3241,4100,3885,3885,3885,3934,5079,5122,.,.,-1,1.0,3716,-1,-1,-1
3242,3241,4101,3886,3886,3886,3934,5081,5122,.,.,-1,10.0,3716,-1,-1,-1
3242,3241,4102,3887,3886,3886,3934,5081,5122,.,.,-1,12.0,5067,-1,-1,-1
3242,3241,4103,3888,3888,3888,3934,5083,5122,.,.,-1,4.0,3716,-1,-1,-1
3242,3241,4104,3889,3889,3889,3934,5087,5122,.,.,-1,13.0,3716,-1,-1,-1
3242,3241,4105,3890,3889,3889,3934,5087,5122,.,.,-1,14.0,5067,-1,-1,-1
3242,3241,4106,3891,3891,3891,3934,5091,5122,.,.,-1,5.0,3716,-1,-1,-1
3242,3241,4107,3892,3891,3891,3934,5091,5122,.,.,-1,6.0,5067,-1,-1,-1
3242,3241,4108,3893,3893,3893,3934,5095,5122,.,.,-1,2.0,5067,-1,-1,-1
3242,3241,4109,3894,3893,3893,3934,5095,5122,.,.,-1,11.0,3716,-1,-1,-1
3242,3241,4112,3897,3897,3897,3934,5099,5122,.,.,-1,4.0,3716,-1,-1,-1
3242,3241,4110,3895,3895,3895,3934,5097,5122,.,.,-1,2.0,5067,-1,-1,-1
3242,3241,4111,3896,3895,3895,3934,5097,5122,.,.,-1,6.0,3716,-1,-1,-1
3242,3241,4113,3898,3898,3898,3934,5101,5122,.,.,-1,9.0,5067,-1,-1,-1
3242,3241,4114,3899,3898,3898,3934,5101,5122,.,.,-1,11.0,3716,-1,-1,-1
3242,3241,4115,3900,3900,3900,3934,5109,5122,.,.,-1,14.0,3716,-1,-1,-1
3242,3241,4116,3901,3900,3900,3934,5109,5122,.,.,-1,15.0,5067,-1,-1,-1
3242,3241,4117,3902,3902,3902,3934,5111,5122,.,.,-1,9.0,3715,-1,-1,-1
3242,3241,4118,3903,3903,3903,3934,5113,5122,.,.,-1,20.0,3715,-1,-1,-1
3242,3241,4119,3904,3904,3904,3934,5117,5122,.,.,-1,20.0,3716,-1,-1,-1
3242,3241,4120,3905,3904,3904,3934,5117,5122,.,.,-1,20.0,5067,-1,-1,-1
3242,3241,4121,3906,3906,3906,3934,5119,5122,.,.,-1,1.0,3716,-1,-1,-1
3242,3241,4122,3907,3907,3907,3934,5121,5122,.,.,-1,11.0,5067,-1,-1,-1
3242,3241,4123,3908,3907,3907,3934,5121,5122,.,.,-1,14.0,3716,-1,-1,-1
3242,3241,4124,3909,3909,3909,3934,5124,5122,.,.,-1,3.0,3716,-1,-1,-1
3242,3241,4125,3910,3910,3910,3934,5126,5122,.,.,-1,1.0,3716,-1,-1,-1
3242,3241,4126,3911,3911,3911,3934,5578,5122,.,.,-1,3.0,5067,-1,-1,-1
3242,3241,4127,3912,3912,3912,3934,5580,5122,.,.,-1,2.0,3716,-1,-1,-1
3242,3241,4128,3913,3913,3913,3934,5582,5122,.,.,-1,5.0,3715,-1,-1,-1
3242,3241,4129,3914,3914,3914,3934,5584,5122,.,.,-1,4.0,5067,-1,-1,-1
3242,3241,4130,3915,3914,3914,3934,5584,5122,.,.,-1,7.0,3716,-1,-1,-1
3242,3241,4131,3916,3916,3916,3934,5586,5122,.,.,-1,4.0,5067,-1,-1,-1
3242,3241,4132,3917,3916,3916,3934,5586,5122,.,.,-1,9.0,3716,-1,-1,-1
3242,3241,4133,3918,3918,3918,3934,5588,5122,.,.,-1,4.0,3716,-1,-1,-1
3242,3241,4134,3919,3919,3919,3934,5590,5122,.,.,-1,6.0,5067,-1,-1,-1
3242,3241,4135,3920,3919,3919,3934,5590,5122,.,.,-1,8.0,3716,-1,-1,-1
3242,3241,4136,3921,3921,3921,3934,5592,5122,.,.,-1,2.0,3716,-1,-1,-1
3242,3241,4137,3922,3922,3922,3934,5596,5122,.,.,-1,16.0,5067,-1,-1,-1
3242,3241,4138,3923,3922,3922,3934,5596,5122,.,.,-1,17.0,3716,-1,-1,-1
3242,3241,4139,3924,3924,3924,3934,5598,5122,.,.,-1,7.0,3715,-1,-1,-1
3242,3241,4140,3925,3925,3925,3934,5600,5122,.,.,-1,1.0,3716,-1,-1,-1
3242,3241,4141,3926,3925,3925,3934,5600,5122,.,.,-1,5.0,3715,-1,-1,-1
3242,3241,4142,3927,3927,3927,3934,5602,5122,.,.,-1,1.0,3716,-1,-1,-1
3242,3241,4143,3928,3928,3928,3934,5604,5122,.,.,-1,4.0,3716,-1,-1,-1
3242,3241,4144,3929,3929,3929,3934,5606,5122,.,.,-1,1.0,3716,-1,-1,-1
3242,3241,4145,3930,3930,3930,3934,5608,5122,.,.,-1,3.0,3716,-1,-1,-1
3242,3241,4146,3931,3931,3931,3934,6064,5122,.,.,-1,18.0,3716,-1,-1,-1
3242,3241,4147,3932,3931,3931,3934,6064,5122,.,.,-1,20.0,5067,-1,-1,-1
3242,3241,4148,3933,3933,3933,3934,6066,5122,.,.,-1,1.0,3716,-1,-1,-1
3242,3241,4378,4160,4160,4160,4377,2,5122,.,.,-1,11.0,3715,-1,-1,-1
3242,3241,4379,4161,4161,4161,4377,6,5122,.,.,-1,1.0,3716,-1,-1,-1
3242,3241,4380,4162,4162,4162,4377,8,5122,.,.,-1,5.0,3716,-1,-1,-1
3242,3241,4381,4163,4162,4162,4377,8,5122,.,.,-1,15.0,5067,-1,-1,-1
3242,3241,4382,4164,4164,4164,4377,10,5122,.,.,-1,18.0,3716,-1,-1,-1
3242,3241,4383,4165,4164,4164,4377,10,5122,.,.,-1,29.0,5067,-1,-1,-1
3242,3241,4384,4166,4166,4166,4377,14,5122,.,.,-1,3.0,3716,-1,-1,-1
3242,3241,4385,4167,4167,4167,4377,16,5122,.,.,-1,15.0,5067,-1,-1,-1
3242,3241,4386,4168,4167,4167,4377,16,5122,.,.,-1,16.0,3716,-1,-1,-1
3242,3241,4387,4169,4169,4169,4377,18,5122,.,.,-1,6.0,3715,-1,-1,-1
3242,3241,4388,4170,4170,4170,4377,22,5122,.,.,-1,11.0,5067,-1,-1,-1
3242,3241,4389,4171,4170,4170,4377,22,5122,.,.,-1,12.0,3716,-1,-1,-1
3242,3241,4390,4172,4172,4172,4377,24,5122,.,.,-1,4.0,5067,-1,-1,-1
3242,3241,4391,4173,4172,4172,4377,24,5122,.,.,-1,5.0,3716,-1,-1,-1
3242,3241,4392,4174,4174,4174,4377,26,5122,.,.,-1,2.0,3716,-1,-1,-1
3242,3241,4393,4175,4175,4175,4377,28,5122,.,.,-1,7.0,5067,-1,-1,-1
3242,3241,4394,4176,4175,4175,4377,28,5122,.,.,-1,8.0,3716,-1,-1,-1
3242,3241,4395,4177,4177,4177,4377,30,5122,.,.,-1,2.0,5067,-1,-1,-1
3242,3241,4396,4178,4177,4177,4377,30,5122,.,.,-1,5.0,3716,-1,-1,-1
3242,3241,4397,4179,4179,4179,4377,32,5122,.,.,-1,2.0,5067,-1,-1,-1
3242,3241,4398,4180,4179,4179,4377,32,5122,.,.,-1,12.0,3716,-1,-1,-1
3242,3241,4399,4181,4181,4181,4377,34,5122,.,.,-1,7.0,5067,-1,-1,-1
3242,3241,4400,4182,4181,4181,4377,34,5122,.,.,-1,10.0,3716,-1,-1,-1
3242,3241,4402,4184,4184,4184,4377,38,5122,.,.,-1,12.0,3716,-1,-1,-1
3242,3241,4403,4185,4184,4184,4377,38,5122,.,.,-1,17.0,5067,-1,-1,-1
3242,3241,4401,4183,4183,4183,4377,36,5122,.,.,-1,2.0,3716,-1,-1,-1
3242,3241,4404,4186,4186,4186,4377,40,5122,.,.,-1,1.0,3716,-1,-1,-1
3242,3241,4405,4187,4187,4187,4377,44,5122,.,.,-1,1.0,5067,-1,-1,-1
3242,3241,4406,4188,4187,4187,4377,44,5122,.,.,-1,2.0,3716,-1,-1,-1
3242,3241,4407,4189,4189,4189,4377,46,5122,.,.,-1,14.0,5067,-1,-1,-1
3242,3241,4408,4190,4189,4189,4377,46,5122,.,.,-1,16.0,3716,-1,-1,-1
3242,3241,4409,4191,4191,4191,4377,48,5122,.,.,-1,8.0,3716,-1,-1,-1
3242,3241,4410,4192,4191,4191,4377,48,5122,.,.,-1,9.0,5067,-1,-1,-1
3242,3241,4411,4193,4193,4193,4377,50,5122,.,.,-1,1.0,3716,-1,-1,-1
3242,3241,4412,4194,4194,4194,4377,52,5122,.,.,-1,1.0,3716,-1,-1,-1
3242,3241,4413,4195,4195,4195,4377,54,5122,.,.,-1,7.0,3716,-1,-1,-1
3242,3241,4414,4196,4195,4195,4377,54,5122,.,.,-1,12.0,5067,-1,-1,-1
3242,3241,4415,4197,4197,4197,4377,56,5122,.,.,-1,9.0,3716,-1,-1,-1
3242,3241,4416,4198,4197,4197,4377,56,5122,.,.,-1,10.0,5067,-1,-1,-1
3242,3241,4417,4199,4199,4199,4377,58,5122,.,.,-1,3.0,3716,-1,-1,-1
3242,3241,4418,4200,4200,4200,4377,60,5122,.,.,-1,4.0,5067,-1,-1,-1
3242,3241,4419,4201,4200,4200,4377,60,5122,.,.,-1,7.0,3716,-1,-1,-1
3242,3241,4420,4202,4202,4202,4377,480,5122,.,.,-1,3.0,3716,-1,-1,-1
3242,3241,4421,4203,4203,4203,4377,482,5122,.,.,-1,3.0,3716,-1,-1,-1
3242,3241,4422,4204,4204,4204,4377,484,5122,.,.,-1,1.0,3716,-1,-1,-1
3242,3241,4423,4205,4205,4205,4377,486,5122,.,.,-1,2.0,3716,-1,-1,-1
3242,3241,4424,4206,4206,4206,4377,488,5122,.,.,-1,3.0,3716,-1,-1,-1
3242,3241,4425,4207,4206,4206,4377,488,5122,.,.,-1,4.0,5067,-1,-1,-1
3242,3241,4426,4208,4208,4208,4377,490,5122,.,.,-1,3.0,3716,-1,-1,-1
3242,3241,4427,4209,4209,4209,4377,492,5122,.,.,-1,4.0,3716,-1,-1,-1
3242,3241,4428,4210,4210,4210,4377,494,5122,.,.,-1,4.0,3716,-1,-1,-1
3242,3241,4429,4211,4210,4210,4377,494,5122,.,.,-1,4.0,5067,-1,-1,-1
3242,3241,4430,4212,4212,4212,4377,496,5122,.,.,-1,8.0,3716,-1,-1,-1
3242,3241,4431,4213,4212,4212,4377,496,5122,.,.,-1,9.0,5067,-1,-1,-1
3242,3241,4432,4214,4214,4214,4377,498,5122,.,.,-1,1.0,3716,-1,-1,-1
3242,3241,4433,4215,4215,4215,4377,500,5122,.,.,-1,3.0,5067,-1,-1,-1
3242,3241,4434,4216,4215,4215,4377,500,5122,.,.,-1,4.0,3716,-1,-1,-1
3242,3241,4435,4217,4217,4217,4377,502,5122,.,.,-1,2.0,3716,-1,-1,-1
3242,3241,4436,4218,4218,4218,4377,504,5122,.,.,-1,12.0,3715,-1,-1,-1
3242,3241,4437,4219,4219,4219,4377,508,5122,.,.,-1,7.0,3716,-1,-1,-1
3242,3241,4438,4220,4220,4220,4377,512,5122,.,.,-1,6.0,3716,-1,-1,-1
3242,3241,4439,4221,4221,4221,4377,517,5122,.,.,-1,1.0,3716,-1,-1,-1
3242,3241,4440,4222,4222,4222,4377,519,5122,.,.,-1,1.0,3716,-1,-1,-1
3242,3241,4441,4223,4223,4223,4377,521,5122,.,.,-1,19.0,5067,-1,-1,-1
3242,3241,4442,4224,4223,4223,4377,521,5122,.,.,-1,24.0,3716,-1,-1,-1
3242,3241,4443,4225,4225,4225,4377,523,5122,.,.,-1,5.0,3716,-1,-1,-1
3242,3241,4444,4226,4226,4226,4377,525,5122,.,.,-1,4.0,3716,-1,-1,-1
3242,3241,4445,4227,4227,4227,4377,528,5122,.,.,-1,2.0,3716,-1,-1,-1
3242,3241,4446,4228,4228,4228,4377,530,5122,.,.,-1,3.0,3715,-1,-1,-1
3242,3241,4447,4229,4229,4229,4377,532,5122,.,.,-1,3.0,3716,-1,-1,-1
3242,3241,4448,4230,4230,4230,4377,534,5122,.,.,-1,5.0,3716,-1,-1,-1
3242,3241,4449,4231,4231,4231,4377,536,5122,.,.,-1,3.0,5067,-1,-1,-1
3242,3241,4450,4232,4231,4231,4377,536,5122,.,.,-1,6.0,3716,-1,-1,-1
3242,3241,4451,4233,4233,4233,4377,538,5122,.,.,-1,6.0,3716,-1,-1,-1
3242,3241,4452,4234,4233,4233,4377,538,5122,.,.,-1,7.0,5067,-1,-1,-1
3242,3241,4453,4235,4235,4235,4377,540,5122,.,.,-1,3.0,3716,-1,-1,-1
3242,3241,4454,4236,4236,4236,4377,542,5122,.,.,-1,1.0,3716,-1,-1,-1
3242,3241,4455,4237,4237,4237,4377,544,5122,.,.,-1,16.0,3716,-1,-1,-1
3242,3241,4456,4238,4237,4237,4377,544,5122,.,.,-1,21.0,5067,-1,-1,-1
3242,3241,4457,4239,4239,4239,4377,548,5122,.,.,-1,1.0,3716,-1,-1,-1
3242,3241,4458,4240,4240,4240,4377,1416,5122,.,.,-1,4.0,3716,-1,-1,-1
3242,3241,4459,4241,4241,4241,4377,1418,5122,.,.,-1,9.0,3716,-1,-1,-1
3242,3241,4460,4242,4241,4241,4377,1418,5122,.,.,-1,10.0,5067,-1,-1,-1
3242,3241,4461,4243,4243,4243,4377,1420,5122,.,.,-1,17.0,3716,-1,-1,-1
3242,3241,4462,4244,4243,4243,4377,1420,5122,.,.,-1,20.0,5067,-1,-1,-1
3242,3241,4463,4245,4245,4245,4377,1422,5122,.,.,-1,10.0,3716,-1,-1,-1
3242,3241,4464,4246,4245,4245,4377,1422,5122,.,.,-1,13.0,5067,-1,-1,-1
3242,3241,4465,4247,4247,4247,4377,1880,5122,.,.,-1,4.0,3716,-1,-1,-1
3242,3241,4466,4248,4247,4247,4377,1880,5122,.,.,-1,7.0,5067,-1,-1,-1
3242,3241,4469,4251,4251,4251,4377,1886,5122,.,.,-1,2.0,3716,-1,-1,-1
3242,3241,4467,4249,4249,4249,4377,1882,5122,.,.,-1,1.0,3716,-1,-1,-1
3242,3241,4468,4250,4250,4250,4377,1884,5122,.,.,-1,4.0,3716,-1,-1,-1
3242,3241,4470,4252,4252,4252,4377,1888,5122,.,.,-1,5.0,3716,-1,-1,-1
3242,3241,4471,4253,4253,4253,4377,1890,5122,.,.,-1,3.0,3716,-1,-1,-1
3242,3241,4472,4254,4254,4254,4377,1892,5122,.,.,-1,6.0,3715,-1,-1,-1
3242,3241,4473,4255,4255,4255,4377,1894,5122,.,.,-1,1.0,3716,-1,-1,-1
3242,3241,4474,4256,4255,4255,4377,1894,5122,.,.,-1,4.0,5067,-1,-1,-1
3242,3241,4475,4257,4257,4257,4377,1896,5122,.,.,-1,2.0,5067,-1,-1,-1
3242,3241,4476,4258,4257,4257,4377,1896,5122,.,.,-1,3.0,3716,-1,-1,-1
3242,3241,4477,4259,4259,4259,4377,2328,5122,.,.,-1,5.0,5067,-1,-1,-1
3242,3241,4478,4260,4259,4259,4377,2328,5122,.,.,-1,8.0,3716,-1,-1,-1
3242,3241,4479,4261,4261,4261,4377,2330,5122,.,.,-1,5.0,3716,-1,-1,-1
3242,3241,4480,4262,4262,4262,4377,2332,5122,.,.,-1,4.0,3716,-1,-1,-1
3242,3241,4481,4263,4263,4263,4377,2334,5122,.,.,-1,4.0,3716,-1,-1,-1
3242,3241,4482,4264,4264,4264,4377,2336,5122,.,.,-1,2.0,3716,-1,-1,-1
3242,3241,4483,4265,4265,4265,4377,2338,5122,.,.,-1,3.0,5067,-1,-1,-1
3242,3241,4484,4266,4265,4265,4377,2338,5122,.,.,-1,5.0,3716,-1,-1,-1
3242,3241,4485,4267,4267,4267,4377,2340,5122,.,.,-1,12.0,5067,-1,-1,-1
3242,3241,4486,4268,4267,4267,4377,2340,5122,.,.,-1,15.0,3716,-1,-1,-1
3242,3241,4487,4269,4269,4269,4377,2780,5122,.,.,-1,15.0,5067,-1,-1,-1
3242,3241,4488,4270,4269,4269,4377,2780,5122,.,.,-1,21.0,3716,-1,-1,-1
3242,3241,4489,4271,4271,4271,4377,2782,5122,.,.,-1,4.0,3715,-1,-1,-1
3242,3241,4490,4272,4272,4272,4377,2784,5122,.,.,-1,5.0,3716,-1,-1,-1
3242,3241,4491,4273,4272,4272,4377,2784,5122,.,.,-1,12.0,5067,-1,-1,-1
3242,3241,4492,4274,4274,4274,4377,3238,5122,.,.,-1,1.0,3716,-1,-1,-1
3242,3241,4493,4275,4275,4275,4377,3240,5122,.,.,-1,2.0,3716,-1,-1,-1
3242,3241,4494,4276,4276,4276,4377,3244,5122,.,.,-1,1.0,3716,-1,-1,-1
3242,3241,4495,4277,4277,4277,4377,3246,5122,.,.,-1,1.0,3716,-1,-1,-1
3242,3241,4496,4278,4278,4278,4377,3248,5122,.,.,-1,2.0,3716,-1,-1,-1
3242,3241,4497,4279,4279,4279,4377,3250,5122,.,.,-1,2.0,3716,-1,-1,-1
3242,3241,4498,4280,4280,4280,4377,3252,5122,.,.,-1,11.0,3716,-1,-1,-1
3242,3241,4499,4281,4280,4280,4377,3252,5122,.,.,-1,21.0,5067,-1,-1,-1
3242,3241,4500,4282,4282,4282,4377,3254,5122,.,.,-1,5.0,3716,-1,-1,-1
3242,3241,4501,4283,4282,4282,4377,3254,5122,.,.,-1,11.0,5067,-1,-1,-1
3242,3241,4502,4284,4284,4284,4377,3258,5122,.,.,-1,3.0,3716,-1,-1,-1
3242,3241,4503,4285,4285,4285,4377,3262,5122,.,.,-1,2.0,3716,-1,-1,-1
3242,3241,4504,4286,4286,4286,4377,3264,5122,.,.,-1,11.0,3715,-1,-1,-1
3242,3241,4505,4287,4287,4287,4377,3266,5122,.,.,-1,6.0,3716,-1,-1,-1
3242,3241,4506,4288,4287,4287,4377,3266,5122,.,.,-1,10.0,5067,-1,-1,-1
3242,3241,4507,4289,4289,4289,4377,3268,5122,.,.,-1,10.0,3716,-1,-1,-1
3242,3241,4508,4290,4289,4289,4377,3268,5122,.,.,-1,10.0,5067,-1,-1,-1
3242,3241,4509,4291,4291,4291,4377,3702,5122,.,.,-1,8.0,3716,-1,-1,-1
3242,3241,4510,4292,4291,4291,4377,3702,5122,.,.,-1,14.0,5067,-1,-1,-1
3242,3241,4511,4293,4293,4293,4377,3704,5122,.,.,-1,3.0,3716,-1,-1,-1
3242,3241,4512,4294,4293,4293,4377,3704,5122,.,.,-1,4.0,5067,-1,-1,-1
3242,3241,4513,4295,4295,4295,4377,3706,5122,.,.,-1,8.0,3716,-1,-1,-1
3242,3241,4514,4296,4295,4295,4377,3706,5122,.,.,-1,13.0,5067,-1,-1,-1
3242,3241,4515,4297,4297,4297,4377,3708,5122,.,.,-1,10.0,3716,-1,-1,-1
3242,3241,4516,4298,4297,4297,4377,3708,5122,.,.,-1,11.0,5067,-1,-1,-1
3242,3241,4517,4299,4297,4297,4377,3708,5122,.,.,-1,35.0,3715,-1,-1,-1
3242,3241,4518,4300,4300,4300,4377,3710,5122,.,.,-1,3.0,3716,-1,-1,-1
3242,3241,4519,4301,4301,4301,4377,3712,5122,.,.,-1,1.0,3716,-1,-1,-1
3242,3241,4520,4302,4301,4301,4377,3712,5122,.,.,-1,2.0,5067,-1,-1,-1
3242,3241,4521,4303,4301,4301,4377,3712,5122,.,.,-1,3.0,3715,-1,-1,-1
3242,3241,4522,4304,4304,4304,4377,3714,5122,.,.,-1,30.0,3715,-1,-1,-1
3242,3241,4523,4305,4305,4305,4377,3718,5122,.,.,-1,2.0,3716,-1,-1,-1
3242,3241,4524,4306,4306,4306,4377,4154,5122,.,.,-1,3.0,5067,-1,-1,-1
3242,3241,4525,4307,4306,4306,4377,4154,5122,.,.,-1,5.0,3716,-1,-1,-1
3242,3241,4526,4308,4308,4308,4377,4156,5122,.,.,-1,13.0,3715,-1,-1,-1
3242,3241,4527,4309,4309,4309,4377,4158,5122,.,.,-1,3.0,3715,-1,-1,-1
3242,3241,4528,4310,4310,4310,4377,4596,5122,.,.,-1,1.0,3716,-1,-1,-1
3242,3241,4529,4311,4311,4311,4377,4598,5122,.,.,-1,3.0,3716,-1,-1,-1
3242,3241,4530,4312,4312,4312,4377,4600,5122,.,.,-1,1.0,3716,-1,-1,-1
3242,3241,4531,4313,4313,4313,4377,4604,5122,.,.,-1,1.0,3716,-1,-1,-1
3242,3241,4532,4314,4314,4314,4377,4606,5122,.,.,-1,2.0,3716,-1,-1,-1
3242,3241,4533,4315,4315,4315,4377,4608,5122,.,.,-1,4.0,3716,-1,-1,-1
3242,3241,4534,4316,4316,4316,4377,5064,5122,.,.,-1,3.0,5067,-1,-1,-1
3242,3241,4535,4317,4316,4316,4377,5064,5122,.,.,-1,8.0,3716,-1,-1,-1
3242,3241,4536,4318,4318,4318,4377,5066,5122,.,.,-1,3.0,3716,-1,-1,-1
3242,3241,4537,4319,4318,4318,4377,5066,5122,.,.,-1,4.0,5067,-1,-1,-1
3242,3241,4538,4320,4320,4320,4377,5069,5122,.,.,-1,9.0,3715,-1,-1,-1
3242,3241,4539,4321,4321,4321,4377,5071,5122,.,.,-1,2.0,3716,-1,-1,-1
3242,3241,4540,4322,4322,4322,4377,5073,5122,.,.,-1,11.0,5067,-1,-1,-1
3242,3241,4541,4323,4322,4322,4377,5073,5122,.,.,-1,13.0,3716,-1,-1,-1
3242,3241,4542,4324,4324,4324,4377,5077,5122,.,.,-1,26.0,3715,-1,-1,-1
3242,3241,4543,4325,4325,4325,4377,5079,5122,.,.,-1,2.0,3716,-1,-1,-1
3242,3241,4544,4326,4326,4326,4377,5081,5122,.,.,-1,23.0,5067,-1,-1,-1
3242,3241,4545,4327,4326,4326,4377,5081,5122,.,.,-1,25.0,3716,-1,-1,-1
3242,3241,4546,4328,4328,4328,4377,5083,5122,.,.,-1,1.0,5067,-1,-1,-1
3242,3241,4547,4329,4328,4328,4377,5083,5122,.,.,-1,4.0,3716,-1,-1,-1
3242,3241,4548,4330,4330,4330,4377,5085,5122,.,.,-1,1.0,3716,-1,-1,-1
3242,3241,4549,4331,4331,4331,4377,5087,5122,.,.,-1,3.0,5067,-1,-1,-1
3242,3241,4550,4332,4331,4331,4377,5087,5122,.,.,-1,5.0,3716,-1,-1,-1
3242,3241,4551,4333,4333,4333,4377,5091,5122,.,.,-1,30.0,3716,-1,-1,-1
3242,3241,4552,4334,4333,4333,4377,5091,5122,.,.,-1,35.0,5067,-1,-1,-1
3242,3241,4553,4335,4335,4335,4377,5095,5122,.,.,-1,3.0,3716,-1,-1,-1
3242,3241,4556,4338,4338,4338,4377,5099,5122,.,.,-1,2.0,3716,-1,-1,-1
3242,3241,4554,4336,4336,4336,4377,5097,5122,.,.,-1,3.0,3716,-1,-1,-1
3242,3241,4555,4337,4336,4336,4377,5097,5122,.,.,-1,3.0,5067,-1,-1,-1
3242,3241,4557,4339,4339,4339,4377,5101,5122,.,.,-1,3.0,3716,-1,-1,-1
3242,3241,4558,4340,4339,4339,4377,5101,5122,.,.,-1,4.0,5067,-1,-1,-1
3242,3241,4559,4341,4341,4341,4377,5103,5122,.,.,-1,3.0,3715,-1,-1,-1
3242,3241,4560,4342,4342,4342,4377,5109,5122,.,.,-1,6.0,5067,-1,-1,-1
3242,3241,4561,4343,4342,4342,4377,5109,5122,.,.,-1,9.0,3716,-1,-1,-1
3242,3241,4562,4344,4344,4344,4377,5111,5122,.,.,-1,9.0,3715,-1,-1,-1
3242,3241,4563,4345,4345,4345,4377,5113,5122,.,.,-1,17.0,3715,-1,-1,-1
3242,3241,4564,4346,4346,4346,4377,5115,5122,.,.,-1,10.0,3715,-1,-1,-1
3242,3241,4565,4347,4347,4347,4377,5117,5122,.,.,-1,4.0,5067,-1,-1,-1
3242,3241,4566,4348,4347,4347,4377,5117,5122,.,.,-1,5.0,3716,-1,-1,-1
3242,3241,4567,4349,4349,4349,4377,5119,5122,.,.,-1,2.0,5067,-1,-1,-1
3242,3241,4568,4350,4349,4349,4377,5119,5122,.,.,-1,3.0,3716,-1,-1,-1
3242,3241,4569,4351,4351,4351,4377,5121,5122,.,.,-1,7.0,5067,-1,-1,-1
3242,3241,4570,4352,4351,4351,4377,5121,5122,.,.,-1,12.0,3716,-1,-1,-1
3242,3241,4571,4353,4353,4353,4377,5124,5122,.,.,-1,3.0,3716,-1,-1,-1
3242,3241,4572,4354,4354,4354,4377,5126,5122,.,.,-1,3.0,3716,-1,-1,-1
3242,3241,4573,4355,4355,4355,4377,5578,5122,.,.,-1,17.0,3715,-1,-1,-1
3242,3241,4574,4356,4356,4356,4377,5580,5122,.,.,-1,5.0,5067,-1,-1,-1
3242,3241,4575,4357,4356,4356,4377,5580,5122,.,.,-1,8.0,3716,-1,-1,-1
3242,3241,4576,4358,4358,4358,4377,5584,5122,.,.,-1,3.0,5067,-1,-1,-1
3242,3241,4577,4359,4358,4358,4377,5584,5122,.,.,-1,6.0,3716,-1,-1,-1
3242,3241,4578,4360,4360,4360,4377,5586,5122,.,.,-1,5.0,3716,-1,-1,-1
3242,3241,4579,4361,4361,4361,4377,5590,5122,.,.,-1,5.0,5067,-1,-1,-1
3242,3241,4580,4362,4361,4361,4377,5590,5122,.,.,-1,10.0,3716,-1,-1,-1
3242,3241,4581,4363,4363,4363,4377,5592,5122,.,.,-1,3.0,3716,-1,-1,-1
3242,3241,4582,4364,4364,4364,4377,5594,5122,.,.,-1,3.0,3716,-1,-1,-1
3242,3241,4583,4365,4365,4365,4377,5596,5122,.,.,-1,3.0,5067,-1,-1,-1
3242,3241,4584,4366,4365,4365,4377,5596,5122,.,.,-1,6.0,3716,-1,-1,-1
3242,3241,4585,4367,4367,4367,4377,5600,5122,.,.,-1,3.0,5067,-1,-1,-1
3242,3241,4586,4368,4367,4367,4377,5600,5122,.,.,-1,4.0,3716,-1,-1,-1
3242,3241,4587,4369,4367,4367,4377,5600,5122,.,.,-1,5.0,3715,-1,-1,-1
3242,3241,4588,4370,4370,4370,4377,5602,5122,.,.,-1,3.0,3716,-1,-1,-1
3242,3241,4589,4371,4371,4371,4377,5604,5122,.,.,-1,2.0,3716,-1,-1,-1
3242,3241,4590,4372,4372,4372,4377,5606,5122,.,.,-1,3.0,3716,-1,-1,-1
3242,3241,4591,4373,4373,4373,4377,5608,5122,.,.,-1,4.0,3716,-1,-1,-1
3242,3241,4592,4374,4374,4374,4377,6064,5122,.,.,-1,16.0,5067,-1,-1,-1
3242,3241,4593,4375,4374,4374,4377,6064,5122,.,.,-1,20.0,3716,-1,-1,-1
3242,3241,4594,4376,4376,4376,4377,6066,5122,.,.,-1,4.0,3716,-1,-1,-1
3242,3241,4837,4612,4612,4612,4836,6,5122,.,.,-1,2.0,3716,-1,-1,-1
3242,3241,4838,4613,4613,4613,4836,8,5122,.,.,-1,3.0,5067,-1,-1,-1
3242,3241,4839,4614,4613,4613,4836,8,5122,.,.,-1,5.0,3716,-1,-1,-1
3242,3241,4840,4615,4615,4615,4836,10,5122,.,.,-1,3.0,3716,-1,-1,-1
3242,3241,4841,4616,4615,4615,4836,10,5122,.,.,-1,7.0,5067,-1,-1,-1
3242,3241,4842,4617,4617,4617,4836,12,5122,.,.,-1,10.0,3715,-1,-1,-1
3242,3241,4843,4618,4618,4618,4836,14,5122,.,.,-1,1.0,3716,-1,-1,-1
3242,3241,4844,4619,4619,4619,4836,16,5122,.,.,-1,11.0,3716,-1,-1,-1
3242,3241,4845,4620,4619,4619,4836,16,5122,.,.,-1,11.0,5067,-1,-1,-1
3242,3241,4846,4621,4621,4621,4836,18,5122,.,.,-1,11.0,3715,-1,-1,-1
3242,3241,4847,4622,4622,4622,4836,20,5122,.,.,-1,9.0,3715,-1,-1,-1
3242,3241,4848,4623,4623,4623,4836,22,5122,.,.,-1,5.0,3716,-1,-1,-1
3242,3241,4849,4624,4623,4623,4836,22,5122,.,.,-1,5.0,5067,-1,-1,-1
3242,3241,4850,4625,4625,4625,4836,24,5122,.,.,-1,2.0,3716,-1,-1,-1
3242,3241,4851,4626,4625,4625,4836,24,5122,.,.,-1,5.0,5067,-1,-1,-1
3242,3241,4852,4627,4627,4627,4836,26,5122,.,.,-1,3.0,3716,-1,-1,-1
3242,3241,4853,4628,4628,4628,4836,28,5122,.,.,-1,1.0,5067,-1,-1,-1
3242,3241,4854,4629,4628,4628,4836,28,5122,.,.,-1,2.0,3716,-1,-1,-1
3242,3241,4855,4630,4630,4630,4836,30,5122,.,.,-1,1.0,5067,-1,-1,-1
3242,3241,4856,4631,4630,4630,4836,30,5122,.,.,-1,4.0,3716,-1,-1,-1
3242,3241,4857,4632,4632,4632,4836,32,5122,.,.,-1,2.0,5067,-1,-1,-1
3242,3241,4858,4633,4632,4632,4836,32,5122,.,.,-1,5.0,3716,-1,-1,-1
3242,3241,4859,4634,4634,4634,4836,34,5122,.,.,-1,3.0,5067,-1,-1,-1
3242,3241,4860,4635,4634,4634,4836,34,5122,.,.,-1,9.0,3716,-1,-1,-1
3242,3241,4862,4637,4637,4637,4836,38,5122,.,.,-1,29.0,3716,-1,-1,-1
3242,3241,4863,4638,4637,4637,4836,38,5122,.,.,-1,32.0,5067,-1,-1,-1
3242,3241,4861,4636,4636,4636,4836,36,5122,.,.,-1,4.0,3716,-1,-1,-1
3242,3241,4864,4639,4639,4639,4836,42,5122,.,.,-1,7.0,5067,-1,-1,-1
3242,3241,4865,4640,4639,4639,4836,42,5122,.,.,-1,9.0,3716,-1,-1,-1
3242,3241,4866,4641,4641,4641,4836,44,5122,.,.,-1,3.0,3716,-1,-1,-1
3242,3241,4867,4642,4642,4642,4836,46,5122,.,.,-1,13.0,3716,-1,-1,-1
3242,3241,4868,4643,4642,4642,4836,46,5122,.,.,-1,14.0,5067,-1,-1,-1
3242,3241,4869,4644,4644,4644,4836,48,5122,.,.,-1,8.0,3716,-1,-1,-1
3242,3241,4870,4645,4644,4644,4836,48,5122,.,.,-1,11.0,5067,-1,-1,-1
3242,3241,4871,4646,4646,4646,4836,54,5122,.,.,-1,12.0,3716,-1,-1,-1
3242,3241,4872,4647,4646,4646,4836,54,5122,.,.,-1,17.0,5067,-1,-1,-1
3242,3241,4873,4648,4648,4648,4836,56,5122,.,.,-1,5.0,5067,-1,-1,-1
3242,3241,4874,4649,4648,4648,4836,56,5122,.,.,-1,9.0,3716,-1,-1,-1
3242,3241,4875,4650,4650,4650,4836,58,5122,.,.,-1,5.0,5067,-1,-1,-1
3242,3241,4876,4651,4650,4650,4836,58,5122,.,.,-1,19.0,3716,-1,-1,-1
3242,3241,4877,4652,4652,4652,4836,60,5122,.,.,-1,13.0,3716,-1,-1,-1
3242,3241,4878,4653,4652,4652,4836,60,5122,.,.,-1,17.0,5067,-1,-1,-1
3242,3241,4879,4654,4654,4654,4836,480,5122,.,.,-1,2.0,3716,-1,-1,-1
3242,3241,4880,4655,4655,4655,4836,482,5122,.,.,-1,1.0,3716,-1,-1,-1
3242,3241,4881,4656,4656,4656,4836,484,5122,.,.,-1,5.0,3716,-1,-1,-1
3242,3241,4882,4657,4657,4657,4836,486,5122,.,.,-1,3.0,3716,-1,-1,-1
3242,3241,4883,4658,4658,4658,4836,488,5122,.,.,-1,3.0,3716,-1,-1,-1
3242,3241,4884,4659,4659,4659,4836,490,5122,.,.,-1,9.0,3716,-1,-1,-1
3242,3241,4885,4660,4659,4659,4836,490,5122,.,.,-1,20.0,5067,-1,-1,-1
3242,3241,4886,4661,4661,4661,4836,492,5122,.,.,-1,3.0,3716,-1,-1,-1
3242,3241,4887,4662,4662,4662,4836,494,5122,.,.,-1,5.0,3716,-1,-1,-1
3242,3241,4888,4663,4662,4662,4836,494,5122,.,.,-1,10.0,5067,-1,-1,-1
3242,3241,4889,4664,4664,4664,4836,496,5122,.,.,-1,13.0,3716,-1,-1,-1
3242,3241,4890,4665,4664,4664,4836,496,5122,.,.,-1,18.0,5067,-1,-1,-1
3242,3241,4891,4666,4666,4666,4836,500,5122,.,.,-1,4.0,3716,-1,-1,-1
3242,3241,4892,4667,4667,4667,4836,502,5122,.,.,-1,1.0,3716,-1,-1,-1
3242,3241,4893,4668,4668,4668,4836,506,5122,.,.,-1,15.0,3715,-1,-1,-1
3242,3241,4894,4669,4669,4669,4836,508,5122,.,.,-1,2.0,3716,-1,-1,-1
3242,3241,4895,4670,4670,4670,4836,510,5122,.,.,-1,13.0,3715,-1,-1,-1
3242,3241,4896,4671,4671,4671,4836,512,5122,.,.,-1,1.0,3716,-1,-1,-1
3242,3241,4897,4672,4672,4672,4836,517,5122,.,.,-1,4.0,3716,-1,-1,-1
3242,3241,4898,4673,4673,4673,4836,519,5122,.,.,-1,4.0,3716,-1,-1,-1
3242,3241,4899,4674,4674,4674,4836,521,5122,.,.,-1,5.0,5067,-1,-1,-1
3242,3241,4900,4675,4674,4674,4836,521,5122,.,.,-1,7.0,3716,-1,-1,-1
3242,3241,4901,4676,4676,4676,4836,523,5122,.,.,-1,4.0,3716,-1,-1,-1
3242,3241,4902,4677,4677,4677,4836,525,5122,.,.,-1,2.0,3716,-1,-1,-1
3242,3241,4903,4678,4678,4678,4836,528,5122,.,.,-1,7.0,3716,-1,-1,-1
3242,3241,4904,4679,4678,4678,4836,528,5122,.,.,-1,8.0,5067,-1,-1,-1
3242,3241,4905,4680,4680,4680,4836,532,5122,.,.,-1,3.0,3716,-1,-1,-1
3242,3241,4906,4681,4681,4681,4836,534,5122,.,.,-1,6.0,5067,-1,-1,-1
3242,3241,4907,4682,4681,4681,4836,534,5122,.,.,-1,9.0,3716,-1,-1,-1
3242,3241,4908,4683,4683,4683,4836,536,5122,.,.,-1,2.0,3716,-1,-1,-1
3242,3241,4909,4684,4683,4683,4836,536,5122,.,.,-1,5.0,5067,-1,-1,-1
3242,3241,4910,4685,4685,4685,4836,538,5122,.,.,-1,4.0,5067,-1,-1,-1
3242,3241,4911,4686,4686,4686,4836,540,5122,.,.,-1,4.0,3716,-1,-1,-1
3242,3241,4912,4687,4687,4687,4836,544,5122,.,.,-1,23.0,5067,-1,-1,-1
3242,3241,4913,4688,4687,4687,4836,544,5122,.,.,-1,24.0,3716,-1,-1,-1
3242,3241,4914,4689,4689,4689,4836,546,5122,.,.,-1,3.0,3716,-1,-1,-1
3242,3241,4915,4690,4690,4690,4836,548,5122,.,.,-1,1.0,3716,-1,-1,-1
3242,3241,4916,4691,4691,4691,4836,1416,5122,.,.,-1,4.0,3716,-1,-1,-1
3242,3241,4917,4692,4692,4692,4836,1418,5122,.,.,-1,1.0,5067,-1,-1,-1
3242,3241,4918,4693,4692,4692,4836,1418,5122,.,.,-1,6.0,3716,-1,-1,-1
3242,3241,4919,4694,4694,4694,4836,1420,5122,.,.,-1,4.0,3716,-1,-1,-1
3242,3241,4920,4695,4694,4694,4836,1420,5122,.,.,-1,5.0,5067,-1,-1,-1
3242,3241,4921,4696,4696,4696,4836,1422,5122,.,.,-1,20.0,5067,-1,-1,-1
3242,3241,4922,4697,4696,4696,4836,1422,5122,.,.,-1,23.0,3716,-1,-1,-1
3242,3241,4923,4698,4698,4698,4836,1424,5122,.,.,-1,20.0,3715,-1,-1,-1
3242,3241,4924,4699,4699,4699,4836,1880,5122,.,.,-1,9.0,5067,-1,-1,-1
3242,3241,4925,4700,4699,4699,4836,1880,5122,.,.,-1,20.0,3716,-1,-1,-1
3242,3241,4928,4703,4703,4703,4836,1886,5122,.,.,-1,1.0,3716,-1,-1,-1
3242,3241,4926,4701,4701,4701,4836,1884,5122,.,.,-1,7.0,3716,-1,-1,-1
3242,3241,4927,4702,4701,4701,4836,1884,5122,.,.,-1,9.0,5067,-1,-1,-1
3242,3241,4929,4704,4704,4704,4836,1888,5122,.,.,-1,1.0,5067,-1,-1,-1
3242,3241,4930,4705,4704,4704,4836,1888,5122,.,.,-1,4.0,3716,-1,-1,-1
3242,3241,4931,4706,4706,4706,4836,1890,5122,.,.,-1,2.0,3716,-1,-1,-1
3242,3241,4932,4707,4707,4707,4836,1892,5122,.,.,-1,6.0,3715,-1,-1,-1
3242,3241,4933,4708,4708,4708,4836,1894,5122,.,.,-1,2.0,5067,-1,-1,-1
3242,3241,4934,4709,4708,4708,4836,1894,5122,.,.,-1,3.0,3716,-1,-1,-1
3242,3241,4935,4710,4710,4710,4836,1896,5122,.,.,-1,9.0,5067,-1,-1,-1
3242,3241,4936,4711,4710,4710,4836,1896,5122,.,.,-1,12.0,3716,-1,-1,-1
3242,3241,4937,4712,4712,4712,4836,2328,5122,.,.,-1,16.0,3716,-1,-1,-1
3242,3241,4938,4713,4712,4712,4836,2328,5122,.,.,-1,16.0,5067,-1,-1,-1
3242,3241,4939,4714,4714,4714,4836,2330,5122,.,.,-1,5.0,3716,-1,-1,-1
3242,3241,4940,4715,4715,4715,4836,2332,5122,.,.,-1,3.0,3716,-1,-1,-1
3242,3241,4941,4716,4716,4716,4836,2334,5122,.,.,-1,2.0,3716,-1,-1,-1
3242,3241,4942,4717,4717,4717,4836,2336,5122,.,.,-1,3.0,3716,-1,-1,-1
3242,3241,4943,4718,4718,4718,4836,2338,5122,.,.,-1,5.0,3716,-1,-1,-1
3242,3241,4944,4719,4719,4719,4836,2340,5122,.,.,-1,5.0,5067,-1,-1,-1
3242,3241,4945,4720,4719,4719,4836,2340,5122,.,.,-1,7.0,3716,-1,-1,-1
3242,3241,4946,4721,4721,4721,4836,2776,5122,.,.,-1,10.0,3715,-1,-1,-1
3242,3241,4947,4722,4722,4722,4836,2778,5122,.,.,-1,10.0,3715,-1,-1,-1
3242,3241,4948,4723,4723,4723,4836,2780,5122,.,.,-1,1.0,3716,-1,-1,-1
3242,3241,4949,4724,4723,4723,4836,2780,5122,.,.,-1,6.0,5067,-1,-1,-1
3242,3241,4950,4725,4725,4725,4836,2784,5122,.,.,-1,12.0,5067,-1,-1,-1
3242,3241,4951,4726,4725,4725,4836,2784,5122,.,.,-1,13.0,3716,-1,-1,-1
3242,3241,4952,4727,4727,4727,4836,3238,5122,.,.,-1,4.0,3716,-1,-1,-1
3242,3241,4953,4728,4728,4728,4836,3240,5122,.,.,-1,6.0,3716,-1,-1,-1
3242,3241,4954,4729,4729,4729,4836,3244,5122,.,.,-1,2.0,3716,-1,-1,-1
3242,3241,4955,4730,4730,4730,4836,3246,5122,.,.,-1,8.0,3716,-1,-1,-1
3242,3241,4956,4731,4730,4730,4836,3246,5122,.,.,-1,8.0,5067,-1,-1,-1
3242,3241,4957,4732,4732,4732,4836,3248,5122,.,.,-1,3.0,3716,-1,-1,-1
3242,3241,4958,4733,4733,4733,4836,3250,5122,.,.,-1,3.0,3716,-1,-1,-1
3242,3241,4959,4734,4734,4734,4836,3252,5122,.,.,-1,9.0,3716,-1,-1,-1
3242,3241,4960,4735,4734,4734,4836,3252,5122,.,.,-1,9.0,5067,-1,-1,-1
3242,3241,4961,4736,4736,4736,4836,3254,5122,.,.,-1,4.0,5067,-1,-1,-1
3242,3241,4962,4737,4736,4736,4836,3254,5122,.,.,-1,12.0,3716,-1,-1,-1
3242,3241,4965,4740,4740,4740,4836,3260,5122,.,.,-1,4.0,3716,-1,-1,-1
3242,3241,4963,4738,4738,4738,4836,3256,5122,.,.,-1,2.0,3716,-1,-1,-1
3242,3241,4964,4739,4739,4739,4836,3258,5122,.,.,-1,5.0,3716,-1,-1,-1
3242,3241,4966,4741,4741,4741,4836,3262,5122,.,.,-1,1.0,3716,-1,-1,-1
3242,3241,4967,4742,4742,4742,4836,3266,5122,.,.,-1,19.0,3716,-1,-1,-1
3242,3241,4968,4743,4742,4742,4836,3266,5122,.,.,-1,23.0,5067,-1,-1,-1
3242,3241,4969,4744,4744,4744,4836,3268,5122,.,.,-1,11.0,5067,-1,-1,-1
3242,3241,4970,4745,4744,4744,4836,3268,5122,.,.,-1,14.0,3716,-1,-1,-1
3242,3241,4971,4746,4746,4746,4836,3702,5122,.,.,-1,7.0,3716,-1,-1,-1
3242,3241,4972,4747,4746,4746,4836,3702,5122,.,.,-1,10.0,5067,-1,-1,-1
3242,3241,4973,4748,4748,4748,4836,3704,5122,.,.,-1,4.0,3716,-1,-1,-1
3242,3241,4974,4749,4749,4749,4836,3706,5122,.,.,-1,1.0,3716,-1,-1,-1
3242,3241,4975,4750,4750,4750,4836,3708,5122,.,.,-1,9.0,3715,-1,-1,-1
3242,3241,4976,4751,4750,4750,4836,3708,5122,.,.,-1,14.0,3716,-1,-1,-1
3242,3241,4977,4752,4750,4750,4836,3708,5122,.,.,-1,16.0,5067,-1,-1,-1
3242,3241,4978,4753,4753,4753,4836,3710,5122,.,.,-1,3.0,3716,-1,-1,-1
3242,3241,4979,4754,4754,4754,4836,3718,5122,.,.,-1,6.0,3716,-1,-1,-1
3242,3241,4980,4755,4755,4755,4836,4154,5122,.,.,-1,3.0,5067,-1,-1,-1
3242,3241,4981,4756,4755,4755,4836,4154,5122,.,.,-1,5.0,3716,-1,-1,-1
3242,3241,4982,4757,4755,4755,4836,4154,5122,.,.,-1,19.0,3715,-1,-1,-1
3242,3241,4983,4758,4758,4758,4836,4156,5122,.,.,-1,14.0,3715,-1,-1,-1
3242,3241,4984,4759,4759,4759,4836,4158,5122,.,.,-1,5.0,3716,-1,-1,-1
3242,3241,4985,4760,4759,4759,4836,4158,5122,.,.,-1,5.0,5067,-1,-1,-1
3242,3241,4986,4761,4759,4759,4836,4158,5122,.,.,-1,13.0,3715,-1,-1,-1
3242,3241,4987,4762,4762,4762,4836,4596,5122,.,.,-1,2.0,5067,-1,-1,-1
3242,3241,4988,4763,4762,4762,4836,4596,5122,.,.,-1,6.0,3716,-1,-1,-1
3242,3241,4989,4764,4764,4764,4836,4598,5122,.,.,-1,1.0,3716,-1,-1,-1
3242,3241,4990,4765,4765,4765,4836,4600,5122,.,.,-1,4.0,3716,-1,-1,-1
3242,3241,4991,4766,4766,4766,4836,4604,5122,.,.,-1,2.0,3716,-1,-1,-1
3242,3241,4992,4767,4767,4767,4836,4606,5122,.,.,-1,3.0,3716,-1,-1,-1
3242,3241,4993,4768,4768,4768,4836,4608,5122,.,.,-1,1.0,3716,-1,-1,-1
3242,3241,4994,4769,4769,4769,4836,4610,5122,.,.,-1,4.0,3716,-1,-1,-1
3242,3241,4995,4770,4770,4770,4836,5062,5122,.,.,-1,4.0,3716,-1,-1,-1
3242,3241,4996,4771,4771,4771,4836,5064,5122,.,.,-1,12.0,5067,-1,-1,-1
3242,3241,4997,4772,4771,4771,4836,5064,5122,.,.,-1,13.0,3716,-1,-1,-1
3242,3241,4998,4773,4773,4773,4836,5066,5122,.,.,-1,6.0,5067,-1,-1,-1
3242,3241,4999,4774,4773,4773,4836,5066,5122,.,.,-1,16.0,3716,-1,-1,-1
3242,3241,5000,4775,4775,4775,4836,5069,5122,.,.,-1,8.0,3715,-1,-1,-1
3242,3241,5001,4776,4776,4776,4836,5071,5122,.,.,-1,2.0,3716,-1,-1,-1
3242,3241,5002,4777,4776,4776,4836,5071,5122,.,.,-1,2.0,5067,-1,-1,-1
3242,3241,5003,4778,4778,4778,4836,5073,5122,.,.,-1,3.0,3716,-1,-1,-1
3242,3241,5004,4779,4778,4778,4836,5073,5122,.,.,-1,5.0,5067,-1,-1,-1
3242,3241,5005,4780,4780,4780,4836,5075,5122,.,.,-1,22.0,3715,-1,-1,-1
3242,3241,5006,4781,4781,4781,4836,5077,5122,.,.,-1,24.0,3715,-1,-1,-1
3242,3241,5007,4782,4782,4782,4836,5079,5122,.,.,-1,1.0,3716,-1,-1,-1
3242,3241,5008,4783,4783,4783,4836,5081,5122,.,.,-1,7.0,3716,-1,-1,-1
3242,3241,5009,4784,4783,4783,4836,5081,5122,.,.,-1,12.0,5067,-1,-1,-1
3242,3241,5010,4785,4785,4785,4836,5083,5122,.,.,-1,1.0,3716,-1,-1,-1
3242,3241,5011,4786,4786,4786,4836,5085,5122,.,.,-1,4.0,3716,-1,-1,-1
3242,3241,5012,4787,4787,4787,4836,5087,5122,.,.,-1,13.0,5067,-1,-1,-1
3242,3241,5013,4788,4787,4787,4836,5087,5122,.,.,-1,14.0,3716,-1,-1,-1
3242,3241,5014,4789,4789,4789,4836,5091,5122,.,.,-1,5.0,3716,-1,-1,-1
3242,3241,5015,4790,4789,4789,4836,5091,5122,.,.,-1,6.0,5067,-1,-1,-1
3242,3241,5016,4791,4791,4791,4836,5093,5122,.,.,-1,21.0,3715,-1,-1,-1
3242,3241,5017,4792,4792,4792,4836,5095,5122,.,.,-1,2.0,3716,-1,-1,-1
3242,3241,5019,4794,4794,4794,4836,5099,5122,.,.,-1,1.0,3716,-1,-1,-1
3242,3241,5018,4793,4793,4793,4836,5097,5122,.,.,-1,3.0,3716,-1,-1,-1
3242,3241,5020,4795,4795,4795,4836,5101,5122,.,.,-1,10.0,5067,-1,-1,-1
3242,3241,5021,4796,4795,4795,4836,5101,5122,.,.,-1,12.0,3716,-1,-1,-1
3242,3241,5022,4797,4797,4797,4836,5103,5122,.,.,-1,12.0,3715,-1,-1,-1
3242,3241,5023,4798,4798,4798,4836,5107,5122,.,.,-1,5.0,3715,-1,-1,-1
3242,3241,5024,4799,4799,4799,4836,5109,5122,.,.,-1,5.0,3716,-1,-1,-1
3242,3241,5025,4800,4799,4799,4836,5109,5122,.,.,-1,5.0,5067,-1,-1,-1
3242,3241,5026,4801,4801,4801,4836,5113,5122,.,.,-1,9.0,3715,-1,-1,-1
3242,3241,5027,4802,4802,4802,4836,5117,5122,.,.,-1,20.0,3716,-1,-1,-1
3242,3241,5028,4803,4802,4802,4836,5117,5122,.,.,-1,21.0,5067,-1,-1,-1
3242,3241,5029,4804,4804,4804,4836,5119,5122,.,.,-1,6.0,3716,-1,-1,-1
3242,3241,5030,4805,4804,4804,4836,5119,5122,.,.,-1,7.0,5067,-1,-1,-1
3242,3241,5031,4806,4806,4806,4836,5121,5122,.,.,-1,8.0,3716,-1,-1,-1
3242,3241,5032,4807,4806,4806,4836,5121,5122,.,.,-1,8.0,5067,-1,-1,-1
3242,3241,5033,4808,4808,4808,4836,5124,5122,.,.,-1,2.0,5067,-1,-1,-1
3242,3241,5034,4809,4808,4808,4836,5124,5122,.,.,-1,7.0,3716,-1,-1,-1
3242,3241,5035,4810,4810,4810,4836,5126,5122,.,.,-1,4.0,3716,-1,-1,-1
3242,3241,5036,4811,4811,4811,4836,5578,5122,.,.,-1,5.0,3716,-1,-1,-1
3242,3241,5037,4812,4811,4811,4836,5578,5122,.,.,-1,5.0,5067,-1,-1,-1
3242,3241,5038,4813,4813,4813,4836,5580,5122,.,.,-1,3.0,3716,-1,-1,-1
3242,3241,5039,4814,4813,4813,4836,5580,5122,.,.,-1,3.0,5067,-1,-1,-1
3242,3241,5040,4815,4815,4815,4836,5584,5122,.,.,-1,13.0,3716,-1,-1,-1
3242,3241,5041,4816,4815,4815,4836,5584,5122,.,.,-1,28.0,5067,-1,-1,-1
3242,3241,5042,4817,4817,4817,4836,5586,5122,.,.,-1,10.0,3716,-1,-1,-1
3242,3241,5043,4818,4817,4817,4836,5586,5122,.,.,-1,10.0,5067,-1,-1,-1
3242,3241,5044,4819,4819,4819,4836,5588,5122,.,.,-1,2.0,3716,-1,-1,-1
3242,3241,5045,4820,4820,4820,4836,5590,5122,.,.,-1,4.0,3716,-1,-1,-1
3242,3241,5046,4821,4821,4821,4836,5592,5122,.,.,-1,4.0,3716,-1,-1,-1
3242,3241,5047,4822,4822,4822,4836,5594,5122,.,.,-1,3.0,3716,-1,-1,-1
3242,3241,5048,4823,4823,4823,4836,5596,5122,.,.,-1,2.0,3716,-1,-1,-1
3242,3241,5049,4824,4823,4823,4836,5596,5122,.,.,-1,7.0,5067,-1,-1,-1
3242,3241,5050,4825,4825,4825,4836,5598,5122,.,.,-1,22.0,3715,-1,-1,-1
3242,3241,5051,4826,4826,4826,4836,5600,5122,.,.,-1,4.0,3715,-1,-1,-1
3242,3241,5052,4827,4826,4826,4836,5600,5122,.,.,-1,16.0,5067,-1,-1,-1
3242,3241,5053,4828,4826,4826,4836,5600,5122,.,.,-1,18.0,3716,-1,-1,-1
3242,3241,5054,4829,4829,4829,4836,5602,5122,.,.,-1,3.0,3716,-1,-1,-1
3242,3241,5055,4830,4830,4830,4836,5604,5122,.,.,-1,1.0,3716,-1,-1,-1
3242,3241,5056,4831,4831,4831,4836,5608,5122,.,.,-1,5.0,3716,-1,-1,-1
3242,3241,5057,4832,4832,4832,4836,6064,5122,.,.,-1,5.0,3716,-1,-1,-1
3242,3241,5058,4833,4832,4832,4836,6064,5122,.,.,-1,7.0,5067,-1,-1,-1
3242,3241,5059,4834,4834,4834,4836,6066,5122,.,.,-1,3.0,5067,-1,-1,-1
3242,3241,5060,4835,4834,4834,4836,6066,5122,.,.,-1,4.0,3716,-1,-1,-1
3242,3241,5353,5128,5128,5128,5352,6,5122,.,.,-1,3.0,3716,-1,-1,-1
3242,3241,5354,5129,5129,5129,5352,8,5122,.,.,-1,2.0,5067,-1,-1,-1
3242,3241,5355,5130,5129,5129,5352,8,5122,.,.,-1,9.0,3716,-1,-1,-1
3242,3241,5356,5131,5131,5131,5352,10,5122,.,.,-1,7.0,3716,-1,-1,-1
3242,3241,5357,5132,5131,5131,5352,10,5122,.,.,-1,12.0,5067,-1,-1,-1
3242,3241,5358,5133,5133,5133,5352,14,5122,.,.,-1,3.0,3716,-1,-1,-1
3242,3241,5359,5134,5134,5134,5352,16,5122,.,.,-1,10.0,3716,-1,-1,-1
3242,3241,5360,5135,5134,5134,5352,16,5122,.,.,-1,11.0,5067,-1,-1,-1
3242,3241,5361,5136,5136,5136,5352,18,5122,.,.,-1,7.0,3715,-1,-1,-1
3242,3241,5362,5137,5137,5137,5352,22,5122,.,.,-1,8.0,3716,-1,-1,-1
3242,3241,5363,5138,5137,5137,5352,22,5122,.,.,-1,8.0,5067,-1,-1,-1
3242,3241,5364,5139,5139,5139,5352,24,5122,.,.,-1,1.0,3716,-1,-1,-1
3242,3241,5365,5140,5140,5140,5352,26,5122,.,.,-1,2.0,3716,-1,-1,-1
3242,3241,5366,5141,5141,5141,5352,28,5122,.,.,-1,6.0,5067,-1,-1,-1
3242,3241,5367,5142,5141,5141,5352,28,5122,.,.,-1,14.0,3716,-1,-1,-1
3242,3241,5368,5143,5143,5143,5352,30,5122,.,.,-1,2.0,5067,-1,-1,-1
3242,3241,5369,5144,5143,5143,5352,30,5122,.,.,-1,4.0,3716,-1,-1,-1
3242,3241,5370,5145,5145,5145,5352,32,5122,.,.,-1,11.0,3716,-1,-1,-1
3242,3241,5371,5146,5145,5145,5352,32,5122,.,.,-1,19.0,5067,-1,-1,-1
3242,3241,5372,5147,5147,5147,5352,34,5122,.,.,-1,4.0,3716,-1,-1,-1
3242,3241,5374,5149,5149,5149,5352,38,5122,.,.,-1,22.0,5067,-1,-1,-1
3242,3241,5375,5150,5149,5149,5352,38,5122,.,.,-1,27.0,3716,-1,-1,-1
3242,3241,5373,5148,5148,5148,5352,36,5122,.,.,-1,2.0,3716,-1,-1,-1
3242,3241,5376,5151,5151,5151,5352,40,5122,.,.,-1,4.0,3716,-1,-1,-1
3242,3241,5377,5152,5152,5152,5352,42,5122,.,.,-1,16.0,5067,-1,-1,-1
3242,3241,5378,5153,5152,5152,5352,42,5122,.,.,-1,17.0,3716,-1,-1,-1
3242,3241,5379,5154,5154,5154,5352,44,5122,.,.,-1,6.0,3716,-1,-1,-1
3242,3241,5380,5155,5154,5154,5352,44,5122,.,.,-1,6.0,5067,-1,-1,-1
3242,3241,5381,5156,5156,5156,5352,46,5122,.,.,-1,9.0,5067,-1,-1,-1
3242,3241,5382,5157,5156,5156,5352,46,5122,.,.,-1,10.0,3716,-1,-1,-1
3242,3241,5383,5158,5158,5158,5352,48,5122,.,.,-1,3.0,5067,-1,-1,-1
3242,3241,5384,5159,5158,5158,5352,48,5122,.,.,-1,6.0,3716,-1,-1,-1
3242,3241,5385,5160,5160,5160,5352,50,5122,.,.,-1,1.0,3716,-1,-1,-1
3242,3241,5386,5161,5161,5161,5352,52,5122,.,.,-1,3.0,3716,-1,-1,-1
3242,3241,5387,5162,5162,5162,5352,54,5122,.,.,-1,5.0,3716,-1,-1,-1
3242,3241,5388,5163,5162,5162,5352,54,5122,.,.,-1,11.0,5067,-1,-1,-1
3242,3241,5389,5164,5164,5164,5352,56,5122,.,.,-1,8.0,3716,-1,-1,-1
3242,3241,5390,5165,5164,5164,5352,56,5122,.,.,-1,11.0,5067,-1,-1,-1
3242,3241,5391,5166,5166,5166,5352,58,5122,.,.,-1,5.0,5067,-1,-1,-1
3242,3241,5392,5167,5166,5166,5352,58,5122,.,.,-1,6.0,3716,-1,-1,-1
3242,3241,5393,5168,5168,5168,5352,60,5122,.,.,-1,7.0,3716,-1,-1,-1
3242,3241,5394,5169,5168,5168,5352,60,5122,.,.,-1,10.0,5067,-1,-1,-1
3242,3241,5395,5170,5170,5170,5352,480,5122,.,.,-1,1.0,3716,-1,-1,-1
3242,3241,5396,5171,5171,5171,5352,482,5122,.,.,-1,4.0,3716,-1,-1,-1
3242,3241,5397,5172,5172,5172,5352,484,5122,.,.,-1,5.0,3716,-1,-1,-1
3242,3241,5398,5173,5173,5173,5352,486,5122,.,.,-1,3.0,3716,-1,-1,-1
3242,3241,5399,5174,5173,5173,5352,486,5122,.,.,-1,11.0,3715,-1,-1,-1
3242,3241,5400,5175,5175,5175,5352,488,5122,.,.,-1,5.0,5067,-1,-1,-1
3242,3241,5401,5176,5175,5175,5352,488,5122,.,.,-1,7.0,3716,-1,-1,-1
3242,3241,5402,5177,5177,5177,5352,490,5122,.,.,-1,11.0,3716,-1,-1,-1
3242,3241,5403,5178,5177,5177,5352,490,5122,.,.,-1,15.0,5067,-1,-1,-1
3242,3241,5404,5179,5179,5179,5352,492,5122,.,.,-1,3.0,3716,-1,-1,-1
3242,3241,5405,5180,5180,5180,5352,494,5122,.,.,-1,11.0,3716,-1,-1,-1
3242,3241,5406,5181,5180,5180,5352,494,5122,.,.,-1,13.0,5067,-1,-1,-1
3242,3241,5407,5182,5182,5182,5352,496,5122,.,.,-1,3.0,3716,-1,-1,-1
3242,3241,5408,5183,5183,5183,5352,498,5122,.,.,-1,4.0,3716,-1,-1,-1
3242,3241,5409,5184,5184,5184,5352,500,5122,.,.,-1,1.0,3716,-1,-1,-1
3242,3241,5410,5185,5185,5185,5352,502,5122,.,.,-1,2.0,3716,-1,-1,-1
3242,3241,5411,5186,5186,5186,5352,506,5122,.,.,-1,14.0,3715,-1,-1,-1
3242,3241,5412,5187,5187,5187,5352,508,5122,.,.,-1,4.0,3716,-1,-1,-1
3242,3241,5413,5188,5188,5188,5352,510,5122,.,.,-1,6.0,3715,-1,-1,-1
3242,3241,5414,5189,5189,5189,5352,512,5122,.,.,-1,6.0,3716,-1,-1,-1
3242,3241,5415,5190,5190,5190,5352,517,5122,.,.,-1,3.0,3716,-1,-1,-1
3242,3241,5416,5191,5191,5191,5352,519,5122,.,.,-1,1.0,3716,-1,-1,-1
3242,3241,5417,5192,5192,5192,5352,521,5122,.,.,-1,7.0,3716,-1,-1,-1
3242,3241,5418,5193,5192,5192,5352,521,5122,.,.,-1,22.0,5067,-1,-1,-1
3242,3241,5419,5194,5194,5194,5352,523,5122,.,.,-1,5.0,3716,-1,-1,-1
3242,3241,5420,5195,5195,5195,5352,525,5122,.,.,-1,3.0,3716,-1,-1,-1
3242,3241,5421,5196,5196,5196,5352,528,5122,.,.,-1,5.0,5067,-1,-1,-1
3242,3241,5422,5197,5196,5196,5352,528,5122,.,.,-1,8.0,3716,-1,-1,-1
3242,3241,5423,5198,5198,5198,5352,532,5122,.,.,-1,6.0,3716,-1,-1,-1
3242,3241,5424,5199,5199,5199,5352,534,5122,.,.,-1,5.0,3716,-1,-1,-1
3242,3241,5425,5200,5199,5199,5352,534,5122,.,.,-1,5.0,5067,-1,-1,-1
3242,3241,5426,5201,5201,5201,5352,536,5122,.,.,-1,2.0,3716,-1,-1,-1
3242,3241,5427,5202,5202,5202,5352,538,5122,.,.,-1,1.0,5067,-1,-1,-1
3242,3241,5428,5203,5202,5202,5352,538,5122,.,.,-1,2.0,3716,-1,-1,-1
3242,3241,5429,5204,5204,5204,5352,540,5122,.,.,-1,2.0,3716,-1,-1,-1
3242,3241,5430,5205,5205,5205,5352,542,5122,.,.,-1,1.0,3716,-1,-1,-1
3242,3241,5431,5206,5206,5206,5352,544,5122,.,.,-1,17.0,3716,-1,-1,-1
3242,3241,5432,5207,5206,5206,5352,544,5122,.,.,-1,27.0,5067,-1,-1,-1
3242,3241,5433,5208,5208,5208,5352,546,5122,.,.,-1,2.0,3716,-1,-1,-1
3242,3241,5434,5209,5209,5209,5352,548,5122,.,.,-1,4.0,3716,-1,-1,-1
3242,3241,5435,5210,5210,5210,5352,994,5122,.,.,-1,9.0,3715,-1,-1,-1
3242,3241,5436,5211,5211,5211,5352,1416,5122,.,.,-1,4.0,3716,-1,-1,-1
3242,3241,5437,5212,5212,5212,5352,1418,5122,.,.,-1,2.0,3716,-1,-1,-1
3242,3241,5438,5213,5212,5212,5352,1418,5122,.,.,-1,7.0,5067,-1,-1,-1
3242,3241,5439,5214,5214,5214,5352,1420,5122,.,.,-1,7.0,3716,-1,-1,-1
3242,3241,5440,5215,5214,5214,5352,1420,5122,.,.,-1,7.0,5067,-1,-1,-1
3242,3241,5441,5216,5216,5216,5352,1422,5122,.,.,-1,3.0,5067,-1,-1,-1
3242,3241,5442,5217,5216,5216,5352,1422,5122,.,.,-1,8.0,3716,-1,-1,-1
3242,3241,5443,5218,5218,5218,5352,1880,5122,.,.,-1,16.0,3716,-1,-1,-1
3242,3241,5444,5219,5218,5218,5352,1880,5122,.,.,-1,16.0,5067,-1,-1,-1
3242,3241,5448,5223,5223,5223,5352,1886,5122,.,.,-1,4.0,3716,-1,-1,-1
3242,3241,5445,5220,5220,5220,5352,1882,5122,.,.,-1,1.0,3716,-1,-1,-1
3242,3241,5446,5221,5221,5221,5352,1884,5122,.,.,-1,14.0,3716,-1,-1,-1
3242,3241,5447,5222,5221,5221,5352,1884,5122,.,.,-1,14.0,5067,-1,-1,-1
3242,3241,5449,5224,5224,5224,5352,1888,5122,.,.,-1,2.0,3716,-1,-1,-1
3242,3241,5450,5225,5224,5224,5352,1888,5122,.,.,-1,5.0,5067,-1,-1,-1
3242,3241,5451,5226,5226,5226,5352,1892,5122,.,.,-1,7.0,3715,-1,-1,-1
3242,3241,5452,5227,5227,5227,5352,1894,5122,.,.,-1,4.0,3716,-1,-1,-1
3242,3241,5453,5228,5227,5227,5352,1894,5122,.,.,-1,4.0,5067,-1,-1,-1
3242,3241,5454,5229,5229,5229,5352,1896,5122,.,.,-1,11.0,5067,-1,-1,-1
3242,3241,5455,5230,5229,5229,5352,1896,5122,.,.,-1,18.0,3716,-1,-1,-1
3242,3241,5456,5231,5231,5231,5352,2328,5122,.,.,-1,5.0,5067,-1,-1,-1
3242,3241,5457,5232,5231,5231,5352,2328,5122,.,.,-1,12.0,3716,-1,-1,-1
3242,3241,5458,5233,5233,5233,5352,2332,5122,.,.,-1,1.0,3716,-1,-1,-1
3242,3241,5459,5234,5234,5234,5352,2334,5122,.,.,-1,3.0,3716,-1,-1,-1
3242,3241,5460,5235,5235,5235,5352,2336,5122,.,.,-1,7.0,3716,-1,-1,-1
3242,3241,5461,5236,5236,5236,5352,2338,5122,.,.,-1,3.0,5067,-1,-1,-1
3242,3241,5462,5237,5236,5236,5352,2338,5122,.,.,-1,7.0,3716,-1,-1,-1
3242,3241,5463,5238,5238,5238,5352,2340,5122,.,.,-1,3.0,3716,-1,-1,-1
3242,3241,5464,5239,5238,5238,5352,2340,5122,.,.,-1,3.0,5067,-1,-1,-1
3242,3241,5465,5240,5240,5240,5352,2778,5122,.,.,-1,13.0,3715,-1,-1,-1
3242,3241,5466,5241,5241,5241,5352,2780,5122,.,.,-1,18.0,5067,-1,-1,-1
3242,3241,5467,5242,5241,5241,5352,2780,5122,.,.,-1,22.0,3716,-1,-1,-1
3242,3241,5468,5243,5243,5243,5352,2782,5122,.,.,-1,12.0,3715,-1,-1,-1
3242,3241,5469,5244,5244,5244,5352,2784,5122,.,.,-1,5.0,3716,-1,-1,-1
3242,3241,5470,5245,5244,5244,5352,2784,5122,.,.,-1,6.0,5067,-1,-1,-1
3242,3241,5471,5246,5246,5246,5352,3238,5122,.,.,-1,1.0,3716,-1,-1,-1
3242,3241,5472,5247,5247,5247,5352,3240,5122,.,.,-1,3.0,3716,-1,-1,-1
3242,3241,5473,5248,5248,5248,5352,3244,5122,.,.,-1,2.0,3716,-1,-1,-1
3242,3241,5474,5249,5249,5249,5352,3246,5122,.,.,-1,4.0,5067,-1,-1,-1
3242,3241,5475,5250,5249,5249,5352,3246,5122,.,.,-1,5.0,3716,-1,-1,-1
3242,3241,5476,5251,5251,5251,5352,3248,5122,.,.,-1,5.0,3716,-1,-1,-1
3242,3241,5477,5252,5252,5252,5352,3250,5122,.,.,-1,2.0,3716,-1,-1,-1
3242,3241,5478,5253,5253,5253,5352,3252,5122,.,.,-1,14.0,3716,-1,-1,-1
3242,3241,5479,5254,5253,5253,5352,3252,5122,.,.,-1,15.0,5067,-1,-1,-1
3242,3241,5480,5255,5255,5255,5352,3254,5122,.,.,-1,10.0,5067,-1,-1,-1
3242,3241,5481,5256,5255,5255,5352,3254,5122,.,.,-1,15.0,3716,-1,-1,-1
3242,3241,5485,5260,5260,5260,5352,3260,5122,.,.,-1,2.0,3716,-1,-1,-1
3242,3241,5482,5257,5257,5257,5352,3256,5122,.,.,-1,3.0,3716,-1,-1,-1
3242,3241,5483,5258,5258,5258,5352,3258,5122,.,.,-1,2.0,3716,-1,-1,-1
3242,3241,5484,5259,5258,5258,5352,3258,5122,.,.,-1,2.0,5067,-1,-1,-1
3242,3241,5486,5261,5261,5261,5352,3262,5122,.,.,-1,3.0,3716,-1,-1,-1
3242,3241,5487,5262,5262,5262,5352,3264,5122,.,.,-1,22.0,3715,-1,-1,-1
3242,3241,5488,5263,5263,5263,5352,3266,5122,.,.,-1,7.0,5067,-1,-1,-1
3242,3241,5489,5264,5263,5263,5352,3266,5122,.,.,-1,8.0,3716,-1,-1,-1
3242,3241,5490,5265,5265,5265,5352,3268,5122,.,.,-1,9.0,5067,-1,-1,-1
3242,3241,5491,5266,5265,5265,5352,3268,5122,.,.,-1,13.0,3716,-1,-1,-1
3242,3241,5492,5267,5267,5267,5352,3702,5122,.,.,-1,2.0,3716,-1,-1,-1
3242,3241,5493,5268,5267,5267,5352,3702,5122,.,.,-1,2.0,5067,-1,-1,-1
3242,3241,5494,5269,5269,5269,5352,3704,5122,.,.,-1,4.0,3716,-1,-1,-1
3242,3241,5495,5270,5269,5269,5352,3704,5122,.,.,-1,9.0,5067,-1,-1,-1
3242,3241,5496,5271,5271,5271,5352,3706,5122,.,.,-1,3.0,5067,-1,-1,-1
3242,3241,5497,5272,5271,5271,5352,3706,5122,.,.,-1,7.0,3716,-1,-1,-1
3242,3241,5498,5273,5273,5273,5352,3708,5122,.,.,-1,3.0,5067,-1,-1,-1
3242,3241,5499,5274,5273,5273,5352,3708,5122,.,.,-1,4.0,3716,-1,-1,-1
3242,3241,5500,5275,5275,5275,5352,3710,5122,.,.,-1,1.0,3716,-1,-1,-1
3242,3241,5501,5276,5276,5276,5352,3718,5122,.,.,-1,1.0,3716,-1,-1,-1
3242,3241,5502,5277,5277,5277,5352,4154,5122,.,.,-1,3.0,5067,-1,-1,-1
3242,3241,5503,5278,5277,5277,5352,4154,5122,.,.,-1,6.0,3716,-1,-1,-1
3242,3241,5504,5279,5277,5277,5352,4154,5122,.,.,-1,7.0,3715,-1,-1,-1
3242,3241,5505,5280,5280,5280,5352,4156,5122,.,.,-1,7.0,3715,-1,-1,-1
3242,3241,5506,5281,5281,5281,5352,4596,5122,.,.,-1,2.0,3716,-1,-1,-1
3242,3241,5507,5282,5282,5282,5352,4598,5122,.,.,-1,4.0,3716,-1,-1,-1
3242,3241,5508,5283,5283,5283,5352,4600,5122,.,.,-1,5.0,3716,-1,-1,-1
3242,3241,5509,5284,5284,5284,5352,4604,5122,.,.,-1,3.0,3716,-1,-1,-1
3242,3241,5510,5285,5285,5285,5352,4606,5122,.,.,-1,2.0,3716,-1,-1,-1
3242,3241,5511,5286,5286,5286,5352,4608,5122,.,.,-1,3.0,3716,-1,-1,-1
3242,3241,5512,5287,5287,5287,5352,4610,5122,.,.,-1,3.0,3716,-1,-1,-1
3242,3241,5513,5288,5288,5288,5352,5062,5122,.,.,-1,4.0,3716,-1,-1,-1
3242,3241,5514,5289,5289,5289,5352,5064,5122,.,.,-1,2.0,3716,-1,-1,-1
3242,3241,5515,5290,5290,5290,5352,5066,5122,.,.,-1,2.0,5067,-1,-1,-1
3242,3241,5516,5291,5290,5290,5352,5066,5122,.,.,-1,7.0,3716,-1,-1,-1
3242,3241,5517,5292,5292,5292,5352,5071,5122,.,.,-1,2.0,5067,-1,-1,-1
3242,3241,5518,5293,5292,5292,5352,5071,5122,.,.,-1,5.0,3716,-1,-1,-1
3242,3241,5519,5294,5294,5294,5352,5073,5122,.,.,-1,16.0,3715,-1,-1,-1
3242,3241,5520,5295,5295,5295,5352,5075,5122,.,.,-1,3.0,3715,-1,-1,-1
3242,3241,5521,5296,5296,5296,5352,5077,5122,.,.,-1,25.0,3715,-1,-1,-1
3242,3241,5522,5297,5297,5297,5352,5079,5122,.,.,-1,2.0,3716,-1,-1,-1
3242,3241,5523,5298,5298,5298,5352,5081,5122,.,.,-1,6.0,3716,-1,-1,-1
3242,3241,5524,5299,5298,5298,5352,5081,5122,.,.,-1,12.0,5067,-1,-1,-1
3242,3241,5525,5300,5300,5300,5352,5083,5122,.,.,-1,2.0,3716,-1,-1,-1
3242,3241,5526,5301,5301,5301,5352,5085,5122,.,.,-1,3.0,3716,-1,-1,-1
3242,3241,5527,5302,5302,5302,5352,5087,5122,.,.,-1,1.0,3716,-1,-1,-1
3242,3241,5528,5303,5303,5303,5352,5089,5122,.,.,-1,8.0,3715,-1,-1,-1
3242,3241,5529,5304,5304,5304,5352,5091,5122,.,.,-1,5.0,5067,-1,-1,-1
3242,3241,5530,5305,5304,5304,5352,5091,5122,.,.,-1,6.0,3716,-1,-1,-1
3242,3241,5531,5306,5306,5306,5352,5093,5122,.,.,-1,11.0,3715,-1,-1,-1
3242,3241,5532,5307,5307,5307,5352,5095,5122,.,.,-1,5.0,5067,-1,-1,-1
3242,3241,5533,5308,5307,5307,5352,5095,5122,.,.,-1,9.0,3716,-1,-1,-1
3242,3241,5535,5310,5310,5310,5352,5099,5122,.,.,-1,5.0,3716,-1,-1,-1
3242,3241,5534,5309,5309,5309,5352,5097,5122,.,.,-1,3.0,3716,-1,-1,-1
3242,3241,5536,5311,5311,5311,5352,5101,5122,.,.,-1,13.0,3716,-1,-1,-1
3242,3241,5537,5312,5311,5311,5352,5101,5122,.,.,-1,14.0,5067,-1,-1,-1
3242,3241,5538,5313,5313,5313,5352,5107,5122,.,.,-1,6.0,3715,-1,-1,-1
3242,3241,5539,5314,5314,5314,5352,5109,5122,.,.,-1,6.0,3716,-1,-1,-1
3242,3241,5540,5315,5314,5314,5352,5109,5122,.,.,-1,6.0,5067,-1,-1,-1
3242,3241,5541,5316,5316,5316,5352,5111,5122,.,.,-1,5.0,3715,-1,-1,-1
3242,3241,5542,5317,5317,5317,5352,5113,5122,.,.,-1,16.0,3715,-1,-1,-1
3242,3241,5543,5318,5318,5318,5352,5115,5122,.,.,-1,6.0,3715,-1,-1,-1
3242,3241,5544,5319,5319,5319,5352,5117,5122,.,.,-1,5.0,3716,-1,-1,-1
3242,3241,5545,5320,5319,5319,5352,5117,5122,.,.,-1,7.0,5067,-1,-1,-1
3242,3241,5546,5321,5321,5321,5352,5119,5122,.,.,-1,2.0,5067,-1,-1,-1
3242,3241,5547,5322,5321,5321,5352,5119,5122,.,.,-1,8.0,3716,-1,-1,-1
3242,3241,5548,5323,5323,5323,5352,5121,5122,.,.,-1,11.0,5067,-1,-1,-1
3242,3241,5549,5324,5323,5323,5352,5121,5122,.,.,-1,14.0,3716,-1,-1,-1
3242,3241,5550,5325,5325,5325,5352,5124,5122,.,.,-1,2.0,3716,-1,-1,-1
3242,3241,5551,5326,5326,5326,5352,5578,5122,.,.,-1,1.0,5067,-1,-1,-1
3242,3241,5552,5327,5326,5326,5352,5578,5122,.,.,-1,5.0,3716,-1,-1,-1
3242,3241,5553,5328,5326,5326,5352,5578,5122,.,.,-1,30.0,3715,-1,-1,-1
3242,3241,5554,5329,5329,5329,5352,5580,5122,.,.,-1,6.0,3716,-1,-1,-1
3242,3241,5555,5330,5330,5330,5352,5582,5122,.,.,-1,8.0,3715,-1,-1,-1
3242,3241,5556,5331,5331,5331,5352,5584,5122,.,.,-1,12.0,5067,-1,-1,-1
3242,3241,5557,5332,5331,5331,5352,5584,5122,.,.,-1,13.0,3716,-1,-1,-1
3242,3241,5558,5333,5333,5333,5352,5586,5122,.,.,-1,15.0,3716,-1,-1,-1
3242,3241,5559,5334,5333,5333,5352,5586,5122,.,.,-1,15.0,5067,-1,-1,-1
3242,3241,5560,5335,5335,5335,5352,5588,5122,.,.,-1,1.0,3716,-1,-1,-1
3242,3241,5561,5336,5336,5336,5352,5590,5122,.,.,-1,15.0,3716,-1,-1,-1
3242,3241,5562,5337,5336,5336,5352,5590,5122,.,.,-1,16.0,5067,-1,-1,-1
3242,3241,5563,5338,5338,5338,5352,5592,5122,.,.,-1,1.0,3716,-1,-1,-1
3242,3241,5564,5339,5339,5339,5352,5594,5122,.,.,-1,1.0,3716,-1,-1,-1
3242,3241,5565,5340,5340,5340,5352,5596,5122,.,.,-1,22.0,3716,-1,-1,-1
3242,3241,5566,5341,5340,5340,5352,5596,5122,.,.,-1,28.0,5067,-1,-1,-1
3242,3241,5567,5342,5342,5342,5352,5598,5122,.,.,-1,14.0,3715,-1,-1,-1
3242,3241,5568,5343,5343,5343,5352,5600,5122,.,.,-1,4.0,3716,-1,-1,-1
3242,3241,5569,5344,5343,5343,5352,5600,5122,.,.,-1,4.0,5067,-1,-1,-1
3242,3241,5570,5345,5345,5345,5352,5602,5122,.,.,-1,1.0,3716,-1,-1,-1
3242,3241,5571,5346,5346,5346,5352,5604,5122,.,.,-1,3.0,3716,-1,-1,-1
3242,3241,5572,5347,5347,5347,5352,5606,5122,.,.,-1,2.0,3716,-1,-1,-1
3242,3241,5573,5348,5348,5348,5352,5608,5122,.,.,-1,2.0,3716,-1,-1,-1
3242,3241,5574,5349,5349,5349,5352,6064,5122,.,.,-1,9.0,3716,-1,-1,-1
3242,3241,5575,5350,5349,5349,5352,6064,5122,.,.,-1,9.0,5067,-1,-1,-1
3242,3241,5576,5351,5351,5351,5352,6066,5122,.,.,-1,2.0,3716,-1,-1,-1
3242,3241,5837,5610,5610,5610,5836,4,5122,.,.,-1,8.0,3715,-1,-1,-1
3242,3241,5838,5611,5611,5611,5836,6,5122,.,.,-1,5.0,3716,-1,-1,-1
3242,3241,5839,5612,5612,5612,5836,8,5122,.,.,-1,2.0,3716,-1,-1,-1
3242,3241,5840,5613,5612,5612,5836,8,5122,.,.,-1,2.0,5067,-1,-1,-1
3242,3241,5841,5614,5614,5614,5836,10,5122,.,.,-1,8.0,5067,-1,-1,-1
3242,3241,5842,5615,5614,5614,5836,10,5122,.,.,-1,11.0,3716,-1,-1,-1
3242,3241,5843,5616,5616,5616,5836,12,5122,.,.,-1,18.0,3715,-1,-1,-1
3242,3241,5844,5617,5617,5617,5836,14,5122,.,.,-1,2.0,3716,-1,-1,-1
3242,3241,5845,5618,5618,5618,5836,16,5122,.,.,-1,5.0,3716,-1,-1,-1
3242,3241,5846,5619,5618,5618,5836,16,5122,.,.,-1,7.0,5067,-1,-1,-1
3242,3241,5847,5620,5620,5620,5836,18,5122,.,.,-1,24.0,3715,-1,-1,-1
3242,3241,5848,5621,5621,5621,5836,22,5122,.,.,-1,13.0,5067,-1,-1,-1
3242,3241,5849,5622,5621,5621,5836,22,5122,.,.,-1,19.0,3716,-1,-1,-1
3242,3241,5850,5623,5623,5623,5836,24,5122,.,.,-1,9.0,3716,-1,-1,-1
3242,3241,5851,5624,5623,5623,5836,24,5122,.,.,-1,10.0,5067,-1,-1,-1
3242,3241,5852,5625,5625,5625,5836,26,5122,.,.,-1,6.0,3716,-1,-1,-1
3242,3241,5853,5626,5626,5626,5836,28,5122,.,.,-1,5.0,5067,-1,-1,-1
3242,3241,5854,5627,5626,5626,5836,28,5122,.,.,-1,7.0,3716,-1,-1,-1
3242,3241,5855,5628,5628,5628,5836,30,5122,.,.,-1,4.0,5067,-1,-1,-1
3242,3241,5856,5629,5628,5628,5836,30,5122,.,.,-1,8.0,3716,-1,-1,-1
3242,3241,5857,5630,5630,5630,5836,32,5122,.,.,-1,11.0,5067,-1,-1,-1
3242,3241,5858,5631,5630,5630,5836,32,5122,.,.,-1,17.0,3716,-1,-1,-1
3242,3241,5859,5632,5632,5632,5836,34,5122,.,.,-1,3.0,3716,-1,-1,-1
3242,3241,5861,5634,5634,5634,5836,38,5122,.,.,-1,7.0,3716,-1,-1,-1
3242,3241,5862,5635,5634,5634,5836,38,5122,.,.,-1,11.0,5067,-1,-1,-1
3242,3241,5860,5633,5633,5633,5836,36,5122,.,.,-1,2.0,3716,-1,-1,-1
3242,3241,5863,5636,5636,5636,5836,40,5122,.,.,-1,1.0,3716,-1,-1,-1
3242,3241,5864,5637,5637,5637,5836,42,5122,.,.,-1,4.0,3716,-1,-1,-1
3242,3241,5865,5638,5637,5637,5836,42,5122,.,.,-1,6.0,5067,-1,-1,-1
3242,3241,5866,5639,5639,5639,5836,44,5122,.,.,-1,1.0,5067,-1,-1,-1
3242,3241,5867,5640,5639,5639,5836,44,5122,.,.,-1,2.0,3716,-1,-1,-1
3242,3241,5868,5641,5641,5641,5836,46,5122,.,.,-1,18.0,5067,-1,-1,-1
3242,3241,5869,5642,5641,5641,5836,46,5122,.,.,-1,20.0,3716,-1,-1,-1
3242,3241,5870,5643,5643,5643,5836,48,5122,.,.,-1,11.0,3716,-1,-1,-1
3242,3241,5871,5644,5643,5643,5836,48,5122,.,.,-1,13.0,5067,-1,-1,-1
3242,3241,5872,5645,5645,5645,5836,50,5122,.,.,-1,1.0,3716,-1,-1,-1
3242,3241,5873,5646,5646,5646,5836,52,5122,.,.,-1,2.0,3716,-1,-1,-1
3242,3241,5874,5647,5647,5647,5836,54,5122,.,.,-1,12.0,3716,-1,-1,-1
3242,3241,5875,5648,5647,5647,5836,54,5122,.,.,-1,16.0,5067,-1,-1,-1
3242,3241,5876,5649,5649,5649,5836,56,5122,.,.,-1,7.0,5067,-1,-1,-1
3242,3241,5877,5650,5649,5649,5836,56,5122,.,.,-1,8.0,3716,-1,-1,-1
3242,3241,5878,5651,5651,5651,5836,58,5122,.,.,-1,3.0,3716,-1,-1,-1
3242,3241,5879,5652,5651,5651,5836,58,5122,.,.,-1,8.0,5067,-1,-1,-1
3242,3241,5880,5653,5653,5653,5836,60,5122,.,.,-1,5.0,5067,-1,-1,-1
3242,3241,5881,5654,5653,5653,5836,60,5122,.,.,-1,7.0,3716,-1,-1,-1
3242,3241,5882,5655,5655,5655,5836,480,5122,.,.,-1,2.0,3716,-1,-1,-1
3242,3241,5883,5656,5656,5656,5836,482,5122,.,.,-1,3.0,3716,-1,-1,-1
3242,3241,5884,5657,5657,5657,5836,484,5122,.,.,-1,2.0,3716,-1,-1,-1
3242,3241,5885,5658,5658,5658,5836,486,5122,.,.,-1,4.0,3716,-1,-1,-1
3242,3241,5886,5659,5658,5658,5836,486,5122,.,.,-1,12.0,3715,-1,-1,-1
3242,3241,5887,5660,5660,5660,5836,488,5122,.,.,-1,4.0,5067,-1,-1,-1
3242,3241,5888,5661,5660,5660,5836,488,5122,.,.,-1,9.0,3716,-1,-1,-1
3242,3241,5889,5662,5662,5662,5836,490,5122,.,.,-1,8.0,3716,-1,-1,-1
3242,3241,5890,5663,5662,5662,5836,490,5122,.,.,-1,12.0,5067,-1,-1,-1
3242,3241,5891,5664,5664,5664,5836,492,5122,.,.,-1,4.0,3716,-1,-1,-1
3242,3241,5892,5665,5665,5665,5836,494,5122,.,.,-1,1.0,5067,-1,-1,-1
3242,3241,5893,5666,5665,5665,5836,494,5122,.,.,-1,7.0,3716,-1,-1,-1
3242,3241,5894,5667,5667,5667,5836,496,5122,.,.,-1,5.0,3716,-1,-1,-1
3242,3241,5895,5668,5667,5667,5836,496,5122,.,.,-1,6.0,5067,-1,-1,-1
3242,3241,5896,5669,5669,5669,5836,498,5122,.,.,-1,1.0,3716,-1,-1,-1
3242,3241,5897,5670,5670,5670,5836,500,5122,.,.,-1,3.0,3716,-1,-1,-1
3242,3241,5898,5671,5671,5671,5836,502,5122,.,.,-1,2.0,3716,-1,-1,-1
3242,3241,5899,5672,5672,5672,5836,506,5122,.,.,-1,22.0,3715,-1,-1,-1
3242,3241,5900,5673,5673,5673,5836,508,5122,.,.,-1,1.0,3716,-1,-1,-1
3242,3241,5901,5674,5674,5674,5836,510,5122,.,.,-1,8.0,3715,-1,-1,-1
3242,3241,5902,5675,5675,5675,5836,512,5122,.,.,-1,5.0,3716,-1,-1,-1
3242,3241,5903,5676,5676,5676,5836,517,5122,.,.,-1,2.0,3716,-1,-1,-1
3242,3241,5904,5677,5677,5677,5836,519,5122,.,.,-1,2.0,3716,-1,-1,-1
3242,3241,5905,5678,5678,5678,5836,521,5122,.,.,-1,2.0,5067,-1,-1,-1
3242,3241,5906,5679,5678,5678,5836,521,5122,.,.,-1,9.0,3716,-1,-1,-1
3242,3241,5907,5680,5680,5680,5836,523,5122,.,.,-1,3.0,3716,-1,-1,-1
3242,3241,5908,5681,5681,5681,5836,525,5122,.,.,-1,2.0,3716,-1,-1,-1
3242,3241,5909,5682,5682,5682,5836,528,5122,.,.,-1,4.0,5067,-1,-1,-1
3242,3241,5910,5683,5682,5682,5836,528,5122,.,.,-1,8.0,3716,-1,-1,-1
3242,3241,5911,5684,5684,5684,5836,530,5122,.,.,-1,3.0,3715,-1,-1,-1
3242,3241,5912,5685,5685,5685,5836,532,5122,.,.,-1,2.0,3716,-1,-1,-1
3242,3241,5913,5686,5686,5686,5836,534,5122,.,.,-1,5.0,3716,-1,-1,-1
3242,3241,5914,5687,5686,5686,5836,534,5122,.,.,-1,8.0,5067,-1,-1,-1
3242,3241,5915,5688,5688,5688,5836,536,5122,.,.,-1,3.0,3716,-1,-1,-1
3242,3241,5916,5689,5688,5688,5836,536,5122,.,.,-1,7.0,5067,-1,-1,-1
3242,3241,5917,5690,5690,5690,5836,538,5122,.,.,-1,9.0,5067,-1,-1,-1
3242,3241,5918,5691,5690,5690,5836,538,5122,.,.,-1,10.0,3716,-1,-1,-1
3242,3241,5919,5692,5692,5692,5836,540,5122,.,.,-1,1.0,3716,-1,-1,-1
3242,3241,5920,5693,5693,5693,5836,542,5122,.,.,-1,4.0,3716,-1,-1,-1
3242,3241,5921,5694,5694,5694,5836,544,5122,.,.,-1,18.0,5067,-1,-1,-1
3242,3241,5922,5695,5694,5694,5836,544,5122,.,.,-1,20.0,3716,-1,-1,-1
3242,3241,5923,5696,5696,5696,5836,546,5122,.,.,-1,2.0,3716,-1,-1,-1
3242,3241,5924,5697,5697,5697,5836,548,5122,.,.,-1,2.0,5067,-1,-1,-1
3242,3241,5925,5698,5697,5697,5836,548,5122,.,.,-1,7.0,3716,-1,-1,-1
3242,3241,5926,5699,5699,5699,5836,994,5122,.,.,-1,6.0,3715,-1,-1,-1
3242,3241,5927,5700,5700,5700,5836,1416,5122,.,.,-1,3.0,3716,-1,-1,-1
3242,3241,5928,5701,5701,5701,5836,1418,5122,.,.,-1,12.0,5067,-1,-1,-1
3242,3241,5929,5702,5701,5701,5836,1418,5122,.,.,-1,15.0,3716,-1,-1,-1
3242,3241,5930,5703,5703,5703,5836,1420,5122,.,.,-1,19.0,3716,-1,-1,-1
3242,3241,5931,5704,5703,5703,5836,1420,5122,.,.,-1,22.0,5067,-1,-1,-1
3242,3241,5932,5705,5705,5705,5836,1422,5122,.,.,-1,7.0,3716,-1,-1,-1
3242,3241,5933,5706,5705,5705,5836,1422,5122,.,.,-1,10.0,5067,-1,-1,-1
3242,3241,5934,5707,5707,5707,5836,1424,5122,.,.,-1,12.0,3715,-1,-1,-1
3242,3241,5935,5708,5708,5708,5836,1880,5122,.,.,-1,9.0,3716,-1,-1,-1
3242,3241,5936,5709,5708,5708,5836,1880,5122,.,.,-1,10.0,5067,-1,-1,-1
3242,3241,5940,5713,5713,5713,5836,1886,5122,.,.,-1,3.0,3716,-1,-1,-1
3242,3241,5937,5710,5710,5710,5836,1882,5122,.,.,-1,3.0,3716,-1,-1,-1
3242,3241,5938,5711,5711,5711,5836,1884,5122,.,.,-1,9.0,3716,-1,-1,-1
3242,3241,5939,5712,5711,5711,5836,1884,5122,.,.,-1,16.0,5067,-1,-1,-1
3242,3241,5941,5714,5714,5714,5836,1888,5122,.,.,-1,6.0,3716,-1,-1,-1
3242,3241,5942,5715,5714,5714,5836,1888,5122,.,.,-1,10.0,5067,-1,-1,-1
3242,3241,5943,5716,5716,5716,5836,1890,5122,.,.,-1,1.0,3716,-1,-1,-1
3242,3241,5944,5717,5717,5717,5836,1894,5122,.,.,-1,3.0,3716,-1,-1,-1
3242,3241,5945,5718,5718,5718,5836,1896,5122,.,.,-1,6.0,3716,-1,-1,-1
3242,3241,5946,5719,5718,5718,5836,1896,5122,.,.,-1,7.0,5067,-1,-1,-1
3242,3241,5947,5720,5720,5720,5836,1898,5122,.,.,-1,23.0,3715,-1,-1,-1
3242,3241,5948,5721,5721,5721,5836,2328,5122,.,.,-1,1.0,3716,-1,-1,-1
3242,3241,5949,5722,5722,5722,5836,2330,5122,.,.,-1,4.0,3716,-1,-1,-1
3242,3241,5950,5723,5723,5723,5836,2332,5122,.,.,-1,2.0,3716,-1,-1,-1
3242,3241,5951,5724,5724,5724,5836,2334,5122,.,.,-1,4.0,3716,-1,-1,-1
3242,3241,5952,5725,5725,5725,5836,2336,5122,.,.,-1,1.0,3716,-1,-1,-1
3242,3241,5953,5726,5726,5726,5836,2338,5122,.,.,-1,1.0,3716,-1,-1,-1
3242,3241,5954,5727,5727,5727,5836,2340,5122,.,.,-1,6.0,3716,-1,-1,-1
3242,3241,5955,5728,5727,5727,5836,2340,5122,.,.,-1,7.0,5067,-1,-1,-1
3242,3241,5956,5729,5729,5729,5836,2776,5122,.,.,-1,20.0,3715,-1,-1,-1
3242,3241,5957,5730,5730,5730,5836,2780,5122,.,.,-1,18.0,5067,-1,-1,-1
3242,3241,5958,5731,5730,5730,5836,2780,5122,.,.,-1,22.0,3716,-1,-1,-1
3242,3241,5959,5732,5732,5732,5836,2784,5122,.,.,-1,4.0,3716,-1,-1,-1
3242,3241,5960,5733,5732,5732,5836,2784,5122,.,.,-1,8.0,5067,-1,-1,-1
3242,3241,5961,5734,5734,5734,5836,3238,5122,.,.,-1,1.0,3716,-1,-1,-1
3242,3241,5962,5735,5735,5735,5836,3240,5122,.,.,-1,6.0,3716,-1,-1,-1
3242,3241,5963,5736,5736,5736,5836,3244,5122,.,.,-1,3.0,3716,-1,-1,-1
3242,3241,5964,5737,5737,5737,5836,3246,5122,.,.,-1,2.0,3716,-1,-1,-1
3242,3241,5965,5738,5738,5738,5836,3248,5122,.,.,-1,2.0,3716,-1,-1,-1
3242,3241,5966,5739,5739,5739,5836,3250,5122,.,.,-1,1.0,3716,-1,-1,-1
3242,3241,5967,5740,5740,5740,5836,3252,5122,.,.,-1,5.0,3716,-1,-1,-1
3242,3241,5968,5741,5740,5740,5836,3252,5122,.,.,-1,5.0,5067,-1,-1,-1
3242,3241,5969,5742,5742,5742,5836,3254,5122,.,.,-1,5.0,5067,-1,-1,-1
3242,3241,5970,5743,5742,5742,5836,3254,5122,.,.,-1,8.0,3716,-1,-1,-1
3242,3241,5973,5746,5746,5746,5836,3260,5122,.,.,-1,3.0,3716,-1,-1,-1
3242,3241,5971,5744,5744,5744,5836,3256,5122,.,.,-1,1.0,3716,-1,-1,-1
3242,3241,5972,5745,5745,5745,5836,3258,5122,.,.,-1,2.0,3716,-1,-1,-1
3242,3241,5974,5747,5747,5747,5836,3262,5122,.,.,-1,1.0,3716,-1,-1,-1
3242,3241,5975,5748,5748,5748,5836,3264,5122,.,.,-1,9.0,3715,-1,-1,-1
3242,3241,5976,5749,5749,5749,5836,3266,5122,.,.,-1,7.0,3716,-1,-1,-1
3242,3241,5977,5750,5749,5749,5836,3266,5122,.,.,-1,13.0,5067,-1,-1,-1
3242,3241,5978,5751,5751,5751,5836,3268,5122,.,.,-1,10.0,3716,-1,-1,-1
3242,3241,5979,5752,5751,5751,5836,3268,5122,.,.,-1,16.0,5067,-1,-1,-1
3242,3241,5980,5753,5753,5753,5836,3702,5122,.,.,-1,4.0,3716,-1,-1,-1
3242,3241,5981,5754,5753,5753,5836,3702,5122,.,.,-1,4.0,5067,-1,-1,-1
3242,3241,5982,5755,5755,5755,5836,3704,5122,.,.,-1,1.0,3716,-1,-1,-1
3242,3241,5983,5756,5756,5756,5836,3706,5122,.,.,-1,2.0,3716,-1,-1,-1
3242,3241,5984,5757,5757,5757,5836,3708,5122,.,.,-1,11.0,5067,-1,-1,-1
3242,3241,5985,5758,5757,5757,5836,3708,5122,.,.,-1,15.0,3716,-1,-1,-1
3242,3241,5986,5759,5759,5759,5836,3712,5122,.,.,-1,6.0,3715,-1,-1,-1
3242,3241,5987,5760,5760,5760,5836,3718,5122,.,.,-1,1.0,3716,-1,-1,-1
3242,3241,5988,5761,5761,5761,5836,4152,5122,.,.,-1,16.0,3715,-1,-1,-1
3242,3241,5989,5762,5762,5762,5836,4156,5122,.,.,-1,13.0,3715,-1,-1,-1
3242,3241,5990,5763,5763,5763,5836,4596,5122,.,.,-1,6.0,3716,-1,-1,-1
3242,3241,5991,5764,5763,5763,5836,4596,5122,.,.,-1,7.0,5067,-1,-1,-1
3242,3241,5992,5765,5765,5765,5836,4598,5122,.,.,-1,3.0,3716,-1,-1,-1
3242,3241,5993,5766,5766,5766,5836,4600,5122,.,.,-1,4.0,3716,-1,-1,-1
3242,3241,5994,5767,5767,5767,5836,4604,5122,.,.,-1,2.0,3716,-1,-1,-1
3242,3241,5995,5768,5768,5768,5836,4606,5122,.,.,-1,3.0,3716,-1,-1,-1
3242,3241,5996,5769,5769,5769,5836,4608,5122,.,.,-1,1.0,3716,-1,-1,-1
3242,3241,5997,5770,5770,5770,5836,4610,5122,.,.,-1,4.0,3716,-1,-1,-1
3242,3241,5998,5771,5771,5771,5836,5062,5122,.,.,-1,2.0,3716,-1,-1,-1
3242,3241,5999,5772,5772,5772,5836,5064,5122,.,.,-1,8.0,3716,-1,-1,-1
3242,3241,6000,5773,5772,5772,5836,5064,5122,.,.,-1,8.0,5067,-1,-1,-1
3242,3241,6001,5774,5774,5774,5836,5066,5122,.,.,-1,2.0,3716,-1,-1,-1
3242,3241,6002,5775,5775,5775,5836,5071,5122,.,.,-1,4.0,5067,-1,-1,-1
3242,3241,6003,5776,5775,5775,5836,5071,5122,.,.,-1,5.0,3716,-1,-1,-1
3242,3241,6004,5777,5777,5777,5836,5073,5122,.,.,-1,15.0,5067,-1,-1,-1
3242,3241,6005,5778,5777,5777,5836,5073,5122,.,.,-1,17.0,3716,-1,-1,-1
3242,3241,6006,5779,5779,5779,5836,5077,5122,.,.,-1,9.0,3715,-1,-1,-1
3242,3241,6007,5780,5780,5780,5836,5079,5122,.,.,-1,4.0,3716,-1,-1,-1
3242,3241,6008,5781,5780,5780,5836,5079,5122,.,.,-1,6.0,5067,-1,-1,-1
3242,3241,6009,5782,5782,5782,5836,5081,5122,.,.,-1,11.0,3716,-1,-1,-1
3242,3241,6010,5783,5782,5782,5836,5081,5122,.,.,-1,15.0,5067,-1,-1,-1
3242,3241,6011,5784,5784,5784,5836,5083,5122,.,.,-1,1.0,5067,-1,-1,-1
3242,3241,6012,5785,5784,5784,5836,5083,5122,.,.,-1,9.0,3716,-1,-1,-1
3242,3241,6013,5786,5786,5786,5836,5085,5122,.,.,-1,3.0,3716,-1,-1,-1
3242,3241,6014,5787,5787,5787,5836,5087,5122,.,.,-1,2.0,5067,-1,-1,-1
3242,3241,6015,5788,5787,5787,5836,5087,5122,.,.,-1,3.0,3716,-1,-1,-1
3242,3241,6016,5789,5789,5789,5836,5091,5122,.,.,-1,4.0,3716,-1,-1,-1
3242,3241,6017,5790,5789,5789,5836,5091,5122,.,.,-1,5.0,5067,-1,-1,-1
3242,3241,6018,5791,5791,5791,5836,5095,5122,.,.,-1,1.0,5067,-1,-1,-1
3242,3241,6019,5792,5791,5791,5836,5095,5122,.,.,-1,3.0,3716,-1,-1,-1
3242,3241,6021,5794,5794,5794,5836,5099,5122,.,.,-1,4.0,3716,-1,-1,-1
3242,3241,6020,5793,5793,5793,5836,5097,5122,.,.,-1,2.0,3716,-1,-1,-1
3242,3241,6022,5795,5795,5795,5836,5101,5122,.,.,-1,16.0,5067,-1,-1,-1
3242,3241,6023,5796,5795,5795,5836,5101,5122,.,.,-1,17.0,3716,-1,-1,-1
3242,3241,6024,5797,5797,5797,5836,5103,5122,.,.,-1,3.0,3715,-1,-1,-1
3242,3241,6025,5798,5798,5798,5836,5109,5122,.,.,-1,6.0,5067,-1,-1,-1
3242,3241,6026,5799,5798,5798,5836,5109,5122,.,.,-1,11.0,3716,-1,-1,-1
3242,3241,6027,5800,5800,5800,5836,5111,5122,.,.,-1,5.0,3715,-1,-1,-1
3242,3241,6028,5801,5801,5801,5836,5113,5122,.,.,-1,19.0,3715,-1,-1,-1
3242,3241,6029,5802,5802,5802,5836,5115,5122,.,.,-1,6.0,3715,-1,-1,-1
3242,3241,6030,5803,5803,5803,5836,5117,5122,.,.,-1,7.0,3716,-1,-1,-1
3242,3241,6031,5804,5803,5803,5836,5117,5122,.,.,-1,13.0,5067,-1,-1,-1
3242,3241,6032,5805,5805,5805,5836,5119,5122,.,.,-1,3.0,3716,-1,-1,-1
3242,3241,6033,5806,5806,5806,5836,5121,5122,.,.,-1,4.0,3716,-1,-1,-1
3242,3241,6034,5807,5806,5806,5836,5121,5122,.,.,-1,10.0,5067,-1,-1,-1
3242,3241,6035,5808,5808,5808,5836,5124,5122,.,.,-1,2.0,3716,-1,-1,-1
3242,3241,6036,5809,5809,5809,5836,5126,5122,.,.,-1,3.0,3716,-1,-1,-1
3242,3241,6037,5810,5810,5810,5836,5578,5122,.,.,-1,2.0,5067,-1,-1,-1
3242,3241,6038,5811,5810,5810,5836,5578,5122,.,.,-1,5.0,3716,-1,-1,-1
3242,3241,6039,5812,5812,5812,5836,5580,5122,.,.,-1,3.0,3716,-1,-1,-1
3242,3241,6040,5813,5813,5813,5836,5584,5122,.,.,-1,3.0,5067,-1,-1,-1
3242,3241,6041,5814,5813,5813,5836,5584,5122,.,.,-1,8.0,3716,-1,-1,-1
3242,3241,6042,5815,5815,5815,5836,5586,5122,.,.,-1,1.0,3716,-1,-1,-1
3242,3241,6043,5816,5815,5815,5836,5586,5122,.,.,-1,3.0,5067,-1,-1,-1
3242,3241,6044,5817,5817,5817,5836,5588,5122,.,.,-1,3.0,3716,-1,-1,-1
3242,3241,6045,5818,5818,5818,5836,5590,5122,.,.,-1,14.0,5067,-1,-1,-1
3242,3241,6046,5819,5818,5818,5836,5590,5122,.,.,-1,18.0,3716,-1,-1,-1
3242,3241,6047,5820,5820,5820,5836,5592,5122,.,.,-1,6.0,3716,-1,-1,-1
3242,3241,6048,5821,5821,5821,5836,5594,5122,.,.,-1,2.0,3716,-1,-1,-1
3242,3241,6049,5822,5822,5822,5836,5596,5122,.,.,-1,1.0,5067,-1,-1,-1
3242,3241,6050,5823,5822,5822,5836,5596,5122,.,.,-1,7.0,3716,-1,-1,-1
3242,3241,6051,5824,5824,5824,5836,5598,5122,.,.,-1,15.0,3715,-1,-1,-1
3242,3241,6052,5825,5825,5825,5836,5600,5122,.,.,-1,9.0,5067,-1,-1,-1
3242,3241,6053,5826,5825,5825,5836,5600,5122,.,.,-1,10.0,3715,-1,-1,-1
3242,3241,6054,5827,5825,5825,5836,5600,5122,.,.,-1,11.0,3716,-1,-1,-1
3242,3241,6055,5828,5828,5828,5836,5602,5122,.,.,-1,2.0,3716,-1,-1,-1
3242,3241,6056,5829,5829,5829,5836,5604,5122,.,.,-1,2.0,3716,-1,-1,-1
3242,3241,6057,5830,5830,5830,5836,5606,5122,.,.,-1,1.0,3716,-1,-1,-1
3242,3241,6058,5831,5831,5831,5836,5608,5122,.,.,-1,2.0,3716,-1,-1,-1
3242,3241,6059,5832,5832,5832,5836,6064,5122,.,.,-1,9.0,3716,-1,-1,-1
3242,3241,6060,5833,5832,5832,5836,6064,5122,.,.,-1,14.0,5067,-1,-1,-1
3242,3241,6061,5834,5834,5834,5836,6066,5122,.,.,-1,2.0,5067,-1,-1,-1
3242,3241,6062,5835,5834,5834,5836,6066,5122,.,.,-1,7.0,3716,-1,-1,-1
