6354,6353,8,1,1,1,-1,-1,-1,1411.1811985145468,363.66288889146654,3052,.,-1,3052
6354,6353,23,15,15,15,-1,-1,-1,1376.1567884115839,494.38131807838755,3050,.,-1,3050
6354,6353,32,31,31,31,-1,-1,-1,59.491725660669935,1122.027425622593,3049,.,-1,3049
6354,6353,81,33,33,33,-1,-1,-1,744.8674577643037,1497.3627586714508,3050,.,-1,3050
6354,6353,189,129,129,129,-1,-1,-1,716.4561803452134,1277.9191316389192,3050,.,-1,3050
6354,6353,260,249,249,249,-1,-1,-1,1600.2136339163483,1059.2982504823358,3049,.,-1,3049
6354,6353,272,271,271,271,-1,-1,-1,120.45918836024502,1463.7002239144379,3049,.,-1,3049
6354,6353,345,273,273,273,-1,-1,-1,715.453254546353,1533.9598511715842,3050,.,-1,3050
6354,6353,425,417,417,417,-1,-1,-1,1531.2054327537928,622.9824718891975,3050,.,-1,3050
6354,6353,441,433,433,433,-1,-1,-1,1576.7999791413713,1384.1693827898239,3050,.,-1,3050
6354,6353,521,449,449,449,-1,-1,-1,298.85698842497953,1275.1449145806898,3050,.,-1,3050
6354,6353,642,593,593,593,-1,-1,-1,677.3260450690375,1612.0125888741181,3050,.,-1,3050
6354,6353,692,691,691,691,-1,-1,-1,663.2990284803669,2052.409091460601,3049,.,-1,3049
6354,6353,749,693,693,693,-1,-1,-1,586.568142389986,1388.3696639879997,3050,.,-1,3050
6354,6353,831,805,805,805,-1,-1,-1,668.699329138682,1083.618179333934,3050,.,-1,3050
6354,6353,911,857,857,857,-1,-1,-1,530.5880121864456,1495.0840741682932,3050,.,-1,3050
6354,6353,1000,966,966,966,-1,-1,-1,911.1441675345723,1668.6360688131,3050,.,-1,3050
6354,6353,1117,1036,1036,1036,-1,-1,-1,587.6456567282978,1646.1282411839848,3050,.,-1,3050
6354,6353,1035,1034,1034,1034,-1,-1,-1,813.2777327932178,615.0495871810361,3049,.,-1,3049
6354,6353,1199,1198,1198,1198,-1,-1,-1,1140.984017786065,1861.0488953498282,3049,.,-1,3049
6354,6353,1245,1200,1200,1200,-1,-1,-1,836.9928691129242,1763.9280063971278,3050,.,-1,3050
6354,6353,1321,1290,1290,1290,-1,-1,-1,1050.3613554554015,1659.7035610601358,3050,.,-1,3050
6354,6353,1412,1352,1352,1352,-1,-1,-1,569.3505382512968,1412.2404729934085,3050,.,-1,3050
6354,6353,1525,1472,1472,1472,-1,-1,-1,342.3907107706072,1377.1454698438702,3050,.,-1,3050
6354,6353,1579,1578,1578,1578,-1,-1,-1,471.74882166321726,640.2182420211404,3049,.,-1,3049
6354,6353,1581,1580,1580,1580,-1,-1,-1,175.34472466568343,1880.539932401845,3049,.,-1,3049
6354,6353,1631,1582,1582,1582,-1,-1,-1,674.0321908990245,1071.0851521848551,3050,.,-1,3050
6354,6353,1724,1680,1680,1680,-1,-1,-1,1173.483404163261,1284.762175395066,3051,.,-1,3051
6354,6353,1807,1768,1768,1768,-1,-1,-1,1079.7718519213465,934.9389408046312,3051,.,-1,3051
6354,6353,1879,1846,1846,1846,-1,-1,-1,1237.2257696801428,1042.0245371411343,3051,.,-1,3051
6354,6353,1958,1912,1912,1912,-1,-1,-1,1137.047102242092,1448.276428129821,3051,.,-1,3051
6354,6353,2038,2004,2004,2004,-1,-1,-1,1301.8494315866221,1700.009875657757,3051,.,-1,3051
6354,6353,2120,2072,2072,2072,-1,-1,-1,1041.244449602191,787.6430040030289,3051,.,-1,3051
6354,6353,2221,2168,2168,2168,-1,-1,-1,599.7726799063348,1167.3329270905217,3050,.,-1,3050
6354,6353,2322,2274,2274,2274,-1,-1,-1,407.15730445015583,1722.6609478629227,3050,.,-1,3050
6354,6353,2421,2370,2370,2370,-1,-1,-1,822.2279758632365,1612.9423294911167,3050,.,-1,3050
6354,6353,2473,2472,2472,2472,-1,-1,-1,1089.9319496025635,1152.8322550052335,3047,.,-1,3047
6354,6353,2475,2474,2474,2474,-1,-1,-1,663.2469594773794,563.4631610037527,3049,.,-1,3049
6354,6353,2477,2476,2476,2476,-1,-1,-1,382.0067963789338,1867.4682159947092,3049,.,-1,3049
6354,6353,2490,2478,2478,2478,-1,-1,-1,905.4727732047897,1674.271436515089,3050,.,-1,3050
6354,6353,2514,2502,2502,2502,-1,-1,-1,1278.1557466437155,1323.257352480673,3050,.,-1,3050
6354,6353,2559,2526,2526,2526,-1,-1,-1,820.5851099321594,1325.0064848815673,3050,.,-1,3050
6354,6353,2652,2592,2592,2592,-1,-1,-1,539.1396668224274,1266.4348408364542,3050,.,-1,3050
6354,6353,2713,2712,2712,2712,-1,-1,-1,246.49645289986233,1476.7121155382836,3049,.,-1,3049
6354,6353,2715,2714,2714,2714,-1,-1,-1,1717.619315710566,1331.144038111354,3053,.,-1,3053
6354,6353,2766,2716,2716,2716,-1,-1,-1,472.014930656132,1225.796855564939,3050,.,-1,3050
6354,6353,2849,2816,2816,2816,-1,-1,-1,854.6917454917143,1419.1831441205486,3050,.,-1,3050
6354,6353,2883,2882,2882,2882,-1,-1,-1,81.49746915067695,1289.408921526057,3049,.,-1,3049
6354,6353,2919,2884,2884,2884,-1,-1,-1,809.9379867261335,1106.8044748092661,3050,.,-1,3050
6354,6353,2955,2954,2954,2954,-1,-1,-1,527.4044137536516,546.3838620562802,3049,.,-1,3049
6354,6353,2957,2956,2956,2956,-1,-1,-1,1612.06832667991,908.7221915125366,3047,.,-1,3047
6354,6353,2966,2958,2958,2958,-1,-1,-1,1762.6610603565564,628.5231058720283,3050,.,-1,3050
6354,6353,2984,2974,2974,2974,-1,-1,-1,1473.2164508242747,896.505271145913,3052,.,-1,3052
6354,6353,2995,2994,2994,2994,-1,-1,-1,1043.189113225523,1678.2282582638852,3049,.,-1,3049
6354,6353,3007,2996,2996,2996,-1,-1,-1,1617.4704634763648,888.507133358111,3049,.,-1,3049
6354,6353,3019,3018,3018,3018,-1,-1,-1,752.2270714861667,1426.7766299286154,3046,.,-1,3046
6354,6353,3032,3020,3020,3020,-1,-1,-1,1814.4872015523276,352.0910228587365,3054,.,-1,3054
6354,6353,3045,3044,3044,3044,-1,-1,-1,188.3229357480215,1611.24494373405,3049,.,-1,3049
6354,6353,3067,3055,3055,3055,-1,-1,-1,2065.9434139529394,1328.0828383346498,3054,.,-1,3054
6354,6353,3080,3079,3079,3079,-1,-1,-1,194.83975785307058,1106.9518502510048,3049,.,-1,3049
6354,6353,3082,3081,3081,3081,-1,-1,-1,383.2107568892807,899.112934751517,3049,.,-1,3049
6354,6353,3149,3083,3083,3083,-1,-1,-1,602.3493367090551,977.0024918193535,3050,.,-1,3050
6354,6353,3227,3215,3215,3215,-1,-1,-1,1792.0642795851431,1552.7218540535023,3054,.,-1,3054
6354,6353,3240,3239,3239,3239,-1,-1,-1,670.3059448031781,795.0595785281333,3049,.,-1,3049
6354,6353,3253,3241,3241,3241,-1,-1,-1,2123.8754791768138,1035.8731461548034,3054,.,-1,3054
6354,6353,3266,3265,3265,3265,-1,-1,-1,10.000000000000002,1364.6740435057516,3049,.,-1,3049
6354,6353,3305,3267,3267,3267,-1,-1,-1,497.05293581135896,883.7792866445873,3050,.,-1,3050
6354,6353,3350,3343,3343,3343,-1,-1,-1,2012.5119317122633,1101.5181771250543,3050,.,-1,3050
6354,6353,3358,3357,3357,3357,-1,-1,-1,788.9989006758173,825.6677821705503,3050,.,-1,3050
6354,6353,3398,3359,3359,3359,-1,-1,-1,750.0327435406736,1555.907902100323,3050,.,-1,3050
6354,6353,3449,3437,3437,3437,-1,-1,-1,676.6724535251143,1909.999270292133,3050,.,-1,3050
6354,6353,3493,3461,3461,3461,-1,-1,-1,765.6254736762909,1408.9829789931364,3050,.,-1,3050
6354,6353,3526,3525,3525,3525,-1,-1,-1,1034.506550875659,1820.881404232208,3049,.,-1,3049
6354,6353,3528,3527,3527,3527,-1,-1,-1,577.3324187929447,628.2429637840199,3049,.,-1,3049
6354,6353,3530,3529,3529,3529,-1,-1,-1,1685.2807061983394,1033.6783113471254,3047,.,-1,3047
6354,6353,3602,3531,3531,3531,-1,-1,-1,575.1048647298229,1407.5073132988034,3050,.,-1,3050
6354,6353,3674,3673,3673,3673,-1,-1,-1,413.48797244373077,706.4208079428994,3049,.,-1,3049
6354,6353,3702,3675,3675,3675,-1,-1,-1,663.4943263405771,826.1389752735763,3050,.,-1,3050
6354,6353,3739,3729,3729,3729,-1,-1,-1,1894.7280874911812,1187.1635040057397,3049,.,-1,3049
6354,6353,3750,3749,3749,3749,-1,-1,-1,861.1207208060368,1248.6607536141562,3049,.,-1,3049
6354,6353,3801,3751,3751,3751,-1,-1,-1,817.5883200342637,1787.5644592023186,3050,.,-1,3050
6354,6353,3919,3851,3851,3851,-1,-1,-1,584.571778605049,1188.6101317752725,3050,.,-1,3050
6354,6353,4052,3987,3987,3987,-1,-1,-1,590.4074589749941,1182.6471533938732,3050,.,-1,3050
6354,6353,4127,4117,4117,4117,-1,-1,-1,1457.3225302914973,730.3937089139837,3050,.,-1,3050
6354,6353,4201,4137,4137,4137,-1,-1,-1,373.90049790203994,1358.2748482063116,3050,.,-1,3050
6354,6353,4368,4367,4367,4367,-1,-1,-1,771.7076926577076,2004.1195690494014,3049,.,-1,3049
6354,6353,4266,4265,4265,4265,-1,-1,-1,214.76170232568126,886.6403402786217,3049,.,-1,3049
6354,6353,4317,4267,4267,4267,-1,-1,-1,612.1595614386324,957.5650356601775,3050,.,-1,3050
6354,6353,4430,4369,4369,4369,-1,-1,-1,807.7378436471031,1798.272641816912,3050,.,-1,3050
6354,6353,4492,4491,4491,4491,-1,-1,-1,793.8027005684446,2130.590182682493,3049,.,-1,3049
6354,6353,4503,4493,4493,4493,-1,-1,-1,1557.6087609128522,795.6343572016386,3049,.,-1,3049
6354,6353,4540,4513,4513,4513,-1,-1,-1,798.8498163733858,1994.750429477156,3050,.,-1,3050
6354,6353,4627,4567,4567,4567,-1,-1,-1,578.2975822472405,1655.481972659986,3050,.,-1,3050
6354,6353,4696,4687,4687,4687,-1,-1,-1,1511.6560974689694,490.38297179903304,3052,.,-1,3052
6354,6353,4750,4705,4705,4705,-1,-1,-1,564.2786239193537,1912.739691370835,3050,.,-1,3050
6354,6353,4796,4795,4795,4795,-1,-1,-1,137.46509463908535,1185.5640853519137,3049,.,-1,3049
6354,6353,4798,4797,4797,4797,-1,-1,-1,2117.7728271472465,1661.0761923454193,3049,.,-1,3049
6354,6353,4800,4799,4799,4799,-1,-1,-1,278.83010245176416,1774.523416440918,3049,.,-1,3049
6354,6353,4802,4801,4801,4801,-1,-1,-1,283.1239526284544,2009.2240046294312,3049,.,-1,3049
6354,6353,4804,4803,4803,4803,-1,-1,-1,538.1299670001147,1943.7923421603498,3049,.,-1,3049
6354,6353,4832,4805,4805,4805,-1,-1,-1,797.7283241655174,824.7762958824047,3050,.,-1,3050
6354,6353,4917,4859,4859,4859,-1,-1,-1,552.8436989193889,1695.399371137573,3050,.,-1,3050
6354,6353,4985,4975,4975,4975,-1,-1,-1,1743.5015094943083,1318.462348827149,3049,.,-1,3049
6354,6353,5001,4995,4995,4995,-1,-1,-1,1662.3530601292498,707.6543947240851,3052,.,-1,3052
6354,6353,5061,5007,5007,5007,-1,-1,-1,439.4856274627917,1298.5280218262521,3050,.,-1,3050
6354,6353,5122,5115,5115,5115,-1,-1,-1,1689.0816276018024,1617.5264091590595,3050,.,-1,3050
6354,6353,5181,5129,5129,5129,-1,-1,-1,840.3858292131313,1599.1571274151652,3050,.,-1,3050
6354,6353,5234,5233,5233,5233,-1,-1,-1,348.64819208194587,1702.3978723288717,3050,.,-1,3050
6354,6353,5236,5235,5235,5235,-1,-1,-1,185.47735155663645,1740.6251348385476,3049,.,-1,3049
6354,6353,5249,5237,5237,5237,-1,-1,-1,1761.8344654943555,781.9074718851772,3054,.,-1,3054
6354,6353,5273,5261,5261,5261,-1,-1,-1,1886.7564758966955,479.6268797170407,3054,.,-1,3054
6354,6353,5297,5285,5285,5285,-1,-1,-1,1581.574195674132,448.5995220607541,3054,.,-1,3054
6354,6353,5312,5311,5311,5311,-1,-1,-1,186.1797169730813,1341.5204073050068,3049,.,-1,3049
6354,6353,5339,5313,5313,5313,-1,-1,-1,540.8930659036511,1702.0022830355076,3050,.,-1,3050
6354,6353,5366,5365,5365,5365,-1,-1,-1,2145.7669983797155,456.5688719138582,3050,.,-1,3050
6354,6353,5368,5367,5367,5367,-1,-1,-1,103.40831231786011,1714.4945614156024,3049,.,-1,3049
6354,6353,5370,5369,5369,5369,-1,-1,-1,1040.3607339239165,1935.455835924727,3049,.,-1,3049
6354,6353,5425,5371,5371,5371,-1,-1,-1,412.22467285811325,967.1046767590333,3050,.,-1,3050
6354,6353,5480,5479,5479,5479,-1,-1,-1,1760.0339504586514,1164.1504797985885,3053,.,-1,3053
6354,6353,5482,5481,5481,5481,-1,-1,-1,707.517405743328,1301.0470471216129,3048,.,-1,3048
6354,6353,5532,5483,5483,5483,-1,-1,-1,715.0049469054576,1751.4643604288442,3050,.,-1,3050
6354,6353,5650,5649,5649,5649,-1,-1,-1,247.22329672074238,772.796562839637,3049,.,-1,3049
6354,6353,5582,5581,5581,5581,-1,-1,-1,142.66229572728327,1025.145870270168,3049,.,-1,3049
6354,6353,5616,5583,5583,5583,-1,-1,-1,657.5009830664479,891.8128337174423,3050,.,-1,3050
6354,6353,5652,5651,5651,5651,-1,-1,-1,397.99184879384904,1987.4047473036644,3049,.,-1,3049
6354,6353,5665,5653,5653,5653,-1,-1,-1,1538.3287679776251,978.0565157263123,3049,.,-1,3049
6354,6353,5739,5677,5677,5677,-1,-1,-1,566.8821779848671,1666.3826967051075,3050,.,-1,3050
6354,6353,5857,5801,5801,5801,-1,-1,-1,536.7434356916741,1706.2337379275566,3050,.,-1,3050
6354,6353,5914,5913,5913,5913,-1,-1,-1,1896.4287982412466,9.999999999999982,3050,.,-1,3050
6354,6353,5946,5915,5915,5915,-1,-1,-1,663.156307222442,1924.2993533080223,3050,.,-1,3050
6354,6353,5996,5977,5977,5977,-1,-1,-1,802.4261985786544,1805.5598680575283,3050,.,-1,3050
6354,6353,6055,6015,6015,6015,-1,-1,-1,621.9871903766032,948.7883691678057,3050,.,-1,3050
6354,6353,6154,6095,6095,6095,-1,-1,-1,880.2293295182392,1092.9768990698653,3050,.,-1,3050
6354,6353,6214,6213,6213,6213,-1,-1,-1,315.8789811575376,825.4224147684829,3049,.,-1,3049
6354,6353,6226,6215,6215,6215,-1,-1,-1,1947.0663506684407,773.5833824155825,3054,.,-1,3054
6354,6353,6269,6237,6237,6237,-1,-1,-1,1191.4328650604452,911.4095148953431,3049,.,-1,3049
6354,6353,6312,6301,6301,6301,-1,-1,-1,1862.094004967967,1297.0224103252158,3052,.,-1,3052
6354,6353,6335,6323,6323,6323,-1,-1,-1,1692.0587165521522,282.745169895854,3054,.,-1,3054
6354,6353,6349,6348,6348,6348,-1,-1,-1,1602.636056521502,1030.9245892040763,3047,.,-1,3047
6354,6353,6352,6351,6351,6351,-1,-1,-1,700.4157884021558,2194.5407685048604,3049,.,-1,3049
6354,6353,6366,6355,6355,6355,-1,-1,-1,1709.6590616946253,1498.343568708082,3050,.,-1,3050
6354,6353,6409,6377,6377,6377,-1,-1,-1,1282.0399029614055,1756.9700995272576,3050,.,-1,3050
6354,6353,6442,6441,6441,6441,-1,-1,-1,1630.6544677267086,1152.5031641328994,3053,.,-1,3053
6354,6353,6454,6443,6443,6443,-1,-1,-1,1773.968452165976,1154.6507613094238,3049,.,-1,3049
6354,6353,6480,6465,6465,6465,-1,-1,-1,1419.3571725339932,1195.1987225919513,3050,.,-1,3050
6354,6353,6522,6495,6495,6495,-1,-1,-1,764.8479419985653,676.2888852692327,3050,.,-1,3050
6354,6353,6550,6549,6549,6549,-1,-1,-1,750.1732731902472,675.2275147887415,3049,.,-1,3049
6354,6353,6552,6551,6551,6551,-1,-1,-1,920.924052369548,2038.642786324226,3049,.,-1,3049
6354,6353,6563,6553,6553,6553,-1,-1,-1,1431.9700839177585,600.5576773536901,3049,.,-1,3049
6354,6353,6574,6573,6573,6573,-1,-1,-1,2194.5407685048604,610.0252142124573,3052,.,-1,3052
6354,6353,6576,6575,6575,6575,-1,-1,-1,1681.8509034549184,1219.977036331084,3053,.,-1,3053
6354,6353,6578,6577,6577,6577,-1,-1,-1,559.509775524536,752.2941963342261,3049,.,-1,3049
6354,6353,6580,6579,6579,6579,-1,-1,-1,260.67169586227567,1915.5774828023107,3049,.,-1,3049
6354,6353,6582,6581,6581,6581,-1,-1,-1,384.3486942188799,2105.660817508131,3049,.,-1,3049
6354,6353,6584,6583,6583,6583,-1,-1,-1,919.3991946039705,1909.8536053760272,3049,.,-1,3049
6354,6353,6586,6585,6585,6585,-1,-1,-1,111.38458477972102,873.2233320332945,3049,.,-1,3049
6354,6353,6624,6587,6587,6587,-1,-1,-1,823.9107058467225,1321.22455348492,3050,.,-1,3050
6354,6353,6706,6661,6661,6661,-1,-1,-1,505.2308756374829,979.6795290294823,3050,.,-1,3050
6354,6353,6780,6752,6752,6752,-1,-1,-1,598.3673095703125,217.74102783203125,3052,.,-1,3052
6354,6353,6820,6808,6808,6808,-1,-1,-1,2127.2234373006263,751.2074368128403,3054,.,-1,3054
6354,6353,6862,6832,6832,6832,-1,-1,-1,335.6926918790243,1070.8314445888466,3050,.,-1,3050
6354,6353,6959,6892,6892,6892,-1,-1,-1,861.5180757517824,1182.9977198067454,3050,.,-1,3050
6354,6353,7036,7026,7026,7026,-1,-1,-1,1673.7129691975604,1237.5749299470826,3049,.,-1,3049
6354,6353,7058,7046,7046,7046,-1,-1,-1,1860.2277726707518,936.8648979806327,3052,.,-1,3052
6354,6353,7096,7070,7070,7070,-1,-1,-1,1009.049756248196,1554.1306676379074,3050,.,-1,3050
6354,6353,7191,7122,7122,7122,-1,-1,-1,703.8632690222129,1305.4228700365902,3050,.,-1,3050
6354,6353,7297,7260,7260,7260,-1,-1,-1,734.0043403035853,1511.2242058340419,3050,.,-1,3050
6354,6353,7335,7334,7334,7334,-1,-1,-1,959.3431395729602,1437.850432979565,3049,.,-1,3049
6354,6353,7393,7336,7336,7336,-1,-1,-1,348.5080104986685,1370.3701582787808,3050,.,-1,3050
6354,6353,7451,7450,7450,7450,-1,-1,-1,651.5391888545505,1417.555449023365,3046,.,-1,3046
6354,6353,7460,7452,7452,7452,-1,-1,-1,1754.4117578074142,795.2894341263489,3049,.,-1,3049
6354,6353,7480,7468,7468,7468,-1,-1,-1,1548.4660733513629,241.24146962678924,3054,.,-1,3054
6354,6353,7504,7492,7492,7492,-1,-1,-1,1821.3688062737558,625.541506814611,3054,.,-1,3054
6354,6353,7578,7516,7516,7516,-1,-1,-1,426.5043451535637,1146.1690907956465,3050,.,-1,3050
6354,6353,7641,7640,7640,7640,-1,-1,-1,1993.036015310363,226.51737054696906,3052,.,-1,3052
6354,6353,7654,7642,7642,7642,-1,-1,-1,1619.5480770346778,629.024965733826,3050,.,-1,3050
6354,6353,7667,7666,7666,7666,-1,-1,-1,1563.3523793427278,785.51190775883,3053,.,-1,3053
6354,6353,7690,7668,7668,7668,-1,-1,-1,1020.1310114090555,1683.339904142468,3050,.,-1,3050
6354,6353,7753,7752,7752,7752,-1,-1,-1,86.20131731321658,1590.3241788542641,3050,.,-1,3050
6354,6353,7732,7712,7712,7712,-1,-1,-1,821.0992784908802,921.0925978164196,3050,.,-1,3050
6354,6353,7812,7754,7754,7754,-1,-1,-1,461.6769845777747,1400.165796290715,3050,.,-1,3050
6354,6353,7880,7870,7870,7870,-1,-1,-1,1642.4799785425353,1491.0670704392408,3050,.,-1,3050
6354,6353,7896,7890,7890,7890,-1,-1,-1,1441.8427734375,2104.22216796875,3050,.,-1,3050
6354,6353,7914,7902,7902,7902,-1,-1,-1,1699.3282543501161,922.2557665693001,3052,.,-1,3052
6354,6353,7984,7926,7926,7926,-1,-1,-1,737.1415037888813,1097.7300213131173,3050,.,-1,3050
6354,6353,8052,8042,8042,8042,-1,-1,-1,1644.3671873068981,502.85729814412804,3050,.,-1,3050
6354,6353,8074,8062,8062,8062,-1,-1,-1,1738.4946061463934,1045.0210146489867,3052,.,-1,3052
6354,6353,8087,8086,8086,8086,-1,-1,-1,661.0148830824083,1223.505555313676,3046,.,-1,3046
6354,6353,8100,8088,8088,8088,-1,-1,-1,1782.3336976488558,1444.6245857332644,3050,.,-1,3050
6354,6353,8187,8112,8112,8112,-1,-1,-1,398.8080136291325,1315.7394581371911,3050,.,-1,3050
6354,6353,8286,8262,8262,8262,-1,-1,-1,543.1230280160207,1936.1819770320208,3050,.,-1,3050
6354,6353,8377,8310,8310,8310,-1,-1,-1,410.57341207259736,1457.8814650811025,3050,.,-1,3050
6354,6353,8445,8444,8444,8444,-1,-1,-1,720.2838266319773,1527.1879402352886,3046,.,-1,3046
6354,6353,8447,8446,8446,8446,-1,-1,-1,1201.7643358436362,889.9503716323252,3047,.,-1,3047
6354,6353,8470,8448,8448,8448,-1,-1,-1,730.9178574435051,683.8015454871388,3050,.,-1,3050
6354,6353,8510,8492,8492,8492,-1,-1,-1,955.4786785179342,1301.7656941017817,3050,.,-1,3050
6354,6353,8564,8528,8528,8528,-1,-1,-1,1183.584386911748,1271.7709350213167,3049,.,-1,3049
6354,6353,8627,8600,8600,8600,-1,-1,-1,489.6915262796798,884.4598725238488,3050,.,-1,3050
6354,6353,8660,8654,8654,8654,-1,-1,-1,1985.128702702266,962.8676733691475,3049,.,-1,3049
6354,6353,8718,8666,8666,8666,-1,-1,-1,413.9998175038865,1309.0820934058274,3050,.,-1,3050
6354,6353,8823,8770,8770,8770,-1,-1,-1,707.9882528064741,1762.0852739506593,3050,.,-1,3050
6354,6353,8877,8876,8876,8876,-1,-1,-1,953.0762496223706,2134.8854608721967,3049,.,-1,3049
6354,6353,8938,8878,8878,8878,-1,-1,-1,408.57412966699667,1082.6871005958058,3050,.,-1,3050
6354,6353,8999,8998,8998,8998,-1,-1,-1,236.96849085230772,1229.6761830172986,3049,.,-1,3049
6354,6353,9001,9000,9000,9000,-1,-1,-1,590.0916450545004,2116.54842624418,3049,.,-1,3049
6354,6353,9074,9002,9002,9002,-1,-1,-1,384.19176592810123,1523.7136724052596,3050,.,-1,3050
6354,6353,9158,9146,9146,9146,-1,-1,-1,1596.312430003313,1252.3789382792504,3049,.,-1,3049
6354,6353,9228,9170,9170,9170,-1,-1,-1,905.6969667921402,1761.9592206556147,3050,.,-1,3050
6354,6353,9287,9286,9286,9286,-1,-1,-1,328.1646254149155,661.4407509467346,3049,.,-1,3049
6354,6353,9289,9288,9288,9288,-1,-1,-1,477.5993383180797,2104.8044073407505,3049,.,-1,3049
6354,6353,9291,9290,9290,9290,-1,-1,-1,14.990209074051297,1501.3604299829412,3049,.,-1,3049
6354,6353,9293,9292,9292,9292,-1,-1,-1,250.36143828864775,994.4806764477098,3049,.,-1,3049
6354,6353,9295,9294,9294,9294,-1,-1,-1,1380.1266481313342,1225.9479136091486,3047,.,-1,3047
6354,6353,9351,9296,9296,9296,-1,-1,-1,355.6807547781025,1615.216029157624,3050,.,-1,3050
6354,6353,9426,9406,9406,9406,-1,-1,-1,905.8122122403902,1916.7059362243858,3050,.,-1,3050
5310,5309,9,2,2,2,8,2473,965,.,.,-1,6.0,6347,-1
5310,5309,10,3,3,3,8,6349,965,.,.,-1,1.0,6347,-1
5310,5309,11,4,4,4,8,6576,965,.,.,-1,2.0,6347,-1
5310,5309,12,5,5,5,8,7667,965,.,.,-1,1.0,6347,-1
5310,5309,13,6,6,6,8,8447,965,.,.,-1,6.0,6347,-1
5310,5309,14,7,7,7,8,9295,965,.,.,-1,3.0,6347,-1
5310,5309,24,16,16,16,23,2473,965,.,.,-1,2.0,6347,-1
5310,5309,25,17,17,17,23,3530,965,.,.,-1,1.0,6347,-1
5310,5309,26,18,18,18,23,5480,965,.,.,-1,1.0,6347,-1
5310,5309,27,19,19,19,23,6349,965,.,.,-1,1.0,6347,-1
5310,5309,28,20,20,20,23,6442,965,.,.,-1,1.0,6347,-1
5310,5309,29,21,21,21,23,7667,965,.,.,-1,1.0,6347,-1
5310,5309,30,22,22,22,23,8447,965,.,.,-1,3.0,6347,-1
5310,5309,82,34,34,34,81,32,965,.,.,-1,1.0,6350,-1
5310,5309,83,35,35,35,81,345,965,.,.,-1,1.0,6350,-1
5310,5309,84,36,36,36,81,521,965,.,.,-1,2.0,6350,-1
5310,5309,85,37,37,37,81,692,965,.,.,-1,1.0,6350,-1
5310,5309,86,38,38,38,81,749,965,.,.,-1,1.0,6350,-1
5310,5309,87,39,39,39,81,911,965,.,.,-1,1.0,6350,-1
5310,5309,88,40,40,40,81,1035,965,.,.,-1,1.0,6350,-1
5310,5309,89,41,41,41,81,1321,965,.,.,-1,1.0,6350,-1
5310,5309,90,42,42,42,81,1525,965,.,.,-1,2.0,6350,-1
5310,5309,91,43,43,43,81,2477,965,.,.,-1,2.0,6350,-1
5310,5309,92,44,44,44,81,2490,965,.,.,-1,1.0,6350,-1
5310,5309,93,45,45,45,81,2849,965,.,.,-1,2.0,6350,-1
5310,5309,94,46,46,46,81,3019,965,.,.,-1,15.0,6751,-1
5310,5309,95,47,47,47,81,3080,965,.,.,-1,1.0,6350,-1
5310,5309,96,48,48,48,81,3398,965,.,.,-1,1.0,6350,-1
5310,5309,97,49,49,49,81,3493,965,.,.,-1,1.0,6350,-1
5310,5309,98,50,50,50,81,3602,965,.,.,-1,1.0,6350,-1
5310,5309,99,51,51,51,81,3674,965,.,.,-1,1.0,6350,-1
5310,5309,100,52,52,52,81,3702,965,.,.,-1,1.0,6350,-1
5310,5309,101,53,53,53,81,4201,965,.,.,-1,1.0,6350,-1
5310,5309,102,54,54,54,81,4540,965,.,.,-1,1.0,6350,-1
5310,5309,103,55,55,55,81,4804,965,.,.,-1,1.0,6350,-1
5310,5309,104,56,56,56,81,4832,965,.,.,-1,1.0,6350,-1
5310,5309,105,57,57,57,81,5181,965,.,.,-1,1.0,6350,-1
5310,5309,106,58,58,58,81,5236,965,.,.,-1,1.0,6350,-1
5310,5309,107,59,59,59,81,5312,965,.,.,-1,1.0,6350,-1
5310,5309,108,60,60,60,81,5370,965,.,.,-1,1.0,6350,-1
5310,5309,109,61,61,61,81,5482,965,.,.,-1,19.0,6751,-1
5310,5309,110,62,62,62,81,5739,965,.,.,-1,1.0,6350,-1
5310,5309,111,63,63,63,81,6214,965,.,.,-1,2.0,6350,-1
5310,5309,112,64,64,64,81,6550,965,.,.,-1,1.0,6350,-1
5310,5309,113,65,65,65,81,6552,965,.,.,-1,1.0,6350,-1
5310,5309,114,66,66,66,81,6582,965,.,.,-1,2.0,6350,-1
5310,5309,115,67,67,67,81,6584,965,.,.,-1,1.0,6350,-1
5310,5309,116,68,68,68,81,6624,965,.,.,-1,1.0,6350,-1
5310,5309,117,69,69,69,81,7297,965,.,.,-1,1.0,6350,-1
5310,5309,118,70,70,70,81,7335,965,.,.,-1,1.0,6350,-1
5310,5309,119,71,71,71,81,7451,965,.,.,-1,18.0,6751,-1
5310,5309,120,72,72,72,81,7753,965,.,.,-1,1.0,6350,-1
5310,5309,121,73,73,73,81,7812,965,.,.,-1,1.0,6350,-1
5310,5309,122,74,74,74,81,8087,965,.,.,-1,14.0,6751,-1
5310,5309,123,75,75,75,81,8377,965,.,.,-1,1.0,6350,-1
5310,5309,124,76,76,76,81,8445,965,.,.,-1,14.0,6751,-1
5310,5309,125,77,77,77,81,8470,965,.,.,-1,1.0,6350,-1
5310,5309,126,78,78,78,81,8823,965,.,.,-1,3.0,6350,-1
5310,5309,127,79,79,79,81,9001,965,.,.,-1,1.0,6350,-1
5310,5309,128,80,80,80,81,9426,965,.,.,-1,1.0,6350,-1
5310,5309,190,130,130,130,189,32,965,.,.,-1,1.0,6350,-1
5310,5309,191,131,131,131,189,81,965,.,.,-1,1.0,6350,-1
5310,5309,192,132,132,132,189,345,965,.,.,-1,2.0,6350,-1
5310,5309,193,133,133,133,189,521,965,.,.,-1,1.0,6350,-1
5310,5309,194,134,134,134,189,831,965,.,.,-1,2.0,6350,-1
5310,5309,195,135,135,135,189,911,965,.,.,-1,1.0,6350,-1
5310,5309,196,136,136,136,189,1035,965,.,.,-1,1.0,6350,-1
5310,5309,197,137,137,137,189,1199,965,.,.,-1,1.0,6350,-1
5310,5309,198,138,138,138,189,1525,965,.,.,-1,1.0,6350,-1
5310,5309,199,139,139,139,189,1579,965,.,.,-1,1.0,6350,-1
5310,5309,200,140,140,140,189,1581,965,.,.,-1,1.0,6350,-1
5310,5309,201,141,141,141,189,2221,965,.,.,-1,1.0,6350,-1
5310,5309,202,142,142,142,189,2475,965,.,.,-1,1.0,6350,-1
5310,5309,203,143,143,143,189,2490,965,.,.,-1,1.0,6350,-1
5310,5309,204,144,144,144,189,2514,965,.,.,-1,1.0,6350,-1
5310,5309,205,145,145,145,189,2559,965,.,.,-1,2.0,6350,-1
5310,5309,206,146,146,146,189,2713,965,.,.,-1,1.0,6350,-1
5310,5309,207,147,147,147,189,3019,965,.,.,-1,20.0,6751,-1
5310,5309,208,148,148,148,189,3305,965,.,.,-1,2.0,6350,-1
5310,5309,209,149,149,149,189,3358,965,.,.,-1,2.0,6350,-1
5310,5309,210,150,150,150,189,3528,965,.,.,-1,1.0,6350,-1
5310,5309,211,151,151,151,189,3674,965,.,.,-1,1.0,6350,-1
5310,5309,212,152,152,152,189,3750,965,.,.,-1,1.0,6350,-1
5310,5309,213,153,153,153,189,4052,965,.,.,-1,1.0,6350,-1
5310,5309,214,154,154,154,189,4430,965,.,.,-1,1.0,6350,-1
5310,5309,215,155,155,155,189,4492,965,.,.,-1,1.0,6350,-1
5310,5309,216,156,156,156,189,4627,965,.,.,-1,1.0,6350,-1
5310,5309,217,157,157,157,189,4800,965,.,.,-1,1.0,6350,-1
5310,5309,218,158,158,158,189,4832,965,.,.,-1,3.0,6350,-1
5310,5309,219,159,159,159,189,5061,965,.,.,-1,1.0,6350,-1
5310,5309,220,160,160,160,189,5236,965,.,.,-1,1.0,6350,-1
5310,5309,221,161,161,161,189,5425,965,.,.,-1,2.0,6350,-1
5310,5309,222,162,162,162,189,5482,965,.,.,-1,25.0,6751,-1
5310,5309,223,163,163,163,189,5532,965,.,.,-1,1.0,6350,-1
5310,5309,224,164,164,164,189,5652,965,.,.,-1,2.0,6350,-1
5310,5309,225,165,165,165,189,5946,965,.,.,-1,1.0,6350,-1
5310,5309,226,166,166,166,189,6154,965,.,.,-1,1.0,6350,-1
5310,5309,227,167,167,167,189,6550,965,.,.,-1,1.0,6350,-1
5310,5309,228,168,168,168,189,6578,965,.,.,-1,2.0,6350,-1
5310,5309,229,169,169,169,189,6582,965,.,.,-1,2.0,6350,-1
5310,5309,230,170,170,170,189,6586,965,.,.,-1,1.0,6350,-1
5310,5309,231,171,171,171,189,6624,965,.,.,-1,1.0,6350,-1
5310,5309,232,172,172,172,189,7191,965,.,.,-1,1.0,6350,-1
5310,5309,233,173,173,173,189,7297,965,.,.,-1,3.0,6350,-1
5310,5309,234,174,174,174,189,7451,965,.,.,-1,29.0,6751,-1
5310,5309,235,175,175,175,189,7690,965,.,.,-1,1.0,6350,-1
5310,5309,236,176,176,176,189,7732,965,.,.,-1,1.0,6350,-1
5310,5309,237,177,177,177,189,7812,965,.,.,-1,1.0,6350,-1
5310,5309,238,178,178,178,189,8087,965,.,.,-1,26.0,6751,-1
5310,5309,239,179,179,179,189,8286,965,.,.,-1,1.0,6350,-1
5310,5309,240,180,180,180,189,8445,965,.,.,-1,27.0,6751,-1
5310,5309,241,181,181,181,189,8718,965,.,.,-1,1.0,6350,-1
5310,5309,242,182,182,182,189,8938,965,.,.,-1,1.0,6350,-1
5310,5309,243,183,183,183,189,9001,965,.,.,-1,1.0,6350,-1
5310,5309,244,184,184,184,189,9228,965,.,.,-1,1.0,6350,-1
5310,5309,245,185,185,185,189,9289,965,.,.,-1,2.0,6350,-1
5310,5309,246,186,186,186,189,9295,965,.,.,-1,61.0,0,-1
5310,5309,247,187,187,187,189,9351,965,.,.,-1,2.0,6350,-1
5310,5309,248,188,188,188,189,9426,965,.,.,-1,3.0,6350,-1
5310,5309,261,250,250,250,260,2473,965,.,.,-1,26.0,6347,-1
5310,5309,262,251,251,251,260,2715,965,.,.,-1,3.0,6347,-1
5310,5309,263,252,252,252,260,2957,965,.,.,-1,7.0,6347,-1
5310,5309,264,253,253,253,260,3530,965,.,.,-1,5.0,6347,-1
5310,5309,265,254,254,254,260,5480,965,.,.,-1,6.0,6347,-1
5310,5309,266,255,255,255,260,6349,965,.,.,-1,7.0,6347,-1
5310,5309,267,256,256,256,260,6442,965,.,.,-1,2.0,6347,-1
5310,5309,268,257,257,257,260,7667,965,.,.,-1,2.0,6347,-1
5310,5309,269,258,258,258,260,8447,965,.,.,-1,12.0,6347,-1
5310,5309,270,259,259,259,260,9295,965,.,.,-1,2.0,6347,-1
5310,5309,346,274,274,274,345,81,965,.,.,-1,2.0,6350,-1
5310,5309,347,275,275,275,345,642,965,.,.,-1,1.0,6350,-1
5310,5309,348,276,276,276,345,692,965,.,.,-1,2.0,6350,-1
5310,5309,349,277,277,277,345,749,965,.,.,-1,1.0,6350,-1
5310,5309,350,278,278,278,345,1000,965,.,.,-1,1.0,6350,-1
5310,5309,351,279,279,279,345,1117,965,.,.,-1,1.0,6350,-1
5310,5309,352,280,280,280,345,1199,965,.,.,-1,1.0,6350,-1
5310,5309,353,281,281,281,345,1245,965,.,.,-1,2.0,6350,-1
5310,5309,354,282,282,282,345,1412,965,.,.,-1,2.0,6350,-1
5310,5309,355,283,283,283,345,2221,965,.,.,-1,2.0,6350,-1
5310,5309,356,284,284,284,345,2473,965,.,.,-1,41.0,0,-1
5310,5309,357,285,285,285,345,2475,965,.,.,-1,1.0,6350,-1
5310,5309,358,286,286,286,345,2490,965,.,.,-1,1.0,6350,-1
5310,5309,359,287,287,287,345,2514,965,.,.,-1,1.0,6350,-1
5310,5309,360,288,288,288,345,2652,965,.,.,-1,1.0,6350,-1
5310,5309,361,289,289,289,345,2849,965,.,.,-1,2.0,6350,-1
5310,5309,362,290,290,290,345,2955,965,.,.,-1,1.0,6350,-1
5310,5309,363,291,291,291,345,3019,965,.,.,-1,21.0,6751,-1
5310,5309,364,292,292,292,345,3045,965,.,.,-1,1.0,6350,-1
5310,5309,365,293,293,293,345,3080,965,.,.,-1,1.0,6350,-1
5310,5309,366,294,294,294,345,3082,965,.,.,-1,1.0,6350,-1
5310,5309,367,295,295,295,345,3240,965,.,.,-1,1.0,6350,-1
5310,5309,368,296,296,296,345,3305,965,.,.,-1,1.0,6350,-1
5310,5309,369,297,297,297,345,3398,965,.,.,-1,1.0,6350,-1
5310,5309,370,298,298,298,345,3493,965,.,.,-1,1.0,6350,-1
5310,5309,371,299,299,299,345,3750,965,.,.,-1,1.0,6350,-1
5310,5309,372,300,300,300,345,4052,965,.,.,-1,1.0,6350,-1
5310,5309,373,301,301,301,345,4266,965,.,.,-1,2.0,6350,-1
5310,5309,374,302,302,302,345,4492,965,.,.,-1,1.0,6350,-1
5310,5309,375,303,303,303,345,4540,965,.,.,-1,1.0,6350,-1
5310,5309,376,304,304,304,345,4627,965,.,.,-1,1.0,6350,-1
5310,5309,377,305,305,305,345,4796,965,.,.,-1,1.0,6350,-1
5310,5309,378,306,306,306,345,4800,965,.,.,-1,3.0,6350,-1
5310,5309,379,307,307,307,345,4802,965,.,.,-1,1.0,6350,-1
5310,5309,380,308,308,308,345,4917,965,.,.,-1,1.0,6350,-1
5310,5309,381,309,309,309,345,5181,965,.,.,-1,2.0,6350,-1
5310,5309,382,310,310,310,345,5236,965,.,.,-1,3.0,6350,-1
5310,5309,383,311,311,311,345,5312,965,.,.,-1,1.0,6350,-1
5310,5309,384,312,312,312,345,5339,965,.,.,-1,3.0,6350,-1
5310,5309,385,313,313,313,345,5368,965,.,.,-1,1.0,6350,-1
5310,5309,386,314,314,314,345,5370,965,.,.,-1,1.0,6350,-1
5310,5309,387,315,315,315,345,5482,965,.,.,-1,24.0,6751,-1
5310,5309,388,316,316,316,345,5582,965,.,.,-1,1.0,6350,-1
5310,5309,389,317,317,317,345,5652,965,.,.,-1,1.0,6350,-1
5310,5309,390,318,318,318,345,5857,965,.,.,-1,1.0,6350,-1
5310,5309,391,319,319,319,345,5996,965,.,.,-1,2.0,6350,-1
5310,5309,392,320,320,320,345,6055,965,.,.,-1,1.0,6350,-1
5310,5309,393,321,321,321,345,6154,965,.,.,-1,1.0,6350,-1
5310,5309,394,322,322,322,345,6214,965,.,.,-1,1.0,6350,-1
5310,5309,395,323,323,323,345,6352,965,.,.,-1,1.0,6350,-1
5310,5309,396,324,324,324,345,6552,965,.,.,-1,1.0,6350,-1
5310,5309,397,325,325,325,345,6578,965,.,.,-1,2.0,6350,-1
5310,5309,398,326,326,326,345,6624,965,.,.,-1,1.0,6350,-1
5310,5309,399,327,327,327,345,7191,965,.,.,-1,1.0,6350,-1
5310,5309,400,328,328,328,345,7297,965,.,.,-1,1.0,6350,-1
5310,5309,401,329,329,329,345,7335,965,.,.,-1,1.0,6350,-1
5310,5309,402,330,330,330,345,7451,965,.,.,-1,17.0,6751,-1
5310,5309,403,331,331,331,345,7578,965,.,.,-1,4.0,6350,-1
5310,5309,404,332,332,332,345,7812,965,.,.,-1,1.0,6350,-1
5310,5309,405,333,333,333,345,8087,965,.,.,-1,21.0,6751,-1
5310,5309,406,334,334,334,345,8286,965,.,.,-1,1.0,6350,-1
5310,5309,407,335,335,335,345,8377,965,.,.,-1,1.0,6350,-1
5310,5309,408,336,336,336,345,8445,965,.,.,-1,24.0,6751,-1
5310,5309,409,337,337,337,345,8447,965,.,.,-1,37.0,0,-1
5310,5309,410,338,338,338,345,8470,965,.,.,-1,1.0,6350,-1
5310,5309,411,339,339,339,345,8938,965,.,.,-1,1.0,6350,-1
5310,5309,412,340,340,340,345,8999,965,.,.,-1,2.0,6350,-1
5310,5309,413,341,341,341,345,9001,965,.,.,-1,2.0,6350,-1
5310,5309,414,342,342,342,345,9228,965,.,.,-1,1.0,6350,-1
5310,5309,415,343,343,343,345,9287,965,.,.,-1,1.0,6350,-1
5310,5309,416,344,344,344,345,9289,965,.,.,-1,1.0,6350,-1
5310,5309,426,418,418,418,425,2715,965,.,.,-1,2.0,6347,-1
5310,5309,427,419,419,419,425,2957,965,.,.,-1,1.0,6347,-1
5310,5309,428,420,420,420,425,6442,965,.,.,-1,2.0,6347,-1
5310,5309,429,421,421,421,425,6576,965,.,.,-1,1.0,6347,-1
5310,5309,430,422,422,422,425,7667,965,.,.,-1,4.0,6347,-1
5310,5309,431,423,423,423,425,8447,965,.,.,-1,1.0,6347,-1
5310,5309,432,424,424,424,425,9295,965,.,.,-1,29.0,6347,-1
5310,5309,442,434,434,434,441,2473,965,.,.,-1,10.0,6347,-1
5310,5309,443,435,435,435,441,3530,965,.,.,-1,2.0,6347,-1
5310,5309,444,436,436,436,441,6349,965,.,.,-1,1.0,6347,-1
5310,5309,445,437,437,437,441,6442,965,.,.,-1,1.0,6347,-1
5310,5309,446,438,438,438,441,6576,965,.,.,-1,2.0,6347,-1
5310,5309,447,439,439,439,441,8447,965,.,.,-1,4.0,6347,-1
5310,5309,448,440,440,440,441,9295,965,.,.,-1,1.0,6347,-1
5310,5309,522,450,450,450,521,32,965,.,.,-1,2.0,6350,-1
5310,5309,523,451,451,451,521,189,965,.,.,-1,1.0,6350,-1
5310,5309,524,452,452,452,521,642,965,.,.,-1,1.0,6350,-1
5310,5309,525,453,453,453,521,692,965,.,.,-1,1.0,6350,-1
5310,5309,526,454,454,454,521,911,965,.,.,-1,1.0,6350,-1
5310,5309,527,455,455,455,521,1000,965,.,.,-1,2.0,6350,-1
5310,5309,528,456,456,456,521,1412,965,.,.,-1,3.0,6350,-1
5310,5309,529,457,457,457,521,1525,965,.,.,-1,2.0,6350,-1
5310,5309,530,458,458,458,521,1579,965,.,.,-1,2.0,6350,-1
5310,5309,531,459,459,459,521,1631,965,.,.,-1,1.0,6350,-1
5310,5309,532,460,460,460,521,2473,965,.,.,-1,40.0,0,-1
5310,5309,533,461,461,461,521,2475,965,.,.,-1,1.0,6350,-1
5310,5309,534,462,462,462,521,2514,965,.,.,-1,1.0,6350,-1
5310,5309,535,463,463,463,521,2713,965,.,.,-1,1.0,6350,-1
5310,5309,536,464,464,464,521,2849,965,.,.,-1,1.0,6350,-1
5310,5309,537,465,465,465,521,2883,965,.,.,-1,1.0,6350,-1
5310,5309,538,466,466,466,521,3019,965,.,.,-1,17.0,6751,-1
5310,5309,539,467,467,467,521,3045,965,.,.,-1,2.0,6350,-1
5310,5309,540,468,468,468,521,3080,965,.,.,-1,1.0,6350,-1
5310,5309,541,469,469,469,521,3240,965,.,.,-1,1.0,6350,-1
5310,5309,542,470,470,470,521,3266,965,.,.,-1,2.0,6350,-1
5310,5309,543,471,471,471,521,3358,965,.,.,-1,1.0,6350,-1
5310,5309,544,472,472,472,521,3674,965,.,.,-1,1.0,6350,-1
5310,5309,545,473,473,473,521,3750,965,.,.,-1,1.0,6350,-1
5310,5309,546,474,474,474,521,3801,965,.,.,-1,2.0,6350,-1
5310,5309,547,475,475,475,521,3919,965,.,.,-1,1.0,6350,-1
5310,5309,548,476,476,476,521,4052,965,.,.,-1,2.0,6350,-1
5310,5309,549,477,477,477,521,4201,965,.,.,-1,1.0,6350,-1
5310,5309,550,478,478,478,521,4627,965,.,.,-1,1.0,6350,-1
5310,5309,551,479,479,479,521,4750,965,.,.,-1,1.0,6350,-1
5310,5309,552,480,480,480,521,4796,965,.,.,-1,1.0,6350,-1
5310,5309,553,481,481,481,521,4800,965,.,.,-1,1.0,6350,-1
5310,5309,554,482,482,482,521,4802,965,.,.,-1,2.0,6350,-1
5310,5309,555,483,483,483,521,5061,965,.,.,-1,1.0,6350,-1
5310,5309,556,484,484,484,521,5234,965,.,.,-1,1.0,6350,-1
5310,5309,557,485,485,485,521,5312,965,.,.,-1,1.0,6350,-1
5310,5309,558,486,486,486,521,5482,965,.,.,-1,25.0,6751,-1
5310,5309,560,488,488,488,521,5650,965,.,.,-1,1.0,6350,-1
5310,5309,559,487,487,487,521,5582,965,.,.,-1,1.0,6350,-1
5310,5309,561,489,489,489,521,5652,965,.,.,-1,1.0,6350,-1
5310,5309,562,490,490,490,521,5946,965,.,.,-1,3.0,6350,-1
5310,5309,563,491,491,491,521,6055,965,.,.,-1,1.0,6350,-1
5310,5309,564,492,492,492,521,6154,965,.,.,-1,1.0,6350,-1
5310,5309,565,493,493,493,521,6522,965,.,.,-1,1.0,6350,-1
5310,5309,566,494,494,494,521,6550,965,.,.,-1,1.0,6350,-1
5310,5309,567,495,495,495,521,6552,965,.,.,-1,1.0,6350,-1
5310,5309,568,496,496,496,521,6580,965,.,.,-1,1.0,6350,-1
5310,5309,569,497,497,497,521,6582,965,.,.,-1,1.0,6350,-1
5310,5309,570,498,498,498,521,6584,965,.,.,-1,1.0,6350,-1
5310,5309,571,499,499,499,521,6586,965,.,.,-1,2.0,6350,-1
5310,5309,572,500,500,500,521,6862,965,.,.,-1,1.0,6350,-1
5310,5309,573,501,501,501,521,7191,965,.,.,-1,1.0,6350,-1
5310,5309,574,502,502,502,521,7297,965,.,.,-1,1.0,6350,-1
5310,5309,575,503,503,503,521,7335,965,.,.,-1,1.0,6350,-1
5310,5309,576,504,504,504,521,7451,965,.,.,-1,23.0,6751,-1
5310,5309,577,505,505,505,521,7732,965,.,.,-1,1.0,6350,-1
5310,5309,578,506,506,506,521,7812,965,.,.,-1,1.0,6350,-1
5310,5309,579,507,507,507,521,7984,965,.,.,-1,2.0,6350,-1
5310,5309,580,508,508,508,521,8087,965,.,.,-1,22.0,6751,-1
5310,5309,581,509,509,509,521,8445,965,.,.,-1,28.0,6751,-1
5310,5309,582,510,510,510,521,8447,965,.,.,-1,41.0,0,-1
5310,5309,583,511,511,511,521,8510,965,.,.,-1,1.0,6350,-1
5310,5309,584,512,512,512,521,8627,965,.,.,-1,2.0,6350,-1
5310,5309,585,513,513,513,521,8718,965,.,.,-1,3.0,6350,-1
5310,5309,586,514,514,514,521,8823,965,.,.,-1,1.0,6350,-1
5310,5309,587,515,515,515,521,8938,965,.,.,-1,1.0,6350,-1
5310,5309,588,516,516,516,521,8999,965,.,.,-1,1.0,6350,-1
5310,5309,589,517,517,517,521,9074,965,.,.,-1,1.0,6350,-1
5310,5309,590,518,518,518,521,9291,965,.,.,-1,2.0,6350,-1
5310,5309,591,519,519,519,521,9293,965,.,.,-1,1.0,6350,-1
5310,5309,592,520,520,520,521,9351,965,.,.,-1,1.0,6350,-1
5310,5309,643,594,594,594,642,1000,965,.,.,-1,1.0,6350,-1
5310,5309,644,595,595,595,642,1412,965,.,.,-1,1.0,6350,-1
5310,5309,645,596,596,596,642,1579,965,.,.,-1,1.0,6350,-1
5310,5309,646,597,597,597,642,1581,965,.,.,-1,2.0,6350,-1
5310,5309,647,598,598,598,642,2421,965,.,.,-1,1.0,6350,-1
5310,5309,648,599,599,599,642,2475,965,.,.,-1,1.0,6350,-1
5310,5309,649,600,600,600,642,2652,965,.,.,-1,1.0,6350,-1
5310,5309,650,601,601,601,642,2766,965,.,.,-1,1.0,6350,-1
5310,5309,651,602,602,602,642,2955,965,.,.,-1,1.0,6350,-1
5310,5309,652,603,603,603,642,3019,965,.,.,-1,12.0,6751,-1
5310,5309,653,604,604,604,642,3080,965,.,.,-1,2.0,6350,-1
5310,5309,654,605,605,605,642,3082,965,.,.,-1,1.0,6350,-1
5310,5309,655,606,606,606,642,3358,965,.,.,-1,3.0,6350,-1
5310,5309,656,607,607,607,642,3398,965,.,.,-1,1.0,6350,-1
5310,5309,657,608,608,608,642,3449,965,.,.,-1,1.0,6350,-1
5310,5309,658,609,609,609,642,3528,965,.,.,-1,1.0,6350,-1
5310,5309,659,610,610,610,642,3702,965,.,.,-1,1.0,6350,-1
5310,5309,660,611,611,611,642,3750,965,.,.,-1,1.0,6350,-1
5310,5309,661,612,612,612,642,3801,965,.,.,-1,1.0,6350,-1
5310,5309,662,613,613,613,642,4201,965,.,.,-1,2.0,6350,-1
5310,5309,663,614,614,614,642,4430,965,.,.,-1,1.0,6350,-1
5310,5309,664,615,615,615,642,4492,965,.,.,-1,2.0,6350,-1
5310,5309,665,616,616,616,642,4540,965,.,.,-1,1.0,6350,-1
5310,5309,666,617,617,617,642,4627,965,.,.,-1,1.0,6350,-1
5310,5309,667,618,618,618,642,4917,965,.,.,-1,2.0,6350,-1
5310,5309,668,619,619,619,642,5482,965,.,.,-1,17.0,6751,-1
5310,5309,669,620,620,620,642,5532,965,.,.,-1,1.0,6350,-1
5310,5309,670,621,621,621,642,5616,965,.,.,-1,1.0,6350,-1
5310,5309,671,622,622,622,642,5652,965,.,.,-1,1.0,6350,-1
5310,5309,672,623,623,623,642,6055,965,.,.,-1,1.0,6350,-1
5310,5309,673,624,624,624,642,6352,965,.,.,-1,1.0,6350,-1
5310,5309,674,625,625,625,642,6578,965,.,.,-1,1.0,6350,-1
5310,5309,675,626,626,626,642,6586,965,.,.,-1,1.0,6350,-1
5310,5309,676,627,627,627,642,6624,965,.,.,-1,2.0,6350,-1
5310,5309,677,628,628,628,642,6706,965,.,.,-1,1.0,6350,-1
5310,5309,678,629,629,629,642,7096,965,.,.,-1,2.0,6350,-1
5310,5309,679,630,630,630,642,7335,965,.,.,-1,1.0,6350,-1
5310,5309,680,631,631,631,642,7451,965,.,.,-1,16.0,6751,-1
5310,5309,681,632,632,632,642,7578,965,.,.,-1,2.0,6350,-1
5310,5309,682,633,633,633,642,7690,965,.,.,-1,1.0,6350,-1
5310,5309,683,634,634,634,642,8087,965,.,.,-1,15.0,6751,-1
5310,5309,684,635,635,635,642,8187,965,.,.,-1,2.0,6350,-1
5310,5309,685,636,636,636,642,8377,965,.,.,-1,2.0,6350,-1
5310,5309,686,637,637,637,642,8445,965,.,.,-1,14.0,6751,-1
5310,5309,687,638,638,638,642,8823,965,.,.,-1,1.0,6350,-1
5310,5309,688,639,639,639,642,8877,965,.,.,-1,2.0,6350,-1
5310,5309,689,640,640,640,642,8999,965,.,.,-1,1.0,6350,-1
5310,5309,690,641,641,641,642,9001,965,.,.,-1,1.0,6350,-1
5310,5309,750,694,694,694,749,272,965,.,.,-1,1.0,6350,-1
5310,5309,751,695,695,695,749,345,965,.,.,-1,1.0,6350,-1
5310,5309,752,696,696,696,749,521,965,.,.,-1,1.0,6350,-1
5310,5309,753,697,697,697,749,911,965,.,.,-1,1.0,6350,-1
5310,5309,754,698,698,698,749,1000,965,.,.,-1,1.0,6350,-1
5310,5309,756,700,700,700,749,1117,965,.,.,-1,3.0,6350,-1
5310,5309,755,699,699,699,749,1035,965,.,.,-1,1.0,6350,-1
5310,5309,757,701,701,701,749,1412,965,.,.,-1,2.0,6350,-1
5310,5309,758,702,702,702,749,1525,965,.,.,-1,2.0,6350,-1
5310,5309,759,703,703,703,749,1579,965,.,.,-1,1.0,6350,-1
5310,5309,760,704,704,704,749,2473,965,.,.,-1,9.0,0,-1
5310,5309,761,705,705,705,749,2475,965,.,.,-1,1.0,6350,-1
5310,5309,762,706,706,706,749,2514,965,.,.,-1,1.0,6350,-1
5310,5309,763,707,707,707,749,2559,965,.,.,-1,1.0,6350,-1
5310,5309,764,708,708,708,749,2766,965,.,.,-1,2.0,6350,-1
5310,5309,765,709,709,709,749,2919,965,.,.,-1,1.0,6350,-1
5310,5309,766,710,710,710,749,3019,965,.,.,-1,10.0,6751,-1
5310,5309,767,711,711,711,749,3080,965,.,.,-1,1.0,6350,-1
5310,5309,768,712,712,712,749,3358,965,.,.,-1,1.0,6350,-1
5310,5309,769,713,713,713,749,3398,965,.,.,-1,2.0,6350,-1
5310,5309,770,714,714,714,749,3449,965,.,.,-1,1.0,6350,-1
5310,5309,771,715,715,715,749,3674,965,.,.,-1,1.0,6350,-1
5310,5309,772,716,716,716,749,4052,965,.,.,-1,1.0,6350,-1
5310,5309,774,718,718,718,749,4368,965,.,.,-1,3.0,6350,-1
5310,5309,773,717,717,717,749,4266,965,.,.,-1,1.0,6350,-1
5310,5309,775,719,719,719,749,4430,965,.,.,-1,1.0,6350,-1
5310,5309,776,720,720,720,749,4492,965,.,.,-1,1.0,6350,-1
5310,5309,777,721,721,721,749,4750,965,.,.,-1,1.0,6350,-1
5310,5309,778,722,722,722,749,4796,965,.,.,-1,1.0,6350,-1
5310,5309,779,723,723,723,749,4804,965,.,.,-1,1.0,6350,-1
5310,5309,780,724,724,724,749,5425,965,.,.,-1,1.0,6350,-1
5310,5309,781,725,725,725,749,5482,965,.,.,-1,8.0,6751,-1
5310,5309,782,726,726,726,749,5582,965,.,.,-1,2.0,6350,-1
5310,5309,783,727,727,727,749,5652,965,.,.,-1,1.0,6350,-1
5310,5309,784,728,728,728,749,5996,965,.,.,-1,1.0,6350,-1
5310,5309,785,729,729,729,749,6055,965,.,.,-1,1.0,6350,-1
5310,5309,786,730,730,730,749,6352,965,.,.,-1,1.0,6350,-1
5310,5309,787,731,731,731,749,6580,965,.,.,-1,1.0,6350,-1
5310,5309,788,732,732,732,749,6586,965,.,.,-1,1.0,6350,-1
5310,5309,789,733,733,733,749,6862,965,.,.,-1,1.0,6350,-1
5310,5309,790,734,734,734,749,6959,965,.,.,-1,1.0,6350,-1
5310,5309,791,735,735,735,749,7297,965,.,.,-1,1.0,6350,-1
5310,5309,792,736,736,736,749,7393,965,.,.,-1,1.0,6350,-1
5310,5309,793,737,737,737,749,7451,965,.,.,-1,9.0,6751,-1
5310,5309,794,738,738,738,749,7812,965,.,.,-1,2.0,6350,-1
5310,5309,795,739,739,739,749,8087,965,.,.,-1,9.0,6751,-1
5310,5309,796,740,740,740,749,8187,965,.,.,-1,2.0,6350,-1
5310,5309,797,741,741,741,749,8445,965,.,.,-1,11.0,6751,-1
5310,5309,798,742,742,742,749,8470,965,.,.,-1,1.0,6350,-1
5310,5309,799,743,743,743,749,8823,965,.,.,-1,1.0,6350,-1
5310,5309,800,744,744,744,749,8877,965,.,.,-1,1.0,6350,-1
5310,5309,801,745,745,745,749,9074,965,.,.,-1,1.0,6350,-1
5310,5309,802,746,746,746,749,9291,965,.,.,-1,1.0,6350,-1
5310,5309,803,747,747,747,749,9293,965,.,.,-1,1.0,6350,-1
5310,5309,804,748,748,748,749,9295,965,.,.,-1,13.0,0,-1
5310,5309,832,806,806,806,831,272,965,.,.,-1,1.0,6350,-1
5310,5309,833,807,807,807,831,1321,965,.,.,-1,1.0,6350,-1
5310,5309,834,808,808,808,831,1412,965,.,.,-1,1.0,6350,-1
5310,5309,835,809,809,809,831,1525,965,.,.,-1,1.0,6350,-1
5310,5309,836,810,810,810,831,2421,965,.,.,-1,1.0,6350,-1
5310,5309,837,811,811,811,831,2559,965,.,.,-1,2.0,6350,-1
5310,5309,838,812,812,812,831,3019,965,.,.,-1,3.0,6751,-1
5310,5309,839,813,813,813,831,3526,965,.,.,-1,1.0,6350,-1
5310,5309,840,814,814,814,831,3750,965,.,.,-1,1.0,6350,-1
5310,5309,841,815,815,815,831,4750,965,.,.,-1,1.0,6350,-1
5310,5309,842,816,816,816,831,4832,965,.,.,-1,1.0,6350,-1
5310,5309,843,817,817,817,831,5181,965,.,.,-1,1.0,6350,-1
5310,5309,844,818,818,818,831,5482,965,.,.,-1,5.0,6751,-1
5310,5309,845,819,819,819,831,5857,965,.,.,-1,1.0,6350,-1
5310,5309,846,820,820,820,831,5946,965,.,.,-1,1.0,6350,-1
5310,5309,847,821,821,821,831,6055,965,.,.,-1,1.0,6350,-1
5310,5309,848,822,822,822,831,6580,965,.,.,-1,1.0,6350,-1
5310,5309,849,823,823,823,831,6586,965,.,.,-1,1.0,6350,-1
5310,5309,850,824,824,824,831,7191,965,.,.,-1,1.0,6350,-1
5310,5309,851,825,825,825,831,7451,965,.,.,-1,5.0,6751,-1
5310,5309,852,826,826,826,831,7732,965,.,.,-1,1.0,6350,-1
5310,5309,853,827,827,827,831,7812,965,.,.,-1,1.0,6350,-1
5310,5309,854,828,828,828,831,8087,965,.,.,-1,6.0,6751,-1
5310,5309,855,829,829,829,831,8445,965,.,.,-1,2.0,6751,-1
5310,5309,856,830,830,830,831,8718,965,.,.,-1,1.0,6350,-1
5310,5309,912,858,858,858,911,32,965,.,.,-1,1.0,6350,-1
5310,5309,913,859,859,859,911,81,965,.,.,-1,1.0,6350,-1
5310,5309,914,860,860,860,911,521,965,.,.,-1,3.0,6350,-1
5310,5309,915,861,861,861,911,1117,965,.,.,-1,1.0,6350,-1
5310,5309,916,862,862,862,911,1245,965,.,.,-1,1.0,6350,-1
5310,5309,917,863,863,863,911,1412,965,.,.,-1,1.0,6350,-1
5310,5309,918,864,864,864,911,1525,965,.,.,-1,1.0,6350,-1
5310,5309,919,865,865,865,911,1581,965,.,.,-1,1.0,6350,-1
5310,5309,920,866,866,866,911,1631,965,.,.,-1,2.0,6350,-1
5310,5309,921,867,867,867,911,2322,965,.,.,-1,1.0,6350,-1
5310,5309,922,868,868,868,911,2473,965,.,.,-1,78.0,0,-1
5310,5309,923,869,869,869,911,2490,965,.,.,-1,2.0,6350,-1
5310,5309,924,870,870,870,911,2559,965,.,.,-1,2.0,6350,-1
5310,5309,925,871,871,871,911,2713,965,.,.,-1,1.0,6350,-1
5310,5309,926,872,872,872,911,3019,965,.,.,-1,14.0,6751,-1
5310,5309,927,873,873,873,911,3045,965,.,.,-1,2.0,6350,-1
5310,5309,928,874,874,874,911,3240,965,.,.,-1,1.0,6350,-1
5310,5309,929,875,875,875,911,3449,965,.,.,-1,1.0,6350,-1
5310,5309,930,876,876,876,911,3528,965,.,.,-1,1.0,6350,-1
5310,5309,931,877,877,877,911,3602,965,.,.,-1,3.0,6350,-1
5310,5309,932,878,878,878,911,4368,965,.,.,-1,1.0,6350,-1
5310,5309,933,879,879,879,911,4802,965,.,.,-1,1.0,6350,-1
5310,5309,934,880,880,880,911,4832,965,.,.,-1,1.0,6350,-1
5310,5309,935,881,881,881,911,4917,965,.,.,-1,1.0,6350,-1
5310,5309,936,882,882,882,911,5181,965,.,.,-1,1.0,6350,-1
5310,5309,937,883,883,883,911,5312,965,.,.,-1,2.0,6350,-1
5310,5309,938,884,884,884,911,5368,965,.,.,-1,1.0,6350,-1
5310,5309,939,885,885,885,911,5482,965,.,.,-1,17.0,6751,-1
5310,5309,940,886,886,886,911,5616,965,.,.,-1,1.0,6350,-1
5310,5309,941,887,887,887,911,5739,965,.,.,-1,2.0,6350,-1
5310,5309,942,888,888,888,911,6154,965,.,.,-1,1.0,6350,-1
5310,5309,943,889,889,889,911,6352,965,.,.,-1,1.0,6350,-1
5310,5309,944,890,890,890,911,6552,965,.,.,-1,1.0,6350,-1
5310,5309,945,891,891,891,911,6584,965,.,.,-1,1.0,6350,-1
5310,5309,946,892,892,892,911,6586,965,.,.,-1,2.0,6350,-1
5310,5309,947,893,893,893,911,6706,965,.,.,-1,1.0,6350,-1
5310,5309,948,894,894,894,911,7096,965,.,.,-1,1.0,6350,-1
5310,5309,949,895,895,895,911,7451,965,.,.,-1,17.0,6751,-1
5310,5309,950,896,896,896,911,7578,965,.,.,-1,1.0,6350,-1
5310,5309,951,897,897,897,911,7690,965,.,.,-1,1.0,6350,-1
5310,5309,952,898,898,898,911,7732,965,.,.,-1,2.0,6350,-1
5310,5309,953,899,899,899,911,7984,965,.,.,-1,2.0,6350,-1
5310,5309,954,900,900,900,911,8087,965,.,.,-1,20.0,6751,-1
5310,5309,955,901,901,901,911,8187,965,.,.,-1,1.0,6350,-1
5310,5309,956,902,902,902,911,8286,965,.,.,-1,5.0,6350,-1
5310,5309,957,903,903,903,911,8445,965,.,.,-1,21.0,6751,-1
5310,5309,958,904,904,904,911,8823,965,.,.,-1,1.0,6350,-1
5310,5309,959,905,905,905,911,8877,965,.,.,-1,3.0,6350,-1
5310,5309,960,906,906,906,911,8938,965,.,.,-1,1.0,6350,-1
5310,5309,961,907,907,907,911,9289,965,.,.,-1,2.0,6350,-1
5310,5309,962,908,908,908,911,9291,965,.,.,-1,1.0,6350,-1
5310,5309,963,909,909,909,911,9293,965,.,.,-1,4.0,6350,-1
5310,5309,964,910,910,910,911,9426,965,.,.,-1,1.0,6350,-1
5310,5309,1001,967,967,967,1000,521,965,.,.,-1,1.0,6350,-1
5310,5309,1002,968,968,968,1000,1117,965,.,.,-1,2.0,6350,-1
5310,5309,1003,969,969,969,1000,1199,965,.,.,-1,1.0,6350,-1
5310,5309,1004,970,970,970,1000,1581,965,.,.,-1,1.0,6350,-1
5310,5309,1005,971,971,971,1000,2421,965,.,.,-1,2.0,6350,-1
5310,5309,1006,972,972,972,1000,2473,965,.,.,-1,12.0,0,-1
5310,5309,1007,973,973,973,1000,2490,965,.,.,-1,1.0,6350,-1
5310,5309,1008,974,974,974,1000,2514,965,.,.,-1,1.0,6350,-1
5310,5309,1009,975,975,975,1000,2995,965,.,.,-1,1.0,6350,-1
5310,5309,1010,976,976,976,1000,3019,965,.,.,-1,6.0,6751,-1
5310,5309,1011,977,977,977,1000,3305,965,.,.,-1,1.0,6350,-1
5310,5309,1012,978,978,978,1000,4317,965,.,.,-1,1.0,6350,-1
5310,5309,1013,979,979,979,1000,4627,965,.,.,-1,1.0,6350,-1
5310,5309,1014,980,980,980,1000,4750,965,.,.,-1,1.0,6350,-1
5310,5309,1015,981,981,981,1000,5181,965,.,.,-1,1.0,6350,-1
5310,5309,1016,982,982,982,1000,5339,965,.,.,-1,1.0,6350,-1
5310,5309,1017,983,983,983,1000,5482,965,.,.,-1,7.0,6751,-1
5310,5309,1018,984,984,984,1000,5532,965,.,.,-1,1.0,6350,-1
5310,5309,1019,985,985,985,1000,5857,965,.,.,-1,1.0,6350,-1
5310,5309,1020,986,986,986,1000,6154,965,.,.,-1,1.0,6350,-1
5310,5309,1021,987,987,987,1000,6550,965,.,.,-1,1.0,6350,-1
5310,5309,1022,988,988,988,1000,6582,965,.,.,-1,1.0,6350,-1
5310,5309,1023,989,989,989,1000,6584,965,.,.,-1,2.0,6350,-1
5310,5309,1024,990,990,990,1000,7096,965,.,.,-1,1.0,6350,-1
5310,5309,1025,991,991,991,1000,7191,965,.,.,-1,2.0,6350,-1
5310,5309,1026,992,992,992,1000,7451,965,.,.,-1,5.0,6751,-1
5310,5309,1027,993,993,993,1000,8087,965,.,.,-1,10.0,6751,-1
5310,5309,1028,994,994,994,1000,8445,965,.,.,-1,8.0,6751,-1
5310,5309,1029,995,995,995,1000,8447,965,.,.,-1,7.0,0,-1
5310,5309,1030,996,996,996,1000,8718,965,.,.,-1,1.0,6350,-1
5310,5309,1031,997,997,997,1000,8823,965,.,.,-1,2.0,6350,-1
5310,5309,1032,998,998,998,1000,9228,965,.,.,-1,1.0,6350,-1
5310,5309,1033,999,999,999,1000,9426,965,.,.,-1,1.0,6350,-1
5310,5309,1118,1037,1037,1037,1117,81,965,.,.,-1,1.0,6350,-1
5310,5309,1119,1038,1038,1038,1117,642,965,.,.,-1,3.0,6350,-1
5310,5309,1120,1039,1039,1039,1117,692,965,.,.,-1,1.0,6350,-1
5310,5309,1121,1040,1040,1040,1117,749,965,.,.,-1,1.0,6350,-1
5310,5309,1122,1041,1041,1041,1117,911,965,.,.,-1,4.0,6350,-1
5310,5309,1123,1042,1042,1042,1117,1000,965,.,.,-1,2.0,6350,-1
5310,5309,1124,1043,1043,1043,1117,1035,965,.,.,-1,1.0,6350,-1
5310,5309,1125,1044,1044,1044,1117,1199,965,.,.,-1,1.0,6350,-1
5310,5309,1126,1045,1045,1045,1117,1412,965,.,.,-1,1.0,6350,-1
5310,5309,1127,1046,1046,1046,1117,1579,965,.,.,-1,2.0,6350,-1
5310,5309,1128,1047,1047,1047,1117,1581,965,.,.,-1,1.0,6350,-1
5310,5309,1129,1048,1048,1048,1117,2221,965,.,.,-1,1.0,6350,-1
5310,5309,1130,1049,1049,1049,1117,2322,965,.,.,-1,1.0,6350,-1
5310,5309,1131,1050,1050,1050,1117,2421,965,.,.,-1,1.0,6350,-1
5310,5309,1132,1051,1051,1051,1117,2473,965,.,.,-1,96.0,0,-1
5310,5309,1133,1052,1052,1052,1117,2475,965,.,.,-1,3.0,6350,-1
5310,5309,1134,1053,1053,1053,1117,2559,965,.,.,-1,1.0,6350,-1
5310,5309,1135,1054,1054,1054,1117,2652,965,.,.,-1,2.0,6350,-1
5310,5309,1136,1055,1055,1055,1117,2713,965,.,.,-1,2.0,6350,-1
5310,5309,1137,1056,1056,1056,1117,2883,965,.,.,-1,1.0,6350,-1
5310,5309,1138,1057,1057,1057,1117,2955,965,.,.,-1,1.0,6350,-1
5310,5309,1139,1058,1058,1058,1117,3019,965,.,.,-1,24.0,6751,-1
5310,5309,1140,1059,1059,1059,1117,3045,965,.,.,-1,1.0,6350,-1
5310,5309,1141,1060,1060,1060,1117,3080,965,.,.,-1,3.0,6350,-1
5310,5309,1142,1061,1061,1061,1117,3149,965,.,.,-1,1.0,6350,-1
5310,5309,1143,1062,1062,1062,1117,3240,965,.,.,-1,2.0,6350,-1
5310,5309,1144,1063,1063,1063,1117,3358,965,.,.,-1,2.0,6350,-1
5310,5309,1145,1064,1064,1064,1117,3398,965,.,.,-1,3.0,6350,-1
5310,5309,1146,1065,1065,1065,1117,3449,965,.,.,-1,2.0,6350,-1
5310,5309,1147,1066,1066,1066,1117,3526,965,.,.,-1,2.0,6350,-1
5310,5309,1148,1067,1067,1067,1117,3528,965,.,.,-1,1.0,6350,-1
5310,5309,1149,1068,1068,1068,1117,3674,965,.,.,-1,1.0,6350,-1
5310,5309,1150,1069,1069,1069,1117,3750,965,.,.,-1,1.0,6350,-1
5310,5309,1151,1070,1070,1070,1117,3919,965,.,.,-1,1.0,6350,-1
5310,5309,1152,1071,1071,1071,1117,4052,965,.,.,-1,1.0,6350,-1
5310,5309,1153,1072,1072,1072,1117,4368,965,.,.,-1,1.0,6350,-1
5310,5309,1154,1073,1073,1073,1117,4492,965,.,.,-1,1.0,6350,-1
5310,5309,1155,1074,1074,1074,1117,4627,965,.,.,-1,3.0,6350,-1
5310,5309,1156,1075,1075,1075,1117,4750,965,.,.,-1,1.0,6350,-1
5310,5309,1157,1076,1076,1076,1117,4800,965,.,.,-1,1.0,6350,-1
5310,5309,1158,1077,1077,1077,1117,4802,965,.,.,-1,1.0,6350,-1
5310,5309,1159,1078,1078,1078,1117,4804,965,.,.,-1,1.0,6350,-1
5310,5309,1160,1079,1079,1079,1117,4832,965,.,.,-1,1.0,6350,-1
5310,5309,1161,1080,1080,1080,1117,4917,965,.,.,-1,1.0,6350,-1
5310,5309,1162,1081,1081,1081,1117,5181,965,.,.,-1,3.0,6350,-1
5310,5309,1163,1082,1082,1082,1117,5234,965,.,.,-1,3.0,6350,-1
5310,5309,1164,1083,1083,1083,1117,5236,965,.,.,-1,3.0,6350,-1
5310,5309,1165,1084,1084,1084,1117,5312,965,.,.,-1,1.0,6350,-1
5310,5309,1166,1085,1085,1085,1117,5339,965,.,.,-1,1.0,6350,-1
5310,5309,1167,1086,1086,1086,1117,5368,965,.,.,-1,1.0,6350,-1
5310,5309,1168,1087,1087,1087,1117,5482,965,.,.,-1,30.0,6751,-1
5310,5309,1169,1088,1088,1088,1117,5532,965,.,.,-1,2.0,6350,-1
5310,5309,1170,1089,1089,1089,1117,5650,965,.,.,-1,2.0,6350,-1
5310,5309,1171,1090,1090,1090,1117,5652,965,.,.,-1,2.0,6350,-1
5310,5309,1172,1091,1091,1091,1117,5739,965,.,.,-1,2.0,6350,-1
5310,5309,1173,1092,1092,1092,1117,5996,965,.,.,-1,1.0,6350,-1
5310,5309,1174,1093,1093,1093,1117,6214,965,.,.,-1,1.0,6350,-1
5310,5309,1175,1094,1094,1094,1117,6352,965,.,.,-1,2.0,6350,-1
5310,5309,1176,1095,1095,1095,1117,6550,965,.,.,-1,2.0,6350,-1
5310,5309,1177,1096,1096,1096,1117,6578,965,.,.,-1,3.0,6350,-1
5310,5309,1178,1097,1097,1097,1117,6580,965,.,.,-1,2.0,6350,-1
5310,5309,1179,1098,1098,1098,1117,6584,965,.,.,-1,1.0,6350,-1
5310,5309,1180,1099,1099,1099,1117,7297,965,.,.,-1,1.0,6350,-1
5310,5309,1181,1100,1100,1100,1117,7335,965,.,.,-1,4.0,6350,-1
5310,5309,1182,1101,1101,1101,1117,7451,965,.,.,-1,36.0,6751,-1
5310,5309,1183,1102,1102,1102,1117,7578,965,.,.,-1,2.0,6350,-1
5310,5309,1184,1103,1103,1103,1117,7753,965,.,.,-1,1.0,6350,-1
5310,5309,1185,1104,1104,1104,1117,8087,965,.,.,-1,35.0,6751,-1
5310,5309,1186,1105,1105,1105,1117,8286,965,.,.,-1,1.0,6350,-1
5310,5309,1187,1106,1106,1106,1117,8377,965,.,.,-1,1.0,6350,-1
5310,5309,1188,1107,1107,1107,1117,8445,965,.,.,-1,33.0,6751,-1
5310,5309,1189,1108,1108,1108,1117,8470,965,.,.,-1,1.0,6350,-1
5310,5309,1190,1109,1109,1109,1117,8823,965,.,.,-1,1.0,6350,-1
5310,5309,1191,1110,1110,1110,1117,8938,965,.,.,-1,2.0,6350,-1
5310,5309,1192,1111,1111,1111,1117,8999,965,.,.,-1,1.0,6350,-1
5310,5309,1193,1112,1112,1112,1117,9074,965,.,.,-1,1.0,6350,-1
5310,5309,1194,1113,1113,1113,1117,9228,965,.,.,-1,3.0,6350,-1
5310,5309,1195,1114,1114,1114,1117,9293,965,.,.,-1,1.0,6350,-1
5310,5309,1196,1115,1115,1115,1117,9351,965,.,.,-1,1.0,6350,-1
5310,5309,1197,1116,1116,1116,1117,9426,965,.,.,-1,1.0,6350,-1
5310,5309,1246,1201,1201,1201,1245,189,965,.,.,-1,1.0,6350,-1
5310,5309,1247,1202,1202,1202,1245,642,965,.,.,-1,2.0,6350,-1
5310,5309,1248,1203,1203,1203,1245,831,965,.,.,-1,1.0,6350,-1
5310,5309,1249,1204,1204,1204,1245,911,965,.,.,-1,1.0,6350,-1
5310,5309,1250,1205,1205,1205,1245,1000,965,.,.,-1,1.0,6350,-1
5310,5309,1251,1206,1206,1206,1245,1117,965,.,.,-1,1.0,6350,-1
5310,5309,1252,1207,1207,1207,1245,2421,965,.,.,-1,2.0,6350,-1
5310,5309,1253,1208,1208,1208,1245,2473,965,.,.,-1,39.0,0,-1
5310,5309,1254,1209,1209,1209,1245,2490,965,.,.,-1,1.0,6350,-1
5310,5309,1255,1210,1210,1210,1245,2766,965,.,.,-1,2.0,6350,-1
5310,5309,1256,1211,1211,1211,1245,2919,965,.,.,-1,1.0,6350,-1
5310,5309,1257,1212,1212,1212,1245,2995,965,.,.,-1,1.0,6350,-1
5310,5309,1258,1213,1213,1213,1245,3019,965,.,.,-1,12.0,6751,-1
5310,5309,1259,1214,1214,1214,1245,3149,965,.,.,-1,1.0,6350,-1
5310,5309,1260,1215,1215,1215,1245,3240,965,.,.,-1,1.0,6350,-1
5310,5309,1261,1216,1216,1216,1245,3750,965,.,.,-1,1.0,6350,-1
5310,5309,1262,1217,1217,1217,1245,3801,965,.,.,-1,1.0,6350,-1
5310,5309,1263,1218,1218,1218,1245,4052,965,.,.,-1,1.0,6350,-1
5310,5309,1264,1219,1219,1219,1245,4201,965,.,.,-1,4.0,6350,-1
5310,5309,1265,1220,1220,1220,1245,4430,965,.,.,-1,2.0,6350,-1
5310,5309,1266,1221,1221,1221,1245,4750,965,.,.,-1,1.0,6350,-1
5310,5309,1267,1222,1222,1222,1245,4804,965,.,.,-1,2.0,6350,-1
5310,5309,1268,1223,1223,1223,1245,5181,965,.,.,-1,1.0,6350,-1
5310,5309,1269,1224,1224,1224,1245,5234,965,.,.,-1,1.0,6350,-1
5310,5309,1270,1225,1225,1225,1245,5312,965,.,.,-1,1.0,6350,-1
5310,5309,1271,1226,1226,1226,1245,5370,965,.,.,-1,1.0,6350,-1
5310,5309,1272,1227,1227,1227,1245,5482,965,.,.,-1,19.0,6751,-1
5310,5309,1273,1228,1228,1228,1245,5582,965,.,.,-1,1.0,6350,-1
5310,5309,1274,1229,1229,1229,1245,5996,965,.,.,-1,1.0,6350,-1
5310,5309,1275,1230,1230,1230,1245,6550,965,.,.,-1,2.0,6350,-1
5310,5309,1276,1231,1231,1231,1245,6580,965,.,.,-1,1.0,6350,-1
5310,5309,1277,1232,1232,1232,1245,6584,965,.,.,-1,2.0,6350,-1
5310,5309,1278,1233,1233,1233,1245,6706,965,.,.,-1,1.0,6350,-1
5310,5309,1279,1234,1234,1234,1245,7191,965,.,.,-1,1.0,6350,-1
5310,5309,1280,1235,1235,1235,1245,7451,965,.,.,-1,18.0,6751,-1
5310,5309,1281,1236,1236,1236,1245,7753,965,.,.,-1,1.0,6350,-1
5310,5309,1282,1237,1237,1237,1245,7984,965,.,.,-1,2.0,6350,-1
5310,5309,1283,1238,1238,1238,1245,8087,965,.,.,-1,18.0,6751,-1
5310,5309,1284,1239,1239,1239,1245,8445,965,.,.,-1,11.0,6751,-1
5310,5309,1285,1240,1240,1240,1245,8627,965,.,.,-1,2.0,6350,-1
5310,5309,1286,1241,1241,1241,1245,8823,965,.,.,-1,1.0,6350,-1
5310,5309,1287,1242,1242,1242,1245,9228,965,.,.,-1,1.0,6350,-1
5310,5309,1288,1243,1243,1243,1245,9287,965,.,.,-1,1.0,6350,-1
5310,5309,1289,1244,1244,1244,1245,9426,965,.,.,-1,2.0,6350,-1
5310,5309,1322,1291,1291,1291,1321,81,965,.,.,-1,1.0,6350,-1
5310,5309,1323,1292,1292,1292,1321,189,965,.,.,-1,1.0,6350,-1
5310,5309,1324,1293,1293,1293,1321,642,965,.,.,-1,1.0,6350,-1
5310,5309,1325,1294,1294,1294,1321,1117,965,.,.,-1,1.0,6350,-1
5310,5309,1326,1295,1295,1295,1321,2473,965,.,.,-1,12.0,0,-1
5310,5309,1327,1296,1296,1296,1321,2652,965,.,.,-1,1.0,6350,-1
5310,5309,1328,1297,1297,1297,1321,2766,965,.,.,-1,1.0,6350,-1
5310,5309,1329,1298,1298,1298,1321,2919,965,.,.,-1,1.0,6350,-1
5310,5309,1330,1299,1299,1299,1321,2995,965,.,.,-1,1.0,6350,-1
5310,5309,1331,1300,1300,1300,1321,3019,965,.,.,-1,6.0,6751,-1
5310,5309,1332,1301,1301,1301,1321,3149,965,.,.,-1,1.0,6350,-1
5310,5309,1333,1302,1302,1302,1321,3358,965,.,.,-1,1.0,6350,-1
5310,5309,1334,1303,1303,1303,1321,3398,965,.,.,-1,1.0,6350,-1
5310,5309,1335,1304,1304,1304,1321,4540,965,.,.,-1,1.0,6350,-1
5310,5309,1336,1305,1305,1305,1321,4804,965,.,.,-1,1.0,6350,-1
5310,5309,1337,1306,1306,1306,1321,5482,965,.,.,-1,8.0,6751,-1
5310,5309,1338,1307,1307,1307,1321,5652,965,.,.,-1,1.0,6350,-1
5310,5309,1339,1308,1308,1308,1321,5739,965,.,.,-1,1.0,6350,-1
5310,5309,1340,1309,1309,1309,1321,5996,965,.,.,-1,1.0,6350,-1
5310,5309,1341,1310,1310,1310,1321,6352,965,.,.,-1,1.0,6350,-1
5310,5309,1342,1311,1311,1311,1321,6706,965,.,.,-1,1.0,6350,-1
5310,5309,1343,1312,1312,1312,1321,7335,965,.,.,-1,1.0,6350,-1
5310,5309,1344,1313,1313,1313,1321,7451,965,.,.,-1,7.0,6751,-1
5310,5309,1345,1314,1314,1314,1321,7578,965,.,.,-1,1.0,6350,-1
5310,5309,1346,1315,1315,1315,1321,7812,965,.,.,-1,1.0,6350,-1
5310,5309,1347,1316,1316,1316,1321,8087,965,.,.,-1,6.0,6751,-1
5310,5309,1348,1317,1317,1317,1321,8445,965,.,.,-1,7.0,6751,-1
5310,5309,1349,1318,1318,1318,1321,8627,965,.,.,-1,1.0,6350,-1
5310,5309,1350,1319,1319,1319,1321,8877,965,.,.,-1,1.0,6350,-1
5310,5309,1351,1320,1320,1320,1321,9295,965,.,.,-1,9.0,0,-1
5310,5309,1413,1353,1353,1353,1412,81,965,.,.,-1,1.0,6350,-1
5310,5309,1414,1354,1354,1354,1412,189,965,.,.,-1,3.0,6350,-1
5310,5309,1415,1355,1355,1355,1412,272,965,.,.,-1,3.0,6350,-1
5310,5309,1416,1356,1356,1356,1412,521,965,.,.,-1,1.0,6350,-1
5310,5309,1417,1357,1357,1357,1412,642,965,.,.,-1,2.0,6350,-1
5310,5309,1418,1358,1358,1358,1412,911,965,.,.,-1,2.0,6350,-1
5310,5309,1419,1359,1359,1359,1412,1000,965,.,.,-1,1.0,6350,-1
5310,5309,1420,1360,1360,1360,1412,1321,965,.,.,-1,1.0,6350,-1
5310,5309,1421,1361,1361,1361,1412,1581,965,.,.,-1,1.0,6350,-1
5310,5309,1422,1362,1362,1362,1412,2322,965,.,.,-1,1.0,6350,-1
5310,5309,1423,1363,1363,1363,1412,2421,965,.,.,-1,1.0,6350,-1
5310,5309,1424,1364,1364,1364,1412,2473,965,.,.,-1,36.0,0,-1
5310,5309,1425,1365,1365,1365,1412,2490,965,.,.,-1,2.0,6350,-1
5310,5309,1426,1366,1366,1366,1412,2559,965,.,.,-1,1.0,6350,-1
5310,5309,1427,1367,1367,1367,1412,2652,965,.,.,-1,1.0,6350,-1
5310,5309,1428,1368,1368,1368,1412,2713,965,.,.,-1,1.0,6350,-1
5310,5309,1429,1369,1369,1369,1412,2849,965,.,.,-1,1.0,6350,-1
5310,5309,1430,1370,1370,1370,1412,2883,965,.,.,-1,1.0,6350,-1
5310,5309,1431,1371,1371,1371,1412,2919,965,.,.,-1,1.0,6350,-1
5310,5309,1432,1372,1372,1372,1412,3019,965,.,.,-1,23.0,6751,-1
5310,5309,1433,1373,1373,1373,1412,3080,965,.,.,-1,1.0,6350,-1
5310,5309,1434,1374,1374,1374,1412,3082,965,.,.,-1,1.0,6350,-1
5310,5309,1435,1375,1375,1375,1412,3266,965,.,.,-1,1.0,6350,-1
5310,5309,1436,1376,1376,1376,1412,3305,965,.,.,-1,1.0,6350,-1
5310,5309,1437,1377,1377,1377,1412,3398,965,.,.,-1,1.0,6350,-1
5310,5309,1438,1378,1378,1378,1412,3526,965,.,.,-1,1.0,6350,-1
5310,5309,1439,1379,1379,1379,1412,3674,965,.,.,-1,2.0,6350,-1
5310,5309,1440,1380,1380,1380,1412,3702,965,.,.,-1,2.0,6350,-1
5310,5309,1441,1381,1381,1381,1412,3750,965,.,.,-1,1.0,6350,-1
5310,5309,1442,1382,1382,1382,1412,4052,965,.,.,-1,2.0,6350,-1
5310,5309,1443,1383,1383,1383,1412,4627,965,.,.,-1,1.0,6350,-1
5310,5309,1444,1384,1384,1384,1412,4796,965,.,.,-1,2.0,6350,-1
5310,5309,1445,1385,1385,1385,1412,4804,965,.,.,-1,1.0,6350,-1
5310,5309,1446,1386,1386,1386,1412,5061,965,.,.,-1,3.0,6350,-1
5310,5309,1447,1387,1387,1387,1412,5368,965,.,.,-1,2.0,6350,-1
5310,5309,1448,1388,1388,1388,1412,5482,965,.,.,-1,28.0,6751,-1
5310,5309,1449,1389,1389,1389,1412,5532,965,.,.,-1,2.0,6350,-1
5310,5309,1451,1391,1391,1391,1412,5650,965,.,.,-1,2.0,6350,-1
5310,5309,1450,1390,1390,1390,1412,5582,965,.,.,-1,1.0,6350,-1
5310,5309,1452,1392,1392,1392,1412,5652,965,.,.,-1,1.0,6350,-1
5310,5309,1453,1393,1393,1393,1412,5739,965,.,.,-1,1.0,6350,-1
5310,5309,1454,1394,1394,1394,1412,5857,965,.,.,-1,2.0,6350,-1
5310,5309,1455,1395,1395,1395,1412,5996,965,.,.,-1,1.0,6350,-1
5310,5309,1456,1396,1396,1396,1412,6154,965,.,.,-1,2.0,6350,-1
5310,5309,1457,1397,1397,1397,1412,7191,965,.,.,-1,2.0,6350,-1
5310,5309,1458,1398,1398,1398,1412,7393,965,.,.,-1,1.0,6350,-1
5310,5309,1459,1399,1399,1399,1412,7451,965,.,.,-1,30.0,6751,-1
5310,5309,1460,1400,1400,1400,1412,7690,965,.,.,-1,1.0,6350,-1
5310,5309,1461,1401,1401,1401,1412,8087,965,.,.,-1,27.0,6751,-1
5310,5309,1462,1402,1402,1402,1412,8445,965,.,.,-1,31.0,6751,-1
5310,5309,1463,1403,1403,1403,1412,8447,965,.,.,-1,42.0,0,-1
5310,5309,1464,1404,1404,1404,1412,8510,965,.,.,-1,1.0,6350,-1
5310,5309,1465,1405,1405,1405,1412,8938,965,.,.,-1,3.0,6350,-1
5310,5309,1466,1406,1406,1406,1412,8999,965,.,.,-1,1.0,6350,-1
5310,5309,1467,1407,1407,1407,1412,9001,965,.,.,-1,1.0,6350,-1
5310,5309,1468,1408,1408,1408,1412,9228,965,.,.,-1,2.0,6350,-1
5310,5309,1469,1409,1409,1409,1412,9291,965,.,.,-1,1.0,6350,-1
5310,5309,1470,1410,1410,1410,1412,9293,965,.,.,-1,2.0,6350,-1
5310,5309,1471,1411,1411,1411,1412,9351,965,.,.,-1,1.0,6350,-1
5310,5309,1526,1473,1473,1473,1525,189,965,.,.,-1,1.0,6350,-1
5310,5309,1527,1474,1474,1474,1525,272,965,.,.,-1,1.0,6350,-1
5310,5309,1528,1475,1475,1475,1525,521,965,.,.,-1,1.0,6350,-1
5310,5309,1529,1476,1476,1476,1525,692,965,.,.,-1,2.0,6350,-1
5310,5309,1530,1477,1477,1477,1525,831,965,.,.,-1,2.0,6350,-1
5310,5309,1531,1478,1478,1478,1525,1245,965,.,.,-1,1.0,6350,-1
5310,5309,1532,1479,1479,1479,1525,1412,965,.,.,-1,3.0,6350,-1
5310,5309,1533,1480,1480,1480,1525,2490,965,.,.,-1,1.0,6350,-1
5310,5309,1534,1481,1481,1481,1525,2652,965,.,.,-1,1.0,6350,-1
5310,5309,1535,1482,1482,1482,1525,2713,965,.,.,-1,2.0,6350,-1
5310,5309,1536,1483,1483,1483,1525,2766,965,.,.,-1,1.0,6350,-1
5310,5309,1537,1484,1484,1484,1525,2849,965,.,.,-1,1.0,6350,-1
5310,5309,1538,1485,1485,1485,1525,3019,965,.,.,-1,19.0,6751,-1
5310,5309,1539,1486,1486,1486,1525,3080,965,.,.,-1,1.0,6350,-1
5310,5309,1540,1487,1487,1487,1525,3149,965,.,.,-1,3.0,6350,-1
5310,5309,1541,1488,1488,1488,1525,3240,965,.,.,-1,1.0,6350,-1
5310,5309,1542,1489,1489,1489,1525,3358,965,.,.,-1,1.0,6350,-1
5310,5309,1543,1490,1490,1490,1525,3526,965,.,.,-1,1.0,6350,-1
5310,5309,1544,1491,1491,1491,1525,4052,965,.,.,-1,1.0,6350,-1
5310,5309,1545,1492,1492,1492,1525,4201,965,.,.,-1,1.0,6350,-1
5310,5309,1546,1493,1493,1493,1525,4266,965,.,.,-1,1.0,6350,-1
5310,5309,1547,1494,1494,1494,1525,4750,965,.,.,-1,1.0,6350,-1
5310,5309,1548,1495,1495,1495,1525,4796,965,.,.,-1,2.0,6350,-1
5310,5309,1549,1496,1496,1496,1525,4802,965,.,.,-1,1.0,6350,-1
5310,5309,1550,1497,1497,1497,1525,4804,965,.,.,-1,1.0,6350,-1
5310,5309,1551,1498,1498,1498,1525,5061,965,.,.,-1,1.0,6350,-1
5310,5309,1552,1499,1499,1499,1525,5368,965,.,.,-1,1.0,6350,-1
5310,5309,1553,1500,1500,1500,1525,5370,965,.,.,-1,2.0,6350,-1
5310,5309,1554,1501,1501,1501,1525,5482,965,.,.,-1,20.0,6751,-1
5310,5309,1555,1502,1502,1502,1525,5532,965,.,.,-1,1.0,6350,-1
5310,5309,1556,1503,1503,1503,1525,5582,965,.,.,-1,1.0,6350,-1
5310,5309,1557,1504,1504,1504,1525,5739,965,.,.,-1,1.0,6350,-1
5310,5309,1558,1505,1505,1505,1525,5946,965,.,.,-1,1.0,6350,-1
5310,5309,1559,1506,1506,1506,1525,6352,965,.,.,-1,1.0,6350,-1
5310,5309,1560,1507,1507,1507,1525,6578,965,.,.,-1,1.0,6350,-1
5310,5309,1561,1508,1508,1508,1525,6582,965,.,.,-1,1.0,6350,-1
5310,5309,1562,1509,1509,1509,1525,6584,965,.,.,-1,1.0,6350,-1
5310,5309,1563,1510,1510,1510,1525,6624,965,.,.,-1,1.0,6350,-1
5310,5309,1564,1511,1511,1511,1525,6706,965,.,.,-1,1.0,6350,-1
5310,5309,1565,1512,1512,1512,1525,6862,965,.,.,-1,1.0,6350,-1
5310,5309,1566,1513,1513,1513,1525,7096,965,.,.,-1,2.0,6350,-1
5310,5309,1567,1514,1514,1514,1525,7393,965,.,.,-1,1.0,6350,-1
5310,5309,1568,1515,1515,1515,1525,7451,965,.,.,-1,18.0,6751,-1
5310,5309,1569,1516,1516,1516,1525,7753,965,.,.,-1,1.0,6350,-1
5310,5309,1570,1517,1517,1517,1525,8087,965,.,.,-1,22.0,6751,-1
5310,5309,1571,1518,1518,1518,1525,8187,965,.,.,-1,1.0,6350,-1
5310,5309,1572,1519,1519,1519,1525,8377,965,.,.,-1,1.0,6350,-1
5310,5309,1573,1520,1520,1520,1525,8445,965,.,.,-1,16.0,6751,-1
5310,5309,1574,1521,1521,1521,1525,8718,965,.,.,-1,1.0,6350,-1
5310,5309,1575,1522,1522,1522,1525,8823,965,.,.,-1,1.0,6350,-1
5310,5309,1576,1523,1523,1523,1525,8999,965,.,.,-1,2.0,6350,-1
5310,5309,1577,1524,1524,1524,1525,9291,965,.,.,-1,1.0,6350,-1
5310,5309,1632,1583,1583,1583,1631,189,965,.,.,-1,1.0,6350,-1
5310,5309,1633,1584,1584,1584,1631,831,965,.,.,-1,1.0,6350,-1
5310,5309,1634,1585,1585,1585,1631,911,965,.,.,-1,1.0,6350,-1
5310,5309,1635,1586,1586,1586,1631,2322,965,.,.,-1,2.0,6350,-1
5310,5309,1636,1587,1587,1587,1631,2473,965,.,.,-1,26.0,0,-1
5310,5309,1637,1588,1588,1588,1631,2475,965,.,.,-1,2.0,6350,-1
5310,5309,1638,1589,1589,1589,1631,2490,965,.,.,-1,1.0,6350,-1
5310,5309,1639,1590,1590,1590,1631,2849,965,.,.,-1,1.0,6350,-1
5310,5309,1640,1591,1591,1591,1631,2919,965,.,.,-1,2.0,6350,-1
5310,5309,1641,1592,1592,1592,1631,3019,965,.,.,-1,15.0,6751,-1
5310,5309,1642,1593,1593,1593,1631,3045,965,.,.,-1,1.0,6350,-1
5310,5309,1643,1594,1594,1594,1631,3082,965,.,.,-1,1.0,6350,-1
5310,5309,1644,1595,1595,1595,1631,3149,965,.,.,-1,1.0,6350,-1
5310,5309,1645,1596,1596,1596,1631,3305,965,.,.,-1,1.0,6350,-1
5310,5309,1646,1597,1597,1597,1631,4052,965,.,.,-1,1.0,6350,-1
5310,5309,1647,1598,1598,1598,1631,4201,965,.,.,-1,1.0,6350,-1
5310,5309,1648,1599,1599,1599,1631,4317,965,.,.,-1,2.0,6350,-1
5310,5309,1649,1600,1600,1600,1631,4430,965,.,.,-1,1.0,6350,-1
5310,5309,1650,1601,1601,1601,1631,4540,965,.,.,-1,1.0,6350,-1
5310,5309,1651,1602,1602,1602,1631,4800,965,.,.,-1,1.0,6350,-1
5310,5309,1652,1603,1603,1603,1631,4804,965,.,.,-1,2.0,6350,-1
5310,5309,1653,1604,1604,1604,1631,5061,965,.,.,-1,1.0,6350,-1
5310,5309,1654,1605,1605,1605,1631,5425,965,.,.,-1,1.0,6350,-1
5310,5309,1655,1606,1606,1606,1631,5482,965,.,.,-1,13.0,6751,-1
5310,5309,1658,1609,1609,1609,1631,5650,965,.,.,-1,1.0,6350,-1
5310,5309,1656,1607,1607,1607,1631,5582,965,.,.,-1,1.0,6350,-1
5310,5309,1657,1608,1608,1608,1631,5616,965,.,.,-1,2.0,6350,-1
5310,5309,1659,1610,1610,1610,1631,5739,965,.,.,-1,1.0,6350,-1
5310,5309,1660,1611,1611,1611,1631,5857,965,.,.,-1,1.0,6350,-1
5310,5309,1661,1612,1612,1612,1631,5946,965,.,.,-1,1.0,6350,-1
5310,5309,1662,1613,1613,1613,1631,6582,965,.,.,-1,1.0,6350,-1
5310,5309,1663,1614,1614,1614,1631,6624,965,.,.,-1,1.0,6350,-1
5310,5309,1664,1615,1615,1615,1631,6706,965,.,.,-1,1.0,6350,-1
5310,5309,1665,1616,1616,1616,1631,7451,965,.,.,-1,19.0,6751,-1
5310,5309,1667,1618,1618,1618,1631,7753,965,.,.,-1,2.0,6350,-1
5310,5309,1666,1617,1617,1617,1631,7732,965,.,.,-1,2.0,6350,-1
5310,5309,1668,1619,1619,1619,1631,7812,965,.,.,-1,1.0,6350,-1
5310,5309,1669,1620,1620,1620,1631,7984,965,.,.,-1,2.0,6350,-1
5310,5309,1670,1621,1621,1621,1631,8087,965,.,.,-1,18.0,6751,-1
5310,5309,1671,1622,1622,1622,1631,8377,965,.,.,-1,1.0,6350,-1
5310,5309,1672,1623,1623,1623,1631,8445,965,.,.,-1,19.0,6751,-1
5310,5309,1673,1624,1624,1624,1631,8447,965,.,.,-1,10.0,0,-1
5310,5309,1674,1625,1625,1625,1631,8627,965,.,.,-1,1.0,6350,-1
5310,5309,1675,1626,1626,1626,1631,8823,965,.,.,-1,1.0,6350,-1
5310,5309,1676,1627,1627,1627,1631,8999,965,.,.,-1,2.0,6350,-1
5310,5309,1677,1628,1628,1628,1631,9001,965,.,.,-1,1.0,6350,-1
5310,5309,1678,1629,1629,1629,1631,9074,965,.,.,-1,1.0,6350,-1
5310,5309,1679,1630,1630,1630,1631,9228,965,.,.,-1,1.0,6350,-1
5310,5309,1725,1681,1681,1681,1724,23,965,.,.,-1,4.0,6347,-1
5310,5309,1726,1682,1682,1682,1724,81,965,.,.,-1,4.0,6751,-1
5310,5309,1727,1683,1683,1683,1724,189,965,.,.,-1,4.0,6751,-1
5310,5309,1728,1684,1684,1684,1724,425,965,.,.,-1,11.0,6347,-1
5310,5309,1729,1685,1685,1685,1724,642,965,.,.,-1,5.0,6751,-1
5310,5309,1730,1686,1686,1686,1724,831,965,.,.,-1,1.0,6751,-1
5310,5309,1731,1687,1687,1687,1724,1117,965,.,.,-1,4.0,6751,-1
5310,5309,1732,1688,1688,1688,1724,1525,965,.,.,-1,2.0,6751,-1
5310,5309,1733,1689,1689,1689,1724,2221,965,.,.,-1,4.0,6751,-1
5310,5309,1734,1690,1690,1690,1724,2490,965,.,.,-1,3.0,6751,-1
5310,5309,1735,1691,1691,1691,1724,2514,965,.,.,-1,18.0,6347,-1
5310,5309,1736,1692,1692,1692,1724,2766,965,.,.,-1,1.0,6751,-1
5310,5309,1737,1693,1693,1693,1724,2966,965,.,.,-1,9.0,6347,-1
5310,5309,1738,1694,1694,1694,1724,3149,965,.,.,-1,4.0,6751,-1
5310,5309,1739,1695,1695,1695,1724,3305,965,.,.,-1,5.0,6751,-1
5310,5309,1740,1696,1696,1696,1724,3350,965,.,.,-1,6.0,6347,-1
5310,5309,1741,1697,1697,1697,1724,3449,965,.,.,-1,2.0,6751,-1
5310,5309,1742,1698,1698,1698,1724,3493,965,.,.,-1,2.0,6751,-1
5310,5309,1743,1699,1699,1699,1724,3801,965,.,.,-1,1.0,6751,-1
5310,5309,1744,1700,1700,1700,1724,4052,965,.,.,-1,2.0,6751,-1
5310,5309,1745,1701,1701,1701,1724,4430,965,.,.,-1,3.0,6751,-1
5310,5309,1746,1702,1702,1702,1724,4503,965,.,.,-1,10.0,6347,-1
5310,5309,1747,1703,1703,1703,1724,4540,965,.,.,-1,2.0,6751,-1
5310,5309,1748,1704,1704,1704,1724,4750,965,.,.,-1,2.0,6751,-1
5310,5309,1749,1705,1705,1705,1724,4917,965,.,.,-1,3.0,6751,-1
5310,5309,1750,1706,1706,1706,1724,5339,965,.,.,-1,1.0,6751,-1
5310,5309,1751,1707,1707,1707,1724,5665,965,.,.,-1,26.0,6347,-1
5310,5309,1752,1708,1708,1708,1724,5739,965,.,.,-1,2.0,6751,-1
5310,5309,1753,1709,1709,1709,1724,5857,965,.,.,-1,6.0,6751,-1
5310,5309,1754,1710,1710,1710,1724,5996,965,.,.,-1,3.0,6751,-1
5310,5309,1755,1711,1711,1711,1724,6269,965,.,.,-1,12.0,0,-1
5310,5309,1756,1712,1712,1712,1724,6480,965,.,.,-1,11.0,6347,-1
5310,5309,1757,1713,1713,1713,1724,6706,965,.,.,-1,3.0,6751,-1
5310,5309,1758,1714,1714,1714,1724,6862,965,.,.,-1,1.0,6751,-1
5310,5309,1759,1715,1715,1715,1724,7036,965,.,.,-1,9.0,6347,-1
5310,5309,1760,1716,1716,1716,1724,7654,965,.,.,-1,33.0,6347,-1
5310,5309,1761,1717,1717,1717,1724,7732,965,.,.,-1,3.0,6751,-1
5310,5309,1762,1718,1718,1718,1724,7880,965,.,.,-1,6.0,6347,-1
5310,5309,1763,1719,1719,1719,1724,8187,965,.,.,-1,2.0,6751,-1
5310,5309,1764,1720,1720,1720,1724,8510,965,.,.,-1,3.0,6751,-1
5310,5309,1765,1721,1721,1721,1724,8564,965,.,.,-1,12.0,6347,-1
5310,5309,1766,1722,1722,1722,1724,8627,965,.,.,-1,1.0,6751,-1
5310,5309,1767,1723,1723,1723,1724,8660,965,.,.,-1,3.0,6347,-1
5310,5309,1808,1769,1769,1769,1807,81,965,.,.,-1,4.0,6751,-1
5310,5309,1809,1770,1770,1770,1807,642,965,.,.,-1,5.0,6751,-1
5310,5309,1810,1771,1771,1771,1807,831,965,.,.,-1,1.0,6751,-1
5310,5309,1811,1772,1772,1772,1807,911,965,.,.,-1,3.0,6751,-1
5310,5309,1812,1773,1773,1773,1807,1412,965,.,.,-1,3.0,6751,-1
5310,5309,1813,1774,1774,1774,1807,1525,965,.,.,-1,2.0,6751,-1
5310,5309,1814,1775,1775,1775,1807,2421,965,.,.,-1,4.0,6751,-1
5310,5309,1815,1776,1776,1776,1807,2919,965,.,.,-1,4.0,6751,-1
5310,5309,1816,1777,1777,1777,1807,2984,965,.,.,-1,22.0,6347,-1
5310,5309,1817,1778,1778,1778,1807,3449,965,.,.,-1,2.0,6751,-1
5310,5309,1818,1779,1779,1779,1807,3739,965,.,.,-1,11.0,6347,-1
5310,5309,1819,1780,1780,1780,1807,4127,965,.,.,-1,12.0,6347,-1
5310,5309,1820,1781,1781,1781,1807,4503,965,.,.,-1,15.0,6347,-1
5310,5309,1821,1782,1782,1782,1807,4627,965,.,.,-1,6.0,6751,-1
5310,5309,1822,1783,1783,1783,1807,4696,965,.,.,-1,3.0,6347,-1
5310,5309,1823,1784,1784,1784,1807,4832,965,.,.,-1,2.0,6751,-1
5310,5309,1824,1785,1785,1785,1807,5061,965,.,.,-1,2.0,6751,-1
5310,5309,1825,1786,1786,1786,1807,5122,965,.,.,-1,12.0,6347,-1
5310,5309,1826,1787,1787,1787,1807,5616,965,.,.,-1,1.0,6751,-1
5310,5309,1827,1788,1788,1788,1807,5739,965,.,.,-1,2.0,6751,-1
5310,5309,1828,1789,1789,1789,1807,5946,965,.,.,-1,2.0,6751,-1
5310,5309,1829,1790,1790,1790,1807,5996,965,.,.,-1,3.0,6751,-1
5310,5309,1830,1791,1791,1791,1807,6154,965,.,.,-1,16.0,0,-1
5310,5309,1831,1792,1792,1792,1807,6312,965,.,.,-1,9.0,6347,-1
5310,5309,1832,1793,1793,1793,1807,6706,965,.,.,-1,3.0,6751,-1
5310,5309,1833,1794,1794,1794,1807,6780,965,.,.,-1,7.0,6347,-1
5310,5309,1834,1795,1795,1795,1807,7036,965,.,.,-1,18.0,6347,-1
5310,5309,1835,1796,1796,1796,1807,7191,965,.,.,-1,1.0,6751,-1
5310,5309,1836,1797,1797,1797,1807,7460,965,.,.,-1,8.0,6347,-1
5310,5309,1837,1798,1798,1798,1807,7690,965,.,.,-1,1.0,6751,-1
5310,5309,1838,1799,1799,1799,1807,7896,965,.,.,-1,3.0,6751,-1
5310,5309,1839,1800,1800,1800,1807,7984,965,.,.,-1,4.0,6751,-1
5310,5309,1840,1801,1801,1801,1807,8052,965,.,.,-1,12.0,6347,-1
5310,5309,1841,1802,1802,1802,1807,8100,965,.,.,-1,23.0,6347,-1
5310,5309,1842,1803,1803,1803,1807,8286,965,.,.,-1,3.0,6751,-1
5310,5309,1843,1804,1804,1804,1807,8938,965,.,.,-1,2.0,6751,-1
5310,5309,1844,1805,1805,1805,1807,9074,965,.,.,-1,3.0,6751,-1
5310,5309,1845,1806,1806,1806,1807,9351,965,.,.,-1,3.0,6751,-1
5310,5309,1880,1847,1847,1847,1879,8,965,.,.,-1,4.0,6347,-1
5310,5309,1881,1848,1848,1848,1879,189,965,.,.,-1,4.0,6751,-1
5310,5309,1882,1849,1849,1849,1879,425,965,.,.,-1,9.0,6347,-1
5310,5309,1883,1850,1850,1850,1879,749,965,.,.,-1,1.0,6751,-1
5310,5309,1884,1851,1851,1851,1879,1321,965,.,.,-1,3.0,6751,-1
5310,5309,1885,1852,1852,1852,1879,2221,965,.,.,-1,4.0,6751,-1
5310,5309,1886,1853,1853,1853,1879,2652,965,.,.,-1,4.0,6751,-1
5310,5309,1887,1854,1854,1854,1879,2966,965,.,.,-1,6.0,6347,-1
5310,5309,1888,1855,1855,1855,1879,2984,965,.,.,-1,38.0,6347,-1
5310,5309,1889,1856,1856,1856,1879,3007,965,.,.,-1,12.0,6347,-1
5310,5309,1890,1857,1857,1857,1879,3398,965,.,.,-1,2.0,6751,-1
5310,5309,1891,1858,1858,1858,1879,3493,965,.,.,-1,2.0,6751,-1
5310,5309,1892,1859,1859,1859,1879,3602,965,.,.,-1,4.0,6751,-1
5310,5309,1893,1860,1860,1860,1879,4832,965,.,.,-1,2.0,6751,-1
5310,5309,1894,1861,1861,1861,1879,5061,965,.,.,-1,2.0,6751,-1
5310,5309,1895,1862,1862,1862,1879,5532,965,.,.,-1,1.0,6751,-1
5310,5309,1896,1863,1863,1863,1879,5665,965,.,.,-1,12.0,6347,-1
5310,5309,1897,1864,1864,1864,1879,6055,965,.,.,-1,3.0,6751,-1
5310,5309,1898,1865,1865,1865,1879,6366,965,.,.,-1,6.0,6347,-1
5310,5309,1899,1866,1866,1866,1879,6454,965,.,.,-1,24.0,6347,-1
5310,5309,1900,1867,1867,1867,1879,6480,965,.,.,-1,5.0,6347,-1
5310,5309,1901,1868,1868,1868,1879,7058,965,.,.,-1,22.0,6347,-1
5310,5309,1902,1869,1869,1869,1879,7578,965,.,.,-1,3.0,6751,-1
5310,5309,1903,1870,1870,1870,1879,7812,965,.,.,-1,1.0,6751,-1
5310,5309,1904,1871,1871,1871,1879,8052,965,.,.,-1,26.0,6347,-1
5310,5309,1905,1872,1872,1872,1879,8377,965,.,.,-1,5.0,6751,-1
5310,5309,1906,1873,1873,1873,1879,8510,965,.,.,-1,3.0,6751,-1
5310,5309,1907,1874,1874,1874,1879,8660,965,.,.,-1,5.0,6347,-1
5310,5309,1908,1875,1875,1875,1879,8718,965,.,.,-1,5.0,6751,-1
5310,5309,1909,1876,1876,1876,1879,9074,965,.,.,-1,3.0,6751,-1
5310,5309,1910,1877,1877,1877,1879,9158,965,.,.,-1,18.0,6347,-1
5310,5309,1911,1878,1878,1878,1879,9426,965,.,.,-1,2.0,6751,-1
5310,5309,1959,1913,1913,1913,1958,260,965,.,.,-1,13.0,6347,-1
5310,5309,1960,1914,1914,1914,1958,749,965,.,.,-1,1.0,6751,-1
5310,5309,1961,1915,1915,1915,1958,911,965,.,.,-1,3.0,6751,-1
5310,5309,1962,1916,1916,1916,1958,1000,965,.,.,-1,2.0,6751,-1
5310,5309,1963,1917,1917,1917,1958,1117,965,.,.,-1,4.0,6751,-1
5310,5309,1964,1918,1918,1918,1958,1245,965,.,.,-1,2.0,6751,-1
5310,5309,1965,1919,1919,1919,1958,1321,965,.,.,-1,3.0,6751,-1
5310,5309,1966,1920,1920,1920,1958,1631,965,.,.,-1,2.0,6751,-1
5310,5309,1967,1921,1921,1921,1958,2322,965,.,.,-1,2.0,6751,-1
5310,5309,1968,1922,1922,1922,1958,2421,965,.,.,-1,4.0,6751,-1
5310,5309,1969,1923,1923,1923,1958,2559,965,.,.,-1,3.0,6751,-1
5310,5309,1970,1924,1924,1924,1958,2766,965,.,.,-1,1.0,6751,-1
5310,5309,1971,1925,1925,1925,1958,2849,965,.,.,-1,2.0,6751,-1
5310,5309,1972,1926,1926,1926,1958,3149,965,.,.,-1,4.0,6751,-1
5310,5309,1973,1927,1927,1927,1958,3702,965,.,.,-1,4.0,6751,-1
5310,5309,1974,1928,1928,1928,1958,4317,965,.,.,-1,4.0,6751,-1
5310,5309,1975,1929,1929,1929,1958,4750,965,.,.,-1,2.0,6751,-1
5310,5309,1976,1930,1930,1930,1958,4985,965,.,.,-1,12.0,6347,-1
5310,5309,1977,1931,1931,1931,1958,5001,965,.,.,-1,8.0,6347,-1
5310,5309,1978,1932,1932,1932,1958,5181,965,.,.,-1,4.0,6751,-1
5310,5309,1979,1933,1933,1933,1958,5339,965,.,.,-1,1.0,6751,-1
5310,5309,1980,1934,1934,1934,1958,5425,965,.,.,-1,5.0,6751,-1
5310,5309,1981,1935,1935,1935,1958,6154,965,.,.,-1,29.0,0,-1
5310,5309,1982,1936,1936,1936,1958,6312,965,.,.,-1,15.0,6347,-1
5310,5309,1983,1937,1937,1937,1958,6366,965,.,.,-1,14.0,6347,-1
5310,5309,1984,1938,1938,1938,1958,6409,965,.,.,-1,22.0,0,-1
5310,5309,1985,1939,1939,1939,1958,6522,965,.,.,-1,3.0,6751,-1
5310,5309,1986,1940,1940,1940,1958,6563,965,.,.,-1,22.0,6347,-1
5310,5309,1987,1941,1941,1941,1958,6624,965,.,.,-1,4.0,6751,-1
5310,5309,1988,1942,1942,1942,1958,6780,965,.,.,-1,13.0,6347,-1
5310,5309,1989,1943,1943,1943,1958,6959,965,.,.,-1,12.0,0,-1
5310,5309,1990,1944,1944,1944,1958,7058,965,.,.,-1,45.0,6347,-1
5310,5309,1991,1945,1945,1945,1958,7297,965,.,.,-1,5.0,6751,-1
5310,5309,1992,1946,1946,1946,1958,7460,965,.,.,-1,6.0,6347,-1
5310,5309,1993,1947,1947,1947,1958,7578,965,.,.,-1,3.0,6751,-1
5310,5309,1994,1948,1948,1948,1958,7812,965,.,.,-1,1.0,6751,-1
5310,5309,1995,1949,1949,1949,1958,7914,965,.,.,-1,19.0,6347,-1
5310,5309,1996,1950,1950,1950,1958,8187,965,.,.,-1,2.0,6751,-1
5310,5309,1997,1951,1951,1951,1958,8286,965,.,.,-1,3.0,6751,-1
5310,5309,1998,1952,1952,1952,1958,8470,965,.,.,-1,2.0,6751,-1
5310,5309,1999,1953,1953,1953,1958,8627,965,.,.,-1,1.0,6751,-1
5310,5309,2000,1954,1954,1954,1958,8718,965,.,.,-1,5.0,6751,-1
5310,5309,2001,1955,1955,1955,1958,8823,965,.,.,-1,1.0,6751,-1
5310,5309,2002,1956,1956,1956,1958,9228,965,.,.,-1,18.0,0,-1
5310,5309,2003,1957,1957,1957,1958,9351,965,.,.,-1,3.0,6751,-1
5310,5309,2039,2005,2005,2005,2038,345,965,.,.,-1,3.0,6751,-1
5310,5309,2040,2006,2006,2006,2038,441,965,.,.,-1,3.0,6347,-1
5310,5309,2041,2007,2007,2007,2038,521,965,.,.,-1,3.0,6751,-1
5310,5309,2042,2008,2008,2008,2038,1245,965,.,.,-1,2.0,6751,-1
5310,5309,2043,2009,2009,2009,2038,2322,965,.,.,-1,2.0,6751,-1
5310,5309,2044,2010,2010,2010,2038,2559,965,.,.,-1,3.0,6751,-1
5310,5309,2045,2011,2011,2011,2038,2919,965,.,.,-1,4.0,6751,-1
5310,5309,2046,2012,2012,2012,2038,3350,965,.,.,-1,3.0,6347,-1
5310,5309,2047,2013,2013,2013,2038,3602,965,.,.,-1,4.0,6751,-1
5310,5309,2048,2014,2014,2014,2038,3739,965,.,.,-1,6.0,6347,-1
5310,5309,2049,2015,2015,2015,2038,3801,965,.,.,-1,1.0,6751,-1
5310,5309,2050,2016,2016,2016,2038,4201,965,.,.,-1,5.0,6751,-1
5310,5309,2051,2017,2017,2017,2038,5001,965,.,.,-1,3.0,6347,-1
5310,5309,2052,2018,2018,2018,2038,5122,965,.,.,-1,18.0,6347,-1
5310,5309,2053,2019,2019,2019,2038,5181,965,.,.,-1,4.0,6751,-1
5310,5309,2054,2020,2020,2020,2038,5425,965,.,.,-1,5.0,6751,-1
5310,5309,2055,2021,2021,2021,2038,5532,965,.,.,-1,1.0,6751,-1
5310,5309,2056,2022,2022,2022,2038,5857,965,.,.,-1,6.0,6751,-1
5310,5309,2057,2023,2023,2023,2038,5946,965,.,.,-1,2.0,6751,-1
5310,5309,2058,2024,2024,2024,2038,6055,965,.,.,-1,3.0,6751,-1
5310,5309,2059,2025,2025,2025,2038,6269,965,.,.,-1,8.0,0,-1
5310,5309,2060,2026,2026,2026,2038,6409,965,.,.,-1,12.0,0,-1
5310,5309,2061,2027,2027,2027,2038,6454,965,.,.,-1,39.0,6347,-1
5310,5309,2062,2028,2028,2028,2038,6862,965,.,.,-1,1.0,6751,-1
5310,5309,2063,2029,2029,2029,2038,7096,965,.,.,-1,3.0,6751,-1
5310,5309,2064,2030,2030,2030,2038,7297,965,.,.,-1,5.0,6751,-1
5310,5309,2065,2031,2031,2031,2038,7393,965,.,.,-1,1.0,6751,-1
5310,5309,2066,2032,2032,2032,2038,7690,965,.,.,-1,1.0,6751,-1
5310,5309,2067,2033,2033,2033,2038,7880,965,.,.,-1,10.0,6347,-1
5310,5309,2068,2034,2034,2034,2038,8074,965,.,.,-1,21.0,6347,-1
5310,5309,2069,2035,2035,2035,2038,8100,965,.,.,-1,12.0,6347,-1
5310,5309,2070,2036,2036,2036,2038,8823,965,.,.,-1,1.0,6751,-1
5310,5309,2071,2037,2037,2037,2038,9158,965,.,.,-1,32.0,6347,-1
5310,5309,2121,2073,2073,2073,2120,8,965,.,.,-1,3.0,6347,-1
5310,5309,2122,2074,2074,2074,2120,23,965,.,.,-1,3.0,6347,-1
5310,5309,2123,2075,2075,2075,2120,260,965,.,.,-1,26.0,6347,-1
5310,5309,2124,2076,2076,2076,2120,345,965,.,.,-1,3.0,6751,-1
5310,5309,2125,2077,2077,2077,2120,441,965,.,.,-1,5.0,6347,-1
5310,5309,2126,2078,2078,2078,2120,521,965,.,.,-1,3.0,6751,-1
5310,5309,2127,2079,2079,2079,2120,1000,965,.,.,-1,2.0,6751,-1
5310,5309,2128,2080,2080,2080,2120,1412,965,.,.,-1,3.0,6751,-1
5310,5309,2129,2081,2081,2081,2120,1631,965,.,.,-1,2.0,6751,-1
5310,5309,2130,2082,2082,2082,2120,2490,965,.,.,-1,3.0,6751,-1
5310,5309,2131,2083,2083,2083,2120,2514,965,.,.,-1,9.0,6347,-1
5310,5309,2132,2084,2084,2084,2120,2652,965,.,.,-1,4.0,6751,-1
5310,5309,2133,2085,2085,2085,2120,2849,965,.,.,-1,2.0,6751,-1
5310,5309,2134,2086,2086,2086,2120,3007,965,.,.,-1,6.0,6347,-1
5310,5309,2135,2087,2087,2087,2120,3305,965,.,.,-1,5.0,6751,-1
5310,5309,2136,2088,2088,2088,2120,3398,965,.,.,-1,2.0,6751,-1
5310,5309,2137,2089,2089,2089,2120,3702,965,.,.,-1,4.0,6751,-1
5310,5309,2138,2090,2090,2090,2120,4052,965,.,.,-1,2.0,6751,-1
5310,5309,2139,2091,2091,2091,2120,4127,965,.,.,-1,22.0,6347,-1
5310,5309,2140,2092,2092,2092,2120,4201,965,.,.,-1,5.0,6751,-1
5310,5309,2141,2093,2093,2093,2120,4317,965,.,.,-1,4.0,6751,-1
5310,5309,2142,2094,2094,2094,2120,4430,965,.,.,-1,3.0,6751,-1
5310,5309,2143,2095,2095,2095,2120,4540,965,.,.,-1,2.0,6751,-1
5310,5309,2144,2096,2096,2096,2120,4627,965,.,.,-1,6.0,6751,-1
5310,5309,2145,2097,2097,2097,2120,4696,965,.,.,-1,8.0,6347,-1
5310,5309,2146,2098,2098,2098,2120,4917,965,.,.,-1,3.0,6751,-1
5310,5309,2147,2099,2099,2099,2120,4985,965,.,.,-1,6.0,6347,-1
5310,5309,2148,2100,2100,2100,2120,5616,965,.,.,-1,1.0,6751,-1
5310,5309,2149,2101,2101,2101,2120,6522,965,.,.,-1,3.0,6751,-1
5310,5309,2150,2102,2102,2102,2120,6563,965,.,.,-1,12.0,6347,-1
5310,5309,2151,2103,2103,2103,2120,6624,965,.,.,-1,4.0,6751,-1
5310,5309,2152,2104,2104,2104,2120,6959,965,.,.,-1,26.0,0,-1
5310,5309,2153,2105,2105,2105,2120,7096,965,.,.,-1,3.0,6751,-1
5310,5309,2154,2106,2106,2106,2120,7191,965,.,.,-1,1.0,6751,-1
5310,5309,2155,2107,2107,2107,2120,7393,965,.,.,-1,1.0,6751,-1
5310,5309,2156,2108,2108,2108,2120,7654,965,.,.,-1,18.0,6347,-1
5310,5309,2157,2109,2109,2109,2120,7732,965,.,.,-1,3.0,6751,-1
5310,5309,2158,2110,2110,2110,2120,7896,965,.,.,-1,3.0,6751,-1
5310,5309,2159,2111,2111,2111,2120,7914,965,.,.,-1,9.0,6347,-1
5310,5309,2160,2112,2112,2112,2120,7984,965,.,.,-1,4.0,6751,-1
5310,5309,2161,2113,2113,2113,2120,8074,965,.,.,-1,39.0,6347,-1
5310,5309,2162,2114,2114,2114,2120,8377,965,.,.,-1,5.0,6751,-1
5310,5309,2163,2115,2115,2115,2120,8470,965,.,.,-1,2.0,6751,-1
5310,5309,2164,2116,2116,2116,2120,8564,965,.,.,-1,7.0,6347,-1
5310,5309,2165,2117,2117,2117,2120,8938,965,.,.,-1,2.0,6751,-1
5310,5309,2166,2118,2118,2118,2120,9228,965,.,.,-1,13.0,0,-1
5310,5309,2167,2119,2119,2119,2120,9426,965,.,.,-1,2.0,6751,-1
5310,5309,2222,2169,2169,2169,2221,32,965,.,.,-1,1.0,6350,-1
5310,5309,2223,2170,2170,2170,2221,81,965,.,.,-1,2.0,6350,-1
5310,5309,2224,2171,2171,2171,2221,642,965,.,.,-1,1.0,6350,-1
5310,5309,2225,2172,2172,2172,2221,692,965,.,.,-1,1.0,6350,-1
5310,5309,2226,2173,2173,2173,2221,1199,965,.,.,-1,2.0,6350,-1
5310,5309,2227,2174,2174,2174,2221,1412,965,.,.,-1,1.0,6350,-1
5310,5309,2228,2175,2175,2175,2221,1581,965,.,.,-1,1.0,6350,-1
5310,5309,2229,2176,2176,2176,2221,2322,965,.,.,-1,1.0,6350,-1
5310,5309,2230,2177,2177,2177,2221,2477,965,.,.,-1,1.0,6350,-1
5310,5309,2231,2178,2178,2178,2221,2559,965,.,.,-1,1.0,6350,-1
5310,5309,2232,2179,2179,2179,2221,2766,965,.,.,-1,2.0,6350,-1
5310,5309,2233,2180,2180,2180,2221,2919,965,.,.,-1,2.0,6350,-1
5310,5309,2234,2181,2181,2181,2221,2955,965,.,.,-1,1.0,6350,-1
5310,5309,2235,2182,2182,2182,2221,3019,965,.,.,-1,17.0,6751,-1
5310,5309,2236,2183,2183,2183,2221,3149,965,.,.,-1,1.0,6350,-1
5310,5309,2237,2184,2184,2184,2221,3240,965,.,.,-1,1.0,6350,-1
5310,5309,2238,2185,2185,2185,2221,3493,965,.,.,-1,1.0,6350,-1
5310,5309,2239,2186,2186,2186,2221,3526,965,.,.,-1,1.0,6350,-1
5310,5309,2240,2187,2187,2187,2221,3528,965,.,.,-1,1.0,6350,-1
5310,5309,2241,2188,2188,2188,2221,3602,965,.,.,-1,1.0,6350,-1
5310,5309,2242,2189,2189,2189,2221,3919,965,.,.,-1,1.0,6350,-1
5310,5309,2243,2190,2190,2190,2221,4052,965,.,.,-1,1.0,6350,-1
5310,5309,2245,2192,2192,2192,2221,4368,965,.,.,-1,1.0,6350,-1
5310,5309,2244,2191,2191,2191,2221,4317,965,.,.,-1,1.0,6350,-1
5310,5309,2246,2193,2193,2193,2221,4796,965,.,.,-1,1.0,6350,-1
5310,5309,2247,2194,2194,2194,2221,5312,965,.,.,-1,1.0,6350,-1
5310,5309,2248,2195,2195,2195,2221,5482,965,.,.,-1,19.0,6751,-1
5310,5309,2250,2197,2197,2197,2221,5650,965,.,.,-1,1.0,6350,-1
5310,5309,2249,2196,2196,2196,2221,5582,965,.,.,-1,1.0,6350,-1
5310,5309,2251,2198,2198,2198,2221,5996,965,.,.,-1,1.0,6350,-1
5310,5309,2252,2199,2199,2199,2221,6055,965,.,.,-1,1.0,6350,-1
5310,5309,2253,2200,2200,2200,2221,6552,965,.,.,-1,1.0,6350,-1
5310,5309,2254,2201,2201,2201,2221,6578,965,.,.,-1,2.0,6350,-1
5310,5309,2255,2202,2202,2202,2221,6584,965,.,.,-1,2.0,6350,-1
5310,5309,2256,2203,2203,2203,2221,6624,965,.,.,-1,1.0,6350,-1
5310,5309,2257,2204,2204,2204,2221,7191,965,.,.,-1,1.0,6350,-1
5310,5309,2258,2205,2205,2205,2221,7393,965,.,.,-1,2.0,6350,-1
5310,5309,2259,2206,2206,2206,2221,7451,965,.,.,-1,8.0,6751,-1
5310,5309,2260,2207,2207,2207,2221,7578,965,.,.,-1,1.0,6350,-1
5310,5309,2261,2208,2208,2208,2221,7690,965,.,.,-1,1.0,6350,-1
5310,5309,2262,2209,2209,2209,2221,7984,965,.,.,-1,1.0,6350,-1
5310,5309,2263,2210,2210,2210,2221,8087,965,.,.,-1,16.0,6751,-1
5310,5309,2264,2211,2211,2211,2221,8445,965,.,.,-1,17.0,6751,-1
5310,5309,2265,2212,2212,2212,2221,8470,965,.,.,-1,2.0,6350,-1
5310,5309,2266,2213,2213,2213,2221,8627,965,.,.,-1,2.0,6350,-1
5310,5309,2267,2214,2214,2214,2221,8718,965,.,.,-1,1.0,6350,-1
5310,5309,2268,2215,2215,2215,2221,9074,965,.,.,-1,2.0,6350,-1
5310,5309,2269,2216,2216,2216,2221,9291,965,.,.,-1,2.0,6350,-1
5310,5309,2270,2217,2217,2217,2221,9293,965,.,.,-1,1.0,6350,-1
5310,5309,2271,2218,2218,2218,2221,9295,965,.,.,-1,58.0,0,-1
5310,5309,2272,2219,2219,2219,2221,9351,965,.,.,-1,1.0,6350,-1
5310,5309,2273,2220,2220,2220,2221,9426,965,.,.,-1,1.0,6350,-1
5310,5309,2323,2275,2275,2275,2322,32,965,.,.,-1,1.0,6350,-1
5310,5309,2324,2276,2276,2276,2322,189,965,.,.,-1,2.0,6350,-1
5310,5309,2325,2277,2277,2277,2322,521,965,.,.,-1,1.0,6350,-1
5310,5309,2326,2278,2278,2278,2322,831,965,.,.,-1,1.0,6350,-1
5310,5309,2327,2279,2279,2279,2322,2421,965,.,.,-1,1.0,6350,-1
5310,5309,2328,2280,2280,2280,2322,2473,965,.,.,-1,31.0,0,-1
5310,5309,2329,2281,2281,2281,2322,2477,965,.,.,-1,2.0,6350,-1
5310,5309,2330,2282,2282,2282,2322,2490,965,.,.,-1,2.0,6350,-1
5310,5309,2331,2283,2283,2283,2322,2514,965,.,.,-1,1.0,6350,-1
5310,5309,2332,2284,2284,2284,2322,2652,965,.,.,-1,1.0,6350,-1
5310,5309,2333,2285,2285,2285,2322,2919,965,.,.,-1,1.0,6350,-1
5310,5309,2334,2286,2286,2286,2322,3019,965,.,.,-1,20.0,6751,-1
5310,5309,2335,2287,2287,2287,2322,3082,965,.,.,-1,2.0,6350,-1
5310,5309,2336,2288,2288,2288,2322,3305,965,.,.,-1,1.0,6350,-1
5310,5309,2337,2289,2289,2289,2322,3602,965,.,.,-1,1.0,6350,-1
5310,5309,2338,2290,2290,2290,2322,3750,965,.,.,-1,2.0,6350,-1
5310,5309,2339,2291,2291,2291,2322,3801,965,.,.,-1,1.0,6350,-1
5310,5309,2340,2292,2292,2292,2322,4750,965,.,.,-1,2.0,6350,-1
5310,5309,2341,2293,2293,2293,2322,4796,965,.,.,-1,1.0,6350,-1
5310,5309,2342,2294,2294,2294,2322,4800,965,.,.,-1,1.0,6350,-1
5310,5309,2343,2295,2295,2295,2322,4802,965,.,.,-1,3.0,6350,-1
5310,5309,2344,2296,2296,2296,2322,4804,965,.,.,-1,1.0,6350,-1
5310,5309,2345,2297,2297,2297,2322,5234,965,.,.,-1,1.0,6350,-1
5310,5309,2346,2298,2298,2298,2322,5368,965,.,.,-1,2.0,6350,-1
5310,5309,2347,2299,2299,2299,2322,5370,965,.,.,-1,2.0,6350,-1
5310,5309,2348,2300,2300,2300,2322,5482,965,.,.,-1,15.0,6751,-1
5310,5309,2349,2301,2301,2301,2322,5582,965,.,.,-1,3.0,6350,-1
5310,5309,2350,2302,2302,2302,2322,5616,965,.,.,-1,1.0,6350,-1
5310,5309,2351,2303,2303,2303,2322,5857,965,.,.,-1,2.0,6350,-1
5310,5309,2352,2304,2304,2304,2322,6352,965,.,.,-1,2.0,6350,-1
5310,5309,2353,2305,2305,2305,2322,6580,965,.,.,-1,1.0,6350,-1
5310,5309,2354,2306,2306,2306,2322,6586,965,.,.,-1,1.0,6350,-1
5310,5309,2355,2307,2307,2307,2322,6959,965,.,.,-1,1.0,6350,-1
5310,5309,2356,2308,2308,2308,2322,7096,965,.,.,-1,2.0,6350,-1
5310,5309,2357,2309,2309,2309,2322,7297,965,.,.,-1,1.0,6350,-1
5310,5309,2358,2310,2310,2310,2322,7393,965,.,.,-1,1.0,6350,-1
5310,5309,2359,2311,2311,2311,2322,7451,965,.,.,-1,14.0,6751,-1
5310,5309,2361,2313,2313,2313,2322,7753,965,.,.,-1,1.0,6350,-1
5310,5309,2360,2312,2312,2312,2322,7732,965,.,.,-1,1.0,6350,-1
5310,5309,2362,2314,2314,2314,2322,8087,965,.,.,-1,13.0,6751,-1
5310,5309,2363,2315,2315,2315,2322,8286,965,.,.,-1,1.0,6350,-1
5310,5309,2364,2316,2316,2316,2322,8377,965,.,.,-1,1.0,6350,-1
5310,5309,2365,2317,2317,2317,2322,8445,965,.,.,-1,19.0,6751,-1
5310,5309,2366,2318,2318,2318,2322,8627,965,.,.,-1,2.0,6350,-1
5310,5309,2367,2319,2319,2319,2322,8718,965,.,.,-1,1.0,6350,-1
5310,5309,2368,2320,2320,2320,2322,9228,965,.,.,-1,1.0,6350,-1
5310,5309,2369,2321,2321,2321,2322,9351,965,.,.,-1,3.0,6350,-1
5310,5309,2422,2371,2371,2371,2421,32,965,.,.,-1,2.0,6350,-1
5310,5309,2423,2372,2372,2372,2421,81,965,.,.,-1,1.0,6350,-1
5310,5309,2424,2373,2373,2373,2421,189,965,.,.,-1,1.0,6350,-1
5310,5309,2425,2374,2374,2374,2421,345,965,.,.,-1,1.0,6350,-1
5310,5309,2426,2375,2375,2375,2421,642,965,.,.,-1,1.0,6350,-1
5310,5309,2427,2376,2376,2376,2421,1321,965,.,.,-1,2.0,6350,-1
5310,5309,2428,2377,2377,2377,2421,1631,965,.,.,-1,1.0,6350,-1
5310,5309,2429,2378,2378,2378,2421,2322,965,.,.,-1,1.0,6350,-1
5310,5309,2430,2379,2379,2379,2421,2473,965,.,.,-1,39.0,0,-1
5310,5309,2431,2380,2380,2380,2421,2477,965,.,.,-1,1.0,6350,-1
5310,5309,2432,2381,2381,2381,2421,2490,965,.,.,-1,1.0,6350,-1
5310,5309,2433,2382,2382,2382,2421,2766,965,.,.,-1,1.0,6350,-1
5310,5309,2434,2383,2383,2383,2421,2919,965,.,.,-1,1.0,6350,-1
5310,5309,2435,2384,2384,2384,2421,2995,965,.,.,-1,1.0,6350,-1
5310,5309,2436,2385,2385,2385,2421,3019,965,.,.,-1,12.0,6751,-1
5310,5309,2437,2386,2386,2386,2421,3082,965,.,.,-1,1.0,6350,-1
5310,5309,2438,2387,2387,2387,2421,3240,965,.,.,-1,1.0,6350,-1
5310,5309,2439,2388,2388,2388,2421,3398,965,.,.,-1,1.0,6350,-1
5310,5309,2440,2389,2389,2389,2421,3602,965,.,.,-1,1.0,6350,-1
5310,5309,2441,2390,2390,2390,2421,3702,965,.,.,-1,1.0,6350,-1
5310,5309,2442,2391,2391,2391,2421,3750,965,.,.,-1,2.0,6350,-1
5310,5309,2443,2392,2392,2392,2421,3919,965,.,.,-1,1.0,6350,-1
5310,5309,2444,2393,2393,2393,2421,4266,965,.,.,-1,1.0,6350,-1
5310,5309,2445,2394,2394,2394,2421,4317,965,.,.,-1,1.0,6350,-1
5310,5309,2446,2395,2395,2395,2421,4540,965,.,.,-1,1.0,6350,-1
5310,5309,2447,2396,2396,2396,2421,4796,965,.,.,-1,1.0,6350,-1
5310,5309,2448,2397,2397,2397,2421,4800,965,.,.,-1,1.0,6350,-1
5310,5309,2449,2398,2398,2398,2421,5234,965,.,.,-1,1.0,6350,-1
5310,5309,2450,2399,2399,2399,2421,5312,965,.,.,-1,1.0,6350,-1
5310,5309,2451,2400,2400,2400,2421,5370,965,.,.,-1,1.0,6350,-1
5310,5309,2452,2401,2401,2401,2421,5482,965,.,.,-1,13.0,6751,-1
5310,5309,2453,2402,2402,2402,2421,5532,965,.,.,-1,1.0,6350,-1
5310,5309,2454,2403,2403,2403,2421,5996,965,.,.,-1,1.0,6350,-1
5310,5309,2455,2404,2404,2404,2421,6055,965,.,.,-1,2.0,6350,-1
5310,5309,2456,2405,2405,2405,2421,6550,965,.,.,-1,2.0,6350,-1
5310,5309,2457,2406,2406,2406,2421,6552,965,.,.,-1,1.0,6350,-1
5310,5309,2458,2407,2407,2407,2421,6578,965,.,.,-1,1.0,6350,-1
5310,5309,2459,2408,2408,2408,2421,6584,965,.,.,-1,1.0,6350,-1
5310,5309,2460,2409,2409,2409,2421,6586,965,.,.,-1,1.0,6350,-1
5310,5309,2461,2410,2410,2410,2421,6624,965,.,.,-1,1.0,6350,-1
5310,5309,2462,2411,2411,2411,2421,7335,965,.,.,-1,1.0,6350,-1
5310,5309,2463,2412,2412,2412,2421,7451,965,.,.,-1,11.0,6751,-1
5310,5309,2464,2413,2413,2413,2421,7812,965,.,.,-1,2.0,6350,-1
5310,5309,2465,2414,2414,2414,2421,8087,965,.,.,-1,11.0,6751,-1
5310,5309,2466,2415,2415,2415,2421,8286,965,.,.,-1,2.0,6350,-1
5310,5309,2467,2416,2416,2416,2421,8377,965,.,.,-1,1.0,6350,-1
5310,5309,2468,2417,2417,2417,2421,8445,965,.,.,-1,14.0,6751,-1
5310,5309,2469,2418,2418,2418,2421,8510,965,.,.,-1,1.0,6350,-1
5310,5309,2470,2419,2419,2419,2421,8823,965,.,.,-1,1.0,6350,-1
5310,5309,2471,2420,2420,2420,2421,8877,965,.,.,-1,1.0,6350,-1
5310,5309,2491,2479,2479,2479,2490,1412,965,.,.,-1,1.0,6350,-1
5310,5309,2492,2480,2480,2480,2490,2473,965,.,.,-1,2.0,6350,-1
5310,5309,2493,2481,2481,2481,2490,2713,965,.,.,-1,1.0,6350,-1
5310,5309,2494,2482,2482,2482,2490,3019,965,.,.,-1,2.0,6751,-1
5310,5309,2495,2483,2483,2483,2490,4804,965,.,.,-1,1.0,6350,-1
5310,5309,2496,2484,2484,2484,2490,5482,965,.,.,-1,2.0,6751,-1
5310,5309,2497,2485,2485,2485,2490,7451,965,.,.,-1,2.0,6751,-1
5310,5309,2498,2486,2486,2486,2490,7690,965,.,.,-1,1.0,6350,-1
5310,5309,2499,2487,2487,2487,2490,8187,965,.,.,-1,1.0,6350,-1
5310,5309,2500,2488,2488,2488,2490,8445,965,.,.,-1,1.0,6751,-1
5310,5309,2501,2489,2489,2489,2490,8447,965,.,.,-1,3.0,0,-1
5310,5309,2515,2503,2503,2503,2514,2473,965,.,.,-1,12.0,6347,-1
5310,5309,2516,2504,2504,2504,2514,2715,965,.,.,-1,3.0,6347,-1
5310,5309,2517,2505,2505,2505,2514,2957,965,.,.,-1,6.0,6347,-1
5310,5309,2518,2506,2506,2506,2514,3530,965,.,.,-1,1.0,6347,-1
5310,5309,2519,2507,2507,2507,2514,5480,965,.,.,-1,1.0,6347,-1
5310,5309,2520,2508,2508,2508,2514,6349,965,.,.,-1,6.0,6347,-1
5310,5309,2521,2509,2509,2509,2514,6442,965,.,.,-1,1.0,6347,-1
5310,5309,2522,2510,2510,2510,2514,6576,965,.,.,-1,2.0,6347,-1
5310,5309,2523,2511,2511,2511,2514,7667,965,.,.,-1,2.0,6347,-1
5310,5309,2524,2512,2512,2512,2514,8447,965,.,.,-1,15.0,6347,-1
5310,5309,2525,2513,2513,2513,2514,9295,965,.,.,-1,1.0,6347,-1
5310,5309,2560,2527,2527,2527,2559,189,965,.,.,-1,1.0,6350,-1
5310,5309,2561,2528,2528,2528,2559,692,965,.,.,-1,1.0,6350,-1
5310,5309,2562,2529,2529,2529,2559,1000,965,.,.,-1,2.0,6350,-1
5310,5309,2563,2530,2530,2530,2559,1035,965,.,.,-1,1.0,6350,-1
5310,5309,2564,2531,2531,2531,2559,2473,965,.,.,-1,27.0,0,-1
5310,5309,2565,2532,2532,2532,2559,2919,965,.,.,-1,1.0,6350,-1
5310,5309,2566,2533,2533,2533,2559,3019,965,.,.,-1,8.0,6751,-1
5310,5309,2567,2534,2534,2534,2559,3240,965,.,.,-1,1.0,6350,-1
5310,5309,2568,2535,2535,2535,2559,3493,965,.,.,-1,1.0,6350,-1
5310,5309,2569,2536,2536,2536,2559,3526,965,.,.,-1,2.0,6350,-1
5310,5309,2570,2537,2537,2537,2559,3750,965,.,.,-1,1.0,6350,-1
5310,5309,2571,2538,2538,2538,2559,3801,965,.,.,-1,1.0,6350,-1
5310,5309,2572,2539,2539,2539,2559,4052,965,.,.,-1,1.0,6350,-1
5310,5309,2573,2540,2540,2540,2559,4317,965,.,.,-1,1.0,6350,-1
5310,5309,2574,2541,2541,2541,2559,5236,965,.,.,-1,1.0,6350,-1
5310,5309,2575,2542,2542,2542,2559,5339,965,.,.,-1,1.0,6350,-1
5310,5309,2576,2543,2543,2543,2559,5482,965,.,.,-1,7.0,6751,-1
5310,5309,2577,2544,2544,2544,2559,5532,965,.,.,-1,1.0,6350,-1
5310,5309,2578,2545,2545,2545,2559,5739,965,.,.,-1,1.0,6350,-1
5310,5309,2579,2546,2546,2546,2559,5857,965,.,.,-1,1.0,6350,-1
5310,5309,2580,2547,2547,2547,2559,6522,965,.,.,-1,1.0,6350,-1
5310,5309,2581,2548,2548,2548,2559,6578,965,.,.,-1,1.0,6350,-1
5310,5309,2582,2549,2549,2549,2559,6582,965,.,.,-1,1.0,6350,-1
5310,5309,2583,2550,2550,2550,2559,6584,965,.,.,-1,1.0,6350,-1
5310,5309,2584,2551,2551,2551,2559,6624,965,.,.,-1,1.0,6350,-1
5310,5309,2585,2552,2552,2552,2559,6959,965,.,.,-1,2.0,6350,-1
5310,5309,2586,2553,2553,2553,2559,7335,965,.,.,-1,1.0,6350,-1
5310,5309,2587,2554,2554,2554,2559,7451,965,.,.,-1,7.0,6751,-1
5310,5309,2588,2555,2555,2555,2559,7984,965,.,.,-1,1.0,6350,-1
5310,5309,2589,2556,2556,2556,2559,8087,965,.,.,-1,9.0,6751,-1
5310,5309,2590,2557,2557,2557,2559,8445,965,.,.,-1,8.0,6751,-1
5310,5309,2591,2558,2558,2558,2559,8938,965,.,.,-1,1.0,6350,-1
5310,5309,2653,2593,2593,2593,2652,32,965,.,.,-1,2.0,6350,-1
5310,5309,2654,2594,2594,2594,2652,642,965,.,.,-1,1.0,6350,-1
5310,5309,2655,2595,2595,2595,2652,749,965,.,.,-1,1.0,6350,-1
5310,5309,2656,2596,2596,2596,2652,911,965,.,.,-1,2.0,6350,-1
5310,5309,2657,2597,2597,2597,2652,1035,965,.,.,-1,1.0,6350,-1
5310,5309,2658,2598,2598,2598,2652,1631,965,.,.,-1,1.0,6350,-1
5310,5309,2659,2599,2599,2599,2652,2473,965,.,.,-1,17.0,0,-1
5310,5309,2660,2600,2600,2600,2652,2477,965,.,.,-1,2.0,6350,-1
5310,5309,2661,2601,2601,2601,2652,2490,965,.,.,-1,2.0,6350,-1
5310,5309,2662,2602,2602,2602,2652,2919,965,.,.,-1,2.0,6350,-1
5310,5309,2663,2603,2603,2603,2652,2995,965,.,.,-1,1.0,6350,-1
5310,5309,2664,2604,2604,2604,2652,3019,965,.,.,-1,18.0,6751,-1
5310,5309,2665,2605,2605,2605,2652,3080,965,.,.,-1,1.0,6350,-1
5310,5309,2666,2606,2606,2606,2652,3149,965,.,.,-1,1.0,6350,-1
5310,5309,2667,2607,2607,2607,2652,3266,965,.,.,-1,1.0,6350,-1
5310,5309,2668,2608,2608,2608,2652,3305,965,.,.,-1,1.0,6350,-1
5310,5309,2669,2609,2609,2609,2652,3358,965,.,.,-1,2.0,6350,-1
5310,5309,2670,2610,2610,2610,2652,3602,965,.,.,-1,2.0,6350,-1
5310,5309,2671,2611,2611,2611,2652,3702,965,.,.,-1,1.0,6350,-1
5310,5309,2672,2612,2612,2612,2652,3750,965,.,.,-1,1.0,6350,-1
5310,5309,2673,2613,2613,2613,2652,4052,965,.,.,-1,1.0,6350,-1
5310,5309,2674,2614,2614,2614,2652,4201,965,.,.,-1,1.0,6350,-1
5310,5309,2675,2615,2615,2615,2652,4266,965,.,.,-1,1.0,6350,-1
5310,5309,2676,2616,2616,2616,2652,4317,965,.,.,-1,1.0,6350,-1
5310,5309,2677,2617,2617,2617,2652,4796,965,.,.,-1,1.0,6350,-1
5310,5309,2678,2618,2618,2618,2652,4800,965,.,.,-1,2.0,6350,-1
5310,5309,2679,2619,2619,2619,2652,4802,965,.,.,-1,1.0,6350,-1
5310,5309,2680,2620,2620,2620,2652,4832,965,.,.,-1,2.0,6350,-1
5310,5309,2681,2621,2621,2621,2652,5061,965,.,.,-1,1.0,6350,-1
5310,5309,2682,2622,2622,2622,2652,5236,965,.,.,-1,1.0,6350,-1
5310,5309,2683,2623,2623,2623,2652,5312,965,.,.,-1,2.0,6350,-1
5310,5309,2684,2624,2624,2624,2652,5339,965,.,.,-1,1.0,6350,-1
5310,5309,2685,2625,2625,2625,2652,5482,965,.,.,-1,26.0,6751,-1
5310,5309,2686,2626,2626,2626,2652,5532,965,.,.,-1,1.0,6350,-1
5310,5309,2687,2627,2627,2627,2652,5582,965,.,.,-1,1.0,6350,-1
5310,5309,2688,2628,2628,2628,2652,5652,965,.,.,-1,1.0,6350,-1
5310,5309,2689,2629,2629,2629,2652,5946,965,.,.,-1,1.0,6350,-1
5310,5309,2690,2630,2630,2630,2652,6154,965,.,.,-1,2.0,6350,-1
5310,5309,2691,2631,2631,2631,2652,6214,965,.,.,-1,1.0,6350,-1
5310,5309,2692,2632,2632,2632,2652,6522,965,.,.,-1,1.0,6350,-1
5310,5309,2693,2633,2633,2633,2652,6578,965,.,.,-1,1.0,6350,-1
5310,5309,2694,2634,2634,2634,2652,6582,965,.,.,-1,1.0,6350,-1
5310,5309,2695,2635,2635,2635,2652,6586,965,.,.,-1,1.0,6350,-1
5310,5309,2696,2636,2636,2636,2652,6862,965,.,.,-1,2.0,6350,-1
5310,5309,2697,2637,2637,2637,2652,6959,965,.,.,-1,1.0,6350,-1
5310,5309,2698,2638,2638,2638,2652,7297,965,.,.,-1,2.0,6350,-1
5310,5309,2699,2639,2639,2639,2652,7335,965,.,.,-1,1.0,6350,-1
5310,5309,2700,2640,2640,2640,2652,7451,965,.,.,-1,19.0,6751,-1
5310,5309,2701,2641,2641,2641,2652,7690,965,.,.,-1,1.0,6350,-1
5310,5309,2702,2642,2642,2642,2652,8087,965,.,.,-1,24.0,6751,-1
5310,5309,2703,2643,2643,2643,2652,8187,965,.,.,-1,2.0,6350,-1
5310,5309,2704,2644,2644,2644,2652,8377,965,.,.,-1,1.0,6350,-1
5310,5309,2705,2645,2645,2645,2652,8445,965,.,.,-1,24.0,6751,-1
5310,5309,2706,2646,2646,2646,2652,8447,965,.,.,-1,23.0,0,-1
5310,5309,2707,2647,2647,2647,2652,8938,965,.,.,-1,1.0,6350,-1
5310,5309,2708,2648,2648,2648,2652,8999,965,.,.,-1,1.0,6350,-1
5310,5309,2709,2649,2649,2649,2652,9074,965,.,.,-1,1.0,6350,-1
5310,5309,2710,2650,2650,2650,2652,9228,965,.,.,-1,1.0,6350,-1
5310,5309,2711,2651,2651,2651,2652,9295,965,.,.,-1,17.0,0,-1
5310,5309,2767,2717,2717,2717,2766,32,965,.,.,-1,1.0,6350,-1
5310,5309,2768,2718,2718,2718,2766,272,965,.,.,-1,1.0,6350,-1
5310,5309,2769,2719,2719,2719,2766,831,965,.,.,-1,1.0,6350,-1
5310,5309,2770,2720,2720,2720,2766,1199,965,.,.,-1,1.0,6350,-1
5310,5309,2771,2721,2721,2721,2766,1321,965,.,.,-1,1.0,6350,-1
5310,5309,2772,2722,2722,2722,2766,1412,965,.,.,-1,2.0,6350,-1
5310,5309,2773,2723,2723,2723,2766,1631,965,.,.,-1,1.0,6350,-1
5310,5309,2774,2724,2724,2724,2766,2473,965,.,.,-1,36.0,0,-1
5310,5309,2775,2725,2725,2725,2766,2475,965,.,.,-1,1.0,6350,-1
5310,5309,2776,2726,2726,2726,2766,2559,965,.,.,-1,3.0,6350,-1
5310,5309,2777,2727,2727,2727,2766,2652,965,.,.,-1,1.0,6350,-1
5310,5309,2778,2728,2728,2728,2766,2849,965,.,.,-1,2.0,6350,-1
5310,5309,2779,2729,2729,2729,2766,2883,965,.,.,-1,1.0,6350,-1
5310,5309,2780,2730,2730,2730,2766,2955,965,.,.,-1,1.0,6350,-1
5310,5309,2781,2731,2731,2731,2766,2995,965,.,.,-1,1.0,6350,-1
5310,5309,2782,2732,2732,2732,2766,3019,965,.,.,-1,18.0,6751,-1
5310,5309,2783,2733,2733,2733,2766,3045,965,.,.,-1,1.0,6350,-1
5310,5309,2784,2734,2734,2734,2766,3080,965,.,.,-1,1.0,6350,-1
5310,5309,2785,2735,2735,2735,2766,3149,965,.,.,-1,2.0,6350,-1
5310,5309,2786,2736,2736,2736,2766,3526,965,.,.,-1,1.0,6350,-1
5310,5309,2787,2737,2737,2737,2766,3674,965,.,.,-1,2.0,6350,-1
5310,5309,2788,2738,2738,2738,2766,3919,965,.,.,-1,1.0,6350,-1
5310,5309,2789,2739,2739,2739,2766,4052,965,.,.,-1,1.0,6350,-1
5310,5309,2790,2740,2740,2740,2766,4266,965,.,.,-1,2.0,6350,-1
5310,5309,2791,2741,2741,2741,2766,4540,965,.,.,-1,1.0,6350,-1
5310,5309,2792,2742,2742,2742,2766,4627,965,.,.,-1,1.0,6350,-1
5310,5309,2793,2743,2743,2743,2766,4796,965,.,.,-1,3.0,6350,-1
5310,5309,2794,2744,2744,2744,2766,4802,965,.,.,-1,1.0,6350,-1
5310,5309,2795,2745,2745,2745,2766,4804,965,.,.,-1,2.0,6350,-1
5310,5309,2796,2746,2746,2746,2766,5061,965,.,.,-1,1.0,6350,-1
5310,5309,2797,2747,2747,2747,2766,5181,965,.,.,-1,2.0,6350,-1
5310,5309,2798,2748,2748,2748,2766,5234,965,.,.,-1,2.0,6350,-1
5310,5309,2799,2749,2749,2749,2766,5312,965,.,.,-1,3.0,6350,-1
5310,5309,2800,2750,2750,2750,2766,5482,965,.,.,-1,15.0,6751,-1
5310,5309,2801,2751,2751,2751,2766,5857,965,.,.,-1,1.0,6350,-1
5310,5309,2802,2752,2752,2752,2766,6578,965,.,.,-1,1.0,6350,-1
5310,5309,2803,2753,2753,2753,2766,6706,965,.,.,-1,1.0,6350,-1
5310,5309,2804,2754,2754,2754,2766,7096,965,.,.,-1,2.0,6350,-1
5310,5309,2805,2755,2755,2755,2766,7451,965,.,.,-1,18.0,6751,-1
5310,5309,2806,2756,2756,2756,2766,7690,965,.,.,-1,1.0,6350,-1
5310,5309,2807,2757,2757,2757,2766,7753,965,.,.,-1,2.0,6350,-1
5310,5309,2808,2758,2758,2758,2766,7812,965,.,.,-1,1.0,6350,-1
5310,5309,2809,2759,2759,2759,2766,8087,965,.,.,-1,13.0,6751,-1
5310,5309,2810,2760,2760,2760,2766,8377,965,.,.,-1,1.0,6350,-1
5310,5309,2811,2761,2761,2761,2766,8445,965,.,.,-1,18.0,6751,-1
5310,5309,2812,2762,2762,2762,2766,8718,965,.,.,-1,1.0,6350,-1
5310,5309,2813,2763,2763,2763,2766,8938,965,.,.,-1,1.0,6350,-1
5310,5309,2814,2764,2764,2764,2766,8999,965,.,.,-1,2.0,6350,-1
5310,5309,2815,2765,2765,2765,2766,9293,965,.,.,-1,1.0,6350,-1
5310,5309,2850,2817,2817,2817,2849,911,965,.,.,-1,1.0,6350,-1
5310,5309,2851,2818,2818,2818,2849,1412,965,.,.,-1,1.0,6350,-1
5310,5309,2852,2819,2819,2819,2849,1631,965,.,.,-1,1.0,6350,-1
5310,5309,2853,2820,2820,2820,2849,2322,965,.,.,-1,2.0,6350,-1
5310,5309,2854,2821,2821,2821,2849,2473,965,.,.,-1,10.0,0,-1
5310,5309,2855,2822,2822,2822,2849,2477,965,.,.,-1,1.0,6350,-1
5310,5309,2856,2823,2823,2823,2849,2490,965,.,.,-1,1.0,6350,-1
5310,5309,2857,2824,2824,2824,2849,2559,965,.,.,-1,1.0,6350,-1
5310,5309,2858,2825,2825,2825,2849,2919,965,.,.,-1,1.0,6350,-1
5310,5309,2859,2826,2826,2826,2849,3019,965,.,.,-1,14.0,6751,-1
5310,5309,2860,2827,2827,2827,2849,3449,965,.,.,-1,1.0,6350,-1
5310,5309,2861,2828,2828,2828,2849,3801,965,.,.,-1,1.0,6350,-1
5310,5309,2862,2829,2829,2829,2849,3919,965,.,.,-1,2.0,6350,-1
5310,5309,2863,2830,2830,2830,2849,4052,965,.,.,-1,2.0,6350,-1
5310,5309,2864,2831,2831,2831,2849,4368,965,.,.,-1,1.0,6350,-1
5310,5309,2865,2832,2832,2832,2849,4430,965,.,.,-1,1.0,6350,-1
5310,5309,2866,2833,2833,2833,2849,4540,965,.,.,-1,1.0,6350,-1
5310,5309,2867,2834,2834,2834,2849,4804,965,.,.,-1,1.0,6350,-1
5310,5309,2868,2835,2835,2835,2849,5425,965,.,.,-1,1.0,6350,-1
5310,5309,2869,2836,2836,2836,2849,5482,965,.,.,-1,10.0,6751,-1
5310,5309,2870,2837,2837,2837,2849,5739,965,.,.,-1,1.0,6350,-1
5310,5309,2871,2838,2838,2838,2849,6055,965,.,.,-1,1.0,6350,-1
5310,5309,2872,2839,2839,2839,2849,7096,965,.,.,-1,2.0,6350,-1
5310,5309,2873,2840,2840,2840,2849,7451,965,.,.,-1,9.0,6751,-1
5310,5309,2874,2841,2841,2841,2849,8087,965,.,.,-1,8.0,6751,-1
5310,5309,2875,2842,2842,2842,2849,8377,965,.,.,-1,1.0,6350,-1
5310,5309,2876,2843,2843,2843,2849,8445,965,.,.,-1,7.0,6751,-1
5310,5309,2877,2844,2844,2844,2849,8447,965,.,.,-1,7.0,0,-1
5310,5309,2878,2845,2845,2845,2849,8510,965,.,.,-1,1.0,6350,-1
5310,5309,2879,2846,2846,2846,2849,8627,965,.,.,-1,1.0,6350,-1
5310,5309,2880,2847,2847,2847,2849,9287,965,.,.,-1,1.0,6350,-1
5310,5309,2881,2848,2848,2848,2849,9426,965,.,.,-1,1.0,6350,-1
5310,5309,2920,2885,2885,2885,2919,345,965,.,.,-1,2.0,6350,-1
5310,5309,2921,2886,2886,2886,2919,1321,965,.,.,-1,1.0,6350,-1
5310,5309,2922,2887,2887,2887,2919,1525,965,.,.,-1,1.0,6350,-1
5310,5309,2923,2888,2888,2888,2919,1631,965,.,.,-1,2.0,6350,-1
5310,5309,2924,2889,2889,2889,2919,2514,965,.,.,-1,1.0,6350,-1
5310,5309,2925,2890,2890,2890,2919,2559,965,.,.,-1,1.0,6350,-1
5310,5309,2926,2891,2891,2891,2919,2849,965,.,.,-1,1.0,6350,-1
5310,5309,2927,2892,2892,2892,2919,2883,965,.,.,-1,1.0,6350,-1
5310,5309,2928,2893,2893,2893,2919,2955,965,.,.,-1,1.0,6350,-1
5310,5309,2929,2894,2894,2894,2919,3019,965,.,.,-1,8.0,6751,-1
5310,5309,2930,2895,2895,2895,2919,3358,965,.,.,-1,1.0,6350,-1
5310,5309,2931,2896,2896,2896,2919,3526,965,.,.,-1,1.0,6350,-1
5310,5309,2932,2897,2897,2897,2919,3674,965,.,.,-1,1.0,6350,-1
5310,5309,2933,2898,2898,2898,2919,4430,965,.,.,-1,1.0,6350,-1
5310,5309,2934,2899,2899,2899,2919,4750,965,.,.,-1,1.0,6350,-1
5310,5309,2935,2900,2900,2900,2919,4802,965,.,.,-1,1.0,6350,-1
5310,5309,2936,2901,2901,2901,2919,5370,965,.,.,-1,1.0,6350,-1
5310,5309,2937,2902,2902,2902,2919,5482,965,.,.,-1,9.0,6751,-1
5310,5309,2938,2903,2903,2903,2919,5857,965,.,.,-1,1.0,6350,-1
5310,5309,2939,2904,2904,2904,2919,5946,965,.,.,-1,2.0,6350,-1
5310,5309,2940,2905,2905,2905,2919,6055,965,.,.,-1,1.0,6350,-1
5310,5309,2941,2906,2906,2906,2919,6154,965,.,.,-1,1.0,6350,-1
5310,5309,2942,2907,2907,2907,2919,6550,965,.,.,-1,1.0,6350,-1
5310,5309,2943,2908,2908,2908,2919,6624,965,.,.,-1,1.0,6350,-1
5310,5309,2944,2909,2909,2909,2919,6706,965,.,.,-1,1.0,6350,-1
5310,5309,2945,2910,2910,2910,2919,7451,965,.,.,-1,7.0,6751,-1
5310,5309,2946,2911,2911,2911,2919,7690,965,.,.,-1,1.0,6350,-1
5310,5309,2947,2912,2912,2912,2919,7984,965,.,.,-1,1.0,6350,-1
5310,5309,2948,2913,2913,2913,2919,8087,965,.,.,-1,9.0,6751,-1
5310,5309,2949,2914,2914,2914,2919,8445,965,.,.,-1,7.0,6751,-1
5310,5309,2950,2915,2915,2915,2919,8999,965,.,.,-1,1.0,6350,-1
5310,5309,2951,2916,2916,2916,2919,9228,965,.,.,-1,1.0,6350,-1
5310,5309,2952,2917,2917,2917,2919,9287,965,.,.,-1,1.0,6350,-1
5310,5309,2953,2918,2918,2918,2919,9293,965,.,.,-1,1.0,6350,-1
5310,5309,2967,2959,2959,2959,2966,2715,965,.,.,-1,2.0,6347,-1
5310,5309,2968,2960,2960,2960,2966,2957,965,.,.,-1,1.0,6347,-1
5310,5309,2969,2961,2961,2961,2966,3530,965,.,.,-1,2.0,6347,-1
5310,5309,2970,2962,2962,2962,2966,6576,965,.,.,-1,3.0,6347,-1
5310,5309,2971,2963,2963,2963,2966,7667,965,.,.,-1,1.0,6347,-1
5310,5309,2972,2964,2964,2964,2966,8447,965,.,.,-1,1.0,6347,-1
5310,5309,2973,2965,2965,2965,2966,9295,965,.,.,-1,19.0,6347,-1
5310,5309,2985,2975,2975,2975,2984,2473,965,.,.,-1,1.0,6347,-1
5310,5309,2986,2976,2976,2976,2984,2715,965,.,.,-1,6.0,6347,-1
5310,5309,2987,2977,2977,2977,2984,2957,965,.,.,-1,5.0,6347,-1
5310,5309,2988,2978,2978,2978,2984,3530,965,.,.,-1,9.0,6347,-1
5310,5309,2989,2979,2979,2979,2984,6349,965,.,.,-1,6.0,6347,-1
5310,5309,2990,2980,2980,2980,2984,6442,965,.,.,-1,4.0,6347,-1
5310,5309,2991,2981,2981,2981,2984,6576,965,.,.,-1,5.0,6347,-1
5310,5309,2992,2982,2982,2982,2984,7667,965,.,.,-1,7.0,6347,-1
5310,5309,2993,2983,2983,2983,2984,9295,965,.,.,-1,86.0,6347,-1
5310,5309,3008,2997,2997,2997,3007,2473,965,.,.,-1,9.0,6347,-1
5310,5309,3009,2998,2998,2998,3007,2715,965,.,.,-1,1.0,6347,-1
5310,5309,3010,2999,2999,2999,3007,2957,965,.,.,-1,1.0,6347,-1
5310,5309,3011,3000,3000,3000,3007,3530,965,.,.,-1,1.0,6347,-1
5310,5309,3012,3001,3001,3001,3007,5480,965,.,.,-1,1.0,6347,-1
5310,5309,3013,3002,3002,3002,3007,6349,965,.,.,-1,2.0,6347,-1
5310,5309,3014,3003,3003,3003,3007,6442,965,.,.,-1,1.0,6347,-1
5310,5309,3015,3004,3004,3004,3007,7667,965,.,.,-1,3.0,6347,-1
5310,5309,3016,3005,3005,3005,3007,8447,965,.,.,-1,4.0,6347,-1
5310,5309,3017,3006,3006,3006,3007,9295,965,.,.,-1,3.0,6347,-1
5310,5309,3033,3021,3021,3021,3032,2514,965,.,.,-1,1.0,6350,-1
5310,5309,3034,3022,3022,3022,3032,2966,965,.,.,-1,1.0,6350,-1
5310,5309,3035,3023,3023,3023,3032,3739,965,.,.,-1,1.0,6350,-1
5310,5309,3036,3024,3024,3024,3032,4696,965,.,.,-1,1.0,6350,-1
5310,5309,3037,3025,3025,3025,3032,5366,965,.,.,-1,1.0,6350,-1
5310,5309,3038,3026,3026,3026,3032,5914,965,.,.,-1,1.0,6350,-1
5310,5309,3039,3027,3027,3027,3032,6269,965,.,.,-1,1.0,6350,-1
5310,5309,3040,3028,3028,3028,3032,6563,965,.,.,-1,1.0,6350,-1
5310,5309,3041,3029,3029,3029,3032,6574,965,.,.,-1,1.0,6350,-1
5310,5309,3042,3030,3030,3030,3032,7654,965,.,.,-1,1.0,6350,-1
5310,5309,3043,3031,3031,3031,3032,7914,965,.,.,-1,1.0,6350,-1
5310,5309,3068,3056,3056,3056,3067,2514,965,.,.,-1,1.0,6350,-1
5310,5309,3069,3057,3057,3057,3067,3739,965,.,.,-1,1.0,6350,-1
5310,5309,3070,3058,3058,3058,3067,4798,965,.,.,-1,1.0,6350,-1
5310,5309,3071,3059,3059,3059,3067,4985,965,.,.,-1,1.0,6350,-1
5310,5309,3072,3060,3060,3060,3067,5366,965,.,.,-1,1.0,6350,-1
5310,5309,3073,3061,3061,3061,3067,6312,965,.,.,-1,1.0,6350,-1
5310,5309,3074,3062,3062,3062,3067,6454,965,.,.,-1,1.0,6350,-1
5310,5309,3075,3063,3063,3063,3067,6480,965,.,.,-1,1.0,6350,-1
5310,5309,3076,3064,3064,3064,3067,6574,965,.,.,-1,1.0,6350,-1
5310,5309,3077,3065,3065,3065,3067,7058,965,.,.,-1,1.0,6350,-1
5310,5309,3078,3066,3066,3066,3067,7880,965,.,.,-1,1.0,6350,-1
5310,5309,3150,3084,3084,3084,3149,189,965,.,.,-1,1.0,6350,-1
5310,5309,3151,3085,3085,3085,3149,521,965,.,.,-1,1.0,6350,-1
5310,5309,3152,3086,3086,3086,3149,692,965,.,.,-1,1.0,6350,-1
5310,5309,3153,3087,3087,3087,3149,831,965,.,.,-1,1.0,6350,-1
5310,5309,3154,3088,3088,3088,3149,1000,965,.,.,-1,1.0,6350,-1
5310,5309,3156,3090,3090,3090,3149,1117,965,.,.,-1,1.0,6350,-1
5310,5309,3155,3089,3089,3089,3149,1035,965,.,.,-1,1.0,6350,-1
5310,5309,3157,3091,3091,3091,3149,1321,965,.,.,-1,1.0,6350,-1
5310,5309,3158,3092,3092,3092,3149,1579,965,.,.,-1,1.0,6350,-1
5310,5309,3159,3093,3093,3093,3149,2473,965,.,.,-1,80.0,0,-1
5310,5309,3160,3094,3094,3094,3149,2475,965,.,.,-1,1.0,6350,-1
5310,5309,3161,3095,3095,3095,3149,2766,965,.,.,-1,1.0,6350,-1
5310,5309,3162,3096,3096,3096,3149,2919,965,.,.,-1,1.0,6350,-1
5310,5309,3163,3097,3097,3097,3149,2955,965,.,.,-1,1.0,6350,-1
5310,5309,3164,3098,3098,3098,3149,3019,965,.,.,-1,26.0,6751,-1
5310,5309,3165,3099,3099,3099,3149,3240,965,.,.,-1,1.0,6350,-1
5310,5309,3166,3100,3100,3100,3149,3266,965,.,.,-1,1.0,6350,-1
5310,5309,3167,3101,3101,3101,3149,3305,965,.,.,-1,2.0,6350,-1
5310,5309,3168,3102,3102,3102,3149,3358,965,.,.,-1,1.0,6350,-1
5310,5309,3169,3103,3103,3103,3149,3398,965,.,.,-1,1.0,6350,-1
5310,5309,3170,3104,3104,3104,3149,3449,965,.,.,-1,2.0,6350,-1
5310,5309,3171,3105,3105,3105,3149,3526,965,.,.,-1,1.0,6350,-1
5310,5309,3172,3106,3106,3106,3149,3528,965,.,.,-1,2.0,6350,-1
5310,5309,3173,3107,3107,3107,3149,3602,965,.,.,-1,1.0,6350,-1
5310,5309,3174,3108,3108,3108,3149,3674,965,.,.,-1,1.0,6350,-1
5310,5309,3175,3109,3109,3109,3149,3702,965,.,.,-1,1.0,6350,-1
5310,5309,3176,3110,3110,3110,3149,3750,965,.,.,-1,3.0,6350,-1
5310,5309,3177,3111,3111,3111,3149,4201,965,.,.,-1,2.0,6350,-1
5310,5309,3179,3113,3113,3113,3149,4368,965,.,.,-1,1.0,6350,-1
5310,5309,3178,3112,3112,3112,3149,4317,965,.,.,-1,1.0,6350,-1
5310,5309,3180,3114,3114,3114,3149,4430,965,.,.,-1,2.0,6350,-1
5310,5309,3181,3115,3115,3115,3149,4627,965,.,.,-1,1.0,6350,-1
5310,5309,3182,3116,3116,3116,3149,4796,965,.,.,-1,1.0,6350,-1
5310,5309,3183,3117,3117,3117,3149,4800,965,.,.,-1,1.0,6350,-1
5310,5309,3184,3118,3118,3118,3149,4804,965,.,.,-1,1.0,6350,-1
5310,5309,3185,3119,3119,3119,3149,4917,965,.,.,-1,2.0,6350,-1
5310,5309,3186,3120,3120,3120,3149,5181,965,.,.,-1,2.0,6350,-1
5310,5309,3187,3121,3121,3121,3149,5312,965,.,.,-1,2.0,6350,-1
5310,5309,3188,3122,3122,3122,3149,5339,965,.,.,-1,2.0,6350,-1
5310,5309,3189,3123,3123,3123,3149,5368,965,.,.,-1,1.0,6350,-1
5310,5309,3190,3124,3124,3124,3149,5370,965,.,.,-1,1.0,6350,-1
5310,5309,3191,3125,3125,3125,3149,5425,965,.,.,-1,1.0,6350,-1
5310,5309,3192,3126,3126,3126,3149,5482,965,.,.,-1,25.0,6751,-1
5310,5309,3193,3127,3127,3127,3149,5616,965,.,.,-1,1.0,6350,-1
5310,5309,3194,3128,3128,3128,3149,5652,965,.,.,-1,1.0,6350,-1
5310,5309,3195,3129,3129,3129,3149,5996,965,.,.,-1,1.0,6350,-1
5310,5309,3196,3130,3130,3130,3149,6055,965,.,.,-1,1.0,6350,-1
5310,5309,3197,3131,3131,3131,3149,6154,965,.,.,-1,2.0,6350,-1
5310,5309,3198,3132,3132,3132,3149,6214,965,.,.,-1,2.0,6350,-1
5310,5309,3199,3133,3133,3133,3149,6578,965,.,.,-1,1.0,6350,-1
5310,5309,3200,3134,3134,3134,3149,6584,965,.,.,-1,1.0,6350,-1
5310,5309,3201,3135,3135,3135,3149,6624,965,.,.,-1,1.0,6350,-1
5310,5309,3202,3136,3136,3136,3149,6706,965,.,.,-1,1.0,6350,-1
5310,5309,3203,3137,3137,3137,3149,6959,965,.,.,-1,1.0,6350,-1
5310,5309,3204,3138,3138,3138,3149,7191,965,.,.,-1,1.0,6350,-1
5310,5309,3205,3139,3139,3139,3149,7297,965,.,.,-1,1.0,6350,-1
5310,5309,3206,3140,3140,3140,3149,7451,965,.,.,-1,18.0,6751,-1
5310,5309,3207,3141,3141,3141,3149,7578,965,.,.,-1,2.0,6350,-1
5310,5309,3208,3142,3142,3142,3149,8087,965,.,.,-1,26.0,6751,-1
5310,5309,3209,3143,3143,3143,3149,8187,965,.,.,-1,1.0,6350,-1
5310,5309,3210,3144,3144,3144,3149,8286,965,.,.,-1,1.0,6350,-1
5310,5309,3211,3145,3145,3145,3149,8377,965,.,.,-1,2.0,6350,-1
5310,5309,3212,3146,3146,3146,3149,8445,965,.,.,-1,23.0,6751,-1
5310,5309,3213,3147,3147,3147,3149,8510,965,.,.,-1,1.0,6350,-1
5310,5309,3214,3148,3148,3148,3149,9287,965,.,.,-1,1.0,6350,-1
5310,5309,3228,3216,3216,3216,3227,260,965,.,.,-1,1.0,6350,-1
5310,5309,3229,3217,3217,3217,3227,441,965,.,.,-1,1.0,6350,-1
5310,5309,3230,3218,3218,3218,3227,2514,965,.,.,-1,1.0,6350,-1
5310,5309,3231,3219,3219,3219,3227,4696,965,.,.,-1,1.0,6350,-1
5310,5309,3232,3220,3220,3220,3227,4798,965,.,.,-1,1.0,6350,-1
5310,5309,3233,3221,3221,3221,3227,4985,965,.,.,-1,1.0,6350,-1
5310,5309,3234,3222,3222,3222,3227,6269,965,.,.,-1,1.0,6350,-1
5310,5309,3235,3223,3223,3223,3227,6366,965,.,.,-1,1.0,6350,-1
5310,5309,3236,3224,3224,3224,3227,7914,965,.,.,-1,1.0,6350,-1
5310,5309,3237,3225,3225,3225,3227,8100,965,.,.,-1,1.0,6350,-1
5310,5309,3238,3226,3226,3226,3227,8564,965,.,.,-1,1.0,6350,-1
5310,5309,3254,3242,3242,3242,3253,441,965,.,.,-1,1.0,6350,-1
5310,5309,3255,3243,3243,3243,3253,2966,965,.,.,-1,1.0,6350,-1
5310,5309,3256,3244,3244,3244,3253,3350,965,.,.,-1,1.0,6350,-1
5310,5309,3257,3245,3245,3245,3253,3739,965,.,.,-1,1.0,6350,-1
5310,5309,3258,3246,3246,3246,3253,6312,965,.,.,-1,1.0,6350,-1
5310,5309,3259,3247,3247,3247,3253,6574,965,.,.,-1,1.0,6350,-1
5310,5309,3260,3248,3248,3248,3253,7058,965,.,.,-1,1.0,6350,-1
5310,5309,3261,3249,3249,3249,3253,8052,965,.,.,-1,1.0,6350,-1
5310,5309,3262,3250,3250,3250,3253,8074,965,.,.,-1,1.0,6350,-1
5310,5309,3263,3251,3251,3251,3253,8100,965,.,.,-1,1.0,6350,-1
5310,5309,3264,3252,3252,3252,3253,8660,965,.,.,-1,1.0,6350,-1
5310,5309,3306,3268,3268,3268,3305,272,965,.,.,-1,1.0,6350,-1
5310,5309,3307,3269,3269,3269,3305,831,965,.,.,-1,1.0,6350,-1
5310,5309,3308,3270,3270,3270,3305,1000,965,.,.,-1,1.0,6350,-1
5310,5309,3309,3271,3271,3271,3305,1035,965,.,.,-1,1.0,6350,-1
5310,5309,3310,3272,3272,3272,3305,1245,965,.,.,-1,1.0,6350,-1
5310,5309,3311,3273,3273,3273,3305,1525,965,.,.,-1,1.0,6350,-1
5310,5309,3312,3274,3274,3274,3305,2473,965,.,.,-1,16.0,0,-1
5310,5309,3313,3275,3275,3275,3305,2559,965,.,.,-1,1.0,6350,-1
5310,5309,3314,3276,3276,3276,3305,2849,965,.,.,-1,1.0,6350,-1
5310,5309,3315,3277,3277,3277,3305,2883,965,.,.,-1,1.0,6350,-1
5310,5309,3316,3278,3278,3278,3305,3019,965,.,.,-1,13.0,6751,-1
5310,5309,3317,3279,3279,3279,3305,3080,965,.,.,-1,1.0,6350,-1
5310,5309,3318,3280,3280,3280,3305,3149,965,.,.,-1,1.0,6350,-1
5310,5309,3319,3281,3281,3281,3305,3240,965,.,.,-1,1.0,6350,-1
5310,5309,3320,3282,3282,3282,3305,3398,965,.,.,-1,1.0,6350,-1
5310,5309,3321,3283,3283,3283,3305,3602,965,.,.,-1,2.0,6350,-1
5310,5309,3322,3284,3284,3284,3305,3919,965,.,.,-1,1.0,6350,-1
5310,5309,3323,3285,3285,3285,3305,4052,965,.,.,-1,1.0,6350,-1
5310,5309,3324,3286,3286,3286,3305,4266,965,.,.,-1,1.0,6350,-1
5310,5309,3325,3287,3287,3287,3305,5425,965,.,.,-1,1.0,6350,-1
5310,5309,3326,3288,3288,3288,3305,5482,965,.,.,-1,16.0,6751,-1
5310,5309,3328,3290,3290,3290,3305,5650,965,.,.,-1,1.0,6350,-1
5310,5309,3327,3289,3289,3289,3305,5582,965,.,.,-1,1.0,6350,-1
5310,5309,3329,3291,3291,3291,3305,5857,965,.,.,-1,1.0,6350,-1
5310,5309,3330,3292,3292,3292,3305,6522,965,.,.,-1,1.0,6350,-1
5310,5309,3331,3293,3293,3293,3305,6578,965,.,.,-1,1.0,6350,-1
5310,5309,3332,3294,3294,3294,3305,6586,965,.,.,-1,1.0,6350,-1
5310,5309,3333,3295,3295,3295,3305,7451,965,.,.,-1,13.0,6751,-1
5310,5309,3334,3296,3296,3296,3305,7753,965,.,.,-1,1.0,6350,-1
5310,5309,3335,3297,3297,3297,3305,8087,965,.,.,-1,10.0,6751,-1
5310,5309,3336,3298,3298,3298,3305,8187,965,.,.,-1,1.0,6350,-1
5310,5309,3337,3299,3299,3299,3305,8445,965,.,.,-1,11.0,6751,-1
5310,5309,3338,3300,3300,3300,3305,8447,965,.,.,-1,20.0,0,-1
5310,5309,3339,3301,3301,3301,3305,8470,965,.,.,-1,1.0,6350,-1
5310,5309,3340,3302,3302,3302,3305,9228,965,.,.,-1,2.0,6350,-1
5310,5309,3341,3303,3303,3303,3305,9289,965,.,.,-1,1.0,6350,-1
5310,5309,3342,3304,3304,3304,3305,9351,965,.,.,-1,1.0,6350,-1
5310,5309,3351,3344,3344,3344,3350,2715,965,.,.,-1,1.0,6347,-1
5310,5309,3352,3345,3345,3345,3350,2957,965,.,.,-1,2.0,6347,-1
5310,5309,3353,3346,3346,3346,3350,3530,965,.,.,-1,3.0,6347,-1
5310,5309,3354,3347,3347,3347,3350,5480,965,.,.,-1,1.0,6347,-1
5310,5309,3355,3348,3348,3348,3350,6349,965,.,.,-1,1.0,6347,-1
5310,5309,3356,3349,3349,3349,3350,6442,965,.,.,-1,1.0,6347,-1
5310,5309,3399,3360,3360,3360,3398,32,965,.,.,-1,1.0,6350,-1
5310,5309,3400,3361,3361,3361,3398,1000,965,.,.,-1,2.0,6350,-1
5310,5309,3401,3362,3362,3362,3398,1035,965,.,.,-1,1.0,6350,-1
5310,5309,3402,3363,3363,3363,3398,1525,965,.,.,-1,1.0,6350,-1
5310,5309,3403,3364,3364,3364,3398,1581,965,.,.,-1,1.0,6350,-1
5310,5309,3404,3365,3365,3365,3398,2421,965,.,.,-1,1.0,6350,-1
5310,5309,3405,3366,3366,3366,3398,2473,965,.,.,-1,9.0,0,-1
5310,5309,3406,3367,3367,3367,3398,2475,965,.,.,-1,1.0,6350,-1
5310,5309,3407,3368,3368,3368,3398,2490,965,.,.,-1,1.0,6350,-1
5310,5309,3408,3369,3369,3369,3398,2559,965,.,.,-1,1.0,6350,-1
5310,5309,3409,3370,3370,3370,3398,2713,965,.,.,-1,1.0,6350,-1
5310,5309,3410,3371,3371,3371,3398,3019,965,.,.,-1,8.0,6751,-1
5310,5309,3411,3372,3372,3372,3398,3045,965,.,.,-1,1.0,6350,-1
5310,5309,3412,3373,3373,3373,3398,3449,965,.,.,-1,1.0,6350,-1
5310,5309,3413,3374,3374,3374,3398,3702,965,.,.,-1,1.0,6350,-1
5310,5309,3414,3375,3375,3375,3398,3801,965,.,.,-1,1.0,6350,-1
5310,5309,3415,3376,3376,3376,3398,3919,965,.,.,-1,1.0,6350,-1
5310,5309,3416,3377,3377,3377,3398,4368,965,.,.,-1,1.0,6350,-1
5310,5309,3417,3378,3378,3378,3398,4627,965,.,.,-1,1.0,6350,-1
5310,5309,3418,3379,3379,3379,3398,4832,965,.,.,-1,1.0,6350,-1
5310,5309,3419,3380,3380,3380,3398,4917,965,.,.,-1,1.0,6350,-1
5310,5309,3420,3381,3381,3381,3398,5234,965,.,.,-1,1.0,6350,-1
5310,5309,3421,3382,3382,3382,3398,5482,965,.,.,-1,10.0,6751,-1
5310,5309,3422,3383,3383,3383,3398,5857,965,.,.,-1,1.0,6350,-1
5310,5309,3423,3384,3384,3384,3398,6214,965,.,.,-1,1.0,6350,-1
5310,5309,3424,3385,3385,3385,3398,6352,965,.,.,-1,1.0,6350,-1
5310,5309,3425,3386,3386,3386,3398,6582,965,.,.,-1,1.0,6350,-1
5310,5309,3426,3387,3387,3387,3398,7096,965,.,.,-1,1.0,6350,-1
5310,5309,3427,3388,3388,3388,3398,7451,965,.,.,-1,7.0,6751,-1
5310,5309,3428,3389,3389,3389,3398,8087,965,.,.,-1,8.0,6751,-1
5310,5309,3429,3390,3390,3390,3398,8377,965,.,.,-1,1.0,6350,-1
5310,5309,3430,3391,3391,3391,3398,8445,965,.,.,-1,7.0,6751,-1
5310,5309,3431,3392,3392,3392,3398,8447,965,.,.,-1,2.0,6751,-1
5310,5309,3432,3393,3393,3393,3398,8470,965,.,.,-1,1.0,6350,-1
5310,5309,3433,3394,3394,3394,3398,8938,965,.,.,-1,1.0,6350,-1
5310,5309,3434,3395,3395,3395,3398,9289,965,.,.,-1,1.0,6350,-1
5310,5309,3435,3396,3396,3396,3398,9291,965,.,.,-1,1.0,6350,-1
5310,5309,3436,3397,3397,3397,3398,9295,965,.,.,-1,5.0,0,-1
5310,5309,3450,3438,3438,3438,3449,272,965,.,.,-1,1.0,6350,-1
5310,5309,3451,3439,3439,3439,3449,911,965,.,.,-1,1.0,6350,-1
5310,5309,3452,3440,3440,3440,3449,2766,965,.,.,-1,1.0,6350,-1
5310,5309,3453,3441,3441,3441,3449,3019,965,.,.,-1,3.0,6751,-1
5310,5309,3454,3442,3442,3442,3449,5482,965,.,.,-1,1.0,6751,-1
5310,5309,3455,3443,3443,3443,3449,7191,965,.,.,-1,1.0,6350,-1
5310,5309,3456,3444,3444,3444,3449,7451,965,.,.,-1,2.0,6751,-1
5310,5309,3457,3445,3445,3445,3449,8087,965,.,.,-1,3.0,6751,-1
5310,5309,3458,3446,3446,3446,3449,8445,965,.,.,-1,3.0,6751,-1
5310,5309,3459,3447,3447,3447,3449,9228,965,.,.,-1,1.0,6350,-1
5310,5309,3460,3448,3448,3448,3449,9426,965,.,.,-1,1.0,6350,-1
5310,5309,3494,3462,3462,3462,3493,642,965,.,.,-1,2.0,6350,-1
5310,5309,3495,3463,3463,3463,3493,1035,965,.,.,-1,1.0,6350,-1
5310,5309,3496,3464,3464,3464,3493,1412,965,.,.,-1,1.0,6350,-1
5310,5309,3497,3465,3465,3465,3493,1525,965,.,.,-1,1.0,6350,-1
5310,5309,3498,3466,3466,3466,3493,2490,965,.,.,-1,1.0,6350,-1
5310,5309,3499,3467,3467,3467,3493,2559,965,.,.,-1,1.0,6350,-1
5310,5309,3500,3468,3468,3468,3493,2713,965,.,.,-1,1.0,6350,-1
5310,5309,3501,3469,3469,3469,3493,3019,965,.,.,-1,9.0,6751,-1
5310,5309,3502,3470,3470,3470,3493,3045,965,.,.,-1,2.0,6350,-1
5310,5309,3503,3471,3471,3471,3493,3240,965,.,.,-1,1.0,6350,-1
5310,5309,3504,3472,3472,3472,3493,4492,965,.,.,-1,1.0,6350,-1
5310,5309,3505,3473,3473,3473,3493,4540,965,.,.,-1,1.0,6350,-1
5310,5309,3506,3474,3474,3474,3493,5312,965,.,.,-1,1.0,6350,-1
5310,5309,3507,3475,3475,3475,3493,5339,965,.,.,-1,1.0,6350,-1
5310,5309,3508,3476,3476,3476,3493,5482,965,.,.,-1,10.0,6751,-1
5310,5309,3509,3477,3477,3477,3493,5652,965,.,.,-1,2.0,6350,-1
5310,5309,3510,3478,3478,3478,3493,6584,965,.,.,-1,1.0,6350,-1
5310,5309,3511,3479,3479,3479,3493,6624,965,.,.,-1,1.0,6350,-1
5310,5309,3512,3480,3480,3480,3493,7096,965,.,.,-1,2.0,6350,-1
5310,5309,3513,3481,3481,3481,3493,7335,965,.,.,-1,1.0,6350,-1
5310,5309,3514,3482,3482,3482,3493,7451,965,.,.,-1,7.0,6751,-1
5310,5309,3515,3483,3483,3483,3493,7690,965,.,.,-1,2.0,6350,-1
5310,5309,3517,3485,3485,3485,3493,7753,965,.,.,-1,1.0,6350,-1
5310,5309,3516,3484,3484,3484,3493,7732,965,.,.,-1,1.0,6350,-1
5310,5309,3518,3486,3486,3486,3493,8087,965,.,.,-1,12.0,6751,-1
5310,5309,3519,3487,3487,3487,3493,8445,965,.,.,-1,11.0,6751,-1
5310,5309,3520,3488,3488,3488,3493,9001,965,.,.,-1,1.0,6350,-1
5310,5309,3521,3489,3489,3489,3493,9074,965,.,.,-1,3.0,6350,-1
5310,5309,3522,3490,3490,3490,3493,9287,965,.,.,-1,1.0,6350,-1
5310,5309,3523,3491,3491,3491,3493,9295,965,.,.,-1,24.0,0,-1
5310,5309,3524,3492,3492,3492,3493,9351,965,.,.,-1,2.0,6350,-1
5310,5309,3603,3532,3532,3532,3602,32,965,.,.,-1,1.0,6350,-1
5310,5309,3604,3533,3533,3533,3602,81,965,.,.,-1,2.0,6350,-1
5310,5309,3605,3534,3534,3534,3602,189,965,.,.,-1,1.0,6350,-1
5310,5309,3606,3535,3535,3535,3602,272,965,.,.,-1,1.0,6350,-1
5310,5309,3607,3536,3536,3536,3602,692,965,.,.,-1,1.0,6350,-1
5310,5309,3608,3537,3537,3537,3602,749,965,.,.,-1,1.0,6350,-1
5310,5309,3609,3538,3538,3538,3602,1000,965,.,.,-1,1.0,6350,-1
5310,5309,3610,3539,3539,3539,3602,1199,965,.,.,-1,1.0,6350,-1
5310,5309,3611,3540,3540,3540,3602,1321,965,.,.,-1,2.0,6350,-1
5310,5309,3612,3541,3541,3541,3602,1412,965,.,.,-1,1.0,6350,-1
5310,5309,3613,3542,3542,3542,3602,2322,965,.,.,-1,1.0,6350,-1
5310,5309,3614,3543,3543,3543,3602,2421,965,.,.,-1,1.0,6350,-1
5310,5309,3615,3544,3544,3544,3602,2475,965,.,.,-1,2.0,6350,-1
5310,5309,3616,3545,3545,3545,3602,2490,965,.,.,-1,2.0,6350,-1
5310,5309,3617,3546,3546,3546,3602,2514,965,.,.,-1,2.0,6350,-1
5310,5309,3618,3547,3547,3547,3602,2559,965,.,.,-1,1.0,6350,-1
5310,5309,3619,3548,3548,3548,3602,2652,965,.,.,-1,1.0,6350,-1
5310,5309,3620,3549,3549,3549,3602,2713,965,.,.,-1,1.0,6350,-1
5310,5309,3621,3550,3550,3550,3602,2766,965,.,.,-1,2.0,6350,-1
5310,5309,3622,3551,3551,3551,3602,2919,965,.,.,-1,2.0,6350,-1
5310,5309,3623,3552,3552,3552,3602,2955,965,.,.,-1,2.0,6350,-1
5310,5309,3624,3553,3553,3553,3602,3019,965,.,.,-1,18.0,6751,-1
5310,5309,3625,3554,3554,3554,3602,3045,965,.,.,-1,2.0,6350,-1
5310,5309,3626,3555,3555,3555,3602,3080,965,.,.,-1,2.0,6350,-1
5310,5309,3627,3556,3556,3556,3602,3082,965,.,.,-1,1.0,6350,-1
5310,5309,3628,3557,3557,3557,3602,3149,965,.,.,-1,1.0,6350,-1
5310,5309,3629,3558,3558,3558,3602,3266,965,.,.,-1,1.0,6350,-1
5310,5309,3630,3559,3559,3559,3602,3398,965,.,.,-1,2.0,6350,-1
5310,5309,3631,3560,3560,3560,3602,3528,965,.,.,-1,1.0,6350,-1
5310,5309,3632,3561,3561,3561,3602,3801,965,.,.,-1,1.0,6350,-1
5310,5309,3633,3562,3562,3562,3602,3919,965,.,.,-1,1.0,6350,-1
5310,5309,3635,3564,3564,3564,3602,4368,965,.,.,-1,1.0,6350,-1
5310,5309,3634,3563,3563,3563,3602,4266,965,.,.,-1,1.0,6350,-1
5310,5309,3636,3565,3565,3565,3602,4627,965,.,.,-1,1.0,6350,-1
5310,5309,3637,3566,3566,3566,3602,4800,965,.,.,-1,1.0,6350,-1
5310,5309,3638,3567,3567,3567,3602,4802,965,.,.,-1,3.0,6350,-1
5310,5309,3639,3568,3568,3568,3602,5236,965,.,.,-1,2.0,6350,-1
5310,5309,3640,3569,3569,3569,3602,5339,965,.,.,-1,2.0,6350,-1
5310,5309,3641,3570,3570,3570,3602,5482,965,.,.,-1,26.0,6751,-1
5310,5309,3642,3571,3571,3571,3602,5532,965,.,.,-1,1.0,6350,-1
5310,5309,3643,3572,3572,3572,3602,5652,965,.,.,-1,1.0,6350,-1
5310,5309,3644,3573,3573,3573,3602,5739,965,.,.,-1,1.0,6350,-1
5310,5309,3645,3574,3574,3574,3602,5857,965,.,.,-1,3.0,6350,-1
5310,5309,3646,3575,3575,3575,3602,5996,965,.,.,-1,1.0,6350,-1
5310,5309,3647,3576,3576,3576,3602,6214,965,.,.,-1,1.0,6350,-1
5310,5309,3648,3577,3577,3577,3602,6352,965,.,.,-1,3.0,6350,-1
5310,5309,3649,3578,3578,3578,3602,6550,965,.,.,-1,2.0,6350,-1
5310,5309,3650,3579,3579,3579,3602,6552,965,.,.,-1,1.0,6350,-1
5310,5309,3651,3580,3580,3580,3602,6578,965,.,.,-1,1.0,6350,-1
5310,5309,3652,3581,3581,3581,3602,6586,965,.,.,-1,1.0,6350,-1
5310,5309,3653,3582,3582,3582,3602,6706,965,.,.,-1,1.0,6350,-1
5310,5309,3654,3583,3583,3583,3602,7335,965,.,.,-1,1.0,6350,-1
5310,5309,3655,3584,3584,3584,3602,7451,965,.,.,-1,23.0,6751,-1
5310,5309,3656,3585,3585,3585,3602,7578,965,.,.,-1,1.0,6350,-1
5310,5309,3657,3586,3586,3586,3602,7690,965,.,.,-1,2.0,6350,-1
5310,5309,3658,3587,3587,3587,3602,7753,965,.,.,-1,2.0,6350,-1
5310,5309,3659,3588,3588,3588,3602,7812,965,.,.,-1,2.0,6350,-1
5310,5309,3660,3589,3589,3589,3602,8087,965,.,.,-1,23.0,6751,-1
5310,5309,3661,3590,3590,3590,3602,8286,965,.,.,-1,1.0,6350,-1
5310,5309,3662,3591,3591,3591,3602,8377,965,.,.,-1,1.0,6350,-1
5310,5309,3663,3592,3592,3592,3602,8445,965,.,.,-1,30.0,6751,-1
5310,5309,3664,3593,3593,3593,3602,8627,965,.,.,-1,1.0,6350,-1
5310,5309,3665,3594,3594,3594,3602,8718,965,.,.,-1,1.0,6350,-1
5310,5309,3666,3595,3595,3595,3602,8823,965,.,.,-1,1.0,6350,-1
5310,5309,3667,3596,3596,3596,3602,8877,965,.,.,-1,2.0,6350,-1
5310,5309,3668,3597,3597,3597,3602,8999,965,.,.,-1,2.0,6350,-1
5310,5309,3669,3598,3598,3598,3602,9001,965,.,.,-1,1.0,6350,-1
5310,5309,3670,3599,3599,3599,3602,9228,965,.,.,-1,1.0,6350,-1
5310,5309,3671,3600,3600,3600,3602,9295,965,.,.,-1,68.0,0,-1
5310,5309,3672,3601,3601,3601,3602,9426,965,.,.,-1,3.0,6350,-1
5310,5309,3703,3676,3676,3676,3702,32,965,.,.,-1,1.0,6350,-1
5310,5309,3704,3677,3677,3677,3702,521,965,.,.,-1,1.0,6350,-1
5310,5309,3705,3678,3678,3678,3702,1035,965,.,.,-1,1.0,6350,-1
5310,5309,3706,3679,3679,3679,3702,1631,965,.,.,-1,1.0,6350,-1
5310,5309,3707,3680,3680,3680,3702,2473,965,.,.,-1,7.0,0,-1
5310,5309,3708,3681,3681,3681,3702,2490,965,.,.,-1,1.0,6350,-1
5310,5309,3709,3682,3682,3682,3702,2514,965,.,.,-1,1.0,6350,-1
5310,5309,3710,3683,3683,3683,3702,3019,965,.,.,-1,4.0,6751,-1
5310,5309,3711,3684,3684,3684,3702,3080,965,.,.,-1,1.0,6350,-1
5310,5309,3712,3685,3685,3685,3702,3240,965,.,.,-1,1.0,6350,-1
5310,5309,3713,3686,3686,3686,3702,4052,965,.,.,-1,1.0,6350,-1
5310,5309,3714,3687,3687,3687,3702,4627,965,.,.,-1,1.0,6350,-1
5310,5309,3715,3688,3688,3688,3702,5425,965,.,.,-1,1.0,6350,-1
5310,5309,3716,3689,3689,3689,3702,5482,965,.,.,-1,4.0,6751,-1
5310,5309,3717,3690,3690,3690,3702,5650,965,.,.,-1,1.0,6350,-1
5310,5309,3718,3691,3691,3691,3702,6154,965,.,.,-1,1.0,6350,-1
5310,5309,3719,3692,3692,3692,3702,6578,965,.,.,-1,1.0,6350,-1
5310,5309,3720,3693,3693,3693,3702,7451,965,.,.,-1,4.0,6751,-1
5310,5309,3721,3694,3694,3694,3702,7690,965,.,.,-1,1.0,6350,-1
5310,5309,3722,3695,3695,3695,3702,7984,965,.,.,-1,2.0,6350,-1
5310,5309,3723,3696,3696,3696,3702,8087,965,.,.,-1,2.0,6751,-1
5310,5309,3724,3697,3697,3697,3702,8445,965,.,.,-1,6.0,6751,-1
5310,5309,3725,3698,3698,3698,3702,8447,965,.,.,-1,7.0,0,-1
5310,5309,3726,3699,3699,3699,3702,8470,965,.,.,-1,1.0,6350,-1
5310,5309,3727,3700,3700,3700,3702,9291,965,.,.,-1,1.0,6350,-1
5310,5309,3728,3701,3701,3701,3702,9293,965,.,.,-1,1.0,6350,-1
5310,5309,3740,3730,3730,3730,3739,2715,965,.,.,-1,1.0,6347,-1
5310,5309,3741,3731,3731,3731,3739,2957,965,.,.,-1,3.0,6347,-1
5310,5309,3742,3732,3732,3732,3739,3530,965,.,.,-1,1.0,6347,-1
5310,5309,3743,3733,3733,3733,3739,5480,965,.,.,-1,2.0,6347,-1
5310,5309,3744,3734,3734,3734,3739,6349,965,.,.,-1,3.0,6347,-1
5310,5309,3745,3735,3735,3735,3739,6442,965,.,.,-1,1.0,6347,-1
5310,5309,3746,3736,3736,3736,3739,6576,965,.,.,-1,2.0,6347,-1
5310,5309,3747,3737,3737,3737,3739,8447,965,.,.,-1,1.0,6347,-1
5310,5309,3748,3738,3738,3738,3739,9295,965,.,.,-1,2.0,6347,-1
5310,5309,3802,3752,3752,3752,3801,189,965,.,.,-1,2.0,6350,-1
5310,5309,3803,3753,3753,3753,3801,345,965,.,.,-1,1.0,6350,-1
5310,5309,3804,3754,3754,3754,3801,692,965,.,.,-1,1.0,6350,-1
5310,5309,3805,3755,3755,3755,3801,1000,965,.,.,-1,2.0,6350,-1
5310,5309,3807,3757,3757,3757,3801,1117,965,.,.,-1,1.0,6350,-1
5310,5309,3806,3756,3756,3756,3801,1035,965,.,.,-1,2.0,6350,-1
5310,5309,3808,3758,3758,3758,3801,1199,965,.,.,-1,1.0,6350,-1
5310,5309,3809,3759,3759,3759,3801,1579,965,.,.,-1,1.0,6350,-1
5310,5309,3810,3760,3760,3760,3801,2322,965,.,.,-1,1.0,6350,-1
5310,5309,3811,3761,3761,3761,3801,2421,965,.,.,-1,1.0,6350,-1
5310,5309,3812,3762,3762,3762,3801,2477,965,.,.,-1,1.0,6350,-1
5310,5309,3813,3763,3763,3763,3801,2514,965,.,.,-1,1.0,6350,-1
5310,5309,3814,3764,3764,3764,3801,2559,965,.,.,-1,1.0,6350,-1
5310,5309,3815,3765,3765,3765,3801,2849,965,.,.,-1,2.0,6350,-1
5310,5309,3816,3766,3766,3766,3801,2919,965,.,.,-1,1.0,6350,-1
5310,5309,3817,3767,3767,3767,3801,2995,965,.,.,-1,1.0,6350,-1
5310,5309,3818,3768,3768,3768,3801,3019,965,.,.,-1,14.0,6751,-1
5310,5309,3819,3769,3769,3769,3801,3045,965,.,.,-1,1.0,6350,-1
5310,5309,3820,3770,3770,3770,3801,3240,965,.,.,-1,1.0,6350,-1
5310,5309,3821,3771,3771,3771,3801,3449,965,.,.,-1,1.0,6350,-1
5310,5309,3822,3772,3772,3772,3801,3526,965,.,.,-1,1.0,6350,-1
5310,5309,3823,3773,3773,3773,3801,3602,965,.,.,-1,1.0,6350,-1
5310,5309,3824,3774,3774,3774,3801,3750,965,.,.,-1,1.0,6350,-1
5310,5309,3825,3775,3775,3775,3801,4317,965,.,.,-1,1.0,6350,-1
5310,5309,3826,3776,3776,3776,3801,4430,965,.,.,-1,1.0,6350,-1
5310,5309,3827,3777,3777,3777,3801,4492,965,.,.,-1,1.0,6350,-1
5310,5309,3828,3778,3778,3778,3801,4800,965,.,.,-1,1.0,6350,-1
5310,5309,3829,3779,3779,3779,3801,5339,965,.,.,-1,1.0,6350,-1
5310,5309,3830,3780,3780,3780,3801,5482,965,.,.,-1,15.0,6751,-1
5310,5309,3831,3781,3781,3781,3801,5532,965,.,.,-1,1.0,6350,-1
5310,5309,3832,3782,3782,3782,3801,5652,965,.,.,-1,1.0,6350,-1
5310,5309,3833,3783,3783,3783,3801,5996,965,.,.,-1,1.0,6350,-1
5310,5309,3834,3784,3784,3784,3801,6055,965,.,.,-1,1.0,6350,-1
5310,5309,3835,3785,3785,3785,3801,6352,965,.,.,-1,2.0,6350,-1
5310,5309,3836,3786,3786,3786,3801,6522,965,.,.,-1,1.0,6350,-1
5310,5309,3837,3787,3787,3787,3801,6552,965,.,.,-1,1.0,6350,-1
5310,5309,3838,3788,3788,3788,3801,6959,965,.,.,-1,1.0,6350,-1
5310,5309,3839,3789,3789,3789,3801,7191,965,.,.,-1,1.0,6350,-1
5310,5309,3840,3790,3790,3790,3801,7451,965,.,.,-1,17.0,6751,-1
5310,5309,3841,3791,3791,3791,3801,8087,965,.,.,-1,11.0,6751,-1
5310,5309,3842,3792,3792,3792,3801,8286,965,.,.,-1,1.0,6350,-1
5310,5309,3843,3793,3793,3793,3801,8445,965,.,.,-1,14.0,6751,-1
5310,5309,3844,3794,3794,3794,3801,8718,965,.,.,-1,1.0,6350,-1
5310,5309,3845,3795,3795,3795,3801,8823,965,.,.,-1,1.0,6350,-1
5310,5309,3846,3796,3796,3796,3801,8877,965,.,.,-1,1.0,6350,-1
5310,5309,3847,3797,3797,3797,3801,9074,965,.,.,-1,2.0,6350,-1
5310,5309,3848,3798,3798,3798,3801,9291,965,.,.,-1,1.0,6350,-1
5310,5309,3849,3799,3799,3799,3801,9351,965,.,.,-1,2.0,6350,-1
5310,5309,3850,3800,3800,3800,3801,9426,965,.,.,-1,1.0,6350,-1
5310,5309,3920,3852,3852,3852,3919,32,965,.,.,-1,3.0,6350,-1
5310,5309,3921,3853,3853,3853,3919,189,965,.,.,-1,1.0,6350,-1
5310,5309,3922,3854,3854,3854,3919,521,965,.,.,-1,2.0,6350,-1
5310,5309,3923,3855,3855,3855,3919,642,965,.,.,-1,1.0,6350,-1
5310,5309,3924,3856,3856,3856,3919,749,965,.,.,-1,1.0,6350,-1
5310,5309,3925,3857,3857,3857,3919,831,965,.,.,-1,2.0,6350,-1
5310,5309,3926,3858,3858,3858,3919,911,965,.,.,-1,1.0,6350,-1
5310,5309,3927,3859,3859,3859,3919,1000,965,.,.,-1,3.0,6350,-1
5310,5309,3928,3860,3860,3860,3919,1035,965,.,.,-1,2.0,6350,-1
5310,5309,3929,3861,3861,3861,3919,1245,965,.,.,-1,1.0,6350,-1
5310,5309,3930,3862,3862,3862,3919,1321,965,.,.,-1,1.0,6350,-1
5310,5309,3931,3863,3863,3863,3919,1579,965,.,.,-1,1.0,6350,-1
5310,5309,3932,3864,3864,3864,3919,1631,965,.,.,-1,2.0,6350,-1
5310,5309,3933,3865,3865,3865,3919,2221,965,.,.,-1,1.0,6350,-1
5310,5309,3934,3866,3866,3866,3919,2322,965,.,.,-1,2.0,6350,-1
5310,5309,3935,3867,3867,3867,3919,2473,965,.,.,-1,35.0,0,-1
5310,5309,3936,3868,3868,3868,3919,2477,965,.,.,-1,2.0,6350,-1
5310,5309,3937,3869,3869,3869,3919,2490,965,.,.,-1,3.0,6350,-1
5310,5309,3938,3870,3870,3870,3919,2652,965,.,.,-1,1.0,6350,-1
5310,5309,3939,3871,3871,3871,3919,2713,965,.,.,-1,1.0,6350,-1
5310,5309,3940,3872,3872,3872,3919,2883,965,.,.,-1,1.0,6350,-1
5310,5309,3941,3873,3873,3873,3919,2919,965,.,.,-1,1.0,6350,-1
5310,5309,3942,3874,3874,3874,3919,3019,965,.,.,-1,27.0,6751,-1
5310,5309,3943,3875,3875,3875,3919,3240,965,.,.,-1,2.0,6350,-1
5310,5309,3944,3876,3876,3876,3919,3266,965,.,.,-1,1.0,6350,-1
5310,5309,3945,3877,3877,3877,3919,3449,965,.,.,-1,1.0,6350,-1
5310,5309,3946,3878,3878,3878,3919,3528,965,.,.,-1,1.0,6350,-1
5310,5309,3947,3879,3879,3879,3919,3674,965,.,.,-1,1.0,6350,-1
5310,5309,3948,3880,3880,3880,3919,3702,965,.,.,-1,2.0,6350,-1
5310,5309,3949,3881,3881,3881,3919,3750,965,.,.,-1,1.0,6350,-1
5310,5309,3950,3882,3882,3882,3919,3801,965,.,.,-1,1.0,6350,-1
5310,5309,3951,3883,3883,3883,3919,4052,965,.,.,-1,2.0,6350,-1
5310,5309,3952,3884,3884,3884,3919,4201,965,.,.,-1,1.0,6350,-1
5310,5309,3953,3885,3885,3885,3919,4266,965,.,.,-1,1.0,6350,-1
5310,5309,3954,3886,3886,3886,3919,4540,965,.,.,-1,1.0,6350,-1
5310,5309,3955,3887,3887,3887,3919,4800,965,.,.,-1,1.0,6350,-1
5310,5309,3956,3888,3888,3888,3919,4804,965,.,.,-1,1.0,6350,-1
5310,5309,3957,3889,3889,3889,3919,4917,965,.,.,-1,1.0,6350,-1
5310,5309,3958,3890,3890,3890,3919,5061,965,.,.,-1,3.0,6350,-1
5310,5309,3959,3891,3891,3891,3919,5236,965,.,.,-1,1.0,6350,-1
5310,5309,3960,3892,3892,3892,3919,5339,965,.,.,-1,1.0,6350,-1
5310,5309,3961,3893,3893,3893,3919,5370,965,.,.,-1,2.0,6350,-1
5310,5309,3962,3894,3894,3894,3919,5482,965,.,.,-1,21.0,6751,-1
5310,5309,3963,3895,3895,3895,3919,5532,965,.,.,-1,2.0,6350,-1
5310,5309,3964,3896,3896,3896,3919,5582,965,.,.,-1,1.0,6350,-1
5310,5309,3965,3897,3897,3897,3919,6154,965,.,.,-1,1.0,6350,-1
5310,5309,3966,3898,3898,3898,3919,6522,965,.,.,-1,1.0,6350,-1
5310,5309,3967,3899,3899,3899,3919,6550,965,.,.,-1,1.0,6350,-1
5310,5309,3968,3900,3900,3900,3919,6578,965,.,.,-1,1.0,6350,-1
5310,5309,3969,3901,3901,3901,3919,6582,965,.,.,-1,1.0,6350,-1
5310,5309,3970,3902,3902,3902,3919,6624,965,.,.,-1,1.0,6350,-1
5310,5309,3971,3903,3903,3903,3919,6862,965,.,.,-1,2.0,6350,-1
5310,5309,3972,3904,3904,3904,3919,7096,965,.,.,-1,1.0,6350,-1
5310,5309,3973,3905,3905,3905,3919,7335,965,.,.,-1,2.0,6350,-1
5310,5309,3974,3906,3906,3906,3919,7451,965,.,.,-1,22.0,6751,-1
5310,5309,3975,3907,3907,3907,3919,7578,965,.,.,-1,1.0,6350,-1
5310,5309,3977,3909,3909,3909,3919,7753,965,.,.,-1,1.0,6350,-1
5310,5309,3976,3908,3908,3908,3919,7732,965,.,.,-1,1.0,6350,-1
5310,5309,3978,3910,3910,3910,3919,7984,965,.,.,-1,2.0,6350,-1
5310,5309,3979,3911,3911,3911,3919,8087,965,.,.,-1,24.0,6751,-1
5310,5309,3980,3912,3912,3912,3919,8286,965,.,.,-1,1.0,6350,-1
5310,5309,3981,3913,3913,3913,3919,8445,965,.,.,-1,27.0,6751,-1
5310,5309,3982,3914,3914,3914,3919,8447,965,.,.,-1,38.0,0,-1
5310,5309,3983,3915,3915,3915,3919,8510,965,.,.,-1,2.0,6350,-1
5310,5309,3984,3916,3916,3916,3919,9074,965,.,.,-1,1.0,6350,-1
5310,5309,3985,3917,3917,3917,3919,9228,965,.,.,-1,1.0,6350,-1
5310,5309,3986,3918,3918,3918,3919,9293,965,.,.,-1,3.0,6350,-1
5310,5309,4053,3988,3988,3988,4052,345,965,.,.,-1,2.0,6350,-1
5310,5309,4054,3989,3989,3989,4052,521,965,.,.,-1,1.0,6350,-1
5310,5309,4055,3990,3990,3990,4052,692,965,.,.,-1,1.0,6350,-1
5310,5309,4056,3991,3991,3991,4052,831,965,.,.,-1,2.0,6350,-1
5310,5309,4057,3992,3992,3992,4052,911,965,.,.,-1,1.0,6350,-1
5310,5309,4058,3993,3993,3993,4052,1035,965,.,.,-1,1.0,6350,-1
5310,5309,4059,3994,3994,3994,4052,1412,965,.,.,-1,1.0,6350,-1
5310,5309,4060,3995,3995,3995,4052,1631,965,.,.,-1,1.0,6350,-1
5310,5309,4061,3996,3996,3996,4052,2421,965,.,.,-1,2.0,6350,-1
5310,5309,4062,3997,3997,3997,4052,2473,965,.,.,-1,40.0,0,-1
5310,5309,4063,3998,3998,3998,4052,2477,965,.,.,-1,1.0,6350,-1
5310,5309,4064,3999,3999,3999,4052,2559,965,.,.,-1,1.0,6350,-1
5310,5309,4065,4000,4000,4000,4052,2713,965,.,.,-1,2.0,6350,-1
5310,5309,4066,4001,4001,4001,4052,2766,965,.,.,-1,4.0,6350,-1
5310,5309,4067,4002,4002,4002,4052,2883,965,.,.,-1,1.0,6350,-1
5310,5309,4068,4003,4003,4003,4052,2919,965,.,.,-1,1.0,6350,-1
5310,5309,4069,4004,4004,4004,4052,2995,965,.,.,-1,1.0,6350,-1
5310,5309,4070,4005,4005,4005,4052,3019,965,.,.,-1,28.0,6751,-1
5310,5309,4071,4006,4006,4006,4052,3082,965,.,.,-1,1.0,6350,-1
5310,5309,4072,4007,4007,4007,4052,3149,965,.,.,-1,3.0,6350,-1
5310,5309,4073,4008,4008,4008,4052,3266,965,.,.,-1,1.0,6350,-1
5310,5309,4074,4009,4009,4009,4052,3305,965,.,.,-1,1.0,6350,-1
5310,5309,4075,4010,4010,4010,4052,3398,965,.,.,-1,1.0,6350,-1
5310,5309,4076,4011,4011,4011,4052,3493,965,.,.,-1,1.0,6350,-1
5310,5309,4077,4012,4012,4012,4052,3526,965,.,.,-1,1.0,6350,-1
5310,5309,4078,4013,4013,4013,4052,3602,965,.,.,-1,1.0,6350,-1
5310,5309,4079,4014,4014,4014,4052,3702,965,.,.,-1,1.0,6350,-1
5310,5309,4080,4015,4015,4015,4052,3801,965,.,.,-1,1.0,6350,-1
5310,5309,4081,4016,4016,4016,4052,4266,965,.,.,-1,1.0,6350,-1
5310,5309,4082,4017,4017,4017,4052,4627,965,.,.,-1,1.0,6350,-1
5310,5309,4083,4018,4018,4018,4052,4796,965,.,.,-1,1.0,6350,-1
5310,5309,4084,4019,4019,4019,4052,4800,965,.,.,-1,1.0,6350,-1
5310,5309,4085,4020,4020,4020,4052,4917,965,.,.,-1,1.0,6350,-1
5310,5309,4086,4021,4021,4021,4052,5312,965,.,.,-1,2.0,6350,-1
5310,5309,4087,4022,4022,4022,4052,5368,965,.,.,-1,1.0,6350,-1
5310,5309,4088,4023,4023,4023,4052,5482,965,.,.,-1,26.0,6751,-1
5310,5309,4089,4024,4024,4024,4052,5532,965,.,.,-1,1.0,6350,-1
5310,5309,4092,4027,4027,4027,4052,5650,965,.,.,-1,1.0,6350,-1
5310,5309,4090,4025,4025,4025,4052,5582,965,.,.,-1,1.0,6350,-1
5310,5309,4091,4026,4026,4026,4052,5616,965,.,.,-1,4.0,6350,-1
5310,5309,4093,4028,4028,4028,4052,6055,965,.,.,-1,3.0,6350,-1
5310,5309,4094,4029,4029,4029,4052,6550,965,.,.,-1,2.0,6350,-1
5310,5309,4095,4030,4030,4030,4052,6578,965,.,.,-1,1.0,6350,-1
5310,5309,4096,4031,4031,4031,4052,6580,965,.,.,-1,1.0,6350,-1
5310,5309,4097,4032,4032,4032,4052,6582,965,.,.,-1,3.0,6350,-1
5310,5309,4098,4033,4033,4033,4052,6584,965,.,.,-1,2.0,6350,-1
5310,5309,4099,4034,4034,4034,4052,6624,965,.,.,-1,2.0,6350,-1
5310,5309,4100,4035,4035,4035,4052,6706,965,.,.,-1,1.0,6350,-1
5310,5309,4101,4036,4036,4036,4052,6862,965,.,.,-1,1.0,6350,-1
5310,5309,4102,4037,4037,4037,4052,7191,965,.,.,-1,1.0,6350,-1
5310,5309,4103,4038,4038,4038,4052,7297,965,.,.,-1,1.0,6350,-1
5310,5309,4104,4039,4039,4039,4052,7451,965,.,.,-1,21.0,6751,-1
5310,5309,4105,4040,4040,4040,4052,7578,965,.,.,-1,1.0,6350,-1
5310,5309,4106,4041,4041,4041,4052,7732,965,.,.,-1,1.0,6350,-1
5310,5309,4107,4042,4042,4042,4052,7984,965,.,.,-1,1.0,6350,-1
5310,5309,4108,4043,4043,4043,4052,8087,965,.,.,-1,27.0,6751,-1
5310,5309,4109,4044,4044,4044,4052,8187,965,.,.,-1,1.0,6350,-1
5310,5309,4110,4045,4045,4045,4052,8286,965,.,.,-1,1.0,6350,-1
5310,5309,4111,4046,4046,4046,4052,8445,965,.,.,-1,26.0,6751,-1
5310,5309,4112,4047,4047,4047,4052,8447,965,.,.,-1,33.0,0,-1
5310,5309,4113,4048,4048,4048,4052,8999,965,.,.,-1,1.0,6350,-1
5310,5309,4114,4049,4049,4049,4052,9228,965,.,.,-1,1.0,6350,-1
5310,5309,4115,4050,4050,4050,4052,9287,965,.,.,-1,1.0,6350,-1
5310,5309,4116,4051,4051,4051,4052,9426,965,.,.,-1,1.0,6350,-1
5310,5309,4128,4118,4118,4118,4127,2473,965,.,.,-1,19.0,6347,-1
5310,5309,4129,4119,4119,4119,4127,2957,965,.,.,-1,8.0,6347,-1
5310,5309,4130,4120,4120,4120,4127,3530,965,.,.,-1,3.0,6347,-1
5310,5309,4131,4121,4121,4121,4127,5480,965,.,.,-1,4.0,6347,-1
5310,5309,4132,4122,4122,4122,4127,6349,965,.,.,-1,3.0,6347,-1
5310,5309,4133,4123,4123,4123,4127,6442,965,.,.,-1,3.0,6347,-1
5310,5309,4134,4124,4124,4124,4127,6576,965,.,.,-1,2.0,6347,-1
5310,5309,4135,4125,4125,4125,4127,7667,965,.,.,-1,3.0,6347,-1
5310,5309,4136,4126,4126,4126,4127,8447,965,.,.,-1,22.0,6347,-1
5310,5309,4202,4138,4138,4138,4201,345,965,.,.,-1,1.0,6350,-1
5310,5309,4203,4139,4139,4139,4201,521,965,.,.,-1,2.0,6350,-1
5310,5309,4204,4140,4140,4140,4201,1581,965,.,.,-1,1.0,6350,-1
5310,5309,4205,4141,4141,4141,4201,2473,965,.,.,-1,23.0,0,-1
5310,5309,4206,4142,4142,4142,4201,2514,965,.,.,-1,3.0,6350,-1
5310,5309,4207,4143,4143,4143,4201,2652,965,.,.,-1,1.0,6350,-1
5310,5309,4208,4144,4144,4144,4201,2713,965,.,.,-1,1.0,6350,-1
5310,5309,4209,4145,4145,4145,4201,2766,965,.,.,-1,1.0,6350,-1
5310,5309,4210,4146,4146,4146,4201,2919,965,.,.,-1,1.0,6350,-1
5310,5309,4211,4147,4147,4147,4201,2955,965,.,.,-1,1.0,6350,-1
5310,5309,4212,4148,4148,4148,4201,2995,965,.,.,-1,1.0,6350,-1
5310,5309,4213,4149,4149,4149,4201,3019,965,.,.,-1,17.0,6751,-1
5310,5309,4214,4150,4150,4150,4201,3045,965,.,.,-1,1.0,6350,-1
5310,5309,4215,4151,4151,4151,4201,3080,965,.,.,-1,2.0,6350,-1
5310,5309,4216,4152,4152,4152,4201,3398,965,.,.,-1,1.0,6350,-1
5310,5309,4217,4153,4153,4153,4201,3449,965,.,.,-1,2.0,6350,-1
5310,5309,4218,4154,4154,4154,4201,3526,965,.,.,-1,1.0,6350,-1
5310,5309,4219,4155,4155,4155,4201,3528,965,.,.,-1,2.0,6350,-1
5310,5309,4220,4156,4156,4156,4201,3674,965,.,.,-1,2.0,6350,-1
5310,5309,4221,4157,4157,4157,4201,3702,965,.,.,-1,2.0,6350,-1
5310,5309,4222,4158,4158,4158,4201,3750,965,.,.,-1,1.0,6350,-1
5310,5309,4223,4159,4159,4159,4201,3801,965,.,.,-1,1.0,6350,-1
5310,5309,4224,4160,4160,4160,4201,4750,965,.,.,-1,2.0,6350,-1
5310,5309,4225,4161,4161,4161,4201,4800,965,.,.,-1,1.0,6350,-1
5310,5309,4226,4162,4162,4162,4201,4804,965,.,.,-1,1.0,6350,-1
5310,5309,4227,4163,4163,4163,4201,4832,965,.,.,-1,1.0,6350,-1
5310,5309,4228,4164,4164,4164,4201,5061,965,.,.,-1,1.0,6350,-1
5310,5309,4229,4165,4165,4165,4201,5234,965,.,.,-1,1.0,6350,-1
5310,5309,4230,4166,4166,4166,4201,5236,965,.,.,-1,3.0,6350,-1
5310,5309,4231,4167,4167,4167,4201,5368,965,.,.,-1,1.0,6350,-1
5310,5309,4232,4168,4168,4168,4201,5482,965,.,.,-1,20.0,6751,-1
5310,5309,4233,4169,4169,4169,4201,5582,965,.,.,-1,1.0,6350,-1
5310,5309,4234,4170,4170,4170,4201,5616,965,.,.,-1,1.0,6350,-1
5310,5309,4235,4171,4171,4171,4201,5652,965,.,.,-1,1.0,6350,-1
5310,5309,4236,4172,4172,4172,4201,5739,965,.,.,-1,1.0,6350,-1
5310,5309,4237,4173,4173,4173,4201,5946,965,.,.,-1,1.0,6350,-1
5310,5309,4238,4174,4174,4174,4201,6214,965,.,.,-1,1.0,6350,-1
5310,5309,4239,4175,4175,4175,4201,6522,965,.,.,-1,1.0,6350,-1
5310,5309,4240,4176,4176,4176,4201,6550,965,.,.,-1,1.0,6350,-1
5310,5309,4241,4177,4177,4177,4201,6552,965,.,.,-1,1.0,6350,-1
5310,5309,4242,4178,4178,4178,4201,6580,965,.,.,-1,1.0,6350,-1
5310,5309,4243,4179,4179,4179,4201,6586,965,.,.,-1,3.0,6350,-1
5310,5309,4244,4180,4180,4180,4201,6624,965,.,.,-1,1.0,6350,-1
5310,5309,4245,4181,4181,4181,4201,6862,965,.,.,-1,1.0,6350,-1
5310,5309,4246,4182,4182,4182,4201,7191,965,.,.,-1,2.0,6350,-1
5310,5309,4247,4183,4183,4183,4201,7393,965,.,.,-1,1.0,6350,-1
5310,5309,4248,4184,4184,4184,4201,7451,965,.,.,-1,17.0,6751,-1
5310,5309,4249,4185,4185,4185,4201,7753,965,.,.,-1,2.0,6350,-1
5310,5309,4250,4186,4186,4186,4201,7812,965,.,.,-1,1.0,6350,-1
5310,5309,4251,4187,4187,4187,4201,8087,965,.,.,-1,22.0,6751,-1
5310,5309,4252,4188,4188,4188,4201,8187,965,.,.,-1,1.0,6350,-1
5310,5309,4253,4189,4189,4189,4201,8286,965,.,.,-1,1.0,6350,-1
5310,5309,4254,4190,4190,4190,4201,8377,965,.,.,-1,1.0,6350,-1
5310,5309,4255,4191,4191,4191,4201,8445,965,.,.,-1,17.0,6751,-1
5310,5309,4256,4192,4192,4192,4201,8447,965,.,.,-1,20.0,0,-1
5310,5309,4257,4193,4193,4193,4201,8470,965,.,.,-1,1.0,6350,-1
5310,5309,4258,4194,4194,4194,4201,8510,965,.,.,-1,1.0,6350,-1
5310,5309,4259,4195,4195,4195,4201,8718,965,.,.,-1,2.0,6350,-1
5310,5309,4260,4196,4196,4196,4201,8999,965,.,.,-1,1.0,6350,-1
5310,5309,4261,4197,4197,4197,4201,9001,965,.,.,-1,1.0,6350,-1
5310,5309,4262,4198,4198,4198,4201,9074,965,.,.,-1,1.0,6350,-1
5310,5309,4263,4199,4199,4199,4201,9228,965,.,.,-1,2.0,6350,-1
5310,5309,4264,4200,4200,4200,4201,9289,965,.,.,-1,1.0,6350,-1
5310,5309,4318,4268,4268,4268,4317,692,965,.,.,-1,1.0,6350,-1
5310,5309,4319,4269,4269,4269,4317,831,965,.,.,-1,1.0,6350,-1
5310,5309,4320,4270,4270,4270,4317,911,965,.,.,-1,1.0,6350,-1
5310,5309,4321,4271,4271,4271,4317,1245,965,.,.,-1,1.0,6350,-1
5310,5309,4322,4272,4272,4272,4317,1412,965,.,.,-1,2.0,6350,-1
5310,5309,4323,4273,4273,4273,4317,1579,965,.,.,-1,1.0,6350,-1
5310,5309,4324,4274,4274,4274,4317,2221,965,.,.,-1,1.0,6350,-1
5310,5309,4325,4275,4275,4275,4317,2473,965,.,.,-1,31.0,0,-1
5310,5309,4326,4276,4276,4276,4317,2559,965,.,.,-1,2.0,6350,-1
5310,5309,4327,4277,4277,4277,4317,2849,965,.,.,-1,1.0,6350,-1
5310,5309,4328,4278,4278,4278,4317,2919,965,.,.,-1,1.0,6350,-1
5310,5309,4329,4279,4279,4279,4317,3019,965,.,.,-1,8.0,6751,-1
5310,5309,4330,4280,4280,4280,4317,3045,965,.,.,-1,2.0,6350,-1
5310,5309,4331,4281,4281,4281,4317,3080,965,.,.,-1,1.0,6350,-1
5310,5309,4332,4282,4282,4282,4317,3082,965,.,.,-1,1.0,6350,-1
5310,5309,4333,4283,4283,4283,4317,3240,965,.,.,-1,1.0,6350,-1
5310,5309,4334,4284,4284,4284,4317,3305,965,.,.,-1,2.0,6350,-1
5310,5309,4335,4285,4285,4285,4317,3398,965,.,.,-1,1.0,6350,-1
5310,5309,4336,4286,4286,4286,4317,3526,965,.,.,-1,1.0,6350,-1
5310,5309,4337,4287,4287,4287,4317,3674,965,.,.,-1,1.0,6350,-1
5310,5309,4338,4288,4288,4288,4317,3702,965,.,.,-1,1.0,6350,-1
5310,5309,4339,4289,4289,4289,4317,3801,965,.,.,-1,1.0,6350,-1
5310,5309,4340,4290,4290,4290,4317,3919,965,.,.,-1,2.0,6350,-1
5310,5309,4341,4291,4291,4291,4317,4266,965,.,.,-1,1.0,6350,-1
5310,5309,4342,4292,4292,4292,4317,4627,965,.,.,-1,1.0,6350,-1
5310,5309,4343,4293,4293,4293,4317,4750,965,.,.,-1,1.0,6350,-1
5310,5309,4344,4294,4294,4294,4317,4796,965,.,.,-1,1.0,6350,-1
5310,5309,4345,4295,4295,4295,4317,4800,965,.,.,-1,1.0,6350,-1
5310,5309,4346,4296,4296,4296,4317,4832,965,.,.,-1,1.0,6350,-1
5310,5309,4347,4297,4297,4297,4317,5061,965,.,.,-1,3.0,6350,-1
5310,5309,4348,4298,4298,4298,4317,5425,965,.,.,-1,1.0,6350,-1
5310,5309,4349,4299,4299,4299,4317,5482,965,.,.,-1,15.0,6751,-1
5310,5309,4351,4301,4301,4301,4317,5650,965,.,.,-1,1.0,6350,-1
5310,5309,4350,4300,4300,4300,4317,5616,965,.,.,-1,1.0,6350,-1
5310,5309,4352,4302,4302,4302,4317,5946,965,.,.,-1,1.0,6350,-1
5310,5309,4353,4303,4303,4303,4317,6214,965,.,.,-1,1.0,6350,-1
5310,5309,4354,4304,4304,4304,4317,6522,965,.,.,-1,1.0,6350,-1
5310,5309,4355,4305,4305,4305,4317,6624,965,.,.,-1,1.0,6350,-1
5310,5309,4356,4306,4306,4306,4317,6959,965,.,.,-1,1.0,6350,-1
5310,5309,4357,4307,4307,4307,4317,7297,965,.,.,-1,1.0,6350,-1
5310,5309,4358,4308,4308,4308,4317,7335,965,.,.,-1,1.0,6350,-1
5310,5309,4359,4309,4309,4309,4317,7451,965,.,.,-1,11.0,6751,-1
5310,5309,4360,4310,4310,4310,4317,7812,965,.,.,-1,1.0,6350,-1
5310,5309,4361,4311,4311,4311,4317,8087,965,.,.,-1,11.0,6751,-1
5310,5309,4362,4312,4312,4312,4317,8445,965,.,.,-1,11.0,6751,-1
5310,5309,4363,4313,4313,4313,4317,8447,965,.,.,-1,12.0,0,-1
5310,5309,4364,4314,4314,4314,4317,8627,965,.,.,-1,2.0,6350,-1
5310,5309,4365,4315,4315,4315,4317,8999,965,.,.,-1,1.0,6350,-1
5310,5309,4366,4316,4316,4316,4317,9228,965,.,.,-1,1.0,6350,-1
5310,5309,4431,4370,4370,4370,4430,81,965,.,.,-1,1.0,6350,-1
5310,5309,4432,4371,4371,4371,4430,189,965,.,.,-1,1.0,6350,-1
5310,5309,4433,4372,4372,4372,4430,692,965,.,.,-1,2.0,6350,-1
5310,5309,4434,4373,4373,4373,4430,831,965,.,.,-1,1.0,6350,-1
5310,5309,4435,4374,4374,4374,4430,911,965,.,.,-1,1.0,6350,-1
5310,5309,4436,4375,4375,4375,4430,1000,965,.,.,-1,1.0,6350,-1
5310,5309,4437,4376,4376,4376,4430,1117,965,.,.,-1,1.0,6350,-1
5310,5309,4438,4377,4377,4377,4430,1199,965,.,.,-1,1.0,6350,-1
5310,5309,4439,4378,4378,4378,4430,1321,965,.,.,-1,1.0,6350,-1
5310,5309,4440,4379,4379,4379,4430,1525,965,.,.,-1,1.0,6350,-1
5310,5309,4441,4380,4380,4380,4430,1579,965,.,.,-1,1.0,6350,-1
5310,5309,4442,4381,4381,4381,4430,1581,965,.,.,-1,2.0,6350,-1
5310,5309,4443,4382,4382,4382,4430,1631,965,.,.,-1,1.0,6350,-1
5310,5309,4444,4383,4383,4383,4430,2421,965,.,.,-1,1.0,6350,-1
5310,5309,4445,4384,4384,4384,4430,2473,965,.,.,-1,32.0,0,-1
5310,5309,4446,4385,4385,4385,4430,2477,965,.,.,-1,1.0,6350,-1
5310,5309,4447,4386,4386,4386,4430,2490,965,.,.,-1,1.0,6350,-1
5310,5309,4448,4387,4387,4387,4430,2514,965,.,.,-1,1.0,6350,-1
5310,5309,4449,4388,4388,4388,4430,2652,965,.,.,-1,1.0,6350,-1
5310,5309,4450,4389,4389,4389,4430,2713,965,.,.,-1,1.0,6350,-1
5310,5309,4451,4390,4390,4390,4430,2849,965,.,.,-1,3.0,6350,-1
5310,5309,4452,4391,4391,4391,4430,2883,965,.,.,-1,1.0,6350,-1
5310,5309,4453,4392,4392,4392,4430,2919,965,.,.,-1,1.0,6350,-1
5310,5309,4454,4393,4393,4393,4430,2995,965,.,.,-1,1.0,6350,-1
5310,5309,4455,4394,4394,4394,4430,3019,965,.,.,-1,19.0,6751,-1
5310,5309,4456,4395,4395,4395,4430,3305,965,.,.,-1,1.0,6350,-1
5310,5309,4457,4396,4396,4396,4430,3358,965,.,.,-1,1.0,6350,-1
5310,5309,4458,4397,4397,4397,4430,3398,965,.,.,-1,1.0,6350,-1
5310,5309,4459,4398,4398,4398,4430,3602,965,.,.,-1,1.0,6350,-1
5310,5309,4461,4400,4400,4400,4430,4368,965,.,.,-1,2.0,6350,-1
5310,5309,4460,4399,4399,4399,4430,4266,965,.,.,-1,2.0,6350,-1
5310,5309,4462,4401,4401,4401,4430,4492,965,.,.,-1,1.0,6350,-1
5310,5309,4463,4402,4402,4402,4430,4540,965,.,.,-1,1.0,6350,-1
5310,5309,4464,4403,4403,4403,4430,4800,965,.,.,-1,1.0,6350,-1
5310,5309,4465,4404,4404,4404,4430,4802,965,.,.,-1,1.0,6350,-1
5310,5309,4466,4405,4405,4405,4430,4917,965,.,.,-1,1.0,6350,-1
5310,5309,4467,4406,4406,4406,4430,5181,965,.,.,-1,3.0,6350,-1
5310,5309,4468,4407,4407,4407,4430,5368,965,.,.,-1,1.0,6350,-1
5310,5309,4469,4408,4408,4408,4430,5370,965,.,.,-1,1.0,6350,-1
5310,5309,4470,4409,4409,4409,4430,5482,965,.,.,-1,23.0,6751,-1
5310,5309,4471,4410,4410,4410,4430,5616,965,.,.,-1,1.0,6350,-1
5310,5309,4472,4411,4411,4411,4430,5857,965,.,.,-1,1.0,6350,-1
5310,5309,4473,4412,4412,4412,4430,5946,965,.,.,-1,2.0,6350,-1
5310,5309,4474,4413,4413,4413,4430,6522,965,.,.,-1,1.0,6350,-1
5310,5309,4475,4414,4414,4414,4430,6550,965,.,.,-1,1.0,6350,-1
5310,5309,4476,4415,4415,4415,4430,6552,965,.,.,-1,1.0,6350,-1
5310,5309,4477,4416,4416,4416,4430,6578,965,.,.,-1,3.0,6350,-1
5310,5309,4478,4417,4417,4417,4430,6580,965,.,.,-1,1.0,6350,-1
5310,5309,4479,4418,4418,4418,4430,6959,965,.,.,-1,1.0,6350,-1
5310,5309,4480,4419,4419,4419,4430,7393,965,.,.,-1,1.0,6350,-1
5310,5309,4481,4420,4420,4420,4430,7451,965,.,.,-1,19.0,6751,-1
5310,5309,4482,4421,4421,4421,4430,7690,965,.,.,-1,1.0,6350,-1
5310,5309,4483,4422,4422,4422,4430,7812,965,.,.,-1,1.0,6350,-1
5310,5309,4484,4423,4423,4423,4430,8087,965,.,.,-1,22.0,6751,-1
5310,5309,4485,4424,4424,4424,4430,8445,965,.,.,-1,16.0,6751,-1
5310,5309,4486,4425,4425,4425,4430,8447,965,.,.,-1,20.0,0,-1
5310,5309,4487,4426,4426,4426,4430,8938,965,.,.,-1,1.0,6350,-1
5310,5309,4488,4427,4427,4427,4430,9001,965,.,.,-1,1.0,6350,-1
5310,5309,4489,4428,4428,4428,4430,9228,965,.,.,-1,1.0,6350,-1
5310,5309,4490,4429,4429,4429,4430,9289,965,.,.,-1,1.0,6350,-1
5310,5309,4504,4494,4494,4494,4503,2715,965,.,.,-1,4.0,6347,-1
5310,5309,4505,4495,4495,4495,4503,2957,965,.,.,-1,3.0,6347,-1
5310,5309,4506,4496,4496,4496,4503,3530,965,.,.,-1,3.0,6347,-1
5310,5309,4507,4497,4497,4497,4503,5480,965,.,.,-1,2.0,6347,-1
5310,5309,4508,4498,4498,4498,4503,6349,965,.,.,-1,3.0,6347,-1
5310,5309,4509,4499,4499,4499,4503,6576,965,.,.,-1,2.0,6347,-1
5310,5309,4510,4500,4500,4500,4503,7667,965,.,.,-1,2.0,6347,-1
5310,5309,4511,4501,4501,4501,4503,8447,965,.,.,-1,1.0,6347,-1
5310,5309,4512,4502,4502,4502,4503,9295,965,.,.,-1,2.0,6347,-1
5310,5309,4541,4514,4514,4514,4540,272,965,.,.,-1,1.0,6350,-1
5310,5309,4542,4515,4515,4515,4540,749,965,.,.,-1,1.0,6350,-1
5310,5309,4543,4516,4516,4516,4540,1000,965,.,.,-1,1.0,6350,-1
5310,5309,4544,4517,4517,4517,4540,1245,965,.,.,-1,1.0,6350,-1
5310,5309,4545,4518,4518,4518,4540,2473,965,.,.,-1,4.0,0,-1
5310,5309,4546,4519,4519,4519,4540,2477,965,.,.,-1,1.0,6350,-1
5310,5309,4547,4520,4520,4520,4540,2559,965,.,.,-1,1.0,6350,-1
5310,5309,4548,4521,4521,4521,4540,3019,965,.,.,-1,3.0,6751,-1
5310,5309,4549,4522,4522,4522,4540,3266,965,.,.,-1,1.0,6350,-1
5310,5309,4550,4523,4523,4523,4540,3449,965,.,.,-1,1.0,6350,-1
5310,5309,4551,4524,4524,4524,4540,3602,965,.,.,-1,1.0,6350,-1
5310,5309,4552,4525,4525,4525,4540,4201,965,.,.,-1,1.0,6350,-1
5310,5309,4553,4526,4526,4526,4540,4368,965,.,.,-1,1.0,6350,-1
5310,5309,4554,4527,4527,4527,4540,4492,965,.,.,-1,1.0,6350,-1
5310,5309,4555,4528,4528,4528,4540,5482,965,.,.,-1,5.0,6751,-1
5310,5309,4556,4529,4529,4529,4540,5946,965,.,.,-1,1.0,6350,-1
5310,5309,4557,4530,4530,4530,4540,6154,965,.,.,-1,1.0,6350,-1
5310,5309,4558,4531,4531,4531,4540,6552,965,.,.,-1,1.0,6350,-1
5310,5309,4559,4532,4532,4532,4540,6582,965,.,.,-1,1.0,6350,-1
5310,5309,4560,4533,4533,4533,4540,6624,965,.,.,-1,1.0,6350,-1
5310,5309,4561,4534,4534,4534,4540,7451,965,.,.,-1,4.0,6751,-1
5310,5309,4562,4535,4535,4535,4540,8087,965,.,.,-1,5.0,6751,-1
5310,5309,4563,4536,4536,4536,4540,8286,965,.,.,-1,1.0,6350,-1
5310,5309,4564,4537,4537,4537,4540,8445,965,.,.,-1,6.0,6751,-1
5310,5309,4565,4538,4538,4538,4540,8447,965,.,.,-1,8.0,0,-1
5310,5309,4566,4539,4539,4539,4540,8823,965,.,.,-1,1.0,6350,-1
5310,5309,4628,4568,4568,4568,4627,81,965,.,.,-1,1.0,6350,-1
5310,5309,4629,4569,4569,4569,4627,345,965,.,.,-1,2.0,6350,-1
5310,5309,4630,4570,4570,4570,4627,521,965,.,.,-1,1.0,6350,-1
5310,5309,4631,4571,4571,4571,4627,1117,965,.,.,-1,1.0,6350,-1
5310,5309,4632,4572,4572,4572,4627,1199,965,.,.,-1,1.0,6350,-1
5310,5309,4633,4573,4573,4573,4627,2322,965,.,.,-1,1.0,6350,-1
5310,5309,4634,4574,4574,4574,4627,2473,965,.,.,-1,25.0,0,-1
5310,5309,4635,4575,4575,4575,4627,2490,965,.,.,-1,1.0,6350,-1
5310,5309,4636,4576,4576,4576,4627,2514,965,.,.,-1,1.0,6350,-1
5310,5309,4637,4577,4577,4577,4627,2559,965,.,.,-1,1.0,6350,-1
5310,5309,4638,4578,4578,4578,4627,2652,965,.,.,-1,2.0,6350,-1
5310,5309,4639,4579,4579,4579,4627,2713,965,.,.,-1,1.0,6350,-1
5310,5309,4640,4580,4580,4580,4627,2883,965,.,.,-1,2.0,6350,-1
5310,5309,4641,4581,4581,4581,4627,3019,965,.,.,-1,14.0,6751,-1
5310,5309,4642,4582,4582,4582,4627,3045,965,.,.,-1,2.0,6350,-1
5310,5309,4643,4583,4583,4583,4627,3149,965,.,.,-1,1.0,6350,-1
5310,5309,4644,4584,4584,4584,4627,3266,965,.,.,-1,1.0,6350,-1
5310,5309,4645,4585,4585,4585,4627,3449,965,.,.,-1,1.0,6350,-1
5310,5309,4646,4586,4586,4586,4627,3526,965,.,.,-1,1.0,6350,-1
5310,5309,4647,4587,4587,4587,4627,3602,965,.,.,-1,1.0,6350,-1
5310,5309,4648,4588,4588,4588,4627,3702,965,.,.,-1,2.0,6350,-1
5310,5309,4649,4589,4589,4589,4627,3750,965,.,.,-1,1.0,6350,-1
5310,5309,4650,4590,4590,4590,4627,3801,965,.,.,-1,2.0,6350,-1
5310,5309,4651,4591,4591,4591,4627,4201,965,.,.,-1,1.0,6350,-1
5310,5309,4652,4592,4592,4592,4627,4266,965,.,.,-1,1.0,6350,-1
5310,5309,4653,4593,4593,4593,4627,4430,965,.,.,-1,1.0,6350,-1
5310,5309,4654,4594,4594,4594,4627,4540,965,.,.,-1,2.0,6350,-1
5310,5309,4655,4595,4595,4595,4627,4796,965,.,.,-1,1.0,6350,-1
5310,5309,4656,4596,4596,4596,4627,4800,965,.,.,-1,1.0,6350,-1
5310,5309,4657,4597,4597,4597,4627,4802,965,.,.,-1,1.0,6350,-1
5310,5309,4658,4598,4598,4598,4627,4804,965,.,.,-1,1.0,6350,-1
5310,5309,4659,4599,4599,4599,4627,4917,965,.,.,-1,1.0,6350,-1
5310,5309,4660,4600,4600,4600,4627,5234,965,.,.,-1,1.0,6350,-1
5310,5309,4661,4601,4601,4601,4627,5339,965,.,.,-1,2.0,6350,-1
5310,5309,4662,4602,4602,4602,4627,5482,965,.,.,-1,14.0,6751,-1
5310,5309,4663,4603,4603,4603,4627,5582,965,.,.,-1,1.0,6350,-1
5310,5309,4664,4604,4604,4604,4627,5652,965,.,.,-1,1.0,6350,-1
5310,5309,4665,4605,4605,4605,4627,5739,965,.,.,-1,1.0,6350,-1
5310,5309,4666,4606,4606,4606,4627,5857,965,.,.,-1,1.0,6350,-1
5310,5309,4667,4607,4607,4607,4627,5996,965,.,.,-1,1.0,6350,-1
5310,5309,4668,4608,4608,4608,4627,6352,965,.,.,-1,1.0,6350,-1
5310,5309,4669,4609,4609,4609,4627,6552,965,.,.,-1,1.0,6350,-1
5310,5309,4670,4610,4610,4610,4627,6582,965,.,.,-1,1.0,6350,-1
5310,5309,4671,4611,4611,4611,4627,6706,965,.,.,-1,1.0,6350,-1
5310,5309,4672,4612,4612,4612,4627,6959,965,.,.,-1,1.0,6350,-1
5310,5309,4673,4613,4613,4613,4627,7393,965,.,.,-1,1.0,6350,-1
5310,5309,4674,4614,4614,4614,4627,7451,965,.,.,-1,20.0,6751,-1
5310,5309,4675,4615,4615,4615,4627,7690,965,.,.,-1,1.0,6350,-1
5310,5309,4676,4616,4616,4616,4627,7732,965,.,.,-1,1.0,6350,-1
5310,5309,4677,4617,4617,4617,4627,7812,965,.,.,-1,1.0,6350,-1
5310,5309,4678,4618,4618,4618,4627,8087,965,.,.,-1,16.0,6751,-1
5310,5309,4679,4619,4619,4619,4627,8286,965,.,.,-1,1.0,6350,-1
5310,5309,4680,4620,4620,4620,4627,8377,965,.,.,-1,1.0,6350,-1
5310,5309,4681,4621,4621,4621,4627,8445,965,.,.,-1,20.0,6751,-1
5310,5309,4682,4622,4622,4622,4627,8447,965,.,.,-1,29.0,0,-1
5310,5309,4683,4623,4623,4623,4627,8877,965,.,.,-1,1.0,6350,-1
5310,5309,4684,4624,4624,4624,4627,8999,965,.,.,-1,1.0,6350,-1
5310,5309,4685,4625,4625,4625,4627,9291,965,.,.,-1,1.0,6350,-1
5310,5309,4686,4626,4626,4626,4627,9426,965,.,.,-1,1.0,6350,-1
5310,5309,4697,4688,4688,4688,4696,2473,965,.,.,-1,5.0,6347,-1
5310,5309,4698,4689,4689,4689,4696,2957,965,.,.,-1,3.0,6347,-1
5310,5309,4699,4690,4690,4690,4696,3530,965,.,.,-1,2.0,6347,-1
5310,5309,4700,4691,4691,4691,4696,5480,965,.,.,-1,1.0,6347,-1
5310,5309,4701,4692,4692,4692,4696,6349,965,.,.,-1,1.0,6347,-1
5310,5309,4702,4693,4693,4693,4696,6442,965,.,.,-1,1.0,6347,-1
5310,5309,4703,4694,4694,4694,4696,7667,965,.,.,-1,1.0,6347,-1
5310,5309,4704,4695,4695,4695,4696,8447,965,.,.,-1,10.0,6347,-1
5310,5309,4751,4706,4706,4706,4750,81,965,.,.,-1,1.0,6350,-1
5310,5309,4752,4707,4707,4707,4750,1321,965,.,.,-1,1.0,6350,-1
5310,5309,4753,4708,4708,4708,4750,2322,965,.,.,-1,3.0,6350,-1
5310,5309,4754,4709,4709,4709,4750,2473,965,.,.,-1,47.0,0,-1
5310,5309,4755,4710,4710,4710,4750,2477,965,.,.,-1,2.0,6350,-1
5310,5309,4756,4711,4711,4711,4750,2849,965,.,.,-1,1.0,6350,-1
5310,5309,4757,4712,4712,4712,4750,2955,965,.,.,-1,1.0,6350,-1
5310,5309,4758,4713,4713,4713,4750,3019,965,.,.,-1,12.0,6751,-1
5310,5309,4759,4714,4714,4714,4750,3082,965,.,.,-1,1.0,6350,-1
5310,5309,4760,4715,4715,4715,4750,3266,965,.,.,-1,1.0,6350,-1
5310,5309,4761,4716,4716,4716,4750,3449,965,.,.,-1,1.0,6350,-1
5310,5309,4762,4717,4717,4717,4750,3526,965,.,.,-1,1.0,6350,-1
5310,5309,4763,4718,4718,4718,4750,4201,965,.,.,-1,2.0,6350,-1
5310,5309,4765,4720,4720,4720,4750,4368,965,.,.,-1,1.0,6350,-1
5310,5309,4764,4719,4719,4719,4750,4317,965,.,.,-1,1.0,6350,-1
5310,5309,4766,4721,4721,4721,4750,4430,965,.,.,-1,1.0,6350,-1
5310,5309,4767,4722,4722,4722,4750,4492,965,.,.,-1,1.0,6350,-1
5310,5309,4768,4723,4723,4723,4750,4802,965,.,.,-1,1.0,6350,-1
5310,5309,4769,4724,4724,4724,4750,4804,965,.,.,-1,3.0,6350,-1
5310,5309,4770,4725,4725,4725,4750,5061,965,.,.,-1,1.0,6350,-1
5310,5309,4771,4726,4726,4726,4750,5236,965,.,.,-1,2.0,6350,-1
5310,5309,4772,4727,4727,4727,4750,5368,965,.,.,-1,1.0,6350,-1
5310,5309,4773,4728,4728,4728,4750,5425,965,.,.,-1,1.0,6350,-1
5310,5309,4774,4729,4729,4729,4750,5482,965,.,.,-1,14.0,6751,-1
5310,5309,4775,4730,4730,4730,4750,5532,965,.,.,-1,1.0,6350,-1
5310,5309,4776,4731,4731,4731,4750,5582,965,.,.,-1,1.0,6350,-1
5310,5309,4777,4732,4732,4732,4750,5616,965,.,.,-1,2.0,6350,-1
5310,5309,4778,4733,4733,4733,4750,5652,965,.,.,-1,2.0,6350,-1
5310,5309,4779,4734,4734,4734,4750,5857,965,.,.,-1,2.0,6350,-1
5310,5309,4780,4735,4735,4735,4750,6055,965,.,.,-1,1.0,6350,-1
5310,5309,4781,4736,4736,4736,4750,6154,965,.,.,-1,1.0,6350,-1
5310,5309,4782,4737,4737,4737,4750,6352,965,.,.,-1,2.0,6350,-1
5310,5309,4783,4738,4738,4738,4750,6584,965,.,.,-1,1.0,6350,-1
5310,5309,4784,4739,4739,4739,4750,7393,965,.,.,-1,1.0,6350,-1
5310,5309,4785,4740,4740,4740,4750,7451,965,.,.,-1,10.0,6751,-1
5310,5309,4786,4741,4741,4741,4750,7732,965,.,.,-1,2.0,6350,-1
5310,5309,4787,4742,4742,4742,4750,7812,965,.,.,-1,1.0,6350,-1
5310,5309,4788,4743,4743,4743,4750,8087,965,.,.,-1,16.0,6751,-1
5310,5309,4789,4744,4744,4744,4750,8187,965,.,.,-1,1.0,6350,-1
5310,5309,4790,4745,4745,4745,4750,8286,965,.,.,-1,1.0,6350,-1
5310,5309,4791,4746,4746,4746,4750,8445,965,.,.,-1,13.0,6751,-1
5310,5309,4792,4747,4747,4747,4750,8823,965,.,.,-1,2.0,6350,-1
5310,5309,4793,4748,4748,4748,4750,9293,965,.,.,-1,1.0,6350,-1
5310,5309,4794,4749,4749,4749,4750,9426,965,.,.,-1,2.0,6350,-1
5310,5309,4833,4806,4806,4806,4832,642,965,.,.,-1,1.0,6350,-1
5310,5309,4834,4807,4807,4807,4832,1579,965,.,.,-1,1.0,6350,-1
5310,5309,4835,4808,4808,4808,4832,1631,965,.,.,-1,1.0,6350,-1
5310,5309,4836,4809,4809,4809,4832,2514,965,.,.,-1,1.0,6350,-1
5310,5309,4837,4810,4810,4810,4832,2995,965,.,.,-1,1.0,6350,-1
5310,5309,4838,4811,4811,4811,4832,3019,965,.,.,-1,4.0,6751,-1
5310,5309,4839,4812,4812,4812,4832,3240,965,.,.,-1,1.0,6350,-1
5310,5309,4840,4813,4813,4813,4832,3358,965,.,.,-1,1.0,6350,-1
5310,5309,4841,4814,4814,4814,4832,3449,965,.,.,-1,1.0,6350,-1
5310,5309,4842,4815,4815,4815,4832,3528,965,.,.,-1,1.0,6350,-1
5310,5309,4843,4816,4816,4816,4832,3602,965,.,.,-1,1.0,6350,-1
5310,5309,4844,4817,4817,4817,4832,4800,965,.,.,-1,1.0,6350,-1
5310,5309,4845,4818,4818,4818,4832,5234,965,.,.,-1,1.0,6350,-1
5310,5309,4846,4819,4819,4819,4832,5482,965,.,.,-1,4.0,6751,-1
5310,5309,4847,4820,4820,4820,4832,5616,965,.,.,-1,1.0,6350,-1
5310,5309,4848,4821,4821,4821,4832,5739,965,.,.,-1,1.0,6350,-1
5310,5309,4849,4822,4822,4822,4832,6550,965,.,.,-1,1.0,6350,-1
5310,5309,4850,4823,4823,4823,4832,6862,965,.,.,-1,1.0,6350,-1
5310,5309,4851,4824,4824,4824,4832,7297,965,.,.,-1,1.0,6350,-1
5310,5309,4852,4825,4825,4825,4832,7451,965,.,.,-1,3.0,6751,-1
5310,5309,4853,4826,4826,4826,4832,8087,965,.,.,-1,7.0,6751,-1
5310,5309,4854,4827,4827,4827,4832,8187,965,.,.,-1,1.0,6350,-1
5310,5309,4855,4828,4828,4828,4832,8445,965,.,.,-1,4.0,6751,-1
5310,5309,4856,4829,4829,4829,4832,8999,965,.,.,-1,1.0,6350,-1
5310,5309,4857,4830,4830,4830,4832,9289,965,.,.,-1,2.0,6350,-1
5310,5309,4858,4831,4831,4831,4832,9295,965,.,.,-1,14.0,0,-1
5310,5309,4918,4860,4860,4860,4917,32,965,.,.,-1,3.0,6350,-1
5310,5309,4919,4861,4861,4861,4917,272,965,.,.,-1,1.0,6350,-1
5310,5309,4920,4862,4862,4862,4917,642,965,.,.,-1,2.0,6350,-1
5310,5309,4921,4863,4863,4863,4917,831,965,.,.,-1,1.0,6350,-1
5310,5309,4922,4864,4864,4864,4917,1000,965,.,.,-1,1.0,6350,-1
5310,5309,4923,4865,4865,4865,4917,1245,965,.,.,-1,1.0,6350,-1
5310,5309,4924,4866,4866,4866,4917,1412,965,.,.,-1,1.0,6350,-1
5310,5309,4925,4867,4867,4867,4917,2421,965,.,.,-1,2.0,6350,-1
5310,5309,4926,4868,4868,4868,4917,2473,965,.,.,-1,19.0,0,-1
5310,5309,4927,4869,4869,4869,4917,2490,965,.,.,-1,1.0,6350,-1
5310,5309,4928,4870,4870,4870,4917,2514,965,.,.,-1,1.0,6350,-1
5310,5309,4929,4871,4871,4871,4917,2559,965,.,.,-1,1.0,6350,-1
5310,5309,4930,4872,4872,4872,4917,2652,965,.,.,-1,1.0,6350,-1
5310,5309,4931,4873,4873,4873,4917,2713,965,.,.,-1,1.0,6350,-1
5310,5309,4932,4874,4874,4874,4917,2849,965,.,.,-1,2.0,6350,-1
5310,5309,4933,4875,4875,4875,4917,3019,965,.,.,-1,17.0,6751,-1
5310,5309,4934,4876,4876,4876,4917,3045,965,.,.,-1,2.0,6350,-1
5310,5309,4935,4877,4877,4877,4917,3398,965,.,.,-1,1.0,6350,-1
5310,5309,4936,4878,4878,4878,4917,3449,965,.,.,-1,1.0,6350,-1
5310,5309,4937,4879,4879,4879,4917,3493,965,.,.,-1,1.0,6350,-1
5310,5309,4938,4880,4880,4880,4917,3674,965,.,.,-1,1.0,6350,-1
5310,5309,4939,4881,4881,4881,4917,3702,965,.,.,-1,1.0,6350,-1
5310,5309,4940,4882,4882,4882,4917,3801,965,.,.,-1,1.0,6350,-1
5310,5309,4943,4885,4885,4885,4917,4368,965,.,.,-1,1.0,6350,-1
5310,5309,4941,4883,4883,4883,4917,4266,965,.,.,-1,1.0,6350,-1
5310,5309,4942,4884,4884,4884,4917,4317,965,.,.,-1,1.0,6350,-1
5310,5309,4944,4886,4886,4886,4917,4540,965,.,.,-1,1.0,6350,-1
5310,5309,4945,4887,4887,4887,4917,4796,965,.,.,-1,2.0,6350,-1
5310,5309,4946,4888,4888,4888,4917,4800,965,.,.,-1,1.0,6350,-1
5310,5309,4947,4889,4889,4889,4917,4802,965,.,.,-1,2.0,6350,-1
5310,5309,4948,4890,4890,4890,4917,4804,965,.,.,-1,1.0,6350,-1
5310,5309,4949,4891,4891,4891,4917,5234,965,.,.,-1,2.0,6350,-1
5310,5309,4950,4892,4892,4892,4917,5339,965,.,.,-1,2.0,6350,-1
5310,5309,4951,4893,4893,4893,4917,5482,965,.,.,-1,8.0,6751,-1
5310,5309,4952,4894,4894,4894,4917,5650,965,.,.,-1,1.0,6350,-1
5310,5309,4953,4895,4895,4895,4917,5652,965,.,.,-1,1.0,6350,-1
5310,5309,4954,4896,4896,4896,4917,5739,965,.,.,-1,1.0,6350,-1
5310,5309,4955,4897,4897,4897,4917,6552,965,.,.,-1,2.0,6350,-1
5310,5309,4956,4898,4898,4898,4917,6580,965,.,.,-1,2.0,6350,-1
5310,5309,4957,4899,4899,4899,4917,6582,965,.,.,-1,1.0,6350,-1
5310,5309,4958,4900,4900,4900,4917,6706,965,.,.,-1,1.0,6350,-1
5310,5309,4959,4901,4901,4901,4917,7335,965,.,.,-1,1.0,6350,-1
5310,5309,4960,4902,4902,4902,4917,7451,965,.,.,-1,16.0,6751,-1
5310,5309,4961,4903,4903,4903,4917,7690,965,.,.,-1,1.0,6350,-1
5310,5309,4962,4904,4904,4904,4917,7753,965,.,.,-1,1.0,6350,-1
5310,5309,4963,4905,4905,4905,4917,8087,965,.,.,-1,13.0,6751,-1
5310,5309,4964,4906,4906,4906,4917,8445,965,.,.,-1,15.0,6751,-1
5310,5309,4965,4907,4907,4907,4917,8447,965,.,.,-1,34.0,0,-1
5310,5309,4966,4908,4908,4908,4917,8718,965,.,.,-1,2.0,6350,-1
5310,5309,4967,4909,4909,4909,4917,8877,965,.,.,-1,1.0,6350,-1
5310,5309,4968,4910,4910,4910,4917,9001,965,.,.,-1,1.0,6350,-1
5310,5309,4969,4911,4911,4911,4917,9074,965,.,.,-1,1.0,6350,-1
5310,5309,4970,4912,4912,4912,4917,9228,965,.,.,-1,1.0,6350,-1
5310,5309,4971,4913,4913,4913,4917,9287,965,.,.,-1,1.0,6350,-1
5310,5309,4972,4914,4914,4914,4917,9289,965,.,.,-1,1.0,6350,-1
5310,5309,4973,4915,4915,4915,4917,9293,965,.,.,-1,1.0,6350,-1
5310,5309,4974,4916,4916,4916,4917,9351,965,.,.,-1,2.0,6350,-1
5310,5309,4986,4976,4976,4976,4985,2473,965,.,.,-1,11.0,6347,-1
5310,5309,4987,4977,4977,4977,4985,2715,965,.,.,-1,1.0,6347,-1
5310,5309,4988,4978,4978,4978,4985,3530,965,.,.,-1,2.0,6347,-1
5310,5309,4989,4979,4979,4979,4985,5480,965,.,.,-1,2.0,6347,-1
5310,5309,4990,4980,4980,4980,4985,6349,965,.,.,-1,3.0,6347,-1
5310,5309,4991,4981,4981,4981,4985,6442,965,.,.,-1,2.0,6347,-1
5310,5309,4992,4982,4982,4982,4985,6576,965,.,.,-1,1.0,6347,-1
5310,5309,4993,4983,4983,4983,4985,8447,965,.,.,-1,14.0,6347,-1
5310,5309,4994,4984,4984,4984,4985,9295,965,.,.,-1,2.0,6347,-1
5310,5309,5002,4996,4996,4996,5001,2473,965,.,.,-1,12.0,6347,-1
5310,5309,5003,4997,4997,4997,5001,2957,965,.,.,-1,3.0,6347,-1
5310,5309,5004,4998,4998,4998,5001,6349,965,.,.,-1,2.0,6347,-1
5310,5309,5005,4999,4999,4999,5001,6442,965,.,.,-1,1.0,6347,-1
5310,5309,5006,5000,5000,5000,5001,7667,965,.,.,-1,2.0,6347,-1
5310,5309,5062,5008,5008,5008,5061,81,965,.,.,-1,1.0,6350,-1
5310,5309,5063,5009,5009,5009,5061,521,965,.,.,-1,1.0,6350,-1
5310,5309,5064,5010,5010,5010,5061,692,965,.,.,-1,1.0,6350,-1
5310,5309,5065,5011,5011,5011,5061,1321,965,.,.,-1,1.0,6350,-1
5310,5309,5066,5012,5012,5012,5061,1412,965,.,.,-1,1.0,6350,-1
5310,5309,5067,5013,5013,5013,5061,1579,965,.,.,-1,1.0,6350,-1
5310,5309,5068,5014,5014,5014,5061,2421,965,.,.,-1,1.0,6350,-1
5310,5309,5069,5015,5015,5015,5061,2477,965,.,.,-1,1.0,6350,-1
5310,5309,5070,5016,5016,5016,5061,2559,965,.,.,-1,1.0,6350,-1
5310,5309,5071,5017,5017,5017,5061,2652,965,.,.,-1,1.0,6350,-1
5310,5309,5072,5018,5018,5018,5061,2713,965,.,.,-1,2.0,6350,-1
5310,5309,5073,5019,5019,5019,5061,2766,965,.,.,-1,1.0,6350,-1
5310,5309,5074,5020,5020,5020,5061,2883,965,.,.,-1,1.0,6350,-1
5310,5309,5075,5021,5021,5021,5061,2955,965,.,.,-1,1.0,6350,-1
5310,5309,5076,5022,5022,5022,5061,2995,965,.,.,-1,1.0,6350,-1
5310,5309,5077,5023,5023,5023,5061,3019,965,.,.,-1,16.0,6751,-1
5310,5309,5078,5024,5024,5024,5061,3082,965,.,.,-1,1.0,6350,-1
5310,5309,5079,5025,5025,5025,5061,3305,965,.,.,-1,2.0,6350,-1
5310,5309,5080,5026,5026,5026,5061,3358,965,.,.,-1,2.0,6350,-1
5310,5309,5081,5027,5027,5027,5061,3398,965,.,.,-1,1.0,6350,-1
5310,5309,5082,5028,5028,5028,5061,3449,965,.,.,-1,1.0,6350,-1
5310,5309,5083,5029,5029,5029,5061,3674,965,.,.,-1,1.0,6350,-1
5310,5309,5084,5030,5030,5030,5061,3702,965,.,.,-1,1.0,6350,-1
5310,5309,5085,5031,5031,5031,5061,4201,965,.,.,-1,1.0,6350,-1
5310,5309,5086,5032,5032,5032,5061,4540,965,.,.,-1,1.0,6350,-1
5310,5309,5087,5033,5033,5033,5061,4800,965,.,.,-1,1.0,6350,-1
5310,5309,5088,5034,5034,5034,5061,4802,965,.,.,-1,2.0,6350,-1
5310,5309,5089,5035,5035,5035,5061,4917,965,.,.,-1,1.0,6350,-1
5310,5309,5090,5036,5036,5036,5061,5312,965,.,.,-1,1.0,6350,-1
5310,5309,5091,5037,5037,5037,5061,5370,965,.,.,-1,1.0,6350,-1
5310,5309,5092,5038,5038,5038,5061,5482,965,.,.,-1,11.0,6751,-1
5310,5309,5093,5039,5039,5039,5061,5946,965,.,.,-1,1.0,6350,-1
5310,5309,5094,5040,5040,5040,5061,5996,965,.,.,-1,1.0,6350,-1
5310,5309,5095,5041,5041,5041,5061,6055,965,.,.,-1,1.0,6350,-1
5310,5309,5096,5042,5042,5042,5061,6550,965,.,.,-1,1.0,6350,-1
5310,5309,5097,5043,5043,5043,5061,6552,965,.,.,-1,1.0,6350,-1
5310,5309,5098,5044,5044,5044,5061,6580,965,.,.,-1,1.0,6350,-1
5310,5309,5099,5045,5045,5045,5061,6582,965,.,.,-1,1.0,6350,-1
5310,5309,5100,5046,5046,5046,5061,6584,965,.,.,-1,1.0,6350,-1
5310,5309,5101,5047,5047,5047,5061,6959,965,.,.,-1,1.0,6350,-1
5310,5309,5102,5048,5048,5048,5061,7451,965,.,.,-1,15.0,6751,-1
5310,5309,5103,5049,5049,5049,5061,8087,965,.,.,-1,12.0,6751,-1
5310,5309,5104,5050,5050,5050,5061,8187,965,.,.,-1,1.0,6350,-1
5310,5309,5105,5051,5051,5051,5061,8445,965,.,.,-1,12.0,6751,-1
5310,5309,5106,5052,5052,5052,5061,8718,965,.,.,-1,1.0,6350,-1
5310,5309,5107,5053,5053,5053,5061,8823,965,.,.,-1,2.0,6350,-1
5310,5309,5108,5054,5054,5054,5061,8877,965,.,.,-1,1.0,6350,-1
5310,5309,5109,5055,5055,5055,5061,9228,965,.,.,-1,1.0,6350,-1
5310,5309,5110,5056,5056,5056,5061,9287,965,.,.,-1,3.0,6350,-1
5310,5309,5111,5057,5057,5057,5061,9289,965,.,.,-1,2.0,6350,-1
5310,5309,5112,5058,5058,5058,5061,9295,965,.,.,-1,73.0,0,-1
5310,5309,5113,5059,5059,5059,5061,9351,965,.,.,-1,2.0,6350,-1
5310,5309,5114,5060,5060,5060,5061,9426,965,.,.,-1,1.0,6350,-1
5310,5309,5123,5116,5116,5116,5122,2715,965,.,.,-1,4.0,6347,-1
5310,5309,5124,5117,5117,5117,5122,5480,965,.,.,-1,1.0,6347,-1
5310,5309,5125,5118,5118,5118,5122,6349,965,.,.,-1,4.0,6347,-1
5310,5309,5126,5119,5119,5119,5122,6442,965,.,.,-1,1.0,6347,-1
5310,5309,5127,5120,5120,5120,5122,6576,965,.,.,-1,5.0,6347,-1
5310,5309,5128,5121,5121,5121,5122,7667,965,.,.,-1,1.0,6347,-1
5310,5309,5182,5130,5130,5130,5181,521,965,.,.,-1,3.0,6350,-1
5310,5309,5183,5131,5131,5131,5181,692,965,.,.,-1,1.0,6350,-1
5310,5309,5184,5132,5132,5132,5181,1245,965,.,.,-1,2.0,6350,-1
5310,5309,5185,5133,5133,5133,5181,1412,965,.,.,-1,1.0,6350,-1
5310,5309,5186,5134,5134,5134,5181,1581,965,.,.,-1,1.0,6350,-1
5310,5309,5187,5135,5135,5135,5181,1631,965,.,.,-1,1.0,6350,-1
5310,5309,5188,5136,5136,5136,5181,2421,965,.,.,-1,1.0,6350,-1
5310,5309,5189,5137,5137,5137,5181,2473,965,.,.,-1,44.0,0,-1
5310,5309,5190,5138,5138,5138,5181,2514,965,.,.,-1,3.0,6350,-1
5310,5309,5191,5139,5139,5139,5181,2559,965,.,.,-1,1.0,6350,-1
5310,5309,5192,5140,5140,5140,5181,2766,965,.,.,-1,1.0,6350,-1
5310,5309,5193,5141,5141,5141,5181,2849,965,.,.,-1,3.0,6350,-1
5310,5309,5194,5142,5142,5142,5181,2919,965,.,.,-1,1.0,6350,-1
5310,5309,5195,5143,5143,5143,5181,2955,965,.,.,-1,1.0,6350,-1
5310,5309,5196,5144,5144,5144,5181,3019,965,.,.,-1,11.0,6751,-1
5310,5309,5197,5145,5145,5145,5181,3080,965,.,.,-1,1.0,6350,-1
5310,5309,5198,5146,5146,5146,5181,3358,965,.,.,-1,1.0,6350,-1
5310,5309,5199,5147,5147,5147,5181,3398,965,.,.,-1,1.0,6350,-1
5310,5309,5200,5148,5148,5148,5181,3526,965,.,.,-1,2.0,6350,-1
5310,5309,5201,5149,5149,5149,5181,3750,965,.,.,-1,1.0,6350,-1
5310,5309,5202,5150,5150,5150,5181,4201,965,.,.,-1,2.0,6350,-1
5310,5309,5203,5151,5151,5151,5181,4266,965,.,.,-1,1.0,6350,-1
5310,5309,5204,5152,5152,5152,5181,4492,965,.,.,-1,1.0,6350,-1
5310,5309,5205,5153,5153,5153,5181,4540,965,.,.,-1,1.0,6350,-1
5310,5309,5206,5154,5154,5154,5181,4796,965,.,.,-1,1.0,6350,-1
5310,5309,5207,5155,5155,5155,5181,5368,965,.,.,-1,2.0,6350,-1
5310,5309,5208,5156,5156,5156,5181,5370,965,.,.,-1,3.0,6350,-1
5310,5309,5209,5157,5157,5157,5181,5482,965,.,.,-1,14.0,6751,-1
5310,5309,5210,5158,5158,5158,5181,5532,965,.,.,-1,1.0,6350,-1
5310,5309,5211,5159,5159,5159,5181,5616,965,.,.,-1,1.0,6350,-1
5310,5309,5212,5160,5160,5160,5181,6055,965,.,.,-1,1.0,6350,-1
5310,5309,5213,5161,5161,5161,5181,6154,965,.,.,-1,1.0,6350,-1
5310,5309,5214,5162,5162,5162,5181,6352,965,.,.,-1,2.0,6350,-1
5310,5309,5215,5163,5163,5163,5181,6522,965,.,.,-1,1.0,6350,-1
5310,5309,5216,5164,5164,5164,5181,6578,965,.,.,-1,1.0,6350,-1
5310,5309,5217,5165,5165,5165,5181,6580,965,.,.,-1,2.0,6350,-1
5310,5309,5218,5166,5166,5166,5181,6582,965,.,.,-1,1.0,6350,-1
5310,5309,5219,5167,5167,5167,5181,6584,965,.,.,-1,1.0,6350,-1
5310,5309,5220,5168,5168,5168,5181,7096,965,.,.,-1,1.0,6350,-1
5310,5309,5221,5169,5169,5169,5181,7297,965,.,.,-1,2.0,6350,-1
5310,5309,5222,5170,5170,5170,5181,7451,965,.,.,-1,14.0,6751,-1
5310,5309,5223,5171,5171,5171,5181,7690,965,.,.,-1,1.0,6350,-1
5310,5309,5224,5172,5172,5172,5181,7984,965,.,.,-1,1.0,6350,-1
5310,5309,5225,5173,5173,5173,5181,8087,965,.,.,-1,14.0,6751,-1
5310,5309,5226,5174,5174,5174,5181,8445,965,.,.,-1,17.0,6751,-1
5310,5309,5227,5175,5175,5175,5181,8510,965,.,.,-1,1.0,6350,-1
5310,5309,5228,5176,5176,5176,5181,8877,965,.,.,-1,1.0,6350,-1
5310,5309,5229,5177,5177,5177,5181,9228,965,.,.,-1,1.0,6350,-1
5310,5309,5230,5178,5178,5178,5181,9291,965,.,.,-1,1.0,6350,-1
5310,5309,5231,5179,5179,5179,5181,9293,965,.,.,-1,4.0,6350,-1
5310,5309,5232,5180,5180,5180,5181,9426,965,.,.,-1,1.0,6350,-1
5310,5309,5250,5238,5238,5238,5249,8,965,.,.,-1,1.0,6350,-1
5310,5309,5251,5239,5239,5239,5249,2514,965,.,.,-1,1.0,6350,-1
5310,5309,5252,5240,5240,5240,5249,2966,965,.,.,-1,1.0,6350,-1
5310,5309,5253,5241,5241,5241,5249,3350,965,.,.,-1,1.0,6350,-1
5310,5309,5254,5242,5242,5242,5249,3739,965,.,.,-1,1.0,6350,-1
5310,5309,5255,5243,5243,5243,5249,5001,965,.,.,-1,1.0,6350,-1
5310,5309,5256,5244,5244,5244,5249,6409,965,.,.,-1,1.0,6350,-1
5310,5309,5257,5245,5245,5245,5249,7460,965,.,.,-1,1.0,6350,-1
5310,5309,5258,5246,5246,5246,5249,7654,965,.,.,-1,1.0,6350,-1
5310,5309,5259,5247,5247,5247,5249,7914,965,.,.,-1,1.0,6350,-1
5310,5309,5260,5248,5248,5248,5249,8564,965,.,.,-1,1.0,6350,-1
5310,5309,5274,5262,5262,5262,5273,8,965,.,.,-1,1.0,6350,-1
5310,5309,5275,5263,5263,5263,5273,260,965,.,.,-1,1.0,6350,-1
5310,5309,5276,5264,5264,5264,5273,3350,965,.,.,-1,1.0,6350,-1
5310,5309,5277,5265,5265,5265,5273,4127,965,.,.,-1,1.0,6350,-1
5310,5309,5278,5266,5266,5266,5273,4696,965,.,.,-1,1.0,6350,-1
5310,5309,5279,5267,5267,5267,5273,4985,965,.,.,-1,1.0,6350,-1
5310,5309,5280,5268,5268,5268,5273,5001,965,.,.,-1,1.0,6350,-1
5310,5309,5281,5269,5269,5269,5273,7058,965,.,.,-1,1.0,6350,-1
5310,5309,5282,5270,5270,5270,5273,7641,965,.,.,-1,1.0,6350,-1
5310,5309,5283,5271,5271,5271,5273,8052,965,.,.,-1,1.0,6350,-1
5310,5309,5284,5272,5272,5272,5273,8074,965,.,.,-1,1.0,6350,-1
5310,5309,5298,5286,5286,5286,5297,425,965,.,.,-1,1.0,6350,-1
5310,5309,5299,5287,5287,5287,5297,441,965,.,.,-1,1.0,6350,-1
5310,5309,5300,5288,5288,5288,5297,2984,965,.,.,-1,1.0,6350,-1
5310,5309,5301,5289,5289,5289,5297,4503,965,.,.,-1,1.0,6350,-1
5310,5309,5302,5290,5290,5290,5297,4696,965,.,.,-1,1.0,6350,-1
5310,5309,5303,5291,5291,5291,5297,5665,965,.,.,-1,1.0,6350,-1
5310,5309,5304,5292,5292,5292,5297,6269,965,.,.,-1,1.0,6350,-1
5310,5309,5305,5293,5293,5293,5297,7058,965,.,.,-1,1.0,6350,-1
5310,5309,5306,5294,5294,5294,5297,7460,965,.,.,-1,1.0,6350,-1
5310,5309,5307,5295,5295,5295,5297,7654,965,.,.,-1,1.0,6350,-1
5310,5309,5308,5296,5296,5296,5297,8052,965,.,.,-1,1.0,6350,-1
5310,5309,5340,5314,5314,5314,5339,81,965,.,.,-1,1.0,6350,-1
5310,5309,5341,5315,5315,5315,5339,1000,965,.,.,-1,2.0,6350,-1
5310,5309,5342,5316,5316,5316,5339,2473,965,.,.,-1,20.0,0,-1
5310,5309,5343,5317,5317,5317,5339,3019,965,.,.,-1,6.0,6751,-1
5310,5309,5344,5318,5318,5318,5339,3045,965,.,.,-1,1.0,6350,-1
5310,5309,5345,5319,5319,5319,5339,3149,965,.,.,-1,1.0,6350,-1
5310,5309,5346,5320,5320,5320,5339,3398,965,.,.,-1,1.0,6350,-1
5310,5309,5347,5321,5321,5321,5339,3750,965,.,.,-1,1.0,6350,-1
5310,5309,5348,5322,5322,5322,5339,4832,965,.,.,-1,1.0,6350,-1
5310,5309,5349,5323,5323,5323,5339,5234,965,.,.,-1,1.0,6350,-1
5310,5309,5350,5324,5324,5324,5339,5482,965,.,.,-1,5.0,6751,-1
5310,5309,5351,5325,5325,5325,5339,5532,965,.,.,-1,1.0,6350,-1
5310,5309,5352,5326,5326,5326,5339,5739,965,.,.,-1,1.0,6350,-1
5310,5309,5353,5327,5327,5327,5339,5857,965,.,.,-1,1.0,6350,-1
5310,5309,5354,5328,5328,5328,5339,5946,965,.,.,-1,1.0,6350,-1
5310,5309,5355,5329,5329,5329,5339,5996,965,.,.,-1,1.0,6350,-1
5310,5309,5356,5330,5330,5330,5339,6959,965,.,.,-1,1.0,6350,-1
5310,5309,5357,5331,5331,5331,5339,7451,965,.,.,-1,10.0,6751,-1
5310,5309,5358,5332,5332,5332,5339,8087,965,.,.,-1,8.0,6751,-1
5310,5309,5359,5333,5333,5333,5339,8377,965,.,.,-1,1.0,6350,-1
5310,5309,5360,5334,5334,5334,5339,8445,965,.,.,-1,5.0,6751,-1
5310,5309,5361,5335,5335,5335,5339,8938,965,.,.,-1,1.0,6350,-1
5310,5309,5362,5336,5336,5336,5339,9074,965,.,.,-1,1.0,6350,-1
5310,5309,5363,5337,5337,5337,5339,9289,965,.,.,-1,1.0,6350,-1
5310,5309,5364,5338,5338,5338,5339,9291,965,.,.,-1,1.0,6350,-1
5310,5309,5426,5372,5372,5372,5425,32,965,.,.,-1,2.0,6350,-1
5310,5309,5427,5373,5373,5373,5425,81,965,.,.,-1,1.0,6350,-1
5310,5309,5428,5374,5374,5374,5425,749,965,.,.,-1,2.0,6350,-1
5310,5309,5429,5375,5375,5375,5425,831,965,.,.,-1,1.0,6350,-1
5310,5309,5430,5376,5376,5376,5425,1000,965,.,.,-1,2.0,6350,-1
5310,5309,5431,5377,5377,5377,5425,1117,965,.,.,-1,1.0,6350,-1
5310,5309,5432,5378,5378,5378,5425,1579,965,.,.,-1,1.0,6350,-1
5310,5309,5433,5379,5379,5379,5425,2322,965,.,.,-1,1.0,6350,-1
5310,5309,5434,5380,5380,5380,5425,2473,965,.,.,-1,54.0,0,-1
5310,5309,5435,5381,5381,5381,5425,2514,965,.,.,-1,1.0,6350,-1
5310,5309,5436,5382,5382,5382,5425,2713,965,.,.,-1,1.0,6350,-1
5310,5309,5437,5383,5383,5383,5425,2766,965,.,.,-1,1.0,6350,-1
5310,5309,5438,5384,5384,5384,5425,2995,965,.,.,-1,2.0,6350,-1
5310,5309,5439,5385,5385,5385,5425,3019,965,.,.,-1,19.0,6751,-1
5310,5309,5440,5386,5386,5386,5425,3082,965,.,.,-1,2.0,6350,-1
5310,5309,5441,5387,5387,5387,5425,3305,965,.,.,-1,1.0,6350,-1
5310,5309,5442,5388,5388,5388,5425,3358,965,.,.,-1,1.0,6350,-1
5310,5309,5443,5389,5389,5389,5425,3449,965,.,.,-1,2.0,6350,-1
5310,5309,5444,5390,5390,5390,5425,3528,965,.,.,-1,2.0,6350,-1
5310,5309,5445,5391,5391,5391,5425,3602,965,.,.,-1,2.0,6350,-1
5310,5309,5446,5392,5392,5392,5425,3674,965,.,.,-1,1.0,6350,-1
5310,5309,5447,5393,5393,5393,5425,3702,965,.,.,-1,1.0,6350,-1
5310,5309,5448,5394,5394,5394,5425,3801,965,.,.,-1,1.0,6350,-1
5310,5309,5449,5395,5395,5395,5425,4266,965,.,.,-1,1.0,6350,-1
5310,5309,5450,5396,5396,5396,5425,4317,965,.,.,-1,1.0,6350,-1
5310,5309,5451,5397,5397,5397,5425,4430,965,.,.,-1,1.0,6350,-1
5310,5309,5452,5398,5398,5398,5425,4796,965,.,.,-1,1.0,6350,-1
5310,5309,5453,5399,5399,5399,5425,5061,965,.,.,-1,1.0,6350,-1
5310,5309,5454,5400,5400,5400,5425,5181,965,.,.,-1,1.0,6350,-1
5310,5309,5455,5401,5401,5401,5425,5234,965,.,.,-1,1.0,6350,-1
5310,5309,5456,5402,5402,5402,5425,5312,965,.,.,-1,1.0,6350,-1
5310,5309,5457,5403,5403,5403,5425,5368,965,.,.,-1,1.0,6350,-1
5310,5309,5458,5404,5404,5404,5425,5482,965,.,.,-1,18.0,6751,-1
5310,5309,5459,5405,5405,5405,5425,5532,965,.,.,-1,2.0,6350,-1
5310,5309,5460,5406,5406,5406,5425,5652,965,.,.,-1,1.0,6350,-1
5310,5309,5461,5407,5407,5407,5425,5857,965,.,.,-1,1.0,6350,-1
5310,5309,5462,5408,5408,5408,5425,5946,965,.,.,-1,2.0,6350,-1
5310,5309,5463,5409,5409,5409,5425,6214,965,.,.,-1,1.0,6350,-1
5310,5309,5464,5410,5410,5410,5425,6586,965,.,.,-1,1.0,6350,-1
5310,5309,5465,5411,5411,5411,5425,6624,965,.,.,-1,3.0,6350,-1
5310,5309,5466,5412,5412,5412,5425,6706,965,.,.,-1,1.0,6350,-1
5310,5309,5467,5413,5413,5413,5425,6862,965,.,.,-1,2.0,6350,-1
5310,5309,5468,5414,5414,5414,5425,7451,965,.,.,-1,24.0,6751,-1
5310,5309,5469,5415,5415,5415,5425,7578,965,.,.,-1,1.0,6350,-1
5310,5309,5470,5416,5416,5416,5425,7812,965,.,.,-1,1.0,6350,-1
5310,5309,5471,5417,5417,5417,5425,8087,965,.,.,-1,22.0,6751,-1
5310,5309,5472,5418,5418,5418,5425,8187,965,.,.,-1,1.0,6350,-1
5310,5309,5473,5419,5419,5419,5425,8445,965,.,.,-1,20.0,6751,-1
5310,5309,5474,5420,5420,5420,5425,8510,965,.,.,-1,1.0,6350,-1
5310,5309,5475,5421,5421,5421,5425,8627,965,.,.,-1,1.0,6350,-1
5310,5309,5476,5422,5422,5422,5425,8938,965,.,.,-1,1.0,6350,-1
5310,5309,5477,5423,5423,5423,5425,8999,965,.,.,-1,1.0,6350,-1
5310,5309,5478,5424,5424,5424,5425,9287,965,.,.,-1,1.0,6350,-1
5310,5309,5533,5484,5484,5484,5532,345,965,.,.,-1,1.0,6350,-1
5310,5309,5534,5485,5485,5485,5532,521,965,.,.,-1,1.0,6350,-1
5310,5309,5535,5486,5486,5486,5532,831,965,.,.,-1,1.0,6350,-1
5310,5309,5536,5487,5487,5487,5532,1035,965,.,.,-1,1.0,6350,-1
5310,5309,5537,5488,5488,5488,5532,1412,965,.,.,-1,1.0,6350,-1
5310,5309,5538,5489,5489,5489,5532,2221,965,.,.,-1,1.0,6350,-1
5310,5309,5539,5490,5490,5490,5532,2477,965,.,.,-1,1.0,6350,-1
5310,5309,5540,5491,5491,5491,5532,2559,965,.,.,-1,1.0,6350,-1
5310,5309,5541,5492,5492,5492,5532,2766,965,.,.,-1,1.0,6350,-1
5310,5309,5542,5493,5493,5493,5532,2849,965,.,.,-1,1.0,6350,-1
5310,5309,5543,5494,5494,5494,5532,3019,965,.,.,-1,12.0,6751,-1
5310,5309,5544,5495,5495,5495,5532,3045,965,.,.,-1,1.0,6350,-1
5310,5309,5545,5496,5496,5496,5532,3240,965,.,.,-1,1.0,6350,-1
5310,5309,5546,5497,5497,5497,5532,3449,965,.,.,-1,1.0,6350,-1
5310,5309,5547,5498,5498,5498,5532,3750,965,.,.,-1,1.0,6350,-1
5310,5309,5548,5499,5499,5499,5532,3919,965,.,.,-1,2.0,6350,-1
5310,5309,5549,5500,5500,5500,5532,4052,965,.,.,-1,1.0,6350,-1
5310,5309,5550,5501,5501,5501,5532,4430,965,.,.,-1,2.0,6350,-1
5310,5309,5551,5502,5502,5502,5532,4750,965,.,.,-1,1.0,6350,-1
5310,5309,5552,5503,5503,5503,5532,4802,965,.,.,-1,1.0,6350,-1
5310,5309,5553,5504,5504,5504,5532,4804,965,.,.,-1,1.0,6350,-1
5310,5309,5554,5505,5505,5505,5532,4832,965,.,.,-1,1.0,6350,-1
5310,5309,5555,5506,5506,5506,5532,4917,965,.,.,-1,1.0,6350,-1
5310,5309,5556,5507,5507,5507,5532,5234,965,.,.,-1,2.0,6350,-1
5310,5309,5557,5508,5508,5508,5532,5312,965,.,.,-1,1.0,6350,-1
5310,5309,5558,5509,5509,5509,5532,5339,965,.,.,-1,1.0,6350,-1
5310,5309,5559,5510,5510,5510,5532,5482,965,.,.,-1,10.0,6751,-1
5310,5309,5560,5511,5511,5511,5532,5650,965,.,.,-1,1.0,6350,-1
5310,5309,5561,5512,5512,5512,5532,5739,965,.,.,-1,1.0,6350,-1
5310,5309,5562,5513,5513,5513,5532,5857,965,.,.,-1,1.0,6350,-1
5310,5309,5563,5514,5514,5514,5532,5996,965,.,.,-1,1.0,6350,-1
5310,5309,5564,5515,5515,5515,5532,6552,965,.,.,-1,1.0,6350,-1
5310,5309,5565,5516,5516,5516,5532,6580,965,.,.,-1,1.0,6350,-1
5310,5309,5566,5517,5517,5517,5532,7096,965,.,.,-1,1.0,6350,-1
5310,5309,5567,5518,5518,5518,5532,7335,965,.,.,-1,2.0,6350,-1
5310,5309,5568,5519,5519,5519,5532,7393,965,.,.,-1,1.0,6350,-1
5310,5309,5569,5520,5520,5520,5532,7451,965,.,.,-1,16.0,6751,-1
5310,5309,5570,5521,5521,5521,5532,7690,965,.,.,-1,1.0,6350,-1
5310,5309,5571,5522,5522,5522,5532,7732,965,.,.,-1,1.0,6350,-1
5310,5309,5572,5523,5523,5523,5532,8087,965,.,.,-1,18.0,6751,-1
5310,5309,5573,5524,5524,5524,5532,8286,965,.,.,-1,1.0,6350,-1
5310,5309,5574,5525,5525,5525,5532,8445,965,.,.,-1,19.0,6751,-1
5310,5309,5575,5526,5526,5526,5532,8510,965,.,.,-1,1.0,6350,-1
5310,5309,5576,5527,5527,5527,5532,8823,965,.,.,-1,2.0,6350,-1
5310,5309,5577,5528,5528,5528,5532,9001,965,.,.,-1,1.0,6350,-1
5310,5309,5578,5529,5529,5529,5532,9228,965,.,.,-1,2.0,6350,-1
5310,5309,5579,5530,5530,5530,5532,9289,965,.,.,-1,1.0,6350,-1
5310,5309,5580,5531,5531,5531,5532,9295,965,.,.,-1,50.0,0,-1
5310,5309,5617,5584,5584,5584,5616,272,965,.,.,-1,1.0,6350,-1
5310,5309,5618,5585,5585,5585,5616,521,965,.,.,-1,1.0,6350,-1
5310,5309,5619,5586,5586,5586,5616,1199,965,.,.,-1,1.0,6350,-1
5310,5309,5620,5587,5587,5587,5616,2221,965,.,.,-1,1.0,6350,-1
5310,5309,5621,5588,5588,5588,5616,2473,965,.,.,-1,7.0,0,-1
5310,5309,5622,5589,5589,5589,5616,2477,965,.,.,-1,1.0,6350,-1
5310,5309,5623,5590,5590,5590,5616,2652,965,.,.,-1,1.0,6350,-1
5310,5309,5624,5591,5591,5591,5616,2955,965,.,.,-1,1.0,6350,-1
5310,5309,5625,5592,5592,5592,5616,3019,965,.,.,-1,3.0,6751,-1
5310,5309,5626,5593,5593,5593,5616,3082,965,.,.,-1,1.0,6350,-1
5310,5309,5627,5594,5594,5594,5616,3240,965,.,.,-1,1.0,6350,-1
5310,5309,5628,5595,5595,5595,5616,3305,965,.,.,-1,1.0,6350,-1
5310,5309,5629,5596,5596,5596,5616,3528,965,.,.,-1,1.0,6350,-1
5310,5309,5630,5597,5597,5597,5616,3702,965,.,.,-1,2.0,6350,-1
5310,5309,5631,5598,5598,5598,5616,4430,965,.,.,-1,2.0,6350,-1
5310,5309,5632,5599,5599,5599,5616,4627,965,.,.,-1,1.0,6350,-1
5310,5309,5633,5600,5600,5600,5616,5234,965,.,.,-1,2.0,6350,-1
5310,5309,5634,5601,5601,5601,5616,5482,965,.,.,-1,6.0,6751,-1
5310,5309,5635,5602,5602,5602,5616,5857,965,.,.,-1,1.0,6350,-1
5310,5309,5636,5603,5603,5603,5616,5946,965,.,.,-1,1.0,6350,-1
5310,5309,5637,5604,5604,5604,5616,5996,965,.,.,-1,1.0,6350,-1
5310,5309,5638,5605,5605,5605,5616,6352,965,.,.,-1,1.0,6350,-1
5310,5309,5639,5606,5606,5606,5616,6552,965,.,.,-1,1.0,6350,-1
5310,5309,5640,5607,5607,5607,5616,6578,965,.,.,-1,1.0,6350,-1
5310,5309,5641,5608,5608,5608,5616,6580,965,.,.,-1,1.0,6350,-1
5310,5309,5642,5609,5609,5609,5616,6862,965,.,.,-1,1.0,6350,-1
5310,5309,5643,5610,5610,5610,5616,6959,965,.,.,-1,1.0,6350,-1
5310,5309,5644,5611,5611,5611,5616,7451,965,.,.,-1,4.0,6751,-1
5310,5309,5645,5612,5612,5612,5616,7732,965,.,.,-1,1.0,6350,-1
5310,5309,5646,5613,5613,5613,5616,8087,965,.,.,-1,5.0,6751,-1
5310,5309,5647,5614,5614,5614,5616,8445,965,.,.,-1,5.0,6751,-1
5310,5309,5648,5615,5615,5615,5616,8447,965,.,.,-1,5.0,0,-1
5310,5309,5666,5654,5654,5654,5665,2473,965,.,.,-1,2.0,6347,-1
5310,5309,5667,5655,5655,5655,5665,2715,965,.,.,-1,1.0,6347,-1
5310,5309,5668,5656,5656,5656,5665,2957,965,.,.,-1,3.0,6347,-1
5310,5309,5669,5657,5657,5657,5665,3530,965,.,.,-1,6.0,6347,-1
5310,5309,5670,5658,5658,5658,5665,5480,965,.,.,-1,2.0,6347,-1
5310,5309,5671,5659,5659,5659,5665,6349,965,.,.,-1,8.0,6347,-1
5310,5309,5672,5660,5660,5660,5665,6442,965,.,.,-1,3.0,6347,-1
5310,5309,5673,5661,5661,5661,5665,6576,965,.,.,-1,2.0,6347,-1
5310,5309,5674,5662,5662,5662,5665,7667,965,.,.,-1,4.0,6347,-1
5310,5309,5675,5663,5663,5663,5665,8447,965,.,.,-1,3.0,6347,-1
5310,5309,5676,5664,5664,5664,5665,9295,965,.,.,-1,37.0,6347,-1
5310,5309,5740,5678,5678,5678,5739,81,965,.,.,-1,1.0,6350,-1
5310,5309,5741,5679,5679,5679,5739,272,965,.,.,-1,1.0,6350,-1
5310,5309,5742,5680,5680,5680,5739,642,965,.,.,-1,1.0,6350,-1
5310,5309,5743,5681,5681,5681,5739,692,965,.,.,-1,1.0,6350,-1
5310,5309,5744,5682,5682,5682,5739,831,965,.,.,-1,3.0,6350,-1
5310,5309,5745,5683,5683,5683,5739,911,965,.,.,-1,2.0,6350,-1
5310,5309,5746,5684,5684,5684,5739,1321,965,.,.,-1,2.0,6350,-1
5310,5309,5747,5685,5685,5685,5739,1412,965,.,.,-1,1.0,6350,-1
5310,5309,5748,5686,5686,5686,5739,1525,965,.,.,-1,1.0,6350,-1
5310,5309,5749,5687,5687,5687,5739,1579,965,.,.,-1,1.0,6350,-1
5310,5309,5750,5688,5688,5688,5739,2322,965,.,.,-1,1.0,6350,-1
5310,5309,5751,5689,5689,5689,5739,2475,965,.,.,-1,1.0,6350,-1
5310,5309,5752,5690,5690,5690,5739,2477,965,.,.,-1,2.0,6350,-1
5310,5309,5753,5691,5691,5691,5739,2490,965,.,.,-1,1.0,6350,-1
5310,5309,5754,5692,5692,5692,5739,2883,965,.,.,-1,1.0,6350,-1
5310,5309,5755,5693,5693,5693,5739,3019,965,.,.,-1,23.0,6751,-1
5310,5309,5756,5694,5694,5694,5739,3082,965,.,.,-1,1.0,6350,-1
5310,5309,5757,5695,5695,5695,5739,3398,965,.,.,-1,1.0,6350,-1
5310,5309,5758,5696,5696,5696,5739,3526,965,.,.,-1,1.0,6350,-1
5310,5309,5759,5697,5697,5697,5739,3528,965,.,.,-1,1.0,6350,-1
5310,5309,5760,5698,5698,5698,5739,3602,965,.,.,-1,2.0,6350,-1
5310,5309,5761,5699,5699,5699,5739,3702,965,.,.,-1,2.0,6350,-1
5310,5309,5762,5700,5700,5700,5739,3750,965,.,.,-1,1.0,6350,-1
5310,5309,5763,5701,5701,5701,5739,3919,965,.,.,-1,1.0,6350,-1
5310,5309,5765,5703,5703,5703,5739,4368,965,.,.,-1,2.0,6350,-1
5310,5309,5764,5702,5702,5702,5739,4317,965,.,.,-1,2.0,6350,-1
5310,5309,5766,5704,5704,5704,5739,4430,965,.,.,-1,1.0,6350,-1
5310,5309,5767,5705,5705,5705,5739,4804,965,.,.,-1,1.0,6350,-1
5310,5309,5768,5706,5706,5706,5739,5181,965,.,.,-1,1.0,6350,-1
5310,5309,5769,5707,5707,5707,5739,5368,965,.,.,-1,2.0,6350,-1
5310,5309,5770,5708,5708,5708,5739,5370,965,.,.,-1,1.0,6350,-1
5310,5309,5771,5709,5709,5709,5739,5482,965,.,.,-1,34.0,6751,-1
5310,5309,5772,5710,5710,5710,5739,5532,965,.,.,-1,1.0,6350,-1
5310,5309,5775,5713,5713,5713,5739,5650,965,.,.,-1,1.0,6350,-1
5310,5309,5773,5711,5711,5711,5739,5582,965,.,.,-1,1.0,6350,-1
5310,5309,5774,5712,5712,5712,5739,5616,965,.,.,-1,1.0,6350,-1
5310,5309,5776,5714,5714,5714,5739,5857,965,.,.,-1,1.0,6350,-1
5310,5309,5777,5715,5715,5715,5739,5996,965,.,.,-1,1.0,6350,-1
5310,5309,5778,5716,5716,5716,5739,6055,965,.,.,-1,1.0,6350,-1
5310,5309,5779,5717,5717,5717,5739,6578,965,.,.,-1,1.0,6350,-1
5310,5309,5780,5718,5718,5718,5739,6580,965,.,.,-1,1.0,6350,-1
5310,5309,5781,5719,5719,5719,5739,6582,965,.,.,-1,1.0,6350,-1
5310,5309,5782,5720,5720,5720,5739,6584,965,.,.,-1,4.0,6350,-1
5310,5309,5783,5721,5721,5721,5739,6624,965,.,.,-1,1.0,6350,-1
5310,5309,5784,5722,5722,5722,5739,6862,965,.,.,-1,1.0,6350,-1
5310,5309,5785,5723,5723,5723,5739,7297,965,.,.,-1,2.0,6350,-1
5310,5309,5786,5724,5724,5724,5739,7451,965,.,.,-1,27.0,6751,-1
5310,5309,5787,5725,5725,5725,5739,7690,965,.,.,-1,2.0,6350,-1
5310,5309,5788,5726,5726,5726,5739,7753,965,.,.,-1,1.0,6350,-1
5310,5309,5789,5727,5727,5727,5739,7812,965,.,.,-1,2.0,6350,-1
5310,5309,5790,5728,5728,5728,5739,8087,965,.,.,-1,25.0,6751,-1
5310,5309,5791,5729,5729,5729,5739,8187,965,.,.,-1,2.0,6350,-1
5310,5309,5792,5730,5730,5730,5739,8445,965,.,.,-1,22.0,6751,-1
5310,5309,5793,5731,5731,5731,5739,8470,965,.,.,-1,1.0,6350,-1
5310,5309,5794,5732,5732,5732,5739,8718,965,.,.,-1,1.0,6350,-1
5310,5309,5795,5733,5733,5733,5739,9001,965,.,.,-1,1.0,6350,-1
5310,5309,5796,5734,5734,5734,5739,9074,965,.,.,-1,1.0,6350,-1
5310,5309,5797,5735,5735,5735,5739,9228,965,.,.,-1,1.0,6350,-1
5310,5309,5798,5736,5736,5736,5739,9289,965,.,.,-1,2.0,6350,-1
5310,5309,5799,5737,5737,5737,5739,9293,965,.,.,-1,1.0,6350,-1
5310,5309,5800,5738,5738,5738,5739,9426,965,.,.,-1,2.0,6350,-1
5310,5309,5858,5802,5802,5802,5857,32,965,.,.,-1,2.0,6350,-1
5310,5309,5859,5803,5803,5803,5857,345,965,.,.,-1,1.0,6350,-1
5310,5309,5860,5804,5804,5804,5857,521,965,.,.,-1,1.0,6350,-1
5310,5309,5861,5805,5805,5805,5857,642,965,.,.,-1,2.0,6350,-1
5310,5309,5862,5806,5806,5806,5857,692,965,.,.,-1,1.0,6350,-1
5310,5309,5863,5807,5807,5807,5857,1117,965,.,.,-1,1.0,6350,-1
5310,5309,5864,5808,5808,5808,5857,1245,965,.,.,-1,1.0,6350,-1
5310,5309,5865,5809,5809,5809,5857,1525,965,.,.,-1,1.0,6350,-1
5310,5309,5866,5810,5810,5810,5857,1581,965,.,.,-1,1.0,6350,-1
5310,5309,5867,5811,5811,5811,5857,1631,965,.,.,-1,2.0,6350,-1
5310,5309,5868,5812,5812,5812,5857,2221,965,.,.,-1,1.0,6350,-1
5310,5309,5869,5813,5813,5813,5857,2477,965,.,.,-1,1.0,6350,-1
5310,5309,5870,5814,5814,5814,5857,2514,965,.,.,-1,2.0,6350,-1
5310,5309,5871,5815,5815,5815,5857,2713,965,.,.,-1,1.0,6350,-1
5310,5309,5872,5816,5816,5816,5857,2849,965,.,.,-1,1.0,6350,-1
5310,5309,5873,5817,5817,5817,5857,3019,965,.,.,-1,18.0,6751,-1
5310,5309,5874,5818,5818,5818,5857,3045,965,.,.,-1,1.0,6350,-1
5310,5309,5875,5819,5819,5819,5857,3080,965,.,.,-1,1.0,6350,-1
5310,5309,5876,5820,5820,5820,5857,3266,965,.,.,-1,1.0,6350,-1
5310,5309,5877,5821,5821,5821,5857,3358,965,.,.,-1,1.0,6350,-1
5310,5309,5878,5822,5822,5822,5857,3398,965,.,.,-1,1.0,6350,-1
5310,5309,5879,5823,5823,5823,5857,3493,965,.,.,-1,2.0,6350,-1
5310,5309,5880,5824,5824,5824,5857,3702,965,.,.,-1,1.0,6350,-1
5310,5309,5881,5825,5825,5825,5857,3750,965,.,.,-1,3.0,6350,-1
5310,5309,5882,5826,5826,5826,5857,4430,965,.,.,-1,1.0,6350,-1
5310,5309,5883,5827,5827,5827,5857,4492,965,.,.,-1,1.0,6350,-1
5310,5309,5884,5828,5828,5828,5857,4627,965,.,.,-1,1.0,6350,-1
5310,5309,5885,5829,5829,5829,5857,4750,965,.,.,-1,1.0,6350,-1
5310,5309,5886,5830,5830,5830,5857,4917,965,.,.,-1,1.0,6350,-1
5310,5309,5887,5831,5831,5831,5857,5234,965,.,.,-1,2.0,6350,-1
5310,5309,5888,5832,5832,5832,5857,5236,965,.,.,-1,1.0,6350,-1
5310,5309,5889,5833,5833,5833,5857,5339,965,.,.,-1,1.0,6350,-1
5310,5309,5890,5834,5834,5834,5857,5482,965,.,.,-1,21.0,6751,-1
5310,5309,5892,5836,5836,5836,5857,5650,965,.,.,-1,1.0,6350,-1
5310,5309,5891,5835,5835,5835,5857,5616,965,.,.,-1,1.0,6350,-1
5310,5309,5893,5837,5837,5837,5857,5739,965,.,.,-1,1.0,6350,-1
5310,5309,5894,5838,5838,5838,5857,6582,965,.,.,-1,1.0,6350,-1
5310,5309,5895,5839,5839,5839,5857,6584,965,.,.,-1,2.0,6350,-1
5310,5309,5896,5840,5840,5840,5857,6624,965,.,.,-1,1.0,6350,-1
5310,5309,5897,5841,5841,5841,5857,6706,965,.,.,-1,1.0,6350,-1
5310,5309,5898,5842,5842,5842,5857,7393,965,.,.,-1,1.0,6350,-1
5310,5309,5899,5843,5843,5843,5857,7451,965,.,.,-1,19.0,6751,-1
5310,5309,5900,5844,5844,5844,5857,7812,965,.,.,-1,2.0,6350,-1
5310,5309,5901,5845,5845,5845,5857,8087,965,.,.,-1,19.0,6751,-1
5310,5309,5902,5846,5846,5846,5857,8286,965,.,.,-1,1.0,6350,-1
5310,5309,5903,5847,5847,5847,5857,8445,965,.,.,-1,22.0,6751,-1
5310,5309,5904,5848,5848,5848,5857,8470,965,.,.,-1,1.0,6350,-1
5310,5309,5905,5849,5849,5849,5857,8510,965,.,.,-1,1.0,6350,-1
5310,5309,5906,5850,5850,5850,5857,8718,965,.,.,-1,2.0,6350,-1
5310,5309,5907,5851,5851,5851,5857,8823,965,.,.,-1,1.0,6350,-1
5310,5309,5908,5852,5852,5852,5857,8877,965,.,.,-1,1.0,6350,-1
5310,5309,5909,5853,5853,5853,5857,8999,965,.,.,-1,1.0,6350,-1
5310,5309,5910,5854,5854,5854,5857,9001,965,.,.,-1,1.0,6350,-1
5310,5309,5911,5855,5855,5855,5857,9289,965,.,.,-1,1.0,6350,-1
5310,5309,5912,5856,5856,5856,5857,9293,965,.,.,-1,2.0,6350,-1
5310,5309,5947,5916,5916,5916,5946,189,965,.,.,-1,1.0,6350,-1
5310,5309,5948,5917,5917,5917,5946,692,965,.,.,-1,1.0,6350,-1
5310,5309,5949,5918,5918,5918,5946,1199,965,.,.,-1,1.0,6350,-1
5310,5309,5950,5919,5919,5919,5946,2322,965,.,.,-1,1.0,6350,-1
5310,5309,5951,5920,5920,5920,5946,2766,965,.,.,-1,1.0,6350,-1
5310,5309,5952,5921,5921,5921,5946,2995,965,.,.,-1,2.0,6350,-1
5310,5309,5953,5922,5922,5922,5946,3019,965,.,.,-1,8.0,6751,-1
5310,5309,5954,5923,5923,5923,5946,3358,965,.,.,-1,1.0,6350,-1
5310,5309,5955,5924,5924,5924,5946,3449,965,.,.,-1,1.0,6350,-1
5310,5309,5956,5925,5925,5925,5946,3750,965,.,.,-1,1.0,6350,-1
5310,5309,5957,5926,5926,5926,5946,4750,965,.,.,-1,1.0,6350,-1
5310,5309,5958,5927,5927,5927,5946,4800,965,.,.,-1,1.0,6350,-1
5310,5309,5959,5928,5928,5928,5946,4804,965,.,.,-1,1.0,6350,-1
5310,5309,5960,5929,5929,5929,5946,4832,965,.,.,-1,1.0,6350,-1
5310,5309,5961,5930,5930,5930,5946,5061,965,.,.,-1,1.0,6350,-1
5310,5309,5962,5931,5931,5931,5946,5181,965,.,.,-1,1.0,6350,-1
5310,5309,5963,5932,5932,5932,5946,5368,965,.,.,-1,1.0,6350,-1
5310,5309,5964,5933,5933,5933,5946,5482,965,.,.,-1,8.0,6751,-1
5310,5309,5965,5934,5934,5934,5946,5996,965,.,.,-1,1.0,6350,-1
5310,5309,5966,5935,5935,5935,5946,6214,965,.,.,-1,1.0,6350,-1
5310,5309,5967,5936,5936,5936,5946,6352,965,.,.,-1,1.0,6350,-1
5310,5309,5968,5937,5937,5937,5946,6522,965,.,.,-1,1.0,6350,-1
5310,5309,5969,5938,5938,5938,5946,6624,965,.,.,-1,1.0,6350,-1
5310,5309,5970,5939,5939,5939,5946,6862,965,.,.,-1,1.0,6350,-1
5310,5309,5971,5940,5940,5940,5946,6959,965,.,.,-1,1.0,6350,-1
5310,5309,5972,5941,5941,5941,5946,7451,965,.,.,-1,5.0,6751,-1
5310,5309,5973,5942,5942,5942,5946,8087,965,.,.,-1,6.0,6751,-1
5310,5309,5974,5943,5943,5943,5946,8445,965,.,.,-1,8.0,6751,-1
5310,5309,5975,5944,5944,5944,5946,8718,965,.,.,-1,1.0,6350,-1
5310,5309,5976,5945,5945,5945,5946,9001,965,.,.,-1,1.0,6350,-1
5310,5309,5997,5978,5978,5978,5996,272,965,.,.,-1,1.0,6350,-1
5310,5309,5998,5979,5979,5979,5996,1000,965,.,.,-1,2.0,6350,-1
5310,5309,5999,5980,5980,5980,5996,2652,965,.,.,-1,1.0,6350,-1
5310,5309,6000,5981,5981,5981,5996,3019,965,.,.,-1,2.0,6751,-1
5310,5309,6001,5982,5982,5982,5996,3526,965,.,.,-1,1.0,6350,-1
5310,5309,6002,5983,5983,5983,5996,4430,965,.,.,-1,1.0,6350,-1
5310,5309,6003,5984,5984,5984,5996,5482,965,.,.,-1,5.0,6751,-1
5310,5309,6004,5985,5985,5985,5996,6154,965,.,.,-1,1.0,6350,-1
5310,5309,6005,5986,5986,5986,5996,7191,965,.,.,-1,1.0,6350,-1
5310,5309,6006,5987,5987,5987,5996,7451,965,.,.,-1,5.0,6751,-1
5310,5309,6007,5988,5988,5988,5996,7732,965,.,.,-1,1.0,6350,-1
5310,5309,6008,5989,5989,5989,5996,8087,965,.,.,-1,3.0,6751,-1
5310,5309,6009,5990,5990,5990,5996,8187,965,.,.,-1,1.0,6350,-1
5310,5309,6010,5991,5991,5991,5996,8286,965,.,.,-1,1.0,6350,-1
5310,5309,6011,5992,5992,5992,5996,8445,965,.,.,-1,4.0,6751,-1
5310,5309,6012,5993,5993,5993,5996,8877,965,.,.,-1,1.0,6350,-1
5310,5309,6013,5994,5994,5994,5996,9001,965,.,.,-1,1.0,6350,-1
5310,5309,6014,5995,5995,5995,5996,9074,965,.,.,-1,1.0,6350,-1
5310,5309,6056,6016,6016,6016,6055,345,965,.,.,-1,1.0,6350,-1
5310,5309,6057,6017,6017,6017,6055,692,965,.,.,-1,1.0,6350,-1
5310,5309,6059,6019,6019,6019,6055,1117,965,.,.,-1,1.0,6350,-1
5310,5309,6058,6018,6018,6018,6055,1035,965,.,.,-1,2.0,6350,-1
5310,5309,6060,6020,6020,6020,6055,1581,965,.,.,-1,1.0,6350,-1
5310,5309,6061,6021,6021,6021,6055,1631,965,.,.,-1,1.0,6350,-1
5310,5309,6062,6022,6022,6022,6055,2475,965,.,.,-1,2.0,6350,-1
5310,5309,6063,6023,6023,6023,6055,2766,965,.,.,-1,1.0,6350,-1
5310,5309,6064,6024,6024,6024,6055,3019,965,.,.,-1,7.0,6751,-1
5310,5309,6065,6025,6025,6025,6055,3045,965,.,.,-1,1.0,6350,-1
5310,5309,6066,6026,6026,6026,6055,3080,965,.,.,-1,1.0,6350,-1
5310,5309,6067,6027,6027,6027,6055,3149,965,.,.,-1,1.0,6350,-1
5310,5309,6068,6028,6028,6028,6055,3240,965,.,.,-1,2.0,6350,-1
5310,5309,6069,6029,6029,6029,6055,3528,965,.,.,-1,1.0,6350,-1
5310,5309,6070,6030,6030,6030,6055,3702,965,.,.,-1,1.0,6350,-1
5310,5309,6072,6032,6032,6032,6055,4368,965,.,.,-1,1.0,6350,-1
5310,5309,6071,6031,6031,6031,6055,4317,965,.,.,-1,2.0,6350,-1
5310,5309,6073,6033,6033,6033,6055,4750,965,.,.,-1,1.0,6350,-1
5310,5309,6074,6034,6034,6034,6055,4796,965,.,.,-1,1.0,6350,-1
5310,5309,6075,6035,6035,6035,6055,5061,965,.,.,-1,1.0,6350,-1
5310,5309,6076,6036,6036,6036,6055,5181,965,.,.,-1,1.0,6350,-1
5310,5309,6077,6037,6037,6037,6055,5234,965,.,.,-1,1.0,6350,-1
5310,5309,6078,6038,6038,6038,6055,5312,965,.,.,-1,1.0,6350,-1
5310,5309,6079,6039,6039,6039,6055,5482,965,.,.,-1,11.0,6751,-1
5310,5309,6080,6040,6040,6040,6055,5532,965,.,.,-1,1.0,6350,-1
5310,5309,6081,6041,6041,6041,6055,5582,965,.,.,-1,1.0,6350,-1
5310,5309,6082,6042,6042,6042,6055,5616,965,.,.,-1,3.0,6350,-1
5310,5309,6083,6043,6043,6043,6055,5652,965,.,.,-1,1.0,6350,-1
5310,5309,6084,6044,6044,6044,6055,6580,965,.,.,-1,1.0,6350,-1
5310,5309,6085,6045,6045,6045,6055,6586,965,.,.,-1,1.0,6350,-1
5310,5309,6086,6046,6046,6046,6055,6624,965,.,.,-1,1.0,6350,-1
5310,5309,6087,6047,6047,6047,6055,6862,965,.,.,-1,1.0,6350,-1
5310,5309,6088,6048,6048,6048,6055,7191,965,.,.,-1,1.0,6350,-1
5310,5309,6089,6049,6049,6049,6055,7451,965,.,.,-1,10.0,6751,-1
5310,5309,6090,6050,6050,6050,6055,8087,965,.,.,-1,7.0,6751,-1
5310,5309,6091,6051,6051,6051,6055,8445,965,.,.,-1,8.0,6751,-1
5310,5309,6092,6052,6052,6052,6055,8627,965,.,.,-1,1.0,6350,-1
5310,5309,6093,6053,6053,6053,6055,9295,965,.,.,-1,25.0,0,-1
5310,5309,6094,6054,6054,6054,6055,9426,965,.,.,-1,1.0,6350,-1
5310,5309,6155,6096,6096,6096,6154,189,965,.,.,-1,2.0,6350,-1
5310,5309,6156,6097,6097,6097,6154,272,965,.,.,-1,1.0,6350,-1
5310,5309,6157,6098,6098,6098,6154,521,965,.,.,-1,1.0,6350,-1
5310,5309,6158,6099,6099,6099,6154,911,965,.,.,-1,1.0,6350,-1
5310,5309,6159,6100,6100,6100,6154,1035,965,.,.,-1,1.0,6350,-1
5310,5309,6160,6101,6101,6101,6154,1199,965,.,.,-1,1.0,6350,-1
5310,5309,6161,6102,6102,6102,6154,1525,965,.,.,-1,1.0,6350,-1
5310,5309,6162,6103,6103,6103,6154,1581,965,.,.,-1,1.0,6350,-1
5310,5309,6163,6104,6104,6104,6154,2473,965,.,.,-1,91.0,0,-1
5310,5309,6164,6105,6105,6105,6154,2475,965,.,.,-1,1.0,6350,-1
5310,5309,6165,6106,6106,6106,6154,2490,965,.,.,-1,1.0,6350,-1
5310,5309,6166,6107,6107,6107,6154,2713,965,.,.,-1,1.0,6350,-1
5310,5309,6167,6108,6108,6108,6154,2715,965,.,.,-1,3.0,6347,-1
5310,5309,6168,6109,6109,6109,6154,2766,965,.,.,-1,1.0,6350,-1
5310,5309,6169,6110,6110,6110,6154,2919,965,.,.,-1,1.0,6350,-1
5310,5309,6170,6111,6111,6111,6154,2957,965,.,.,-1,6.0,6347,-1
5310,5309,6171,6112,6112,6112,6154,3019,965,.,.,-1,8.0,6751,-1
5310,5309,6172,6113,6113,6113,6154,3082,965,.,.,-1,2.0,6350,-1
5310,5309,6173,6114,6114,6114,6154,3449,965,.,.,-1,1.0,6350,-1
5310,5309,6174,6115,6115,6115,6154,3493,965,.,.,-1,1.0,6350,-1
5310,5309,6175,6116,6116,6116,6154,3528,965,.,.,-1,2.0,6350,-1
5310,5309,6176,6117,6117,6117,6154,3530,965,.,.,-1,7.0,6347,-1
5310,5309,6177,6118,6118,6118,6154,3674,965,.,.,-1,1.0,6350,-1
5310,5309,6178,6119,6119,6119,6154,3750,965,.,.,-1,1.0,6350,-1
5310,5309,6179,6120,6120,6120,6154,3801,965,.,.,-1,1.0,6350,-1
5310,5309,6180,6121,6121,6121,6154,4201,965,.,.,-1,1.0,6350,-1
5310,5309,6181,6122,6122,6122,6154,4627,965,.,.,-1,1.0,6350,-1
5310,5309,6182,6123,6123,6123,6154,4804,965,.,.,-1,1.0,6350,-1
5310,5309,6183,6124,6124,6124,6154,5061,965,.,.,-1,2.0,6350,-1
5310,5309,6184,6125,6125,6125,6154,5234,965,.,.,-1,1.0,6350,-1
5310,5309,6185,6126,6126,6126,6154,5236,965,.,.,-1,3.0,6350,-1
5310,5309,6186,6127,6127,6127,6154,5480,965,.,.,-1,3.0,6347,-1
5310,5309,6187,6128,6128,6128,6154,5482,965,.,.,-1,13.0,6751,-1
5310,5309,6189,6130,6130,6130,6154,5650,965,.,.,-1,1.0,6350,-1
5310,5309,6188,6129,6129,6129,6154,5616,965,.,.,-1,1.0,6350,-1
5310,5309,6190,6131,6131,6131,6154,5946,965,.,.,-1,2.0,6350,-1
5310,5309,6191,6132,6132,6132,6154,6055,965,.,.,-1,2.0,6350,-1
5310,5309,6192,6133,6133,6133,6154,6349,965,.,.,-1,5.0,6347,-1
5310,5309,6193,6134,6134,6134,6154,6442,965,.,.,-1,3.0,6347,-1
5310,5309,6194,6135,6135,6135,6154,6552,965,.,.,-1,1.0,6350,-1
5310,5309,6195,6136,6136,6136,6154,6576,965,.,.,-1,1.0,6347,-1
5310,5309,6196,6137,6137,6137,6154,6578,965,.,.,-1,1.0,6350,-1
5310,5309,6197,6138,6138,6138,6154,6959,965,.,.,-1,1.0,6350,-1
5310,5309,6198,6139,6139,6139,6154,7335,965,.,.,-1,1.0,6350,-1
5310,5309,6199,6140,6140,6140,6154,7451,965,.,.,-1,16.0,6751,-1
5310,5309,6200,6141,6141,6141,6154,7667,965,.,.,-1,4.0,6347,-1
5310,5309,6201,6142,6142,6142,6154,7984,965,.,.,-1,1.0,6350,-1
5310,5309,6202,6143,6143,6143,6154,8087,965,.,.,-1,13.0,6751,-1
5310,5309,6203,6144,6144,6144,6154,8187,965,.,.,-1,2.0,6350,-1
5310,5309,6204,6145,6145,6145,6154,8377,965,.,.,-1,2.0,6350,-1
5310,5309,6205,6146,6146,6146,6154,8445,965,.,.,-1,13.0,6751,-1
5310,5309,6206,6147,6147,6147,6154,8447,965,.,.,-1,3.0,6347,-1
5310,5309,6207,6148,6148,6148,6154,8470,965,.,.,-1,1.0,6350,-1
5310,5309,6208,6149,6149,6149,6154,8877,965,.,.,-1,2.0,6350,-1
5310,5309,6209,6150,6150,6150,6154,8938,965,.,.,-1,1.0,6350,-1
5310,5309,6210,6151,6151,6151,6154,9074,965,.,.,-1,1.0,6350,-1
5310,5309,6211,6152,6152,6152,6154,9228,965,.,.,-1,2.0,6350,-1
5310,5309,6212,6153,6153,6153,6154,9295,965,.,.,-1,2.0,6347,-1
5310,5309,6227,6216,6216,6216,6226,425,965,.,.,-1,1.0,6350,-1
5310,5309,6228,6217,6217,6217,6226,2514,965,.,.,-1,1.0,6350,-1
5310,5309,6229,6218,6218,6218,6226,3350,965,.,.,-1,1.0,6350,-1
5310,5309,6230,6219,6219,6219,6226,7058,965,.,.,-1,2.0,6350,-1
5310,5309,6231,6220,6220,6220,6226,7460,965,.,.,-1,1.0,6350,-1
5310,5309,6232,6221,6221,6221,6226,7641,965,.,.,-1,1.0,6350,-1
5310,5309,6233,6222,6222,6222,6226,8052,965,.,.,-1,1.0,6350,-1
5310,5309,6234,6223,6223,6223,6226,8564,965,.,.,-1,1.0,6350,-1
5310,5309,6235,6224,6224,6224,6226,8660,965,.,.,-1,1.0,6350,-1
5310,5309,6236,6225,6225,6225,6226,9158,965,.,.,-1,1.0,6350,-1
5310,5309,6270,6238,6238,6238,6269,1199,965,.,.,-1,1.0,6350,-1
5310,5309,6271,6239,6239,6239,6269,1579,965,.,.,-1,2.0,6350,-1
5310,5309,6272,6240,6240,6240,6269,2221,965,.,.,-1,1.0,6350,-1
5310,5309,6273,6241,6241,6241,6269,2715,965,.,.,-1,1.0,6347,-1
5310,5309,6274,6242,6242,6242,6269,2766,965,.,.,-1,2.0,6350,-1
5310,5309,6275,6243,6243,6243,6269,2957,965,.,.,-1,1.0,6347,-1
5310,5309,6276,6244,6244,6244,6269,3019,965,.,.,-1,3.0,6751,-1
5310,5309,6277,6245,6245,6245,6269,3240,965,.,.,-1,1.0,6350,-1
5310,5309,6278,6246,6246,6246,6269,3528,965,.,.,-1,1.0,6350,-1
5310,5309,6279,6247,6247,6247,6269,3530,965,.,.,-1,5.0,6347,-1
5310,5309,6280,6248,6248,6248,6269,3750,965,.,.,-1,1.0,6350,-1
5310,5309,6281,6249,6249,6249,6269,4368,965,.,.,-1,1.0,6350,-1
5310,5309,6282,6250,6250,6250,6269,4832,965,.,.,-1,1.0,6350,-1
5310,5309,6283,6251,6251,6251,6269,5370,965,.,.,-1,1.0,6350,-1
5310,5309,6284,6252,6252,6252,6269,5480,965,.,.,-1,1.0,6347,-1
5310,5309,6285,6253,6253,6253,6269,5482,965,.,.,-1,3.0,6751,-1
5310,5309,6286,6254,6254,6254,6269,5616,965,.,.,-1,1.0,6350,-1
5310,5309,6287,6255,6255,6255,6269,5739,965,.,.,-1,1.0,6350,-1
5310,5309,6288,6256,6256,6256,6269,6214,965,.,.,-1,1.0,6350,-1
5310,5309,6289,6257,6257,6257,6269,6349,965,.,.,-1,1.0,6347,-1
5310,5309,6290,6258,6258,6258,6269,6352,965,.,.,-1,1.0,6350,-1
5310,5309,6291,6259,6259,6259,6269,6442,965,.,.,-1,1.0,6347,-1
5310,5309,6292,6260,6260,6260,6269,6576,965,.,.,-1,3.0,6347,-1
5310,5309,6293,6261,6261,6261,6269,7578,965,.,.,-1,2.0,6350,-1
5310,5309,6294,6262,6262,6262,6269,7667,965,.,.,-1,1.0,6347,-1
5310,5309,6295,6263,6263,6263,6269,7984,965,.,.,-1,1.0,6350,-1
5310,5309,6296,6264,6264,6264,6269,8087,965,.,.,-1,3.0,6751,-1
5310,5309,6297,6265,6265,6265,6269,8445,965,.,.,-1,1.0,6751,-1
5310,5309,6298,6266,6266,6266,6269,8447,965,.,.,-1,1.0,6347,-1
5310,5309,6299,6267,6267,6267,6269,8510,965,.,.,-1,1.0,6350,-1
5310,5309,6300,6268,6268,6268,6269,8877,965,.,.,-1,1.0,6350,-1
5310,5309,6313,6302,6302,6302,6312,2473,965,.,.,-1,39.0,6347,-1
5310,5309,6314,6303,6303,6303,6312,2715,965,.,.,-1,1.0,6347,-1
5310,5309,6315,6304,6304,6304,6312,2957,965,.,.,-1,2.0,6347,-1
5310,5309,6316,6305,6305,6305,6312,3530,965,.,.,-1,3.0,6347,-1
5310,5309,6317,6306,6306,6306,6312,5480,965,.,.,-1,1.0,6347,-1
5310,5309,6318,6307,6307,6307,6312,6349,965,.,.,-1,2.0,6347,-1
5310,5309,6319,6308,6308,6308,6312,6442,965,.,.,-1,2.0,6347,-1
5310,5309,6320,6309,6309,6309,6312,6576,965,.,.,-1,2.0,6347,-1
5310,5309,6321,6310,6310,6310,6312,7667,965,.,.,-1,3.0,6347,-1
5310,5309,6322,6311,6311,6311,6312,8447,965,.,.,-1,2.0,6347,-1
5310,5309,6336,6324,6324,6324,6335,8,965,.,.,-1,1.0,6350,-1
5310,5309,6337,6325,6325,6325,6335,260,965,.,.,-1,1.0,6350,-1
5310,5309,6338,6326,6326,6326,6335,425,965,.,.,-1,1.0,6350,-1
5310,5309,6339,6327,6327,6327,6335,2966,965,.,.,-1,1.0,6350,-1
5310,5309,6340,6328,6328,6328,6335,3007,965,.,.,-1,1.0,6350,-1
5310,5309,6341,6329,6329,6329,6335,5366,965,.,.,-1,1.0,6350,-1
5310,5309,6342,6330,6330,6330,6335,5665,965,.,.,-1,1.0,6350,-1
5310,5309,6343,6331,6331,6331,6335,6780,965,.,.,-1,1.0,6350,-1
5310,5309,6344,6332,6332,6332,6335,7058,965,.,.,-1,1.0,6350,-1
5310,5309,6345,6333,6333,6333,6335,7641,965,.,.,-1,1.0,6350,-1
5310,5309,6346,6334,6334,6334,6335,7654,965,.,.,-1,1.0,6350,-1
5310,5309,6367,6356,6356,6356,6366,2473,965,.,.,-1,10.0,6347,-1
5310,5309,6368,6357,6357,6357,6366,2715,965,.,.,-1,1.0,6347,-1
5310,5309,6369,6358,6358,6358,6366,2957,965,.,.,-1,2.0,6347,-1
5310,5309,6370,6359,6359,6359,6366,3530,965,.,.,-1,4.0,6347,-1
5310,5309,6371,6360,6360,6360,6366,5480,965,.,.,-1,2.0,6347,-1
5310,5309,6372,6361,6361,6361,6366,6349,965,.,.,-1,1.0,6347,-1
5310,5309,6373,6362,6362,6362,6366,6442,965,.,.,-1,1.0,6347,-1
5310,5309,6374,6363,6363,6363,6366,6576,965,.,.,-1,1.0,6347,-1
5310,5309,6375,6364,6364,6364,6366,7667,965,.,.,-1,1.0,6347,-1
5310,5309,6376,6365,6365,6365,6366,9295,965,.,.,-1,10.0,6347,-1
5310,5309,6410,6378,6378,6378,6409,1199,965,.,.,-1,1.0,6350,-1
5310,5309,6411,6379,6379,6379,6409,1245,965,.,.,-1,1.0,6350,-1
5310,5309,6412,6380,6380,6380,6409,1321,965,.,.,-1,1.0,6350,-1
5310,5309,6413,6381,6381,6381,6409,1412,965,.,.,-1,1.0,6350,-1
5310,5309,6414,6382,6382,6382,6409,1631,965,.,.,-1,1.0,6350,-1
5310,5309,6415,6383,6383,6383,6409,2421,965,.,.,-1,1.0,6350,-1
5310,5309,6416,6384,6384,6384,6409,2473,965,.,.,-1,57.0,0,-1
5310,5309,6417,6385,6385,6385,6409,2715,965,.,.,-1,2.0,6347,-1
5310,5309,6418,6386,6386,6386,6409,2849,965,.,.,-1,1.0,6350,-1
5310,5309,6419,6387,6387,6387,6409,2957,965,.,.,-1,5.0,6347,-1
5310,5309,6420,6388,6388,6388,6409,2995,965,.,.,-1,1.0,6350,-1
5310,5309,6421,6389,6389,6389,6409,3019,965,.,.,-1,3.0,6751,-1
5310,5309,6422,6390,6390,6390,6409,3082,965,.,.,-1,1.0,6350,-1
5310,5309,6423,6391,6391,6391,6409,3398,965,.,.,-1,1.0,6350,-1
5310,5309,6424,6392,6392,6392,6409,3526,965,.,.,-1,1.0,6350,-1
5310,5309,6425,6393,6393,6393,6409,3530,965,.,.,-1,2.0,6347,-1
5310,5309,6426,6394,6394,6394,6409,4802,965,.,.,-1,1.0,6350,-1
5310,5309,6427,6395,6395,6395,6409,5480,965,.,.,-1,2.0,6347,-1
5310,5309,6428,6396,6396,6396,6409,5482,965,.,.,-1,4.0,6751,-1
5310,5309,6429,6397,6397,6397,6409,5946,965,.,.,-1,2.0,6350,-1
5310,5309,6430,6398,6398,6398,6409,6349,965,.,.,-1,5.0,6347,-1
5310,5309,6431,6399,6399,6399,6409,6442,965,.,.,-1,3.0,6347,-1
5310,5309,6432,6400,6400,6400,6409,6552,965,.,.,-1,1.0,6350,-1
5310,5309,6433,6401,6401,6401,6409,6584,965,.,.,-1,1.0,6350,-1
5310,5309,6434,6402,6402,6402,6409,7451,965,.,.,-1,6.0,6751,-1
5310,5309,6435,6403,6403,6403,6409,7667,965,.,.,-1,4.0,6347,-1
5310,5309,6436,6404,6404,6404,6409,7690,965,.,.,-1,1.0,6350,-1
5310,5309,6437,6405,6405,6405,6409,8087,965,.,.,-1,1.0,6751,-1
5310,5309,6438,6406,6406,6406,6409,8445,965,.,.,-1,2.0,6751,-1
5310,5309,6439,6407,6407,6407,6409,9289,965,.,.,-1,1.0,6350,-1
5310,5309,6440,6408,6408,6408,6409,9295,965,.,.,-1,1.0,6347,-1
5310,5309,6455,6444,6444,6444,6454,2473,965,.,.,-1,2.0,6347,-1
5310,5309,6456,6445,6445,6445,6454,2715,965,.,.,-1,4.0,6347,-1
5310,5309,6457,6446,6446,6446,6454,2957,965,.,.,-1,5.0,6347,-1
5310,5309,6458,6447,6447,6447,6454,3530,965,.,.,-1,8.0,6347,-1
5310,5309,6459,6448,6448,6448,6454,5480,965,.,.,-1,7.0,6347,-1
5310,5309,6460,6449,6449,6449,6454,6349,965,.,.,-1,8.0,6347,-1
5310,5309,6461,6450,6450,6450,6454,6442,965,.,.,-1,5.0,6347,-1
5310,5309,6462,6451,6451,6451,6454,6576,965,.,.,-1,4.0,6347,-1
5310,5309,6463,6452,6452,6452,6454,7667,965,.,.,-1,4.0,6347,-1
5310,5309,6464,6453,6453,6453,6454,9295,965,.,.,-1,80.0,6347,-1
5310,5309,6481,6466,6466,6466,6480,2473,965,.,.,-1,1.0,6347,-1
5310,5309,6482,6467,6467,6467,6480,2715,965,.,.,-1,1.0,6347,-1
5310,5309,6483,6468,6468,6468,6480,2957,965,.,.,-1,3.0,6347,-1
5310,5309,6484,6469,6469,6469,6480,3019,965,.,.,-1,1.0,6751,-1
5310,5309,6485,6470,6470,6470,6480,3530,965,.,.,-1,1.0,6347,-1
5310,5309,6486,6471,6471,6471,6480,5482,965,.,.,-1,1.0,6751,-1
5310,5309,6487,6472,6472,6472,6480,6349,965,.,.,-1,3.0,6347,-1
5310,5309,6488,6473,6473,6473,6480,6576,965,.,.,-1,1.0,6347,-1
5310,5309,6489,6474,6474,6474,6480,6624,965,.,.,-1,1.0,6350,-1
5310,5309,6490,6475,6475,6475,6480,7451,965,.,.,-1,2.0,6751,-1
5310,5309,6491,6476,6476,6476,6480,7667,965,.,.,-1,3.0,6347,-1
5310,5309,6492,6477,6477,6477,6480,8087,965,.,.,-1,1.0,6751,-1
5310,5309,6493,6478,6478,6478,6480,8447,965,.,.,-1,3.0,6347,-1
5310,5309,6494,6479,6479,6479,6480,9295,965,.,.,-1,19.0,0,-1
5310,5309,6523,6496,6496,6496,6522,32,965,.,.,-1,1.0,6350,-1
5310,5309,6524,6497,6497,6497,6522,1035,965,.,.,-1,1.0,6350,-1
5310,5309,6525,6498,6498,6498,6522,2473,965,.,.,-1,13.0,0,-1
5310,5309,6526,6499,6499,6499,6522,2477,965,.,.,-1,1.0,6350,-1
5310,5309,6527,6500,6500,6500,6522,2766,965,.,.,-1,1.0,6350,-1
5310,5309,6528,6501,6501,6501,6522,2995,965,.,.,-1,1.0,6350,-1
5310,5309,6529,6502,6502,6502,6522,3019,965,.,.,-1,6.0,6751,-1
5310,5309,6530,6503,6503,6503,6522,3149,965,.,.,-1,2.0,6350,-1
5310,5309,6531,6504,6504,6504,6522,3358,965,.,.,-1,1.0,6350,-1
5310,5309,6532,6505,6505,6505,6522,3702,965,.,.,-1,1.0,6350,-1
5310,5309,6533,6506,6506,6506,6522,4201,965,.,.,-1,1.0,6350,-1
5310,5309,6534,6507,6507,6507,6522,4368,965,.,.,-1,1.0,6350,-1
5310,5309,6535,6508,6508,6508,6522,5061,965,.,.,-1,1.0,6350,-1
5310,5309,6536,6509,6509,6509,6522,5339,965,.,.,-1,2.0,6350,-1
5310,5309,6537,6510,6510,6510,6522,5482,965,.,.,-1,5.0,6751,-1
5310,5309,6538,6511,6511,6511,6522,5857,965,.,.,-1,1.0,6350,-1
5310,5309,6539,6512,6512,6512,6522,6550,965,.,.,-1,1.0,6350,-1
5310,5309,6540,6513,6513,6513,6522,6706,965,.,.,-1,1.0,6350,-1
5310,5309,6541,6514,6514,6514,6522,6959,965,.,.,-1,1.0,6350,-1
5310,5309,6542,6515,6515,6515,6522,7451,965,.,.,-1,4.0,6751,-1
5310,5309,6543,6516,6516,6516,6522,7984,965,.,.,-1,1.0,6350,-1
5310,5309,6544,6517,6517,6517,6522,8087,965,.,.,-1,6.0,6751,-1
5310,5309,6545,6518,6518,6518,6522,8445,965,.,.,-1,4.0,6751,-1
5310,5309,6546,6519,6519,6519,6522,8447,965,.,.,-1,7.0,0,-1
5310,5309,6547,6520,6520,6520,6522,8470,965,.,.,-1,1.0,6350,-1
5310,5309,6548,6521,6521,6521,6522,8999,965,.,.,-1,1.0,6350,-1
5310,5309,6564,6554,6554,6554,6563,2473,965,.,.,-1,32.0,6347,-1
5310,5309,6565,6555,6555,6555,6563,2957,965,.,.,-1,2.0,6347,-1
5310,5309,6566,6556,6556,6556,6563,3530,965,.,.,-1,4.0,6347,-1
5310,5309,6567,6557,6557,6557,6563,5480,965,.,.,-1,3.0,6347,-1
5310,5309,6568,6558,6558,6558,6563,6349,965,.,.,-1,4.0,6347,-1
5310,5309,6569,6559,6559,6559,6563,6442,965,.,.,-1,3.0,6347,-1
5310,5309,6570,6560,6560,6560,6563,6576,965,.,.,-1,4.0,6347,-1
5310,5309,6571,6561,6561,6561,6563,7667,965,.,.,-1,2.0,6347,-1
5310,5309,6572,6562,6562,6562,6563,8447,965,.,.,-1,7.0,6347,-1
5310,5309,6625,6588,6588,6588,6624,345,965,.,.,-1,1.0,6350,-1
5310,5309,6626,6589,6589,6589,6624,692,965,.,.,-1,1.0,6350,-1
5310,5309,6627,6590,6590,6590,6624,1000,965,.,.,-1,1.0,6350,-1
5310,5309,6628,6591,6591,6591,6624,1199,965,.,.,-1,1.0,6350,-1
5310,5309,6629,6592,6592,6592,6624,2322,965,.,.,-1,1.0,6350,-1
5310,5309,6630,6593,6593,6593,6624,2473,965,.,.,-1,18.0,0,-1
5310,5309,6631,6594,6594,6594,6624,2490,965,.,.,-1,1.0,6350,-1
5310,5309,6632,6595,6595,6595,6624,2766,965,.,.,-1,1.0,6350,-1
5310,5309,6633,6596,6596,6596,6624,2849,965,.,.,-1,1.0,6350,-1
5310,5309,6634,6597,6597,6597,6624,2919,965,.,.,-1,1.0,6350,-1
5310,5309,6635,6598,6598,6598,6624,2995,965,.,.,-1,1.0,6350,-1
5310,5309,6636,6599,6599,6599,6624,3019,965,.,.,-1,9.0,6751,-1
5310,5309,6637,6600,6600,6600,6624,3082,965,.,.,-1,2.0,6350,-1
5310,5309,6638,6601,6601,6601,6624,3266,965,.,.,-1,1.0,6350,-1
5310,5309,6639,6602,6602,6602,6624,3526,965,.,.,-1,1.0,6350,-1
5310,5309,6640,6603,6603,6603,6624,3602,965,.,.,-1,1.0,6350,-1
5310,5309,6641,6604,6604,6604,6624,3674,965,.,.,-1,1.0,6350,-1
5310,5309,6642,6605,6605,6605,6624,3702,965,.,.,-1,1.0,6350,-1
5310,5309,6643,6606,6606,6606,6624,3750,965,.,.,-1,1.0,6350,-1
5310,5309,6644,6607,6607,6607,6624,3919,965,.,.,-1,1.0,6350,-1
5310,5309,6645,6608,6608,6608,6624,4430,965,.,.,-1,1.0,6350,-1
5310,5309,6646,6609,6609,6609,6624,5482,965,.,.,-1,8.0,6751,-1
5310,5309,6647,6610,6610,6610,6624,5532,965,.,.,-1,2.0,6350,-1
5310,5309,6648,6611,6611,6611,6624,5582,965,.,.,-1,3.0,6350,-1
5310,5309,6649,6612,6612,6612,6624,5996,965,.,.,-1,1.0,6350,-1
5310,5309,6650,6613,6613,6613,6624,7297,965,.,.,-1,1.0,6350,-1
5310,5309,6651,6614,6614,6614,6624,7393,965,.,.,-1,3.0,6350,-1
5310,5309,6652,6615,6615,6615,6624,7451,965,.,.,-1,12.0,6751,-1
5310,5309,6653,6616,6616,6616,6624,7690,965,.,.,-1,1.0,6350,-1
5310,5309,6654,6617,6617,6617,6624,7812,965,.,.,-1,1.0,6350,-1
5310,5309,6655,6618,6618,6618,6624,8087,965,.,.,-1,6.0,6751,-1
5310,5309,6656,6619,6619,6619,6624,8445,965,.,.,-1,9.0,6751,-1
5310,5309,6657,6620,6620,6620,6624,8447,965,.,.,-1,7.0,0,-1
5310,5309,6658,6621,6621,6621,6624,8510,965,.,.,-1,1.0,6350,-1
5310,5309,6659,6622,6622,6622,6624,9001,965,.,.,-1,1.0,6350,-1
5310,5309,6660,6623,6623,6623,6624,9289,965,.,.,-1,1.0,6350,-1
5310,5309,6707,6662,6662,6662,6706,345,965,.,.,-1,1.0,6350,-1
5310,5309,6708,6663,6663,6663,6706,831,965,.,.,-1,1.0,6350,-1
5310,5309,6709,6664,6664,6664,6706,1525,965,.,.,-1,1.0,6350,-1
5310,5309,6710,6665,6665,6665,6706,1579,965,.,.,-1,1.0,6350,-1
5310,5309,6711,6666,6666,6666,6706,2477,965,.,.,-1,1.0,6350,-1
5310,5309,6712,6667,6667,6667,6706,2652,965,.,.,-1,1.0,6350,-1
5310,5309,6713,6668,6668,6668,6706,2849,965,.,.,-1,1.0,6350,-1
5310,5309,6714,6669,6669,6669,6706,3019,965,.,.,-1,8.0,6751,-1
5310,5309,6715,6670,6670,6670,6706,3082,965,.,.,-1,1.0,6350,-1
5310,5309,6716,6671,6671,6671,6706,3240,965,.,.,-1,2.0,6350,-1
5310,5309,6717,6672,6672,6672,6706,3266,965,.,.,-1,1.0,6350,-1
5310,5309,6718,6673,6673,6673,6706,3305,965,.,.,-1,1.0,6350,-1
5310,5309,6719,6674,6674,6674,6706,3358,965,.,.,-1,1.0,6350,-1
5310,5309,6720,6675,6675,6675,6706,3702,965,.,.,-1,1.0,6350,-1
5310,5309,6721,6676,6676,6676,6706,4201,965,.,.,-1,2.0,6350,-1
5310,5309,6722,6677,6677,6677,6706,4317,965,.,.,-1,1.0,6350,-1
5310,5309,6723,6678,6678,6678,6706,4492,965,.,.,-1,1.0,6350,-1
5310,5309,6724,6679,6679,6679,6706,4750,965,.,.,-1,1.0,6350,-1
5310,5309,6725,6680,6680,6680,6706,4802,965,.,.,-1,1.0,6350,-1
5310,5309,6726,6681,6681,6681,6706,5061,965,.,.,-1,1.0,6350,-1
5310,5309,6727,6682,6682,6682,6706,5236,965,.,.,-1,1.0,6350,-1
5310,5309,6728,6683,6683,6683,6706,5368,965,.,.,-1,1.0,6350,-1
5310,5309,6729,6684,6684,6684,6706,5425,965,.,.,-1,1.0,6350,-1
5310,5309,6730,6685,6685,6685,6706,5482,965,.,.,-1,9.0,6751,-1
5310,5309,6731,6686,6686,6686,6706,5857,965,.,.,-1,1.0,6350,-1
5310,5309,6732,6687,6687,6687,6706,5946,965,.,.,-1,1.0,6350,-1
5310,5309,6733,6688,6688,6688,6706,6055,965,.,.,-1,1.0,6350,-1
5310,5309,6734,6689,6689,6689,6706,6154,965,.,.,-1,1.0,6350,-1
5310,5309,6735,6690,6690,6690,6706,6580,965,.,.,-1,1.0,6350,-1
5310,5309,6736,6691,6691,6691,6706,6586,965,.,.,-1,3.0,6350,-1
5310,5309,6737,6692,6692,6692,6706,6959,965,.,.,-1,1.0,6350,-1
5310,5309,6738,6693,6693,6693,6706,7335,965,.,.,-1,1.0,6350,-1
5310,5309,6739,6694,6694,6694,6706,7451,965,.,.,-1,7.0,6751,-1
5310,5309,6740,6695,6695,6695,6706,7690,965,.,.,-1,2.0,6350,-1
5310,5309,6741,6696,6696,6696,6706,7984,965,.,.,-1,1.0,6350,-1
5310,5309,6742,6697,6697,6697,6706,8087,965,.,.,-1,15.0,6751,-1
5310,5309,6743,6698,6698,6698,6706,8286,965,.,.,-1,1.0,6350,-1
5310,5309,6744,6699,6699,6699,6706,8445,965,.,.,-1,11.0,6751,-1
5310,5309,6745,6700,6700,6700,6706,8470,965,.,.,-1,1.0,6350,-1
5310,5309,6746,6701,6701,6701,6706,8627,965,.,.,-1,1.0,6350,-1
5310,5309,6747,6702,6702,6702,6706,8938,965,.,.,-1,1.0,6350,-1
5310,5309,6748,6703,6703,6703,6706,9001,965,.,.,-1,2.0,6350,-1
5310,5309,6749,6704,6704,6704,6706,9287,965,.,.,-1,1.0,6350,-1
5310,5309,6750,6705,6705,6705,6706,9291,965,.,.,-1,1.0,6350,-1
5310,5309,6781,6753,6753,6753,6780,81,965,.,.,-1,1.0,6350,-1
5310,5309,6782,6754,6754,6754,6780,2473,965,.,.,-1,32.0,0,-1
5310,5309,6783,6755,6755,6755,6780,2475,965,.,.,-1,1.0,6350,-1
5310,5309,6784,6756,6756,6756,6780,2715,965,.,.,-1,3.0,6347,-1
5310,5309,6785,6757,6757,6757,6780,2955,965,.,.,-1,1.0,6350,-1
5310,5309,6786,6758,6758,6758,6780,2957,965,.,.,-1,4.0,6347,-1
5310,5309,6787,6759,6759,6759,6780,3019,965,.,.,-1,4.0,6751,-1
5310,5309,6788,6760,6760,6760,6780,3530,965,.,.,-1,1.0,6347,-1
5310,5309,6789,6761,6761,6761,6780,3702,965,.,.,-1,1.0,6350,-1
5310,5309,6790,6762,6762,6762,6780,4492,965,.,.,-1,1.0,6350,-1
5310,5309,6791,6763,6763,6763,6780,4804,965,.,.,-1,1.0,6350,-1
5310,5309,6792,6764,6764,6764,6780,5234,965,.,.,-1,1.0,6350,-1
5310,5309,6793,6765,6765,6765,6780,5312,965,.,.,-1,1.0,6350,-1
5310,5309,6794,6766,6766,6766,6780,5482,965,.,.,-1,2.0,6751,-1
5310,5309,6795,6767,6767,6767,6780,5582,965,.,.,-1,1.0,6350,-1
5310,5309,6796,6768,6768,6768,6780,5996,965,.,.,-1,1.0,6350,-1
5310,5309,6797,6769,6769,6769,6780,6349,965,.,.,-1,2.0,6347,-1
5310,5309,6798,6770,6770,6770,6780,6576,965,.,.,-1,1.0,6347,-1
5310,5309,6799,6771,6771,6771,6780,6624,965,.,.,-1,2.0,6350,-1
5310,5309,6800,6772,6772,6772,6780,7451,965,.,.,-1,6.0,6751,-1
5310,5309,6801,6773,6773,6773,6780,7667,965,.,.,-1,3.0,6347,-1
5310,5309,6802,6774,6774,6774,6780,7732,965,.,.,-1,1.0,6350,-1
5310,5309,6803,6775,6775,6775,6780,8087,965,.,.,-1,3.0,6751,-1
5310,5309,6804,6776,6776,6776,6780,8445,965,.,.,-1,2.0,6751,-1
5310,5309,6805,6777,6777,6777,6780,8447,965,.,.,-1,2.0,6347,-1
5310,5309,6806,6778,6778,6778,6780,8718,965,.,.,-1,1.0,6350,-1
5310,5309,6807,6779,6779,6779,6780,9293,965,.,.,-1,1.0,6350,-1
5310,5309,6821,6809,6809,6809,6820,3007,965,.,.,-1,1.0,6350,-1
5310,5309,6822,6810,6810,6810,6820,3350,965,.,.,-1,1.0,6350,-1
5310,5309,6823,6811,6811,6811,6820,5366,965,.,.,-1,1.0,6350,-1
5310,5309,6824,6812,6812,6812,6820,6312,965,.,.,-1,1.0,6350,-1
5310,5309,6825,6813,6813,6813,6820,6454,965,.,.,-1,1.0,6350,-1
5310,5309,6826,6814,6814,6814,6820,6480,965,.,.,-1,1.0,6350,-1
5310,5309,6827,6815,6815,6815,6820,6574,965,.,.,-1,1.0,6350,-1
5310,5309,6828,6816,6816,6816,6820,7058,965,.,.,-1,1.0,6350,-1
5310,5309,6829,6817,6817,6817,6820,7641,965,.,.,-1,1.0,6350,-1
5310,5309,6830,6818,6818,6818,6820,7654,965,.,.,-1,1.0,6350,-1
5310,5309,6831,6819,6819,6819,6820,8660,965,.,.,-1,1.0,6350,-1
5310,5309,6863,6833,6833,6833,6862,81,965,.,.,-1,1.0,6350,-1
5310,5309,6864,6834,6834,6834,6862,345,965,.,.,-1,1.0,6350,-1
5310,5309,6865,6835,6835,6835,6862,521,965,.,.,-1,1.0,6350,-1
5310,5309,6866,6836,6836,6836,6862,2221,965,.,.,-1,1.0,6350,-1
5310,5309,6867,6837,6837,6837,6862,2652,965,.,.,-1,1.0,6350,-1
5310,5309,6868,6838,6838,6838,6862,2955,965,.,.,-1,1.0,6350,-1
5310,5309,6869,6839,6839,6839,6862,3019,965,.,.,-1,4.0,6751,-1
5310,5309,6870,6840,6840,6840,6862,3045,965,.,.,-1,1.0,6350,-1
5310,5309,6871,6841,6841,6841,6862,3266,965,.,.,-1,1.0,6350,-1
5310,5309,6872,6842,6842,6842,6862,3358,965,.,.,-1,2.0,6350,-1
5310,5309,6873,6843,6843,6843,6862,3602,965,.,.,-1,1.0,6350,-1
5310,5309,6874,6844,6844,6844,6862,4540,965,.,.,-1,1.0,6350,-1
5310,5309,6875,6845,6845,6845,6862,5339,965,.,.,-1,1.0,6350,-1
5310,5309,6876,6846,6846,6846,6862,5482,965,.,.,-1,8.0,6751,-1
5310,5309,6877,6847,6847,6847,6862,5650,965,.,.,-1,1.0,6350,-1
5310,5309,6878,6848,6848,6848,6862,6522,965,.,.,-1,1.0,6350,-1
5310,5309,6879,6849,6849,6849,6862,7451,965,.,.,-1,6.0,6751,-1
5310,5309,6880,6850,6850,6850,6862,7578,965,.,.,-1,1.0,6350,-1
5310,5309,6881,6851,6851,6851,6862,7753,965,.,.,-1,1.0,6350,-1
5310,5309,6882,6852,6852,6852,6862,8087,965,.,.,-1,4.0,6751,-1
5310,5309,6883,6853,6853,6853,6862,8445,965,.,.,-1,6.0,6751,-1
5310,5309,6884,6854,6854,6854,6862,8510,965,.,.,-1,1.0,6350,-1
5310,5309,6885,6855,6855,6855,6862,8627,965,.,.,-1,1.0,6350,-1
5310,5309,6886,6856,6856,6856,6862,8938,965,.,.,-1,1.0,6350,-1
5310,5309,6887,6857,6857,6857,6862,9001,965,.,.,-1,1.0,6350,-1
5310,5309,6888,6858,6858,6858,6862,9074,965,.,.,-1,1.0,6350,-1
5310,5309,6889,6859,6859,6859,6862,9228,965,.,.,-1,1.0,6350,-1
5310,5309,6890,6860,6860,6860,6862,9287,965,.,.,-1,1.0,6350,-1
5310,5309,6891,6861,6861,6861,6862,9293,965,.,.,-1,1.0,6350,-1
5310,5309,6960,6893,6893,6893,6959,272,965,.,.,-1,2.0,6350,-1
5310,5309,6961,6894,6894,6894,6959,345,965,.,.,-1,1.0,6350,-1
5310,5309,6962,6895,6895,6895,6959,692,965,.,.,-1,1.0,6350,-1
5310,5309,6963,6896,6896,6896,6959,831,965,.,.,-1,1.0,6350,-1
5310,5309,6964,6897,6897,6897,6959,1000,965,.,.,-1,1.0,6350,-1
5310,5309,6965,6898,6898,6898,6959,1199,965,.,.,-1,1.0,6350,-1
5310,5309,6966,6899,6899,6899,6959,1579,965,.,.,-1,1.0,6350,-1
5310,5309,6967,6900,6900,6900,6959,2322,965,.,.,-1,2.0,6350,-1
5310,5309,6968,6901,6901,6901,6959,2421,965,.,.,-1,1.0,6350,-1
5310,5309,6969,6902,6902,6902,6959,2473,965,.,.,-1,70.0,0,-1
5310,5309,6970,6903,6903,6903,6959,2713,965,.,.,-1,1.0,6350,-1
5310,5309,6971,6904,6904,6904,6959,2715,965,.,.,-1,2.0,6347,-1
5310,5309,6972,6905,6905,6905,6959,2849,965,.,.,-1,1.0,6350,-1
5310,5309,6973,6906,6906,6906,6959,2919,965,.,.,-1,1.0,6350,-1
5310,5309,6974,6907,6907,6907,6959,2955,965,.,.,-1,1.0,6350,-1
5310,5309,6975,6908,6908,6908,6959,2957,965,.,.,-1,6.0,6347,-1
5310,5309,6976,6909,6909,6909,6959,2995,965,.,.,-1,1.0,6350,-1
5310,5309,6977,6910,6910,6910,6959,3019,965,.,.,-1,17.0,6751,-1
5310,5309,6978,6911,6911,6911,6959,3240,965,.,.,-1,2.0,6350,-1
5310,5309,6979,6912,6912,6912,6959,3305,965,.,.,-1,1.0,6350,-1
5310,5309,6980,6913,6913,6913,6959,3449,965,.,.,-1,1.0,6350,-1
5310,5309,6981,6914,6914,6914,6959,3528,965,.,.,-1,2.0,6350,-1
5310,5309,6982,6915,6915,6915,6959,3530,965,.,.,-1,8.0,6347,-1
5310,5309,6983,6916,6916,6916,6959,3674,965,.,.,-1,3.0,6350,-1
5310,5309,6984,6917,6917,6917,6959,3702,965,.,.,-1,2.0,6350,-1
5310,5309,6985,6918,6918,6918,6959,3750,965,.,.,-1,1.0,6350,-1
5310,5309,6986,6919,6919,6919,6959,4052,965,.,.,-1,1.0,6350,-1
5310,5309,6987,6920,6920,6920,6959,4368,965,.,.,-1,1.0,6350,-1
5310,5309,6988,6921,6921,6921,6959,4627,965,.,.,-1,1.0,6350,-1
5310,5309,6989,6922,6922,6922,6959,4750,965,.,.,-1,1.0,6350,-1
5310,5309,6990,6923,6923,6923,6959,4796,965,.,.,-1,1.0,6350,-1
5310,5309,6991,6924,6924,6924,6959,4917,965,.,.,-1,1.0,6350,-1
5310,5309,6992,6925,6925,6925,6959,5061,965,.,.,-1,1.0,6350,-1
5310,5309,6993,6926,6926,6926,6959,5236,965,.,.,-1,1.0,6350,-1
5310,5309,6994,6927,6927,6927,6959,5339,965,.,.,-1,1.0,6350,-1
5310,5309,6995,6928,6928,6928,6959,5368,965,.,.,-1,2.0,6350,-1
5310,5309,6996,6929,6929,6929,6959,5370,965,.,.,-1,1.0,6350,-1
5310,5309,6997,6930,6930,6930,6959,5425,965,.,.,-1,1.0,6350,-1
5310,5309,6998,6931,6931,6931,6959,5480,965,.,.,-1,5.0,6347,-1
5310,5309,6999,6932,6932,6932,6959,5482,965,.,.,-1,18.0,6751,-1
5310,5309,7000,6933,6933,6933,6959,5857,965,.,.,-1,1.0,6350,-1
5310,5309,7001,6934,6934,6934,6959,5996,965,.,.,-1,1.0,6350,-1
5310,5309,7002,6935,6935,6935,6959,6349,965,.,.,-1,7.0,6347,-1
5310,5309,7003,6936,6936,6936,6959,6352,965,.,.,-1,1.0,6350,-1
5310,5309,7004,6937,6937,6937,6959,6442,965,.,.,-1,2.0,6347,-1
5310,5309,7005,6938,6938,6938,6959,6522,965,.,.,-1,1.0,6350,-1
5310,5309,7006,6939,6939,6939,6959,6552,965,.,.,-1,1.0,6350,-1
5310,5309,7007,6940,6940,6940,6959,6578,965,.,.,-1,1.0,6350,-1
5310,5309,7008,6941,6941,6941,6959,6624,965,.,.,-1,1.0,6350,-1
5310,5309,7009,6942,6942,6942,6959,6706,965,.,.,-1,1.0,6350,-1
5310,5309,7010,6943,6943,6943,6959,7297,965,.,.,-1,2.0,6350,-1
5310,5309,7011,6944,6944,6944,6959,7335,965,.,.,-1,1.0,6350,-1
5310,5309,7012,6945,6945,6945,6959,7393,965,.,.,-1,1.0,6350,-1
5310,5309,7013,6946,6946,6946,6959,7451,965,.,.,-1,20.0,6751,-1
5310,5309,7014,6947,6947,6947,6959,7667,965,.,.,-1,2.0,6347,-1
5310,5309,7015,6948,6948,6948,6959,7690,965,.,.,-1,1.0,6350,-1
5310,5309,7016,6949,6949,6949,6959,7753,965,.,.,-1,1.0,6350,-1
5310,5309,7017,6950,6950,6950,6959,7984,965,.,.,-1,2.0,6350,-1
5310,5309,7018,6951,6951,6951,6959,8087,965,.,.,-1,21.0,6751,-1
5310,5309,7019,6952,6952,6952,6959,8445,965,.,.,-1,18.0,6751,-1
5310,5309,7020,6953,6953,6953,6959,8447,965,.,.,-1,34.0,0,-1
5310,5309,7021,6954,6954,6954,6959,8470,965,.,.,-1,2.0,6350,-1
5310,5309,7022,6955,6955,6955,6959,8718,965,.,.,-1,1.0,6350,-1
5310,5309,7023,6956,6956,6956,6959,8999,965,.,.,-1,1.0,6350,-1
5310,5309,7024,6957,6957,6957,6959,9293,965,.,.,-1,1.0,6350,-1
5310,5309,7025,6958,6958,6958,6959,9295,965,.,.,-1,1.0,6347,-1
5310,5309,7037,7027,7027,7027,7036,2715,965,.,.,-1,2.0,6347,-1
5310,5309,7038,7028,7028,7028,7036,2957,965,.,.,-1,2.0,6347,-1
5310,5309,7039,7029,7029,7029,7036,3530,965,.,.,-1,4.0,6347,-1
5310,5309,7040,7030,7030,7030,7036,5480,965,.,.,-1,1.0,6347,-1
5310,5309,7041,7031,7031,7031,7036,6349,965,.,.,-1,4.0,6347,-1
5310,5309,7042,7032,7032,7032,7036,6442,965,.,.,-1,2.0,6347,-1
5310,5309,7043,7033,7033,7033,7036,6576,965,.,.,-1,2.0,6347,-1
5310,5309,7044,7034,7034,7034,7036,7667,965,.,.,-1,2.0,6347,-1
5310,5309,7045,7035,7035,7035,7036,9295,965,.,.,-1,2.0,6347,-1
5310,5309,7059,7047,7047,7047,7058,2473,965,.,.,-1,49.0,6347,-1
5310,5309,7060,7048,7048,7048,7058,2715,965,.,.,-1,6.0,6347,-1
5310,5309,7061,7049,7049,7049,7058,2957,965,.,.,-1,14.0,6347,-1
5310,5309,7062,7050,7050,7050,7058,3530,965,.,.,-1,8.0,6347,-1
5310,5309,7063,7051,7051,7051,7058,5480,965,.,.,-1,2.0,6347,-1
5310,5309,7064,7052,7052,7052,7058,6349,965,.,.,-1,9.0,6347,-1
5310,5309,7065,7053,7053,7053,7058,6442,965,.,.,-1,5.0,6347,-1
5310,5309,7066,7054,7054,7054,7058,6576,965,.,.,-1,7.0,6347,-1
5310,5309,7067,7055,7055,7055,7058,7667,965,.,.,-1,2.0,6347,-1
5310,5309,7068,7056,7056,7056,7058,8447,965,.,.,-1,3.0,6347,-1
5310,5309,7069,7057,7057,7057,7058,9295,965,.,.,-1,47.0,6347,-1
5310,5309,7097,7071,7071,7071,7096,345,965,.,.,-1,1.0,6350,-1
5310,5309,7098,7072,7072,7072,7096,1245,965,.,.,-1,2.0,6350,-1
5310,5309,7099,7073,7073,7073,7096,1525,965,.,.,-1,1.0,6350,-1
5310,5309,7100,7074,7074,7074,7096,2473,965,.,.,-1,3.0,6350,-1
5310,5309,7101,7075,7075,7075,7096,2652,965,.,.,-1,1.0,6350,-1
5310,5309,7102,7076,7076,7076,7096,2849,965,.,.,-1,1.0,6350,-1
5310,5309,7103,7077,7077,7077,7096,2995,965,.,.,-1,1.0,6350,-1
5310,5309,7104,7078,7078,7078,7096,3019,965,.,.,-1,3.0,6751,-1
5310,5309,7105,7079,7079,7079,7096,3526,965,.,.,-1,1.0,6350,-1
5310,5309,7106,7080,7080,7080,7096,3750,965,.,.,-1,1.0,6350,-1
5310,5309,7107,7081,7081,7081,7096,4832,965,.,.,-1,1.0,6350,-1
5310,5309,7108,7082,7082,7082,7096,5482,965,.,.,-1,5.0,6751,-1
5310,5309,7109,7083,7083,7083,7096,5739,965,.,.,-1,1.0,6350,-1
5310,5309,7110,7084,7084,7084,7096,6214,965,.,.,-1,1.0,6350,-1
5310,5309,7111,7085,7085,7085,7096,6550,965,.,.,-1,1.0,6350,-1
5310,5309,7112,7086,7086,7086,7096,6584,965,.,.,-1,1.0,6350,-1
5310,5309,7113,7087,7087,7087,7096,7191,965,.,.,-1,1.0,6350,-1
5310,5309,7114,7088,7088,7088,7096,7451,965,.,.,-1,6.0,6751,-1
5310,5309,7115,7089,7089,7089,7096,7690,965,.,.,-1,1.0,6350,-1
5310,5309,7116,7090,7090,7090,7096,7984,965,.,.,-1,1.0,6350,-1
5310,5309,7117,7091,7091,7091,7096,8087,965,.,.,-1,4.0,6751,-1
5310,5309,7118,7092,7092,7092,7096,8445,965,.,.,-1,6.0,6751,-1
5310,5309,7119,7093,7093,7093,7096,8447,965,.,.,-1,2.0,0,-1
5310,5309,7120,7094,7094,7094,7096,8470,965,.,.,-1,1.0,6350,-1
5310,5309,7121,7095,7095,7095,7096,9001,965,.,.,-1,1.0,6350,-1
5310,5309,7192,7123,7123,7123,7191,81,965,.,.,-1,1.0,6350,-1
5310,5309,7193,7124,7124,7124,7191,272,965,.,.,-1,1.0,6350,-1
5310,5309,7194,7125,7125,7125,7191,692,965,.,.,-1,1.0,6350,-1
5310,5309,7195,7126,7126,7126,7191,749,965,.,.,-1,2.0,6350,-1
5310,5309,7196,7127,7127,7127,7191,1000,965,.,.,-1,1.0,6350,-1
5310,5309,7197,7128,7128,7128,7191,1199,965,.,.,-1,1.0,6350,-1
5310,5309,7198,7129,7129,7129,7191,1321,965,.,.,-1,2.0,6350,-1
5310,5309,7199,7130,7130,7130,7191,1412,965,.,.,-1,1.0,6350,-1
5310,5309,7200,7131,7131,7131,7191,1525,965,.,.,-1,1.0,6350,-1
5310,5309,7201,7132,7132,7132,7191,1631,965,.,.,-1,1.0,6350,-1
5310,5309,7202,7133,7133,7133,7191,2421,965,.,.,-1,1.0,6350,-1
5310,5309,7203,7134,7134,7134,7191,2473,965,.,.,-1,41.0,0,-1
5310,5309,7204,7135,7135,7135,7191,2475,965,.,.,-1,1.0,6350,-1
5310,5309,7205,7136,7136,7136,7191,2514,965,.,.,-1,1.0,6350,-1
5310,5309,7206,7137,7137,7137,7191,2559,965,.,.,-1,2.0,6350,-1
5310,5309,7207,7138,7138,7138,7191,2652,965,.,.,-1,1.0,6350,-1
5310,5309,7208,7139,7139,7139,7191,2713,965,.,.,-1,3.0,6350,-1
5310,5309,7209,7140,7140,7140,7191,2849,965,.,.,-1,2.0,6350,-1
5310,5309,7210,7141,7141,7141,7191,2883,965,.,.,-1,1.0,6350,-1
5310,5309,7211,7142,7142,7142,7191,2995,965,.,.,-1,2.0,6350,-1
5310,5309,7212,7143,7143,7143,7191,3019,965,.,.,-1,24.0,6751,-1
5310,5309,7213,7144,7144,7144,7191,3045,965,.,.,-1,1.0,6350,-1
5310,5309,7214,7145,7145,7145,7191,3080,965,.,.,-1,1.0,6350,-1
5310,5309,7215,7146,7146,7146,7191,3240,965,.,.,-1,1.0,6350,-1
5310,5309,7216,7147,7147,7147,7191,3266,965,.,.,-1,2.0,6350,-1
5310,5309,7217,7148,7148,7148,7191,3305,965,.,.,-1,1.0,6350,-1
5310,5309,7218,7149,7149,7149,7191,3493,965,.,.,-1,1.0,6350,-1
5310,5309,7219,7150,7150,7150,7191,3526,965,.,.,-1,1.0,6350,-1
5310,5309,7220,7151,7151,7151,7191,3528,965,.,.,-1,1.0,6350,-1
5310,5309,7221,7152,7152,7152,7191,3602,965,.,.,-1,3.0,6350,-1
5310,5309,7222,7153,7153,7153,7191,3674,965,.,.,-1,3.0,6350,-1
5310,5309,7223,7154,7154,7154,7191,4201,965,.,.,-1,2.0,6350,-1
5310,5309,7224,7155,7155,7155,7191,4317,965,.,.,-1,1.0,6350,-1
5310,5309,7225,7156,7156,7156,7191,4492,965,.,.,-1,2.0,6350,-1
5310,5309,7226,7157,7157,7157,7191,4750,965,.,.,-1,1.0,6350,-1
5310,5309,7227,7158,7158,7158,7191,4802,965,.,.,-1,1.0,6350,-1
5310,5309,7228,7159,7159,7159,7191,4804,965,.,.,-1,3.0,6350,-1
5310,5309,7229,7160,7160,7160,7191,5181,965,.,.,-1,1.0,6350,-1
5310,5309,7230,7161,7161,7161,7191,5339,965,.,.,-1,1.0,6350,-1
5310,5309,7231,7162,7162,7162,7191,5368,965,.,.,-1,1.0,6350,-1
5310,5309,7232,7163,7163,7163,7191,5370,965,.,.,-1,1.0,6350,-1
5310,5309,7233,7164,7164,7164,7191,5425,965,.,.,-1,3.0,6350,-1
5310,5309,7234,7165,7165,7165,7191,5482,965,.,.,-1,34.0,6751,-1
5310,5309,7236,7167,7167,7167,7191,5650,965,.,.,-1,1.0,6350,-1
5310,5309,7235,7166,7166,7166,7191,5582,965,.,.,-1,1.0,6350,-1
5310,5309,7237,7168,7168,7168,7191,5946,965,.,.,-1,1.0,6350,-1
5310,5309,7238,7169,7169,7169,7191,6624,965,.,.,-1,2.0,6350,-1
5310,5309,7239,7170,7170,7170,7191,6862,965,.,.,-1,2.0,6350,-1
5310,5309,7240,7171,7171,7171,7191,6959,965,.,.,-1,2.0,6350,-1
5310,5309,7241,7172,7172,7172,7191,7096,965,.,.,-1,1.0,6350,-1
5310,5309,7242,7173,7173,7173,7191,7335,965,.,.,-1,1.0,6350,-1
5310,5309,7243,7174,7174,7174,7191,7393,965,.,.,-1,1.0,6350,-1
5310,5309,7244,7175,7175,7175,7191,7451,965,.,.,-1,28.0,6751,-1
5310,5309,7245,7176,7176,7176,7191,7690,965,.,.,-1,1.0,6350,-1
5310,5309,7247,7178,7178,7178,7191,7753,965,.,.,-1,1.0,6350,-1
5310,5309,7246,7177,7177,7177,7191,7732,965,.,.,-1,2.0,6350,-1
5310,5309,7248,7179,7179,7179,7191,7984,965,.,.,-1,2.0,6350,-1
5310,5309,7249,7180,7180,7180,7191,8087,965,.,.,-1,30.0,6751,-1
5310,5309,7250,7181,7181,7181,7191,8187,965,.,.,-1,1.0,6350,-1
5310,5309,7251,7182,7182,7182,7191,8445,965,.,.,-1,24.0,6751,-1
5310,5309,7252,7183,7183,7183,7191,8447,965,.,.,-1,50.0,0,-1
5310,5309,7253,7184,7184,7184,7191,8510,965,.,.,-1,1.0,6350,-1
5310,5309,7254,7185,7185,7185,7191,8627,965,.,.,-1,2.0,6350,-1
5310,5309,7255,7186,7186,7186,7191,8823,965,.,.,-1,1.0,6350,-1
5310,5309,7256,7187,7187,7187,7191,8877,965,.,.,-1,1.0,6350,-1
5310,5309,7257,7188,7188,7188,7191,9001,965,.,.,-1,1.0,6350,-1
5310,5309,7258,7189,7189,7189,7191,9293,965,.,.,-1,2.0,6350,-1
5310,5309,7259,7190,7190,7190,7191,9351,965,.,.,-1,1.0,6350,-1
5310,5309,7298,7261,7261,7261,7297,32,965,.,.,-1,1.0,6350,-1
5310,5309,7299,7262,7262,7262,7297,692,965,.,.,-1,2.0,6350,-1
5310,5309,7300,7263,7263,7263,7297,911,965,.,.,-1,1.0,6350,-1
5310,5309,7301,7264,7264,7264,7297,1035,965,.,.,-1,1.0,6350,-1
5310,5309,7302,7265,7265,7265,7297,1199,965,.,.,-1,1.0,6350,-1
5310,5309,7303,7266,7266,7266,7297,1579,965,.,.,-1,1.0,6350,-1
5310,5309,7304,7267,7267,7267,7297,2473,965,.,.,-1,27.0,0,-1
5310,5309,7305,7268,7268,7268,7297,2514,965,.,.,-1,1.0,6350,-1
5310,5309,7306,7269,7269,7269,7297,2766,965,.,.,-1,1.0,6350,-1
5310,5309,7307,7270,7270,7270,7297,2995,965,.,.,-1,1.0,6350,-1
5310,5309,7308,7271,7271,7271,7297,3019,965,.,.,-1,12.0,6751,-1
5310,5309,7309,7272,7272,7272,7297,3398,965,.,.,-1,1.0,6350,-1
5310,5309,7310,7273,7273,7273,7297,3602,965,.,.,-1,1.0,6350,-1
5310,5309,7312,7275,7275,7275,7297,4368,965,.,.,-1,1.0,6350,-1
5310,5309,7311,7274,7274,7274,7297,4317,965,.,.,-1,1.0,6350,-1
5310,5309,7313,7276,7276,7276,7297,4796,965,.,.,-1,1.0,6350,-1
5310,5309,7314,7277,7277,7277,7297,5234,965,.,.,-1,1.0,6350,-1
5310,5309,7315,7278,7278,7278,7297,5482,965,.,.,-1,12.0,6751,-1
5310,5309,7316,7279,7279,7279,7297,5532,965,.,.,-1,1.0,6350,-1
5310,5309,7317,7280,7280,7280,7297,5650,965,.,.,-1,1.0,6350,-1
5310,5309,7318,7281,7281,7281,7297,5857,965,.,.,-1,2.0,6350,-1
5310,5309,7319,7282,7282,7282,7297,6055,965,.,.,-1,1.0,6350,-1
5310,5309,7320,7283,7283,7283,7297,6959,965,.,.,-1,2.0,6350,-1
5310,5309,7321,7284,7284,7284,7297,7335,965,.,.,-1,1.0,6350,-1
5310,5309,7322,7285,7285,7285,7297,7393,965,.,.,-1,2.0,6350,-1
5310,5309,7323,7286,7286,7286,7297,7451,965,.,.,-1,4.0,6751,-1
5310,5309,7324,7287,7287,7287,7297,7690,965,.,.,-1,1.0,6350,-1
5310,5309,7326,7289,7289,7289,7297,7753,965,.,.,-1,2.0,6350,-1
5310,5309,7325,7288,7288,7288,7297,7732,965,.,.,-1,1.0,6350,-1
5310,5309,7327,7290,7290,7290,7297,8087,965,.,.,-1,9.0,6751,-1
5310,5309,7328,7291,7291,7291,7297,8286,965,.,.,-1,1.0,6350,-1
5310,5309,7329,7292,7292,7292,7297,8445,965,.,.,-1,10.0,6751,-1
5310,5309,7330,7293,7293,7293,7297,8510,965,.,.,-1,1.0,6350,-1
5310,5309,7331,7294,7294,7294,7297,9001,965,.,.,-1,1.0,6350,-1
5310,5309,7332,7295,7295,7295,7297,9289,965,.,.,-1,1.0,6350,-1
5310,5309,7333,7296,7296,7296,7297,9426,965,.,.,-1,1.0,6350,-1
5310,5309,7394,7337,7337,7337,7393,32,965,.,.,-1,1.0,6350,-1
5310,5309,7395,7338,7338,7338,7393,189,965,.,.,-1,1.0,6350,-1
5310,5309,7396,7339,7339,7339,7393,521,965,.,.,-1,2.0,6350,-1
5310,5309,7397,7340,7340,7340,7393,642,965,.,.,-1,1.0,6350,-1
5310,5309,7398,7341,7341,7341,7393,749,965,.,.,-1,1.0,6350,-1
5310,5309,7399,7342,7342,7342,7393,831,965,.,.,-1,1.0,6350,-1
5310,5309,7400,7343,7343,7343,7393,911,965,.,.,-1,1.0,6350,-1
5310,5309,7401,7344,7344,7344,7393,1412,965,.,.,-1,1.0,6350,-1
5310,5309,7402,7345,7345,7345,7393,2421,965,.,.,-1,2.0,6350,-1
5310,5309,7403,7346,7346,7346,7393,2473,965,.,.,-1,18.0,0,-1
5310,5309,7404,7347,7347,7347,7393,2713,965,.,.,-1,1.0,6350,-1
5310,5309,7405,7348,7348,7348,7393,2766,965,.,.,-1,1.0,6350,-1
5310,5309,7406,7349,7349,7349,7393,2849,965,.,.,-1,1.0,6350,-1
5310,5309,7407,7350,7350,7350,7393,2883,965,.,.,-1,1.0,6350,-1
5310,5309,7408,7351,7351,7351,7393,2919,965,.,.,-1,1.0,6350,-1
5310,5309,7409,7352,7352,7352,7393,2995,965,.,.,-1,1.0,6350,-1
5310,5309,7410,7353,7353,7353,7393,3019,965,.,.,-1,15.0,6751,-1
5310,5309,7411,7354,7354,7354,7393,3045,965,.,.,-1,1.0,6350,-1
5310,5309,7412,7355,7355,7355,7393,3080,965,.,.,-1,2.0,6350,-1
5310,5309,7413,7356,7356,7356,7393,3266,965,.,.,-1,1.0,6350,-1
5310,5309,7414,7357,7357,7357,7393,3305,965,.,.,-1,1.0,6350,-1
5310,5309,7415,7358,7358,7358,7393,3358,965,.,.,-1,1.0,6350,-1
5310,5309,7416,7359,7359,7359,7393,3449,965,.,.,-1,1.0,6350,-1
5310,5309,7417,7360,7360,7360,7393,3602,965,.,.,-1,1.0,6350,-1
5310,5309,7418,7361,7361,7361,7393,3750,965,.,.,-1,1.0,6350,-1
5310,5309,7419,7362,7362,7362,7393,3801,965,.,.,-1,1.0,6350,-1
5310,5309,7420,7363,7363,7363,7393,4201,965,.,.,-1,1.0,6350,-1
5310,5309,7421,7364,7364,7364,7393,4430,965,.,.,-1,1.0,6350,-1
5310,5309,7422,7365,7365,7365,7393,4796,965,.,.,-1,2.0,6350,-1
5310,5309,7423,7366,7366,7366,7393,4802,965,.,.,-1,1.0,6350,-1
5310,5309,7424,7367,7367,7367,7393,5181,965,.,.,-1,1.0,6350,-1
5310,5309,7425,7368,7368,7368,7393,5236,965,.,.,-1,1.0,6350,-1
5310,5309,7426,7369,7369,7369,7393,5312,965,.,.,-1,1.0,6350,-1
5310,5309,7427,7370,7370,7370,7393,5425,965,.,.,-1,1.0,6350,-1
5310,5309,7428,7371,7371,7371,7393,5482,965,.,.,-1,16.0,6751,-1
5310,5309,7429,7372,7372,7372,7393,5650,965,.,.,-1,1.0,6350,-1
5310,5309,7430,7373,7373,7373,7393,5857,965,.,.,-1,1.0,6350,-1
5310,5309,7431,7374,7374,7374,7393,6214,965,.,.,-1,2.0,6350,-1
5310,5309,7432,7375,7375,7375,7393,6706,965,.,.,-1,1.0,6350,-1
5310,5309,7433,7376,7376,7376,7393,6862,965,.,.,-1,1.0,6350,-1
5310,5309,7434,7377,7377,7377,7393,6959,965,.,.,-1,1.0,6350,-1
5310,5309,7435,7378,7378,7378,7393,7451,965,.,.,-1,16.0,6751,-1
5310,5309,7436,7379,7379,7379,7393,7812,965,.,.,-1,2.0,6350,-1
5310,5309,7437,7380,7380,7380,7393,7984,965,.,.,-1,2.0,6350,-1
5310,5309,7438,7381,7381,7381,7393,8087,965,.,.,-1,12.0,6751,-1
5310,5309,7439,7382,7382,7382,7393,8187,965,.,.,-1,1.0,6350,-1
5310,5309,7440,7383,7383,7383,7393,8377,965,.,.,-1,1.0,6350,-1
5310,5309,7441,7384,7384,7384,7393,8445,965,.,.,-1,19.0,6751,-1
5310,5309,7442,7385,7385,7385,7393,8447,965,.,.,-1,27.0,0,-1
5310,5309,7443,7386,7386,7386,7393,8510,965,.,.,-1,3.0,6350,-1
5310,5309,7444,7387,7387,7387,7393,8877,965,.,.,-1,2.0,6350,-1
5310,5309,7445,7388,7388,7388,7393,8999,965,.,.,-1,2.0,6350,-1
5310,5309,7446,7389,7389,7389,7393,9074,965,.,.,-1,2.0,6350,-1
5310,5309,7447,7390,7390,7390,7393,9228,965,.,.,-1,1.0,6350,-1
5310,5309,7448,7391,7391,7391,7393,9289,965,.,.,-1,1.0,6350,-1
5310,5309,7449,7392,7392,7392,7393,9293,965,.,.,-1,1.0,6350,-1
5310,5309,7461,7453,7453,7453,7460,2473,965,.,.,-1,28.0,6347,-1
5310,5309,7462,7454,7454,7454,7460,2715,965,.,.,-1,3.0,6347,-1
5310,5309,7463,7455,7455,7455,7460,2957,965,.,.,-1,1.0,6347,-1
5310,5309,7464,7456,7456,7456,7460,3530,965,.,.,-1,1.0,6347,-1
5310,5309,7465,7457,7457,7457,7460,5480,965,.,.,-1,2.0,6347,-1
5310,5309,7466,7458,7458,7458,7460,6349,965,.,.,-1,1.0,6347,-1
5310,5309,7467,7459,7459,7459,7460,7667,965,.,.,-1,1.0,6347,-1
5310,5309,7481,7469,7469,7469,7480,8,965,.,.,-1,1.0,6350,-1
5310,5309,7482,7470,7470,7470,7480,23,965,.,.,-1,1.0,6350,-1
5310,5309,7483,7471,7471,7471,7480,5001,965,.,.,-1,1.0,6350,-1
5310,5309,7484,7472,7472,7472,7480,6269,965,.,.,-1,1.0,6350,-1
5310,5309,7485,7473,7473,7473,7480,6454,965,.,.,-1,1.0,6350,-1
5310,5309,7486,7474,7474,7474,7480,6563,965,.,.,-1,1.0,6350,-1
5310,5309,7487,7475,7475,7475,7480,6574,965,.,.,-1,1.0,6350,-1
5310,5309,7488,7476,7476,7476,7480,6780,965,.,.,-1,1.0,6350,-1
5310,5309,7489,7477,7477,7477,7480,7641,965,.,.,-1,1.0,6350,-1
5310,5309,7490,7478,7478,7478,7480,7914,965,.,.,-1,1.0,6350,-1
5310,5309,7491,7479,7479,7479,7480,8052,965,.,.,-1,1.0,6350,-1
5310,5309,7505,7493,7493,7493,7504,23,965,.,.,-1,1.0,6350,-1
5310,5309,7506,7494,7494,7494,7504,2514,965,.,.,-1,1.0,6350,-1
5310,5309,7507,7495,7495,7495,7504,2966,965,.,.,-1,1.0,6350,-1
5310,5309,7508,7496,7496,7496,7504,4503,965,.,.,-1,1.0,6350,-1
5310,5309,7509,7497,7497,7497,7504,4985,965,.,.,-1,1.0,6350,-1
5310,5309,7510,7498,7498,7498,7504,5001,965,.,.,-1,1.0,6350,-1
5310,5309,7511,7499,7499,7499,7504,7460,965,.,.,-1,1.0,6350,-1
5310,5309,7512,7500,7500,7500,7504,7914,965,.,.,-1,1.0,6350,-1
5310,5309,7513,7501,7501,7501,7504,8052,965,.,.,-1,1.0,6350,-1
5310,5309,7514,7502,7502,7502,7504,8074,965,.,.,-1,1.0,6350,-1
5310,5309,7515,7503,7503,7503,7504,8660,965,.,.,-1,1.0,6350,-1
5310,5309,7579,7517,7517,7517,7578,81,965,.,.,-1,1.0,6350,-1
5310,5309,7580,7518,7518,7518,7578,272,965,.,.,-1,2.0,6350,-1
5310,5309,7582,7520,7520,7520,7578,1117,965,.,.,-1,1.0,6350,-1
5310,5309,7581,7519,7519,7519,7578,1035,965,.,.,-1,2.0,6350,-1
5310,5309,7583,7521,7521,7521,7578,1412,965,.,.,-1,1.0,6350,-1
5310,5309,7584,7522,7522,7522,7578,1581,965,.,.,-1,1.0,6350,-1
5310,5309,7585,7523,7523,7523,7578,2473,965,.,.,-1,22.0,0,-1
5310,5309,7586,7524,7524,7524,7578,2475,965,.,.,-1,1.0,6350,-1
5310,5309,7587,7525,7525,7525,7578,2477,965,.,.,-1,2.0,6350,-1
5310,5309,7588,7526,7526,7526,7578,2766,965,.,.,-1,2.0,6350,-1
5310,5309,7589,7527,7527,7527,7578,2849,965,.,.,-1,1.0,6350,-1
5310,5309,7590,7528,7528,7528,7578,2883,965,.,.,-1,1.0,6350,-1
5310,5309,7591,7529,7529,7529,7578,2955,965,.,.,-1,1.0,6350,-1
5310,5309,7592,7530,7530,7530,7578,3019,965,.,.,-1,14.0,6751,-1
5310,5309,7593,7531,7531,7531,7578,3045,965,.,.,-1,1.0,6350,-1
5310,5309,7594,7532,7532,7532,7578,3080,965,.,.,-1,1.0,6350,-1
5310,5309,7595,7533,7533,7533,7578,3082,965,.,.,-1,1.0,6350,-1
5310,5309,7596,7534,7534,7534,7578,3149,965,.,.,-1,1.0,6350,-1
5310,5309,7597,7535,7535,7535,7578,3266,965,.,.,-1,1.0,6350,-1
5310,5309,7598,7536,7536,7536,7578,3358,965,.,.,-1,2.0,6350,-1
5310,5309,7599,7537,7537,7537,7578,3493,965,.,.,-1,1.0,6350,-1
5310,5309,7600,7538,7538,7538,7578,3602,965,.,.,-1,1.0,6350,-1
5310,5309,7601,7539,7539,7539,7578,3702,965,.,.,-1,1.0,6350,-1
5310,5309,7602,7540,7540,7540,7578,3919,965,.,.,-1,1.0,6350,-1
5310,5309,7603,7541,7541,7541,7578,4201,965,.,.,-1,1.0,6350,-1
5310,5309,7604,7542,7542,7542,7578,4368,965,.,.,-1,1.0,6350,-1
5310,5309,7605,7543,7543,7543,7578,4430,965,.,.,-1,1.0,6350,-1
5310,5309,7606,7544,7544,7544,7578,4492,965,.,.,-1,4.0,6350,-1
5310,5309,7607,7545,7545,7545,7578,4627,965,.,.,-1,1.0,6350,-1
5310,5309,7608,7546,7546,7546,7578,4796,965,.,.,-1,2.0,6350,-1
5310,5309,7609,7547,7547,7547,7578,4832,965,.,.,-1,1.0,6350,-1
5310,5309,7610,7548,7548,7548,7578,4917,965,.,.,-1,1.0,6350,-1
5310,5309,7611,7549,7549,7549,7578,5061,965,.,.,-1,2.0,6350,-1
5310,5309,7612,7550,7550,7550,7578,5236,965,.,.,-1,1.0,6350,-1
5310,5309,7613,7551,7551,7551,7578,5370,965,.,.,-1,2.0,6350,-1
5310,5309,7614,7552,7552,7552,7578,5482,965,.,.,-1,25.0,6751,-1
5310,5309,7615,7553,7553,7553,7578,5616,965,.,.,-1,1.0,6350,-1
5310,5309,7616,7554,7554,7554,7578,5996,965,.,.,-1,1.0,6350,-1
5310,5309,7617,7555,7555,7555,7578,6522,965,.,.,-1,2.0,6350,-1
5310,5309,7618,7556,7556,7556,7578,6584,965,.,.,-1,1.0,6350,-1
5310,5309,7619,7557,7557,7557,7578,6586,965,.,.,-1,1.0,6350,-1
5310,5309,7620,7558,7558,7558,7578,6862,965,.,.,-1,1.0,6350,-1
5310,5309,7621,7559,7559,7559,7578,6959,965,.,.,-1,2.0,6350,-1
5310,5309,7622,7560,7560,7560,7578,7191,965,.,.,-1,2.0,6350,-1
5310,5309,7623,7561,7561,7561,7578,7297,965,.,.,-1,1.0,6350,-1
5310,5309,7624,7562,7562,7562,7578,7451,965,.,.,-1,16.0,6751,-1
5310,5309,7625,7563,7563,7563,7578,8087,965,.,.,-1,17.0,6751,-1
5310,5309,7626,7564,7564,7564,7578,8377,965,.,.,-1,2.0,6350,-1
5310,5309,7627,7565,7565,7565,7578,8445,965,.,.,-1,21.0,6751,-1
5310,5309,7628,7566,7566,7566,7578,8470,965,.,.,-1,1.0,6350,-1
5310,5309,7629,7567,7567,7567,7578,8510,965,.,.,-1,1.0,6350,-1
5310,5309,7630,7568,7568,7568,7578,8718,965,.,.,-1,1.0,6350,-1
5310,5309,7631,7569,7569,7569,7578,8823,965,.,.,-1,1.0,6350,-1
5310,5309,7632,7570,7570,7570,7578,8999,965,.,.,-1,1.0,6350,-1
5310,5309,7633,7571,7571,7571,7578,9074,965,.,.,-1,2.0,6350,-1
5310,5309,7634,7572,7572,7572,7578,9287,965,.,.,-1,1.0,6350,-1
5310,5309,7635,7573,7573,7573,7578,9289,965,.,.,-1,1.0,6350,-1
5310,5309,7636,7574,7574,7574,7578,9291,965,.,.,-1,1.0,6350,-1
5310,5309,7637,7575,7575,7575,7578,9293,965,.,.,-1,1.0,6350,-1
5310,5309,7638,7576,7576,7576,7578,9295,965,.,.,-1,35.0,0,-1
5310,5309,7639,7577,7577,7577,7578,9351,965,.,.,-1,1.0,6350,-1
5310,5309,7655,7643,7643,7643,7654,2473,965,.,.,-1,33.0,6347,-1
5310,5309,7656,7644,7644,7644,7654,2715,965,.,.,-1,2.0,6347,-1
5310,5309,7657,7645,7645,7645,7654,2957,965,.,.,-1,4.0,6347,-1
5310,5309,7658,7646,7646,7646,7654,3530,965,.,.,-1,7.0,6347,-1
5310,5309,7659,7647,7647,7647,7654,5480,965,.,.,-1,5.0,6347,-1
5310,5309,7660,7648,7648,7648,7654,6349,965,.,.,-1,7.0,6347,-1
5310,5309,7661,7649,7649,7649,7654,6442,965,.,.,-1,5.0,6347,-1
5310,5309,7662,7650,7650,7650,7654,6576,965,.,.,-1,5.0,6347,-1
5310,5309,7663,7651,7651,7651,7654,7667,965,.,.,-1,1.0,6347,-1
5310,5309,7664,7652,7652,7652,7654,8447,965,.,.,-1,42.0,6347,-1
5310,5309,7665,7653,7653,7653,7654,9295,965,.,.,-1,6.0,6347,-1
5310,5309,7691,7669,7669,7669,7690,81,965,.,.,-1,1.0,6350,-1
5310,5309,7692,7670,7670,7670,7690,1117,965,.,.,-1,1.0,6350,-1
5310,5309,7693,7671,7671,7671,7690,1199,965,.,.,-1,1.0,6350,-1
5310,5309,7694,7672,7672,7672,7690,1321,965,.,.,-1,1.0,6350,-1
5310,5309,7695,7673,7673,7673,7690,1412,965,.,.,-1,1.0,6350,-1
5310,5309,7696,7674,7674,7674,7690,1631,965,.,.,-1,1.0,6350,-1
5310,5309,7697,7675,7675,7675,7690,2221,965,.,.,-1,1.0,6350,-1
5310,5309,7698,7676,7676,7676,7690,2919,965,.,.,-1,1.0,6350,-1
5310,5309,7699,7677,7677,7677,7690,2995,965,.,.,-1,1.0,6350,-1
5310,5309,7700,7678,7678,7678,7690,3019,965,.,.,-1,2.0,6751,-1
5310,5309,7701,7679,7679,7679,7690,5482,965,.,.,-1,3.0,6751,-1
5310,5309,7702,7680,7680,7680,7690,5739,965,.,.,-1,1.0,6350,-1
5310,5309,7703,7681,7681,7681,7690,5857,965,.,.,-1,2.0,6350,-1
5310,5309,7704,7682,7682,7682,7690,5946,965,.,.,-1,1.0,6350,-1
5310,5309,7705,7683,7683,7683,7690,6055,965,.,.,-1,1.0,6350,-1
5310,5309,7706,7684,7684,7684,7690,6624,965,.,.,-1,1.0,6350,-1
5310,5309,7707,7685,7685,7685,7690,7096,965,.,.,-1,1.0,6350,-1
5310,5309,7708,7686,7686,7686,7690,7297,965,.,.,-1,1.0,6350,-1
5310,5309,7709,7687,7687,7687,7690,7451,965,.,.,-1,5.0,6751,-1
5310,5309,7710,7688,7688,7688,7690,8445,965,.,.,-1,5.0,6751,-1
5310,5309,7711,7689,7689,7689,7690,9289,965,.,.,-1,1.0,6350,-1
5310,5309,7733,7713,7713,7713,7732,189,965,.,.,-1,1.0,6350,-1
5310,5309,7734,7714,7714,7714,7732,642,965,.,.,-1,1.0,6350,-1
5310,5309,7735,7715,7715,7715,7732,1412,965,.,.,-1,1.0,6350,-1
5310,5309,7736,7716,7716,7716,7732,2473,965,.,.,-1,3.0,0,-1
5310,5309,7737,7717,7717,7717,7732,3019,965,.,.,-1,3.0,6751,-1
5310,5309,7738,7718,7718,7718,7732,3305,965,.,.,-1,1.0,6350,-1
5310,5309,7739,7719,7719,7719,7732,3674,965,.,.,-1,1.0,6350,-1
5310,5309,7740,7720,7720,7720,7732,3750,965,.,.,-1,1.0,6350,-1
5310,5309,7741,7721,7721,7721,7732,3919,965,.,.,-1,1.0,6350,-1
5310,5309,7742,7722,7722,7722,7732,4317,965,.,.,-1,1.0,6350,-1
5310,5309,7743,7723,7723,7723,7732,4832,965,.,.,-1,1.0,6350,-1
5310,5309,7744,7724,7724,7724,7732,4917,965,.,.,-1,1.0,6350,-1
5310,5309,7745,7725,7725,7725,7732,5482,965,.,.,-1,2.0,6751,-1
5310,5309,7746,7726,7726,7726,7732,6154,965,.,.,-1,1.0,6350,-1
5310,5309,7747,7727,7727,7727,7732,6522,965,.,.,-1,1.0,6350,-1
5310,5309,7748,7728,7728,7728,7732,7451,965,.,.,-1,4.0,6751,-1
5310,5309,7749,7729,7729,7729,7732,8087,965,.,.,-1,6.0,6751,-1
5310,5309,7750,7730,7730,7730,7732,8445,965,.,.,-1,4.0,6751,-1
5310,5309,7751,7731,7731,7731,7732,8447,965,.,.,-1,6.0,0,-1
5310,5309,7813,7755,7755,7755,7812,32,965,.,.,-1,1.0,6350,-1
5310,5309,7814,7756,7756,7756,7812,345,965,.,.,-1,1.0,6350,-1
5310,5309,7815,7757,7757,7757,7812,642,965,.,.,-1,1.0,6350,-1
5310,5309,7816,7758,7758,7758,7812,692,965,.,.,-1,1.0,6350,-1
5310,5309,7817,7759,7759,7759,7812,911,965,.,.,-1,2.0,6350,-1
5310,5309,7818,7760,7760,7760,7812,1117,965,.,.,-1,1.0,6350,-1
5310,5309,7819,7761,7761,7761,7812,1412,965,.,.,-1,1.0,6350,-1
5310,5309,7820,7762,7762,7762,7812,1579,965,.,.,-1,1.0,6350,-1
5310,5309,7821,7763,7763,7763,7812,1581,965,.,.,-1,1.0,6350,-1
5310,5309,7822,7764,7764,7764,7812,2221,965,.,.,-1,1.0,6350,-1
5310,5309,7823,7765,7765,7765,7812,2322,965,.,.,-1,2.0,6350,-1
5310,5309,7824,7766,7766,7766,7812,2473,965,.,.,-1,33.0,0,-1
5310,5309,7825,7767,7767,7767,7812,2652,965,.,.,-1,1.0,6350,-1
5310,5309,7826,7768,7768,7768,7812,2849,965,.,.,-1,1.0,6350,-1
5310,5309,7827,7769,7769,7769,7812,2883,965,.,.,-1,1.0,6350,-1
5310,5309,7828,7770,7770,7770,7812,2955,965,.,.,-1,2.0,6350,-1
5310,5309,7829,7771,7771,7771,7812,3019,965,.,.,-1,20.0,6751,-1
5310,5309,7830,7772,7772,7772,7812,3045,965,.,.,-1,1.0,6350,-1
5310,5309,7831,7773,7773,7773,7812,3080,965,.,.,-1,2.0,6350,-1
5310,5309,7832,7774,7774,7774,7812,3266,965,.,.,-1,1.0,6350,-1
5310,5309,7833,7775,7775,7775,7812,3305,965,.,.,-1,1.0,6350,-1
5310,5309,7834,7776,7776,7776,7812,3358,965,.,.,-1,1.0,6350,-1
5310,5309,7835,7777,7777,7777,7812,3528,965,.,.,-1,1.0,6350,-1
5310,5309,7836,7778,7778,7778,7812,3702,965,.,.,-1,2.0,6350,-1
5310,5309,7837,7779,7779,7779,7812,3750,965,.,.,-1,1.0,6350,-1
5310,5309,7838,7780,7780,7780,7812,4201,965,.,.,-1,1.0,6350,-1
5310,5309,7840,7782,7782,7782,7812,4368,965,.,.,-1,1.0,6350,-1
5310,5309,7839,7781,7781,7781,7812,4317,965,.,.,-1,1.0,6350,-1
5310,5309,7841,7783,7783,7783,7812,4430,965,.,.,-1,1.0,6350,-1
5310,5309,7842,7784,7784,7784,7812,4627,965,.,.,-1,2.0,6350,-1
5310,5309,7843,7785,7785,7785,7812,4796,965,.,.,-1,2.0,6350,-1
5310,5309,7844,7786,7786,7786,7812,4800,965,.,.,-1,2.0,6350,-1
5310,5309,7845,7787,7787,7787,7812,4832,965,.,.,-1,2.0,6350,-1
5310,5309,7846,7788,7788,7788,7812,5061,965,.,.,-1,1.0,6350,-1
5310,5309,7847,7789,7789,7789,7812,5425,965,.,.,-1,1.0,6350,-1
5310,5309,7848,7790,7790,7790,7812,5482,965,.,.,-1,12.0,6751,-1
5310,5309,7849,7791,7791,7791,7812,5946,965,.,.,-1,2.0,6350,-1
5310,5309,7850,7792,7792,7792,7812,6352,965,.,.,-1,1.0,6350,-1
5310,5309,7851,7793,7793,7793,7812,6584,965,.,.,-1,1.0,6350,-1
5310,5309,7852,7794,7794,7794,7812,6862,965,.,.,-1,2.0,6350,-1
5310,5309,7853,7795,7795,7795,7812,7393,965,.,.,-1,1.0,6350,-1
5310,5309,7854,7796,7796,7796,7812,7451,965,.,.,-1,20.0,6751,-1
5310,5309,7855,7797,7797,7797,7812,7578,965,.,.,-1,1.0,6350,-1
5310,5309,7856,7798,7798,7798,7812,7690,965,.,.,-1,1.0,6350,-1
5310,5309,7857,7799,7799,7799,7812,7732,965,.,.,-1,1.0,6350,-1
5310,5309,7858,7800,7800,7800,7812,7984,965,.,.,-1,1.0,6350,-1
5310,5309,7859,7801,7801,7801,7812,8087,965,.,.,-1,17.0,6751,-1
5310,5309,7860,7802,7802,7802,7812,8286,965,.,.,-1,1.0,6350,-1
5310,5309,7861,7803,7803,7803,7812,8445,965,.,.,-1,11.0,6751,-1
5310,5309,7862,7804,7804,7804,7812,8823,965,.,.,-1,2.0,6350,-1
5310,5309,7863,7805,7805,7805,7812,8999,965,.,.,-1,1.0,6350,-1
5310,5309,7864,7806,7806,7806,7812,9001,965,.,.,-1,1.0,6350,-1
5310,5309,7865,7807,7807,7807,7812,9074,965,.,.,-1,1.0,6350,-1
5310,5309,7866,7808,7808,7808,7812,9291,965,.,.,-1,1.0,6350,-1
5310,5309,7867,7809,7809,7809,7812,9295,965,.,.,-1,25.0,0,-1
5310,5309,7868,7810,7810,7810,7812,9351,965,.,.,-1,2.0,6350,-1
5310,5309,7869,7811,7811,7811,7812,9426,965,.,.,-1,1.0,6350,-1
5310,5309,7881,7871,7871,7871,7880,2473,965,.,.,-1,1.0,6347,-1
5310,5309,7882,7872,7872,7872,7880,2715,965,.,.,-1,1.0,6347,-1
5310,5309,7883,7873,7873,7873,7880,2957,965,.,.,-1,4.0,6347,-1
5310,5309,7884,7874,7874,7874,7880,3530,965,.,.,-1,2.0,6347,-1
5310,5309,7885,7875,7875,7875,7880,5480,965,.,.,-1,1.0,6347,-1
5310,5309,7886,7876,7876,7876,7880,6442,965,.,.,-1,2.0,6347,-1
5310,5309,7887,7877,7877,7877,7880,6576,965,.,.,-1,1.0,6347,-1
5310,5309,7888,7878,7878,7878,7880,7667,965,.,.,-1,1.0,6347,-1
5310,5309,7889,7879,7879,7879,7880,8447,965,.,.,-1,1.0,6347,-1
5310,5309,7897,7891,7891,7891,7896,2473,965,.,.,-1,7.0,6751,-1
5310,5309,7898,7892,7892,7892,7896,5480,965,.,.,-1,1.0,6751,-1
5310,5309,7899,7893,7893,7893,7896,6442,965,.,.,-1,1.0,6751,-1
5310,5309,7900,7894,7894,7894,7896,6576,965,.,.,-1,1.0,6751,-1
5310,5309,7901,7895,7895,7895,7896,8447,965,.,.,-1,3.0,6751,-1
5310,5309,7915,7903,7903,7903,7914,2473,965,.,.,-1,17.0,6347,-1
5310,5309,7916,7904,7904,7904,7914,2715,965,.,.,-1,1.0,6347,-1
5310,5309,7917,7905,7905,7905,7914,2957,965,.,.,-1,7.0,6347,-1
5310,5309,7918,7906,7906,7906,7914,3530,965,.,.,-1,1.0,6347,-1
5310,5309,7919,7907,7907,7907,7914,5480,965,.,.,-1,2.0,6347,-1
5310,5309,7920,7908,7908,7908,7914,6349,965,.,.,-1,2.0,6347,-1
5310,5309,7921,7909,7909,7909,7914,6442,965,.,.,-1,3.0,6347,-1
5310,5309,7922,7910,7910,7910,7914,6576,965,.,.,-1,2.0,6347,-1
5310,5309,7923,7911,7911,7911,7914,7667,965,.,.,-1,1.0,6347,-1
5310,5309,7924,7912,7912,7912,7914,8447,965,.,.,-1,9.0,6347,-1
5310,5309,7925,7913,7913,7913,7914,9295,965,.,.,-1,2.0,6347,-1
5310,5309,7985,7927,7927,7927,7984,81,965,.,.,-1,2.0,6350,-1
5310,5309,7986,7928,7928,7928,7984,189,965,.,.,-1,1.0,6350,-1
5310,5309,7987,7929,7929,7929,7984,345,965,.,.,-1,1.0,6350,-1
5310,5309,7988,7930,7930,7930,7984,521,965,.,.,-1,1.0,6350,-1
5310,5309,7989,7931,7931,7931,7984,831,965,.,.,-1,1.0,6350,-1
5310,5309,7990,7932,7932,7932,7984,911,965,.,.,-1,1.0,6350,-1
5310,5309,7992,7934,7934,7934,7984,1117,965,.,.,-1,1.0,6350,-1
5310,5309,7991,7933,7933,7933,7984,1035,965,.,.,-1,1.0,6350,-1
5310,5309,7993,7935,7935,7935,7984,1245,965,.,.,-1,1.0,6350,-1
5310,5309,7994,7936,7936,7936,7984,1525,965,.,.,-1,1.0,6350,-1
5310,5309,7995,7937,7937,7937,7984,1631,965,.,.,-1,2.0,6350,-1
5310,5309,7996,7938,7938,7938,7984,2473,965,.,.,-1,22.0,0,-1
5310,5309,7997,7939,7939,7939,7984,2477,965,.,.,-1,1.0,6350,-1
5310,5309,7998,7940,7940,7940,7984,2652,965,.,.,-1,1.0,6350,-1
5310,5309,7999,7941,7941,7941,7984,2713,965,.,.,-1,1.0,6350,-1
5310,5309,8000,7942,7942,7942,7984,2883,965,.,.,-1,2.0,6350,-1
5310,5309,8001,7943,7943,7943,7984,2919,965,.,.,-1,1.0,6350,-1
5310,5309,8002,7944,7944,7944,7984,3019,965,.,.,-1,16.0,6751,-1
5310,5309,8003,7945,7945,7945,7984,3080,965,.,.,-1,1.0,6350,-1
5310,5309,8004,7946,7946,7946,7984,3358,965,.,.,-1,1.0,6350,-1
5310,5309,8005,7947,7947,7947,7984,3398,965,.,.,-1,2.0,6350,-1
5310,5309,8006,7948,7948,7948,7984,3493,965,.,.,-1,1.0,6350,-1
5310,5309,8007,7949,7949,7949,7984,3526,965,.,.,-1,1.0,6350,-1
5310,5309,8008,7950,7950,7950,7984,3528,965,.,.,-1,1.0,6350,-1
5310,5309,8009,7951,7951,7951,7984,3674,965,.,.,-1,1.0,6350,-1
5310,5309,8010,7952,7952,7952,7984,3750,965,.,.,-1,1.0,6350,-1
5310,5309,8011,7953,7953,7953,7984,4201,965,.,.,-1,1.0,6350,-1
5310,5309,8013,7955,7955,7955,7984,4368,965,.,.,-1,1.0,6350,-1
5310,5309,8012,7954,7954,7954,7984,4266,965,.,.,-1,1.0,6350,-1
5310,5309,8014,7956,7956,7956,7984,4492,965,.,.,-1,1.0,6350,-1
5310,5309,8015,7957,7957,7957,7984,4750,965,.,.,-1,1.0,6350,-1
5310,5309,8016,7958,7958,7958,7984,4802,965,.,.,-1,2.0,6350,-1
5310,5309,8017,7959,7959,7959,7984,4832,965,.,.,-1,1.0,6350,-1
5310,5309,8018,7960,7960,7960,7984,5368,965,.,.,-1,2.0,6350,-1
5310,5309,8019,7961,7961,7961,7984,5482,965,.,.,-1,12.0,6751,-1
5310,5309,8020,7962,7962,7962,7984,5532,965,.,.,-1,1.0,6350,-1
5310,5309,8021,7963,7963,7963,7984,5582,965,.,.,-1,1.0,6350,-1
5310,5309,8022,7964,7964,7964,7984,5652,965,.,.,-1,1.0,6350,-1
5310,5309,8023,7965,7965,7965,7984,5857,965,.,.,-1,1.0,6350,-1
5310,5309,8024,7966,7966,7966,7984,6154,965,.,.,-1,2.0,6350,-1
5310,5309,8025,7967,7967,7967,7984,6578,965,.,.,-1,2.0,6350,-1
5310,5309,8026,7968,7968,7968,7984,6584,965,.,.,-1,1.0,6350,-1
5310,5309,8027,7969,7969,7969,7984,7096,965,.,.,-1,1.0,6350,-1
5310,5309,8028,7970,7970,7970,7984,7451,965,.,.,-1,16.0,6751,-1
5310,5309,8029,7971,7971,7971,7984,7732,965,.,.,-1,1.0,6350,-1
5310,5309,8030,7972,7972,7972,7984,8087,965,.,.,-1,12.0,6751,-1
5310,5309,8031,7973,7973,7973,7984,8286,965,.,.,-1,2.0,6350,-1
5310,5309,8032,7974,7974,7974,7984,8377,965,.,.,-1,1.0,6350,-1
5310,5309,8033,7975,7975,7975,7984,8445,965,.,.,-1,15.0,6751,-1
5310,5309,8034,7976,7976,7976,7984,8447,965,.,.,-1,31.0,0,-1
5310,5309,8035,7977,7977,7977,7984,8470,965,.,.,-1,1.0,6350,-1
5310,5309,8036,7978,7978,7978,7984,8627,965,.,.,-1,2.0,6350,-1
5310,5309,8037,7979,7979,7979,7984,8718,965,.,.,-1,1.0,6350,-1
5310,5309,8038,7980,7980,7980,7984,8823,965,.,.,-1,1.0,6350,-1
5310,5309,8039,7981,7981,7981,7984,8938,965,.,.,-1,1.0,6350,-1
5310,5309,8040,7982,7982,7982,7984,9228,965,.,.,-1,1.0,6350,-1
5310,5309,8041,7983,7983,7983,7984,9351,965,.,.,-1,1.0,6350,-1
5310,5309,8053,8043,8043,8043,8052,2473,965,.,.,-1,1.0,6347,-1
5310,5309,8054,8044,8044,8044,8052,2957,965,.,.,-1,6.0,6347,-1
5310,5309,8055,8045,8045,8045,8052,3530,965,.,.,-1,4.0,6347,-1
5310,5309,8056,8046,8046,8046,8052,6349,965,.,.,-1,4.0,6347,-1
5310,5309,8057,8047,8047,8047,8052,6442,965,.,.,-1,4.0,6347,-1
5310,5309,8058,8048,8048,8048,8052,6576,965,.,.,-1,5.0,6347,-1
5310,5309,8059,8049,8049,8049,8052,7667,965,.,.,-1,3.0,6347,-1
5310,5309,8060,8050,8050,8050,8052,8447,965,.,.,-1,2.0,6347,-1
5310,5309,8061,8051,8051,8051,8052,9295,965,.,.,-1,38.0,6347,-1
5310,5309,8075,8063,8063,8063,8074,2473,965,.,.,-1,29.0,6347,-1
5310,5309,8076,8064,8064,8064,8074,2715,965,.,.,-1,3.0,6347,-1
5310,5309,8077,8065,8065,8065,8074,2957,965,.,.,-1,7.0,6347,-1
5310,5309,8078,8066,8066,8066,8074,3530,965,.,.,-1,12.0,6347,-1
5310,5309,8079,8067,8067,8067,8074,5480,965,.,.,-1,6.0,6347,-1
5310,5309,8080,8068,8068,8068,8074,6349,965,.,.,-1,7.0,6347,-1
5310,5309,8081,8069,8069,8069,8074,6442,965,.,.,-1,4.0,6347,-1
5310,5309,8082,8070,8070,8070,8074,6576,965,.,.,-1,6.0,6347,-1
5310,5309,8083,8071,8071,8071,8074,7667,965,.,.,-1,2.0,6347,-1
5310,5309,8084,8072,8072,8072,8074,8447,965,.,.,-1,28.0,6347,-1
5310,5309,8085,8073,8073,8073,8074,9295,965,.,.,-1,2.0,6347,-1
5310,5309,8101,8089,8089,8089,8100,2473,965,.,.,-1,2.0,6347,-1
5310,5309,8102,8090,8090,8090,8100,2715,965,.,.,-1,2.0,6347,-1
5310,5309,8103,8091,8091,8091,8100,2957,965,.,.,-1,5.0,6347,-1
5310,5309,8104,8092,8092,8092,8100,3530,965,.,.,-1,4.0,6347,-1
5310,5309,8105,8093,8093,8093,8100,5480,965,.,.,-1,3.0,6347,-1
5310,5309,8106,8094,8094,8094,8100,6349,965,.,.,-1,5.0,6347,-1
5310,5309,8107,8095,8095,8095,8100,6442,965,.,.,-1,2.0,6347,-1
5310,5309,8108,8096,8096,8096,8100,6576,965,.,.,-1,3.0,6347,-1
5310,5309,8109,8097,8097,8097,8100,7667,965,.,.,-1,2.0,6347,-1
5310,5309,8110,8098,8098,8098,8100,8447,965,.,.,-1,1.0,6347,-1
5310,5309,8111,8099,8099,8099,8100,9295,965,.,.,-1,1.0,6347,-1
5310,5309,8188,8113,8113,8113,8187,32,965,.,.,-1,1.0,6350,-1
5310,5309,8189,8114,8114,8114,8187,81,965,.,.,-1,1.0,6350,-1
5310,5309,8190,8115,8115,8115,8187,189,965,.,.,-1,2.0,6350,-1
5310,5309,8191,8116,8116,8116,8187,272,965,.,.,-1,1.0,6350,-1
5310,5309,8192,8117,8117,8117,8187,642,965,.,.,-1,1.0,6350,-1
5310,5309,8193,8118,8118,8118,8187,831,965,.,.,-1,1.0,6350,-1
5310,5309,8194,8119,8119,8119,8187,1000,965,.,.,-1,1.0,6350,-1
5310,5309,8195,8120,8120,8120,8187,1117,965,.,.,-1,1.0,6350,-1
5310,5309,8196,8121,8121,8121,8187,1245,965,.,.,-1,1.0,6350,-1
5310,5309,8197,8122,8122,8122,8187,1321,965,.,.,-1,1.0,6350,-1
5310,5309,8198,8123,8123,8123,8187,1579,965,.,.,-1,1.0,6350,-1
5310,5309,8199,8124,8124,8124,8187,2221,965,.,.,-1,1.0,6350,-1
5310,5309,8200,8125,8125,8125,8187,2421,965,.,.,-1,2.0,6350,-1
5310,5309,8201,8126,8126,8126,8187,2473,965,.,.,-1,66.0,0,-1
5310,5309,8202,8127,8127,8127,8187,2490,965,.,.,-1,2.0,6350,-1
5310,5309,8203,8128,8128,8128,8187,2514,965,.,.,-1,2.0,6350,-1
5310,5309,8204,8129,8129,8129,8187,2559,965,.,.,-1,1.0,6350,-1
5310,5309,8205,8130,8130,8130,8187,2995,965,.,.,-1,1.0,6350,-1
5310,5309,8206,8131,8131,8131,8187,3019,965,.,.,-1,24.0,6751,-1
5310,5309,8207,8132,8132,8132,8187,3045,965,.,.,-1,1.0,6350,-1
5310,5309,8208,8133,8133,8133,8187,3080,965,.,.,-1,1.0,6350,-1
5310,5309,8209,8134,8134,8134,8187,3082,965,.,.,-1,1.0,6350,-1
5310,5309,8210,8135,8135,8135,8187,3266,965,.,.,-1,1.0,6350,-1
5310,5309,8211,8136,8136,8136,8187,3305,965,.,.,-1,1.0,6350,-1
5310,5309,8212,8137,8137,8137,8187,3449,965,.,.,-1,1.0,6350,-1
5310,5309,8213,8138,8138,8138,8187,3528,965,.,.,-1,1.0,6350,-1
5310,5309,8214,8139,8139,8139,8187,3674,965,.,.,-1,1.0,6350,-1
5310,5309,8215,8140,8140,8140,8187,3750,965,.,.,-1,1.0,6350,-1
5310,5309,8216,8141,8141,8141,8187,4052,965,.,.,-1,3.0,6350,-1
5310,5309,8217,8142,8142,8142,8187,4201,965,.,.,-1,1.0,6350,-1
5310,5309,8220,8145,8145,8145,8187,4368,965,.,.,-1,3.0,6350,-1
5310,5309,8218,8143,8143,8143,8187,4266,965,.,.,-1,3.0,6350,-1
5310,5309,8219,8144,8144,8144,8187,4317,965,.,.,-1,1.0,6350,-1
5310,5309,8221,8146,8146,8146,8187,4492,965,.,.,-1,1.0,6350,-1
5310,5309,8222,8147,8147,8147,8187,4540,965,.,.,-1,1.0,6350,-1
5310,5309,8223,8148,8148,8148,8187,4796,965,.,.,-1,1.0,6350,-1
5310,5309,8224,8149,8149,8149,8187,4804,965,.,.,-1,1.0,6350,-1
5310,5309,8225,8150,8150,8150,8187,4917,965,.,.,-1,1.0,6350,-1
5310,5309,8226,8151,8151,8151,8187,5236,965,.,.,-1,1.0,6350,-1
5310,5309,8227,8152,8152,8152,8187,5312,965,.,.,-1,1.0,6350,-1
5310,5309,8228,8153,8153,8153,8187,5368,965,.,.,-1,1.0,6350,-1
5310,5309,8229,8154,8154,8154,8187,5370,965,.,.,-1,1.0,6350,-1
5310,5309,8230,8155,8155,8155,8187,5482,965,.,.,-1,19.0,6751,-1
5310,5309,8231,8156,8156,8156,8187,5616,965,.,.,-1,1.0,6350,-1
5310,5309,8232,8157,8157,8157,8187,5652,965,.,.,-1,1.0,6350,-1
5310,5309,8233,8158,8158,8158,8187,5946,965,.,.,-1,1.0,6350,-1
5310,5309,8234,8159,8159,8159,8187,5996,965,.,.,-1,1.0,6350,-1
5310,5309,8235,8160,8160,8160,8187,6055,965,.,.,-1,1.0,6350,-1
5310,5309,8236,8161,8161,8161,8187,6352,965,.,.,-1,1.0,6350,-1
5310,5309,8237,8162,8162,8162,8187,6522,965,.,.,-1,1.0,6350,-1
5310,5309,8238,8163,8163,8163,8187,6550,965,.,.,-1,1.0,6350,-1
5310,5309,8239,8164,8164,8164,8187,6552,965,.,.,-1,1.0,6350,-1
5310,5309,8240,8165,8165,8165,8187,6580,965,.,.,-1,1.0,6350,-1
5310,5309,8241,8166,8166,8166,8187,6582,965,.,.,-1,1.0,6350,-1
5310,5309,8242,8167,8167,8167,8187,6584,965,.,.,-1,1.0,6350,-1
5310,5309,8243,8168,8168,8168,8187,6862,965,.,.,-1,1.0,6350,-1
5310,5309,8244,8169,8169,8169,8187,7451,965,.,.,-1,24.0,6751,-1
5310,5309,8245,8170,8170,8170,8187,7578,965,.,.,-1,2.0,6350,-1
5310,5309,8246,8171,8171,8171,8187,7753,965,.,.,-1,1.0,6350,-1
5310,5309,8247,8172,8172,8172,8187,7812,965,.,.,-1,1.0,6350,-1
5310,5309,8248,8173,8173,8173,8187,8087,965,.,.,-1,22.0,6751,-1
5310,5309,8249,8174,8174,8174,8187,8286,965,.,.,-1,2.0,6350,-1
5310,5309,8250,8175,8175,8175,8187,8445,965,.,.,-1,23.0,6751,-1
5310,5309,8251,8176,8176,8176,8187,8470,965,.,.,-1,1.0,6350,-1
5310,5309,8252,8177,8177,8177,8187,8510,965,.,.,-1,1.0,6350,-1
5310,5309,8253,8178,8178,8178,8187,8627,965,.,.,-1,3.0,6350,-1
5310,5309,8254,8179,8179,8179,8187,8938,965,.,.,-1,1.0,6350,-1
5310,5309,8255,8180,8180,8180,8187,8999,965,.,.,-1,1.0,6350,-1
5310,5309,8256,8181,8181,8181,8187,9074,965,.,.,-1,1.0,6350,-1
5310,5309,8257,8182,8182,8182,8187,9287,965,.,.,-1,1.0,6350,-1
5310,5309,8258,8183,8183,8183,8187,9289,965,.,.,-1,1.0,6350,-1
5310,5309,8259,8184,8184,8184,8187,9291,965,.,.,-1,2.0,6350,-1
5310,5309,8260,8185,8185,8185,8187,9293,965,.,.,-1,1.0,6350,-1
5310,5309,8261,8186,8186,8186,8187,9426,965,.,.,-1,1.0,6350,-1
5310,5309,8287,8263,8263,8263,8286,189,965,.,.,-1,1.0,6350,-1
5310,5309,8288,8264,8264,8264,8286,642,965,.,.,-1,1.0,6350,-1
5310,5309,8289,8265,8265,8265,8286,2473,965,.,.,-1,19.0,0,-1
5310,5309,8290,8266,8266,8266,8286,2490,965,.,.,-1,1.0,6350,-1
5310,5309,8291,8267,8267,8267,8286,3019,965,.,.,-1,4.0,6751,-1
5310,5309,8292,8268,8268,8268,8286,3045,965,.,.,-1,1.0,6350,-1
5310,5309,8293,8269,8269,8269,8286,3801,965,.,.,-1,1.0,6350,-1
5310,5309,8294,8270,8270,8270,8286,4052,965,.,.,-1,1.0,6350,-1
5310,5309,8295,8271,8271,8271,8286,4627,965,.,.,-1,1.0,6350,-1
5310,5309,8296,8272,8272,8272,8286,4804,965,.,.,-1,1.0,6350,-1
5310,5309,8297,8273,8273,8273,8286,4832,965,.,.,-1,1.0,6350,-1
5310,5309,8298,8274,8274,8274,8286,4917,965,.,.,-1,1.0,6350,-1
5310,5309,8299,8275,8275,8275,8286,5236,965,.,.,-1,1.0,6350,-1
5310,5309,8300,8276,8276,8276,8286,5482,965,.,.,-1,2.0,6751,-1
5310,5309,8301,8277,8277,8277,8286,6055,965,.,.,-1,1.0,6350,-1
5310,5309,8302,8278,8278,8278,8286,6582,965,.,.,-1,1.0,6350,-1
5310,5309,8303,8279,8279,8279,8286,7335,965,.,.,-1,1.0,6350,-1
5310,5309,8304,8280,8280,8280,8286,7451,965,.,.,-1,6.0,6751,-1
5310,5309,8305,8281,8281,8281,8286,8087,965,.,.,-1,7.0,6751,-1
5310,5309,8306,8282,8282,8282,8286,8445,965,.,.,-1,4.0,6751,-1
5310,5309,8307,8283,8283,8283,8286,8718,965,.,.,-1,1.0,6350,-1
5310,5309,8308,8284,8284,8284,8286,8999,965,.,.,-1,1.0,6350,-1
5310,5309,8309,8285,8285,8285,8286,9001,965,.,.,-1,1.0,6350,-1
5310,5309,8378,8311,8311,8311,8377,272,965,.,.,-1,1.0,6350,-1
5310,5309,8379,8312,8312,8312,8377,521,965,.,.,-1,3.0,6350,-1
5310,5309,8380,8313,8313,8313,8377,749,965,.,.,-1,1.0,6350,-1
5310,5309,8381,8314,8314,8314,8377,1245,965,.,.,-1,1.0,6350,-1
5310,5309,8382,8315,8315,8315,8377,1321,965,.,.,-1,1.0,6350,-1
5310,5309,8383,8316,8316,8316,8377,1525,965,.,.,-1,2.0,6350,-1
5310,5309,8384,8317,8317,8317,8377,1581,965,.,.,-1,1.0,6350,-1
5310,5309,8385,8318,8318,8318,8377,2221,965,.,.,-1,2.0,6350,-1
5310,5309,8386,8319,8319,8319,8377,2473,965,.,.,-1,10.0,0,-1
5310,5309,8387,8320,8320,8320,8377,2477,965,.,.,-1,3.0,6350,-1
5310,5309,8388,8321,8321,8321,8377,2490,965,.,.,-1,1.0,6350,-1
5310,5309,8389,8322,8322,8322,8377,2514,965,.,.,-1,1.0,6350,-1
5310,5309,8390,8323,8323,8323,8377,2713,965,.,.,-1,1.0,6350,-1
5310,5309,8391,8324,8324,8324,8377,2849,965,.,.,-1,1.0,6350,-1
5310,5309,8392,8325,8325,8325,8377,2883,965,.,.,-1,1.0,6350,-1
5310,5309,8393,8326,8326,8326,8377,3019,965,.,.,-1,19.0,6751,-1
5310,5309,8394,8327,8327,8327,8377,3045,965,.,.,-1,2.0,6350,-1
5310,5309,8395,8328,8328,8328,8377,3080,965,.,.,-1,1.0,6350,-1
5310,5309,8396,8329,8329,8329,8377,3149,965,.,.,-1,1.0,6350,-1
5310,5309,8397,8330,8330,8330,8377,3240,965,.,.,-1,1.0,6350,-1
5310,5309,8398,8331,8331,8331,8377,3266,965,.,.,-1,1.0,6350,-1
5310,5309,8399,8332,8332,8332,8377,3493,965,.,.,-1,1.0,6350,-1
5310,5309,8400,8333,8333,8333,8377,3602,965,.,.,-1,3.0,6350,-1
5310,5309,8401,8334,8334,8334,8377,3674,965,.,.,-1,1.0,6350,-1
5310,5309,8402,8335,8335,8335,8377,3702,965,.,.,-1,1.0,6350,-1
5310,5309,8403,8336,8336,8336,8377,3750,965,.,.,-1,1.0,6350,-1
5310,5309,8404,8337,8337,8337,8377,3801,965,.,.,-1,1.0,6350,-1
5310,5309,8405,8338,8338,8338,8377,4052,965,.,.,-1,1.0,6350,-1
5310,5309,8406,8339,8339,8339,8377,4368,965,.,.,-1,1.0,6350,-1
5310,5309,8407,8340,8340,8340,8377,4800,965,.,.,-1,1.0,6350,-1
5310,5309,8408,8341,8341,8341,8377,4802,965,.,.,-1,2.0,6350,-1
5310,5309,8409,8342,8342,8342,8377,5061,965,.,.,-1,1.0,6350,-1
5310,5309,8410,8343,8343,8343,8377,5234,965,.,.,-1,1.0,6350,-1
5310,5309,8411,8344,8344,8344,8377,5312,965,.,.,-1,1.0,6350,-1
5310,5309,8412,8345,8345,8345,8377,5482,965,.,.,-1,15.0,6751,-1
5310,5309,8415,8348,8348,8348,8377,5650,965,.,.,-1,1.0,6350,-1
5310,5309,8413,8346,8346,8346,8377,5582,965,.,.,-1,1.0,6350,-1
5310,5309,8414,8347,8347,8347,8377,5616,965,.,.,-1,1.0,6350,-1
5310,5309,8416,8349,8349,8349,8377,5996,965,.,.,-1,1.0,6350,-1
5310,5309,8417,8350,8350,8350,8377,6154,965,.,.,-1,2.0,6350,-1
5310,5309,8418,8351,8351,8351,8377,6352,965,.,.,-1,1.0,6350,-1
5310,5309,8419,8352,8352,8352,8377,6578,965,.,.,-1,2.0,6350,-1
5310,5309,8420,8353,8353,8353,8377,6582,965,.,.,-1,1.0,6350,-1
5310,5309,8421,8354,8354,8354,8377,6584,965,.,.,-1,1.0,6350,-1
5310,5309,8422,8355,8355,8355,8377,6586,965,.,.,-1,1.0,6350,-1
5310,5309,8423,8356,8356,8356,8377,6624,965,.,.,-1,1.0,6350,-1
5310,5309,8424,8357,8357,8357,8377,6862,965,.,.,-1,1.0,6350,-1
5310,5309,8425,8358,8358,8358,8377,7096,965,.,.,-1,1.0,6350,-1
5310,5309,8426,8359,8359,8359,8377,7451,965,.,.,-1,14.0,6751,-1
5310,5309,8427,8360,8360,8360,8377,7732,965,.,.,-1,1.0,6350,-1
5310,5309,8428,8361,8361,8361,8377,7812,965,.,.,-1,1.0,6350,-1
5310,5309,8429,8362,8362,8362,8377,7984,965,.,.,-1,1.0,6350,-1
5310,5309,8430,8363,8363,8363,8377,8087,965,.,.,-1,14.0,6751,-1
5310,5309,8431,8364,8364,8364,8377,8445,965,.,.,-1,13.0,6751,-1
5310,5309,8432,8365,8365,8365,8377,8447,965,.,.,-1,15.0,0,-1
5310,5309,8433,8366,8366,8366,8377,8510,965,.,.,-1,1.0,6350,-1
5310,5309,8434,8367,8367,8367,8377,8627,965,.,.,-1,1.0,6350,-1
5310,5309,8435,8368,8368,8368,8377,8718,965,.,.,-1,1.0,6350,-1
5310,5309,8436,8369,8369,8369,8377,8823,965,.,.,-1,1.0,6350,-1
5310,5309,8437,8370,8370,8370,8377,9001,965,.,.,-1,1.0,6350,-1
5310,5309,8438,8371,8371,8371,8377,9074,965,.,.,-1,1.0,6350,-1
5310,5309,8439,8372,8372,8372,8377,9228,965,.,.,-1,1.0,6350,-1
5310,5309,8440,8373,8373,8373,8377,9287,965,.,.,-1,1.0,6350,-1
5310,5309,8441,8374,8374,8374,8377,9289,965,.,.,-1,1.0,6350,-1
5310,5309,8442,8375,8375,8375,8377,9295,965,.,.,-1,14.0,0,-1
5310,5309,8443,8376,8376,8376,8377,9426,965,.,.,-1,1.0,6350,-1
5310,5309,8471,8449,8449,8449,8470,642,965,.,.,-1,1.0,6350,-1
5310,5309,8472,8450,8450,8450,8470,1525,965,.,.,-1,1.0,6350,-1
5310,5309,8473,8451,8451,8451,8470,2473,965,.,.,-1,11.0,0,-1
5310,5309,8474,8452,8452,8452,8470,2475,965,.,.,-1,2.0,6350,-1
5310,5309,8475,8453,8453,8453,8470,3019,965,.,.,-1,5.0,6751,-1
5310,5309,8476,8454,8454,8454,8470,3398,965,.,.,-1,2.0,6350,-1
5310,5309,8477,8455,8455,8455,8470,3526,965,.,.,-1,1.0,6350,-1
5310,5309,8478,8456,8456,8456,8470,4627,965,.,.,-1,1.0,6350,-1
5310,5309,8479,8457,8457,8457,8470,4796,965,.,.,-1,1.0,6350,-1
5310,5309,8480,8458,8458,8458,8470,5482,965,.,.,-1,5.0,6751,-1
5310,5309,8481,8459,8459,8459,8470,5532,965,.,.,-1,1.0,6350,-1
5310,5309,8482,8460,8460,8460,8470,6550,965,.,.,-1,2.0,6350,-1
5310,5309,8483,8461,8461,8461,8470,7451,965,.,.,-1,2.0,6751,-1
5310,5309,8484,8462,8462,8462,8470,7812,965,.,.,-1,2.0,6350,-1
5310,5309,8485,8463,8463,8463,8470,7984,965,.,.,-1,1.0,6350,-1
5310,5309,8486,8464,8464,8464,8470,8087,965,.,.,-1,8.0,6751,-1
5310,5309,8487,8465,8465,8465,8470,8445,965,.,.,-1,1.0,6751,-1
5310,5309,8488,8466,8466,8466,8470,8447,965,.,.,-1,3.0,0,-1
5310,5309,8489,8467,8467,8467,8470,8938,965,.,.,-1,1.0,6350,-1
5310,5309,8490,8468,8468,8468,8470,9074,965,.,.,-1,1.0,6350,-1
5310,5309,8491,8469,8469,8469,8470,9287,965,.,.,-1,1.0,6350,-1
5310,5309,8511,8493,8493,8493,8510,81,965,.,.,-1,1.0,6350,-1
5310,5309,8512,8494,8494,8494,8510,1035,965,.,.,-1,1.0,6350,-1
5310,5309,8513,8495,8495,8495,8510,1321,965,.,.,-1,1.0,6350,-1
5310,5309,8514,8496,8496,8496,8510,2652,965,.,.,-1,1.0,6350,-1
5310,5309,8515,8497,8497,8497,8510,3019,965,.,.,-1,3.0,6751,-1
5310,5309,8516,8498,8498,8498,8510,4832,965,.,.,-1,1.0,6350,-1
5310,5309,8517,8499,8499,8499,8510,5234,965,.,.,-1,1.0,6350,-1
5310,5309,8518,8500,8500,8500,8510,5370,965,.,.,-1,1.0,6350,-1
5310,5309,8519,8501,8501,8501,8510,5482,965,.,.,-1,2.0,6751,-1
5310,5309,8520,8502,8502,8502,8510,6522,965,.,.,-1,1.0,6350,-1
5310,5309,8521,8503,8503,8503,8510,6552,965,.,.,-1,1.0,6350,-1
5310,5309,8522,8504,8504,8504,8510,7451,965,.,.,-1,3.0,6751,-1
5310,5309,8523,8505,8505,8505,8510,8087,965,.,.,-1,2.0,6751,-1
5310,5309,8524,8506,8506,8506,8510,8445,965,.,.,-1,2.0,6751,-1
5310,5309,8525,8507,8507,8507,8510,8938,965,.,.,-1,1.0,6350,-1
5310,5309,8526,8508,8508,8508,8510,9001,965,.,.,-1,1.0,6350,-1
5310,5309,8527,8509,8509,8509,8510,9295,965,.,.,-1,3.0,6350,-1
5310,5309,8565,8529,8529,8529,8564,81,965,.,.,-1,1.0,6350,-1
5310,5309,8566,8530,8530,8530,8564,642,965,.,.,-1,1.0,6350,-1
5310,5309,8567,8531,8531,8531,8564,749,965,.,.,-1,1.0,6350,-1
5310,5309,8568,8532,8532,8532,8564,1000,965,.,.,-1,1.0,6350,-1
5310,5309,8569,8533,8533,8533,8564,1199,965,.,.,-1,1.0,6350,-1
5310,5309,8570,8534,8534,8534,8564,2322,965,.,.,-1,1.0,6350,-1
5310,5309,8571,8535,8535,8535,8564,2473,965,.,.,-1,25.0,0,-1
5310,5309,8572,8536,8536,8536,8564,2559,965,.,.,-1,1.0,6350,-1
5310,5309,8573,8537,8537,8537,8564,2715,965,.,.,-1,1.0,6347,-1
5310,5309,8574,8538,8538,8538,8564,2919,965,.,.,-1,1.0,6350,-1
5310,5309,8575,8539,8539,8539,8564,2955,965,.,.,-1,2.0,6350,-1
5310,5309,8576,8540,8540,8540,8564,2957,965,.,.,-1,2.0,6347,-1
5310,5309,8577,8541,8541,8541,8564,2995,965,.,.,-1,1.0,6350,-1
5310,5309,8578,8542,8542,8542,8564,3019,965,.,.,-1,6.0,6751,-1
5310,5309,8579,8543,8543,8543,8564,3305,965,.,.,-1,1.0,6350,-1
5310,5309,8580,8544,8544,8544,8564,3398,965,.,.,-1,1.0,6350,-1
5310,5309,8581,8545,8545,8545,8564,3530,965,.,.,-1,2.0,6347,-1
5310,5309,8582,8546,8546,8546,8564,3702,965,.,.,-1,1.0,6350,-1
5310,5309,8583,8547,8547,8547,8564,3801,965,.,.,-1,1.0,6350,-1
5310,5309,8584,8548,8548,8548,8564,4804,965,.,.,-1,1.0,6350,-1
5310,5309,8585,8549,8549,8549,8564,5480,965,.,.,-1,2.0,6347,-1
5310,5309,8586,8550,8550,8550,8564,5482,965,.,.,-1,5.0,6751,-1
5310,5309,8587,8551,8551,8551,8564,5650,965,.,.,-1,1.0,6350,-1
5310,5309,8588,8552,8552,8552,8564,5739,965,.,.,-1,1.0,6350,-1
5310,5309,8589,8553,8553,8553,8564,6349,965,.,.,-1,1.0,6347,-1
5310,5309,8590,8554,8554,8554,8564,6576,965,.,.,-1,3.0,6347,-1
5310,5309,8591,8555,8555,8555,8564,7096,965,.,.,-1,1.0,6350,-1
5310,5309,8592,8556,8556,8556,8564,7451,965,.,.,-1,5.0,6751,-1
5310,5309,8593,8557,8557,8557,8564,7667,965,.,.,-1,1.0,6347,-1
5310,5309,8594,8558,8558,8558,8564,8087,965,.,.,-1,3.0,6751,-1
5310,5309,8595,8559,8559,8559,8564,8187,965,.,.,-1,1.0,6350,-1
5310,5309,8596,8560,8560,8560,8564,8445,965,.,.,-1,4.0,6751,-1
5310,5309,8597,8561,8561,8561,8564,8447,965,.,.,-1,18.0,0,-1
5310,5309,8598,8562,8562,8562,8564,8470,965,.,.,-1,1.0,6350,-1
5310,5309,8599,8563,8563,8563,8564,9228,965,.,.,-1,1.0,6350,-1
5310,5309,8628,8601,8601,8601,8627,32,965,.,.,-1,1.0,6350,-1
5310,5309,8629,8602,8602,8602,8627,81,965,.,.,-1,1.0,6350,-1
5310,5309,8630,8603,8603,8603,8627,642,965,.,.,-1,1.0,6350,-1
5310,5309,8631,8604,8604,8604,8627,911,965,.,.,-1,1.0,6350,-1
5310,5309,8632,8605,8605,8605,8627,2473,965,.,.,-1,8.0,0,-1
5310,5309,8633,8606,8606,8606,8627,2713,965,.,.,-1,1.0,6350,-1
5310,5309,8634,8607,8607,8607,8627,2883,965,.,.,-1,1.0,6350,-1
5310,5309,8635,8608,8608,8608,8627,2955,965,.,.,-1,1.0,6350,-1
5310,5309,8636,8609,8609,8609,8627,3019,965,.,.,-1,3.0,6751,-1
5310,5309,8637,8610,8610,8610,8627,3149,965,.,.,-1,1.0,6350,-1
5310,5309,8638,8611,8611,8611,8627,3305,965,.,.,-1,1.0,6350,-1
5310,5309,8639,8612,8612,8612,8627,4317,965,.,.,-1,1.0,6350,-1
5310,5309,8640,8613,8613,8613,8627,5061,965,.,.,-1,1.0,6350,-1
5310,5309,8641,8614,8614,8614,8627,5368,965,.,.,-1,1.0,6350,-1
5310,5309,8642,8615,8615,8615,8627,5482,965,.,.,-1,4.0,6751,-1
5310,5309,8643,8616,8616,8616,8627,7096,965,.,.,-1,1.0,6350,-1
5310,5309,8644,8617,8617,8617,8627,7335,965,.,.,-1,1.0,6350,-1
5310,5309,8645,8618,8618,8618,8627,7451,965,.,.,-1,5.0,6751,-1
5310,5309,8646,8619,8619,8619,8627,7578,965,.,.,-1,1.0,6350,-1
5310,5309,8647,8620,8620,8620,8627,7732,965,.,.,-1,1.0,6350,-1
5310,5309,8648,8621,8621,8621,8627,8087,965,.,.,-1,4.0,6751,-1
5310,5309,8649,8622,8622,8622,8627,8377,965,.,.,-1,1.0,6350,-1
5310,5309,8650,8623,8623,8623,8627,8445,965,.,.,-1,6.0,6751,-1
5310,5309,8651,8624,8624,8624,8627,8470,965,.,.,-1,2.0,6350,-1
5310,5309,8652,8625,8625,8625,8627,9074,965,.,.,-1,1.0,6350,-1
5310,5309,8653,8626,8626,8626,8627,9293,965,.,.,-1,1.0,6350,-1
5310,5309,8661,8655,8655,8655,8660,2715,965,.,.,-1,1.0,6347,-1
5310,5309,8662,8656,8656,8656,8660,2957,965,.,.,-1,1.0,6347,-1
5310,5309,8663,8657,8657,8657,8660,3530,965,.,.,-1,2.0,6347,-1
5310,5309,8664,8658,8658,8658,8660,5480,965,.,.,-1,2.0,6347,-1
5310,5309,8665,8659,8659,8659,8660,9295,965,.,.,-1,13.0,6347,-1
5310,5309,8719,8667,8667,8667,8718,32,965,.,.,-1,1.0,6350,-1
5310,5309,8720,8668,8668,8668,8718,345,965,.,.,-1,1.0,6350,-1
5310,5309,8721,8669,8669,8669,8718,831,965,.,.,-1,2.0,6350,-1
5310,5309,8722,8670,8670,8670,8718,1412,965,.,.,-1,1.0,6350,-1
5310,5309,8723,8671,8671,8671,8718,1525,965,.,.,-1,1.0,6350,-1
5310,5309,8724,8672,8672,8672,8718,1581,965,.,.,-1,2.0,6350,-1
5310,5309,8725,8673,8673,8673,8718,2473,965,.,.,-1,24.0,0,-1
5310,5309,8726,8674,8674,8674,8718,2477,965,.,.,-1,2.0,6350,-1
5310,5309,8727,8675,8675,8675,8718,2490,965,.,.,-1,2.0,6350,-1
5310,5309,8728,8676,8676,8676,8718,2995,965,.,.,-1,1.0,6350,-1
5310,5309,8729,8677,8677,8677,8718,3019,965,.,.,-1,19.0,6751,-1
5310,5309,8730,8678,8678,8678,8718,3082,965,.,.,-1,2.0,6350,-1
5310,5309,8731,8679,8679,8679,8718,3149,965,.,.,-1,2.0,6350,-1
5310,5309,8732,8680,8680,8680,8718,3240,965,.,.,-1,1.0,6350,-1
5310,5309,8733,8681,8681,8681,8718,3493,965,.,.,-1,1.0,6350,-1
5310,5309,8734,8682,8682,8682,8718,3526,965,.,.,-1,1.0,6350,-1
5310,5309,8735,8683,8683,8683,8718,3602,965,.,.,-1,3.0,6350,-1
5310,5309,8736,8684,8684,8684,8718,3674,965,.,.,-1,1.0,6350,-1
5310,5309,8737,8685,8685,8685,8718,3702,965,.,.,-1,1.0,6350,-1
5310,5309,8738,8686,8686,8686,8718,4368,965,.,.,-1,1.0,6350,-1
5310,5309,8739,8687,8687,8687,8718,4492,965,.,.,-1,1.0,6350,-1
5310,5309,8740,8688,8688,8688,8718,4802,965,.,.,-1,1.0,6350,-1
5310,5309,8741,8689,8689,8689,8718,4804,965,.,.,-1,1.0,6350,-1
5310,5309,8742,8690,8690,8690,8718,5236,965,.,.,-1,2.0,6350,-1
5310,5309,8743,8691,8691,8691,8718,5339,965,.,.,-1,1.0,6350,-1
5310,5309,8744,8692,8692,8692,8718,5482,965,.,.,-1,18.0,6751,-1
5310,5309,8746,8694,8694,8694,8718,5650,965,.,.,-1,1.0,6350,-1
5310,5309,8745,8693,8693,8693,8718,5616,965,.,.,-1,1.0,6350,-1
5310,5309,8747,8695,8695,8695,8718,5857,965,.,.,-1,1.0,6350,-1
5310,5309,8748,8696,8696,8696,8718,5996,965,.,.,-1,1.0,6350,-1
5310,5309,8749,8697,8697,8697,8718,6154,965,.,.,-1,1.0,6350,-1
5310,5309,8750,8698,8698,8698,8718,6214,965,.,.,-1,1.0,6350,-1
5310,5309,8751,8699,8699,8699,8718,6582,965,.,.,-1,1.0,6350,-1
5310,5309,8752,8700,8700,8700,8718,6584,965,.,.,-1,1.0,6350,-1
5310,5309,8753,8701,8701,8701,8718,6706,965,.,.,-1,2.0,6350,-1
5310,5309,8754,8702,8702,8702,8718,6862,965,.,.,-1,3.0,6350,-1
5310,5309,8755,8703,8703,8703,8718,7335,965,.,.,-1,1.0,6350,-1
5310,5309,8756,8704,8704,8704,8718,7393,965,.,.,-1,2.0,6350,-1
5310,5309,8757,8705,8705,8705,8718,7451,965,.,.,-1,22.0,6751,-1
5310,5309,8758,8706,8706,8706,8718,7690,965,.,.,-1,2.0,6350,-1
5310,5309,8759,8707,8707,8707,8718,7732,965,.,.,-1,1.0,6350,-1
5310,5309,8760,8708,8708,8708,8718,7812,965,.,.,-1,1.0,6350,-1
5310,5309,8761,8709,8709,8709,8718,8087,965,.,.,-1,20.0,6751,-1
5310,5309,8762,8710,8710,8710,8718,8187,965,.,.,-1,1.0,6350,-1
5310,5309,8763,8711,8711,8711,8718,8445,965,.,.,-1,16.0,6751,-1
5310,5309,8764,8712,8712,8712,8718,8470,965,.,.,-1,1.0,6350,-1
5310,5309,8765,8713,8713,8713,8718,8938,965,.,.,-1,1.0,6350,-1
5310,5309,8766,8714,8714,8714,8718,8999,965,.,.,-1,1.0,6350,-1
5310,5309,8767,8715,8715,8715,8718,9074,965,.,.,-1,2.0,6350,-1
5310,5309,8768,8716,8716,8716,8718,9291,965,.,.,-1,1.0,6350,-1
5310,5309,8769,8717,8717,8717,8718,9295,965,.,.,-1,28.0,0,-1
5310,5309,8824,8771,8771,8771,8823,81,965,.,.,-1,1.0,6350,-1
5310,5309,8825,8772,8772,8772,8823,189,965,.,.,-1,1.0,6350,-1
5310,5309,8826,8773,8773,8773,8823,345,965,.,.,-1,1.0,6350,-1
5310,5309,8827,8774,8774,8774,8823,521,965,.,.,-1,1.0,6350,-1
5310,5309,8828,8775,8775,8775,8823,911,965,.,.,-1,1.0,6350,-1
5310,5309,8829,8776,8776,8776,8823,1117,965,.,.,-1,1.0,6350,-1
5310,5309,8830,8777,8777,8777,8823,1199,965,.,.,-1,2.0,6350,-1
5310,5309,8831,8778,8778,8778,8823,1245,965,.,.,-1,1.0,6350,-1
5310,5309,8832,8779,8779,8779,8823,1321,965,.,.,-1,3.0,6350,-1
5310,5309,8833,8780,8780,8780,8823,1412,965,.,.,-1,1.0,6350,-1
5310,5309,8834,8781,8781,8781,8823,2473,965,.,.,-1,53.0,0,-1
5310,5309,8835,8782,8782,8782,8823,2477,965,.,.,-1,1.0,6350,-1
5310,5309,8836,8783,8783,8783,8823,2514,965,.,.,-1,1.0,6350,-1
5310,5309,8837,8784,8784,8784,8823,2652,965,.,.,-1,1.0,6350,-1
5310,5309,8838,8785,8785,8785,8823,2849,965,.,.,-1,1.0,6350,-1
5310,5309,8839,8786,8786,8786,8823,2883,965,.,.,-1,1.0,6350,-1
5310,5309,8840,8787,8787,8787,8823,3019,965,.,.,-1,20.0,6751,-1
5310,5309,8841,8788,8788,8788,8823,3149,965,.,.,-1,1.0,6350,-1
5310,5309,8842,8789,8789,8789,8823,3240,965,.,.,-1,1.0,6350,-1
5310,5309,8843,8790,8790,8790,8823,3398,965,.,.,-1,2.0,6350,-1
5310,5309,8844,8791,8791,8791,8823,3528,965,.,.,-1,1.0,6350,-1
5310,5309,8845,8792,8792,8792,8823,3602,965,.,.,-1,2.0,6350,-1
5310,5309,8846,8793,8793,8793,8823,3702,965,.,.,-1,1.0,6350,-1
5310,5309,8847,8794,8794,8794,8823,4317,965,.,.,-1,1.0,6350,-1
5310,5309,8848,8795,8795,8795,8823,4430,965,.,.,-1,2.0,6350,-1
5310,5309,8849,8796,8796,8796,8823,4802,965,.,.,-1,1.0,6350,-1
5310,5309,8850,8797,8797,8797,8823,4804,965,.,.,-1,1.0,6350,-1
5310,5309,8851,8798,8798,8798,8823,4832,965,.,.,-1,4.0,6350,-1
5310,5309,8852,8799,8799,8799,8823,4917,965,.,.,-1,1.0,6350,-1
5310,5309,8853,8800,8800,8800,8823,5368,965,.,.,-1,1.0,6350,-1
5310,5309,8854,8801,8801,8801,8823,5482,965,.,.,-1,16.0,6751,-1
5310,5309,8855,8802,8802,8802,8823,5532,965,.,.,-1,1.0,6350,-1
5310,5309,8856,8803,8803,8803,8823,5616,965,.,.,-1,1.0,6350,-1
5310,5309,8857,8804,8804,8804,8823,5652,965,.,.,-1,1.0,6350,-1
5310,5309,8858,8805,8805,8805,8823,5857,965,.,.,-1,2.0,6350,-1
5310,5309,8859,8806,8806,8806,8823,5946,965,.,.,-1,1.0,6350,-1
5310,5309,8860,8807,8807,8807,8823,5996,965,.,.,-1,2.0,6350,-1
5310,5309,8861,8808,8808,8808,8823,6154,965,.,.,-1,1.0,6350,-1
5310,5309,8862,8809,8809,8809,8823,6580,965,.,.,-1,2.0,6350,-1
5310,5309,8863,8810,8810,8810,8823,6584,965,.,.,-1,1.0,6350,-1
5310,5309,8864,8811,8811,8811,8823,7451,965,.,.,-1,13.0,6751,-1
5310,5309,8865,8812,8812,8812,8823,7690,965,.,.,-1,1.0,6350,-1
5310,5309,8866,8813,8813,8813,8823,8087,965,.,.,-1,16.0,6751,-1
5310,5309,8867,8814,8814,8814,8823,8377,965,.,.,-1,1.0,6350,-1
5310,5309,8868,8815,8815,8815,8823,8445,965,.,.,-1,18.0,6751,-1
5310,5309,8869,8816,8816,8816,8823,8718,965,.,.,-1,2.0,6350,-1
5310,5309,8870,8817,8817,8817,8823,8877,965,.,.,-1,2.0,6350,-1
5310,5309,8871,8818,8818,8818,8823,8999,965,.,.,-1,1.0,6350,-1
5310,5309,8872,8819,8819,8819,8823,9001,965,.,.,-1,1.0,6350,-1
5310,5309,8873,8820,8820,8820,8823,9287,965,.,.,-1,1.0,6350,-1
5310,5309,8874,8821,8821,8821,8823,9289,965,.,.,-1,1.0,6350,-1
5310,5309,8875,8822,8822,8822,8823,9351,965,.,.,-1,2.0,6350,-1
5310,5309,8939,8879,8879,8879,8938,32,965,.,.,-1,1.0,6350,-1
5310,5309,8940,8880,8880,8880,8938,272,965,.,.,-1,1.0,6350,-1
5310,5309,8941,8881,8881,8881,8938,521,965,.,.,-1,1.0,6350,-1
5310,5309,8942,8882,8882,8882,8938,831,965,.,.,-1,1.0,6350,-1
5310,5309,8943,8883,8883,8883,8938,1245,965,.,.,-1,1.0,6350,-1
5310,5309,8944,8884,8884,8884,8938,1321,965,.,.,-1,1.0,6350,-1
5310,5309,8945,8885,8885,8885,8938,1412,965,.,.,-1,1.0,6350,-1
5310,5309,8946,8886,8886,8886,8938,1525,965,.,.,-1,2.0,6350,-1
5310,5309,8947,8887,8887,8887,8938,1579,965,.,.,-1,1.0,6350,-1
5310,5309,8948,8888,8888,8888,8938,2221,965,.,.,-1,1.0,6350,-1
5310,5309,8949,8889,8889,8889,8938,2473,965,.,.,-1,16.0,0,-1
5310,5309,8950,8890,8890,8890,8938,2559,965,.,.,-1,1.0,6350,-1
5310,5309,8951,8891,8891,8891,8938,2713,965,.,.,-1,1.0,6350,-1
5310,5309,8952,8892,8892,8892,8938,2883,965,.,.,-1,1.0,6350,-1
5310,5309,8953,8893,8893,8893,8938,2955,965,.,.,-1,1.0,6350,-1
5310,5309,8954,8894,8894,8894,8938,3019,965,.,.,-1,12.0,6751,-1
5310,5309,8955,8895,8895,8895,8938,3045,965,.,.,-1,1.0,6350,-1
5310,5309,8956,8896,8896,8896,8938,3080,965,.,.,-1,1.0,6350,-1
5310,5309,8957,8897,8897,8897,8938,3082,965,.,.,-1,1.0,6350,-1
5310,5309,8958,8898,8898,8898,8938,3305,965,.,.,-1,1.0,6350,-1
5310,5309,8959,8899,8899,8899,8938,3398,965,.,.,-1,1.0,6350,-1
5310,5309,8960,8900,8900,8900,8938,3493,965,.,.,-1,1.0,6350,-1
5310,5309,8961,8901,8901,8901,8938,3528,965,.,.,-1,1.0,6350,-1
5310,5309,8962,8902,8902,8902,8938,3702,965,.,.,-1,1.0,6350,-1
5310,5309,8963,8903,8903,8903,8938,3801,965,.,.,-1,3.0,6350,-1
5310,5309,8964,8904,8904,8904,8938,3919,965,.,.,-1,1.0,6350,-1
5310,5309,8965,8905,8905,8905,8938,4201,965,.,.,-1,1.0,6350,-1
5310,5309,8966,8906,8906,8906,8938,4317,965,.,.,-1,2.0,6350,-1
5310,5309,8967,8907,8907,8907,8938,4430,965,.,.,-1,1.0,6350,-1
5310,5309,8968,8908,8908,8908,8938,4627,965,.,.,-1,1.0,6350,-1
5310,5309,8969,8909,8909,8909,8938,4804,965,.,.,-1,1.0,6350,-1
5310,5309,8970,8910,8910,8910,8938,4832,965,.,.,-1,1.0,6350,-1
5310,5309,8971,8911,8911,8911,8938,5236,965,.,.,-1,1.0,6350,-1
5310,5309,8972,8912,8912,8912,8938,5368,965,.,.,-1,2.0,6350,-1
5310,5309,8973,8913,8913,8913,8938,5482,965,.,.,-1,13.0,6751,-1
5310,5309,8974,8914,8914,8914,8938,5857,965,.,.,-1,1.0,6350,-1
5310,5309,8975,8915,8915,8915,8938,6550,965,.,.,-1,1.0,6350,-1
5310,5309,8976,8916,8916,8916,8938,6552,965,.,.,-1,1.0,6350,-1
5310,5309,8977,8917,8917,8917,8938,6578,965,.,.,-1,2.0,6350,-1
5310,5309,8978,8918,8918,8918,8938,6586,965,.,.,-1,1.0,6350,-1
5310,5309,8979,8919,8919,8919,8938,6706,965,.,.,-1,1.0,6350,-1
5310,5309,8980,8920,8920,8920,8938,7096,965,.,.,-1,1.0,6350,-1
5310,5309,8981,8921,8921,8921,8938,7297,965,.,.,-1,1.0,6350,-1
5310,5309,8982,8922,8922,8922,8938,7451,965,.,.,-1,15.0,6751,-1
5310,5309,8983,8923,8923,8923,8938,7578,965,.,.,-1,1.0,6350,-1
5310,5309,8985,8925,8925,8925,8938,7753,965,.,.,-1,2.0,6350,-1
5310,5309,8984,8924,8924,8924,8938,7732,965,.,.,-1,1.0,6350,-1
5310,5309,8986,8926,8926,8926,8938,8087,965,.,.,-1,14.0,6751,-1
5310,5309,8987,8927,8927,8927,8938,8187,965,.,.,-1,1.0,6350,-1
5310,5309,8988,8928,8928,8928,8938,8377,965,.,.,-1,1.0,6350,-1
5310,5309,8989,8929,8929,8929,8938,8445,965,.,.,-1,14.0,6751,-1
5310,5309,8990,8930,8930,8930,8938,8447,965,.,.,-1,22.0,0,-1
5310,5309,8991,8931,8931,8931,8938,8823,965,.,.,-1,2.0,6350,-1
5310,5309,8992,8932,8932,8932,8938,9001,965,.,.,-1,1.0,6350,-1
5310,5309,8993,8933,8933,8933,8938,9287,965,.,.,-1,2.0,6350,-1
5310,5309,8994,8934,8934,8934,8938,9289,965,.,.,-1,1.0,6350,-1
5310,5309,8995,8935,8935,8935,8938,9293,965,.,.,-1,1.0,6350,-1
5310,5309,8996,8936,8936,8936,8938,9351,965,.,.,-1,1.0,6350,-1
5310,5309,8997,8937,8937,8937,8938,9426,965,.,.,-1,1.0,6350,-1
5310,5309,9075,9003,9003,9003,9074,32,965,.,.,-1,2.0,6350,-1
5310,5309,9076,9004,9004,9004,9074,692,965,.,.,-1,3.0,6350,-1
5310,5309,9077,9005,9005,9005,9074,1000,965,.,.,-1,1.0,6350,-1
5310,5309,9078,9006,9006,9006,9074,1035,965,.,.,-1,2.0,6350,-1
5310,5309,9079,9007,9007,9007,9074,1199,965,.,.,-1,1.0,6350,-1
5310,5309,9080,9008,9008,9008,9074,1245,965,.,.,-1,1.0,6350,-1
5310,5309,9081,9009,9009,9009,9074,1525,965,.,.,-1,1.0,6350,-1
5310,5309,9082,9010,9010,9010,9074,1581,965,.,.,-1,1.0,6350,-1
5310,5309,9083,9011,9011,9011,9074,1631,965,.,.,-1,1.0,6350,-1
5310,5309,9084,9012,9012,9012,9074,2221,965,.,.,-1,2.0,6350,-1
5310,5309,9085,9013,9013,9013,9074,2477,965,.,.,-1,1.0,6350,-1
5310,5309,9086,9014,9014,9014,9074,2559,965,.,.,-1,1.0,6350,-1
5310,5309,9087,9015,9015,9015,9074,2652,965,.,.,-1,3.0,6350,-1
5310,5309,9088,9016,9016,9016,9074,2713,965,.,.,-1,1.0,6350,-1
5310,5309,9089,9017,9017,9017,9074,2766,965,.,.,-1,1.0,6350,-1
5310,5309,9090,9018,9018,9018,9074,2995,965,.,.,-1,2.0,6350,-1
5310,5309,9091,9019,9019,9019,9074,3019,965,.,.,-1,23.0,6751,-1
5310,5309,9092,9020,9020,9020,9074,3080,965,.,.,-1,2.0,6350,-1
5310,5309,9093,9021,9021,9021,9074,3149,965,.,.,-1,3.0,6350,-1
5310,5309,9094,9022,9022,9022,9074,3266,965,.,.,-1,2.0,6350,-1
5310,5309,9095,9023,9023,9023,9074,3305,965,.,.,-1,2.0,6350,-1
5310,5309,9096,9024,9024,9024,9074,3528,965,.,.,-1,1.0,6350,-1
5310,5309,9097,9025,9025,9025,9074,3750,965,.,.,-1,1.0,6350,-1
5310,5309,9098,9026,9026,9026,9074,3801,965,.,.,-1,1.0,6350,-1
5310,5309,9099,9027,9027,9027,9074,4052,965,.,.,-1,1.0,6350,-1
5310,5309,9100,9028,9028,9028,9074,4368,965,.,.,-1,3.0,6350,-1
5310,5309,9101,9029,9029,9029,9074,4430,965,.,.,-1,3.0,6350,-1
5310,5309,9102,9030,9030,9030,9074,4492,965,.,.,-1,1.0,6350,-1
5310,5309,9103,9031,9031,9031,9074,4627,965,.,.,-1,3.0,6350,-1
5310,5309,9104,9032,9032,9032,9074,4796,965,.,.,-1,1.0,6350,-1
5310,5309,9105,9033,9033,9033,9074,4800,965,.,.,-1,1.0,6350,-1
5310,5309,9106,9034,9034,9034,9074,4802,965,.,.,-1,2.0,6350,-1
5310,5309,9107,9035,9035,9035,9074,4804,965,.,.,-1,3.0,6350,-1
5310,5309,9108,9036,9036,9036,9074,4832,965,.,.,-1,1.0,6350,-1
5310,5309,9109,9037,9037,9037,9074,5061,965,.,.,-1,2.0,6350,-1
5310,5309,9110,9038,9038,9038,9074,5234,965,.,.,-1,1.0,6350,-1
5310,5309,9111,9039,9039,9039,9074,5312,965,.,.,-1,2.0,6350,-1
5310,5309,9112,9040,9040,9040,9074,5368,965,.,.,-1,2.0,6350,-1
5310,5309,9113,9041,9041,9041,9074,5482,965,.,.,-1,22.0,6751,-1
5310,5309,9114,9042,9042,9042,9074,5532,965,.,.,-1,1.0,6350,-1
5310,5309,9115,9043,9043,9043,9074,5650,965,.,.,-1,2.0,6350,-1
5310,5309,9116,9044,9044,9044,9074,5946,965,.,.,-1,1.0,6350,-1
5310,5309,9117,9045,9045,9045,9074,5996,965,.,.,-1,2.0,6350,-1
5310,5309,9118,9046,9046,9046,9074,6550,965,.,.,-1,1.0,6350,-1
5310,5309,9119,9047,9047,9047,9074,6552,965,.,.,-1,1.0,6350,-1
5310,5309,9120,9048,9048,9048,9074,6578,965,.,.,-1,1.0,6350,-1
5310,5309,9121,9049,9049,9049,9074,6580,965,.,.,-1,2.0,6350,-1
5310,5309,9122,9050,9050,9050,9074,6959,965,.,.,-1,1.0,6350,-1
5310,5309,9123,9051,9051,9051,9074,7297,965,.,.,-1,1.0,6350,-1
5310,5309,9124,9052,9052,9052,9074,7335,965,.,.,-1,2.0,6350,-1
5310,5309,9125,9053,9053,9053,9074,7393,965,.,.,-1,2.0,6350,-1
5310,5309,9126,9054,9054,9054,9074,7451,965,.,.,-1,25.0,6751,-1
5310,5309,9127,9055,9055,9055,9074,7578,965,.,.,-1,2.0,6350,-1
5310,5309,9129,9057,9057,9057,9074,7753,965,.,.,-1,2.0,6350,-1
5310,5309,9128,9056,9056,9056,9074,7732,965,.,.,-1,1.0,6350,-1
5310,5309,9130,9058,9058,9058,9074,7812,965,.,.,-1,1.0,6350,-1
5310,5309,9131,9059,9059,9059,9074,8087,965,.,.,-1,26.0,6751,-1
5310,5309,9132,9060,9060,9060,9074,8187,965,.,.,-1,1.0,6350,-1
5310,5309,9133,9061,9061,9061,9074,8286,965,.,.,-1,1.0,6350,-1
5310,5309,9134,9062,9062,9062,9074,8377,965,.,.,-1,1.0,6350,-1
5310,5309,9135,9063,9063,9063,9074,8445,965,.,.,-1,27.0,6751,-1
5310,5309,9136,9064,9064,9064,9074,8510,965,.,.,-1,1.0,6350,-1
5310,5309,9137,9065,9065,9065,9074,8718,965,.,.,-1,1.0,6350,-1
5310,5309,9138,9066,9066,9066,9074,8877,965,.,.,-1,1.0,6350,-1
5310,5309,9139,9067,9067,9067,9074,8938,965,.,.,-1,1.0,6350,-1
5310,5309,9140,9068,9068,9068,9074,9228,965,.,.,-1,1.0,6350,-1
5310,5309,9141,9069,9069,9069,9074,9289,965,.,.,-1,1.0,6350,-1
5310,5309,9142,9070,9070,9070,9074,9291,965,.,.,-1,1.0,6350,-1
5310,5309,9143,9071,9071,9071,9074,9295,965,.,.,-1,79.0,0,-1
5310,5309,9144,9072,9072,9072,9074,9351,965,.,.,-1,1.0,6350,-1
5310,5309,9145,9073,9073,9073,9074,9426,965,.,.,-1,2.0,6350,-1
5310,5309,9159,9147,9147,9147,9158,2473,965,.,.,-1,1.0,6347,-1
5310,5309,9160,9148,9148,9148,9158,2715,965,.,.,-1,3.0,6347,-1
5310,5309,9161,9149,9149,9149,9158,2957,965,.,.,-1,3.0,6347,-1
5310,5309,9162,9150,9150,9150,9158,3530,965,.,.,-1,9.0,6347,-1
5310,5309,9163,9151,9151,9151,9158,5480,965,.,.,-1,2.0,6347,-1
5310,5309,9164,9152,9152,9152,9158,6349,965,.,.,-1,7.0,6347,-1
5310,5309,9165,9153,9153,9153,9158,6442,965,.,.,-1,4.0,6347,-1
5310,5309,9166,9154,9154,9154,9158,6576,965,.,.,-1,7.0,6347,-1
5310,5309,9167,9155,9155,9155,9158,7667,965,.,.,-1,2.0,6347,-1
5310,5309,9168,9156,9156,9156,9158,8447,965,.,.,-1,2.0,6347,-1
5310,5309,9169,9157,9157,9157,9158,9295,965,.,.,-1,58.0,6347,-1
5310,5309,9229,9171,9171,9171,9228,692,965,.,.,-1,1.0,6350,-1
5310,5309,9230,9172,9172,9172,9228,749,965,.,.,-1,1.0,6350,-1
5310,5309,9231,9173,9173,9173,9228,1117,965,.,.,-1,1.0,6350,-1
5310,5309,9232,9174,9174,9174,9228,2473,965,.,.,-1,33.0,0,-1
5310,5309,9233,9175,9175,9175,9228,2475,965,.,.,-1,1.0,6350,-1
5310,5309,9234,9176,9176,9176,9228,2490,965,.,.,-1,1.0,6350,-1
5310,5309,9235,9177,9177,9177,9228,2715,965,.,.,-1,1.0,6347,-1
5310,5309,9236,9178,9178,9178,9228,2766,965,.,.,-1,1.0,6350,-1
5310,5309,9237,9179,9179,9179,9228,2883,965,.,.,-1,1.0,6350,-1
5310,5309,9238,9180,9180,9180,9228,2957,965,.,.,-1,3.0,6347,-1
5310,5309,9239,9181,9181,9181,9228,2995,965,.,.,-1,1.0,6350,-1
5310,5309,9240,9182,9182,9182,9228,3019,965,.,.,-1,10.0,6751,-1
5310,5309,9241,9183,9183,9183,9228,3082,965,.,.,-1,1.0,6350,-1
5310,5309,9242,9184,9184,9184,9228,3358,965,.,.,-1,1.0,6350,-1
5310,5309,9243,9185,9185,9185,9228,3530,965,.,.,-1,1.0,6347,-1
5310,5309,9244,9186,9186,9186,9228,3602,965,.,.,-1,1.0,6350,-1
5310,5309,9245,9187,9187,9187,9228,3674,965,.,.,-1,1.0,6350,-1
5310,5309,9246,9188,9188,9188,9228,3801,965,.,.,-1,2.0,6350,-1
5310,5309,9247,9189,9189,9189,9228,3919,965,.,.,-1,1.0,6350,-1
5310,5309,9248,9190,9190,9190,9228,4201,965,.,.,-1,1.0,6350,-1
5310,5309,9250,9192,9192,9192,9228,4368,965,.,.,-1,1.0,6350,-1
5310,5309,9249,9191,9191,9191,9228,4317,965,.,.,-1,1.0,6350,-1
5310,5309,9251,9193,9193,9193,9228,4627,965,.,.,-1,1.0,6350,-1
5310,5309,9252,9194,9194,9194,9228,4800,965,.,.,-1,2.0,6350,-1
5310,5309,9253,9195,9195,9195,9228,5061,965,.,.,-1,1.0,6350,-1
5310,5309,9254,9196,9196,9196,9228,5181,965,.,.,-1,2.0,6350,-1
5310,5309,9255,9197,9197,9197,9228,5312,965,.,.,-1,2.0,6350,-1
5310,5309,9256,9198,9198,9198,9228,5339,965,.,.,-1,1.0,6350,-1
5310,5309,9257,9199,9199,9199,9228,5370,965,.,.,-1,2.0,6350,-1
5310,5309,9258,9200,9200,9200,9228,5425,965,.,.,-1,1.0,6350,-1
5310,5309,9259,9201,9201,9201,9228,5480,965,.,.,-1,1.0,6347,-1
5310,5309,9260,9202,9202,9202,9228,5482,965,.,.,-1,13.0,6751,-1
5310,5309,9261,9203,9203,9203,9228,5532,965,.,.,-1,2.0,6350,-1
5310,5309,9262,9204,9204,9204,9228,5857,965,.,.,-1,1.0,6350,-1
5310,5309,9263,9205,9205,9205,9228,5996,965,.,.,-1,2.0,6350,-1
5310,5309,9264,9206,9206,9206,9228,6349,965,.,.,-1,2.0,6347,-1
5310,5309,9265,9207,9207,9207,9228,6352,965,.,.,-1,1.0,6350,-1
5310,5309,9266,9208,9208,9208,9228,6442,965,.,.,-1,4.0,6347,-1
5310,5309,9267,9209,9209,9209,9228,6552,965,.,.,-1,1.0,6350,-1
5310,5309,9268,9210,9210,9210,9228,6576,965,.,.,-1,1.0,6347,-1
5310,5309,9269,9211,9211,9211,9228,6580,965,.,.,-1,1.0,6350,-1
5310,5309,9270,9212,9212,9212,9228,6582,965,.,.,-1,1.0,6350,-1
5310,5309,9271,9213,9213,9213,9228,6584,965,.,.,-1,2.0,6350,-1
5310,5309,9272,9214,9214,9214,9228,6959,965,.,.,-1,1.0,6350,-1
5310,5309,9273,9215,9215,9215,9228,7096,965,.,.,-1,1.0,6350,-1
5310,5309,9274,9216,9216,9216,9228,7451,965,.,.,-1,13.0,6751,-1
5310,5309,9275,9217,9217,9217,9228,7667,965,.,.,-1,4.0,6347,-1
5310,5309,9276,9218,9218,9218,9228,7984,965,.,.,-1,1.0,6350,-1
5310,5309,9277,9219,9219,9219,9228,8087,965,.,.,-1,13.0,6751,-1
5310,5309,9278,9220,9220,9220,9228,8286,965,.,.,-1,1.0,6350,-1
5310,5309,9279,9221,9221,9221,9228,8377,965,.,.,-1,1.0,6350,-1
5310,5309,9280,9222,9222,9222,9228,8445,965,.,.,-1,10.0,6751,-1
5310,5309,9281,9223,9223,9223,9228,8447,965,.,.,-1,27.0,0,-1
5310,5309,9282,9224,9224,9224,9228,8510,965,.,.,-1,1.0,6350,-1
5310,5309,9283,9225,9225,9225,9228,8877,965,.,.,-1,2.0,6350,-1
5310,5309,9284,9226,9226,9226,9228,9001,965,.,.,-1,2.0,6350,-1
5310,5309,9285,9227,9227,9227,9228,9351,965,.,.,-1,2.0,6350,-1
5310,5309,9352,9297,9297,9297,9351,32,965,.,.,-1,3.0,6350,-1
5310,5309,9353,9298,9298,9298,9351,189,965,.,.,-1,2.0,6350,-1
5310,5309,9354,9299,9299,9299,9351,272,965,.,.,-1,1.0,6350,-1
5310,5309,9355,9300,9300,9300,9351,345,965,.,.,-1,1.0,6350,-1
5310,5309,9356,9301,9301,9301,9351,911,965,.,.,-1,1.0,6350,-1
5310,5309,9357,9302,9302,9302,9351,1117,965,.,.,-1,1.0,6350,-1
5310,5309,9358,9303,9303,9303,9351,1581,965,.,.,-1,2.0,6350,-1
5310,5309,9359,9304,9304,9304,9351,1631,965,.,.,-1,2.0,6350,-1
5310,5309,9360,9305,9305,9305,9351,2322,965,.,.,-1,3.0,6350,-1
5310,5309,9361,9306,9306,9306,9351,2473,965,.,.,-1,67.0,0,-1
5310,5309,9362,9307,9307,9307,9351,2475,965,.,.,-1,1.0,6350,-1
5310,5309,9363,9308,9308,9308,9351,2477,965,.,.,-1,1.0,6350,-1
5310,5309,9364,9309,9309,9309,9351,2490,965,.,.,-1,1.0,6350,-1
5310,5309,9365,9310,9310,9310,9351,2514,965,.,.,-1,1.0,6350,-1
5310,5309,9366,9311,9311,9311,9351,2713,965,.,.,-1,1.0,6350,-1
5310,5309,9367,9312,9312,9312,9351,2883,965,.,.,-1,1.0,6350,-1
5310,5309,9368,9313,9313,9313,9351,2995,965,.,.,-1,1.0,6350,-1
5310,5309,9369,9314,9314,9314,9351,3019,965,.,.,-1,11.0,6751,-1
5310,5309,9370,9315,9315,9315,9351,3045,965,.,.,-1,3.0,6350,-1
5310,5309,9371,9316,9316,9316,9351,3305,965,.,.,-1,1.0,6350,-1
5310,5309,9372,9317,9317,9317,9351,3398,965,.,.,-1,2.0,6350,-1
5310,5309,9373,9318,9318,9318,9351,3449,965,.,.,-1,1.0,6350,-1
5310,5309,9374,9319,9319,9319,9351,3528,965,.,.,-1,1.0,6350,-1
5310,5309,9375,9320,9320,9320,9351,3919,965,.,.,-1,1.0,6350,-1
5310,5309,9376,9321,9321,9321,9351,4052,965,.,.,-1,1.0,6350,-1
5310,5309,9377,9322,9322,9322,9351,4201,965,.,.,-1,1.0,6350,-1
5310,5309,9378,9323,9323,9323,9351,4796,965,.,.,-1,1.0,6350,-1
5310,5309,9379,9324,9324,9324,9351,4800,965,.,.,-1,2.0,6350,-1
5310,5309,9380,9325,9325,9325,9351,4917,965,.,.,-1,1.0,6350,-1
5310,5309,9381,9326,9326,9326,9351,5234,965,.,.,-1,1.0,6350,-1
5310,5309,9382,9327,9327,9327,9351,5339,965,.,.,-1,1.0,6350,-1
5310,5309,9383,9328,9328,9328,9351,5482,965,.,.,-1,19.0,6751,-1
5310,5309,9384,9329,9329,9329,9351,5582,965,.,.,-1,1.0,6350,-1
5310,5309,9385,9330,9330,9330,9351,5739,965,.,.,-1,1.0,6350,-1
5310,5309,9386,9331,9331,9331,9351,5996,965,.,.,-1,3.0,6350,-1
5310,5309,9387,9332,9332,9332,9351,6154,965,.,.,-1,2.0,6350,-1
5310,5309,9388,9333,9333,9333,9351,6214,965,.,.,-1,1.0,6350,-1
5310,5309,9389,9334,9334,9334,9351,6582,965,.,.,-1,1.0,6350,-1
5310,5309,9390,9335,9335,9335,9351,6706,965,.,.,-1,1.0,6350,-1
5310,5309,9391,9336,9336,9336,9351,7096,965,.,.,-1,1.0,6350,-1
5310,5309,9392,9337,9337,9337,9351,7191,965,.,.,-1,1.0,6350,-1
5310,5309,9393,9338,9338,9338,9351,7297,965,.,.,-1,1.0,6350,-1
5310,5309,9394,9339,9339,9339,9351,7451,965,.,.,-1,16.0,6751,-1
5310,5309,9395,9340,9340,9340,9351,7690,965,.,.,-1,2.0,6350,-1
5310,5309,9396,9341,9341,9341,9351,7753,965,.,.,-1,1.0,6350,-1
5310,5309,9397,9342,9342,9342,9351,8087,965,.,.,-1,15.0,6751,-1
5310,5309,9398,9343,9343,9343,9351,8286,965,.,.,-1,1.0,6350,-1
5310,5309,9399,9344,9344,9344,9351,8377,965,.,.,-1,1.0,6350,-1
5310,5309,9400,9345,9345,9345,9351,8445,965,.,.,-1,15.0,6751,-1
5310,5309,9401,9346,9346,9346,9351,8999,965,.,.,-1,1.0,6350,-1
5310,5309,9402,9347,9347,9347,9351,9001,965,.,.,-1,1.0,6350,-1
5310,5309,9403,9348,9348,9348,9351,9074,965,.,.,-1,1.0,6350,-1
5310,5309,9404,9349,9349,9349,9351,9293,965,.,.,-1,2.0,6350,-1
5310,5309,9405,9350,9350,9350,9351,9426,965,.,.,-1,1.0,6350,-1
5310,5309,9427,9407,9407,9407,9426,1117,965,.,.,-1,1.0,6350,-1
5310,5309,9428,9408,9408,9408,9426,2473,965,.,.,-1,4.0,0,-1
5310,5309,9429,9409,9409,9409,9426,3019,965,.,.,-1,2.0,6751,-1
5310,5309,9430,9410,9410,9410,9426,3358,965,.,.,-1,1.0,6350,-1
5310,5309,9431,9411,9411,9411,9426,3602,965,.,.,-1,1.0,6350,-1
5310,5309,9432,9412,9412,9412,9426,4430,965,.,.,-1,1.0,6350,-1
5310,5309,9433,9413,9413,9413,9426,4540,965,.,.,-1,1.0,6350,-1
5310,5309,9434,9414,9414,9414,9426,4627,965,.,.,-1,1.0,6350,-1
5310,5309,9435,9415,9415,9415,9426,4750,965,.,.,-1,1.0,6350,-1
5310,5309,9436,9416,9416,9416,9426,5236,965,.,.,-1,1.0,6350,-1
5310,5309,9437,9417,9417,9417,9426,5482,965,.,.,-1,6.0,6751,-1
5310,5309,9438,9418,9418,9418,9426,6552,965,.,.,-1,1.0,6350,-1
5310,5309,9439,9419,9419,9419,9426,6584,965,.,.,-1,1.0,6350,-1
5310,5309,9440,9420,9420,9420,9426,7451,965,.,.,-1,3.0,6751,-1
5310,5309,9441,9421,9421,9421,9426,8087,965,.,.,-1,1.0,6751,-1
5310,5309,9442,9422,9422,9422,9426,8445,965,.,.,-1,2.0,6751,-1
5310,5309,9443,9423,9423,9423,9426,8447,965,.,.,-1,2.0,0,-1
5310,5309,9444,9424,9424,9424,9426,9228,965,.,.,-1,1.0,6350,-1
5310,5309,9445,9425,9425,9425,9426,9295,965,.,.,-1,3.0,0,-1
